game,covered,turns_logged,turns_matched,first_mismatch_field,first_mismatch_side_turn,mismatch_fields,mismatch_detail,ambiguous_order_turns,ambiguous_order_turns_matched,targeted_spells,targeted_spells_matched,labels_land,labels_spell,labels_attack,labels_block,unamb_land,unamb_spell,unamb_attack,unamb_block,forced_fails_before_mismatch,engine_status,ms
0,1,6,3,oppo_life,user_4,oppo_life user_creatures,oppo_life: log=8 engine=5 ; user_creatures: log_only=['ripchain razorkin'] engine_only=['wildfire wickerfolk'],4,2,1,0,3,2,4,0,1,0,4,0,0,ok,1185
1,1,6,2,user_life,oppo_3,user_life,user_life: log=17 engine=16,2,1,1,0,2,1,0,0,1,0,0,0,0,ok,600
2,1,9,4,oppo_life,user_5,oppo_life user_lands user_creatures user_noncreatures user_hand,oppo_life: log=15 engine=20 ; user_lands: log_only=['forest'] engine_only=[] ; user_creatures: log_only=['hedge shredder'] engine_only=[] ; user_noncreatures: log_only=[] engine_only=['hedge shredder'] ; user_hand: log_only=[] engine_only=['forest'],5,2,1,1,4,3,0,1,2,0,0,1,1,ok,501
3,1,9,1,oppo_hand,oppo_2,oppo_hand,oppo_hand: log=6 engine=5,6,0,1,0,1,0,0,0,1,0,0,0,0,ok,517
4,1,8,2,oppo_hand,oppo_3,oppo_hand,oppo_hand: log=4 engine=5,6,1,0,0,2,1,0,0,1,0,0,0,1,ok,350
5,1,9,1,oppo_hand,user_2,oppo_hand,oppo_hand: log=6 engine=5,5,0,3,0,1,0,0,0,1,0,0,0,0,ok,624
6,1,12,2,user_hand,user_3,user_hand,user_hand: log_only=['forest'] engine_only=['mountain'],9,1,0,0,2,1,0,0,1,0,0,0,0,ok,848
7,1,7,3,user_life,oppo_4,user_life user_creatures,user_life: log=13 engine=16 ; user_creatures: log_only=['stalked researcher'] engine_only=['paranormal analyst'],4,2,0,0,3,3,2,0,1,1,2,0,1,ok,301
8,1,7,4,user_life,oppo_5,user_life oppo_hand,user_life: log=16 engine=17 ; oppo_hand: log=2 engine=3,2,2,1,1,2,4,1,0,0,2,1,0,2,ok,297
9,1,7,4,oppo_life,user_5,oppo_life user_lands user_creatures user_hand,"oppo_life: log=12 engine=16 ; user_lands: log_only=['swamp'] engine_only=[] ; user_creatures: log_only=['swamp'] engine_only=[] ; user_hand: log_only=[""winter's intervention""] engine_only=['mountain']",5,3,2,1,4,3,1,0,1,0,1,0,4,ok,281
10,1,7,1,user_hand,user_2,user_hand,user_hand: log_only=['fear of burning alive'] engine_only=['mountain'],6,1,0,0,1,1,0,0,0,0,0,0,0,ok,473
11,1,14,3,user_creatures,user_4,user_creatures,user_creatures: log_only=[] engine_only=['floodpits drowner'],6,0,5,1,3,1,0,0,3,0,0,0,0,ok,759
12,1,9,2,user_creatures,user_3,user_creatures,user_creatures: log_only=['house cartographer'] engine_only=['ticket booth'],7,1,1,0,2,1,0,0,1,0,0,0,0,ok,397
13,1,11,1,user_hand,oppo_2,user_hand,user_hand: log_only=['island'] engine_only=['daggermaw megalodon'],7,0,2,0,2,0,0,0,2,0,0,0,0,ok,388
14,1,13,3,user_creatures,user_4,user_creatures,user_creatures: log_only=['cursed windbreaker'] engine_only=['wary watchdog'],9,1,4,0,3,1,0,0,2,0,0,0,0,ok,749
15,1,10,2,user_creatures,user_3,user_creatures,user_creatures: log_only=['bashful beastie'] engine_only=['plains'],5,1,2,0,2,1,0,1,1,0,0,1,0,ok,329
16,1,9,3,user_creatures,user_4,user_creatures user_hand,user_creatures: log_only=['enduring innocence'] engine_only=[] ; user_hand: log_only=[] engine_only=['plains'],7,2,2,1,3,3,1,0,1,0,1,0,2,ok,244
17,1,19,3,oppo_life,user_4,oppo_life,oppo_life: log=18 engine=16,6,2,2,0,3,2,0,0,1,0,0,0,1,ok,658
18,1,8,2,user_lands,user_3,user_lands user_hand,user_lands: log_only=['forest'] engine_only=[] ; user_hand: log_only=[] engine_only=['slavering branchsnapper'],6,1,0,0,2,1,0,0,1,0,0,0,1,ok,202
19,1,11,4,user_creatures,user_5,user_creatures,user_creatures: log_only=['fear of falling'] engine_only=['plains'],8,2,2,0,4,2,0,0,2,0,0,0,0,ok,534
20,1,5,1,user_creatures,user_2,user_creatures,user_creatures: log_only=['mountain'] engine_only=['turn inside out'],5,1,2,0,1,1,0,0,0,0,0,0,0,ok,127
21,1,9,1,user_hand,user_2,user_hand,user_hand: log_only=['ticket booth'] engine_only=['island'],7,0,1,0,1,0,0,0,1,0,0,0,0,ok,307
22,1,6,1,user_creatures,user_2,user_creatures,user_creatures: log_only=['lakeside shack'] engine_only=['hedge shredder'],3,1,0,0,1,1,0,0,0,0,0,0,0,ok,110
23,1,8,3,user_life,user_4,user_life oppo_life user_creatures user_noncreatures user_hand,user_life: log=21 engine=20 ; oppo_life: log=16 engine=17 ; user_creatures: log_only=['horror'] engine_only=[] ; user_noncreatures: log_only=[] engine_only=['treasure'] ; user_hand: log_only=['piggy bank'] engine_only=[],5,2,0,0,3,2,1,0,1,0,1,0,0,ok,206
24,1,8,2,user_life,oppo_3,user_life,user_life: log=18 engine=20,5,2,2,0,3,2,0,0,1,0,0,0,0,ok,188
25,1,9,2,user_hand,user_3,user_hand,user_hand: log_only=['island'] engine_only=['swamp'],7,1,1,0,2,1,0,0,1,0,0,0,0,ok,309
26,1,10,2,user_hand,user_3,user_hand,user_hand: log_only=['monstrous emergence'] engine_only=['fear of being hunted'],6,1,3,0,2,1,0,0,1,0,0,0,1,ok,321
27,1,9,2,user_creatures,user_3,user_creatures user_noncreatures oppo_hand,"user_creatures: log_only=[] engine_only=[""killer's mask""] ; user_noncreatures: log_only=[] engine_only=[""killer's mask""] ; oppo_hand: log=6 engine=7",6,1,1,0,2,1,0,0,1,0,0,0,1,ok,266
28,1,10,3,user_life,user_4,user_life oppo_life,user_life: log=24 engine=23 ; oppo_life: log=13 engine=14,7,2,1,0,3,2,0,0,1,0,0,0,0,ok,340
29,1,9,3,oppo_life,user_4,oppo_life,oppo_life: log=15 engine=16,6,2,1,0,3,2,0,0,1,0,0,0,0,ok,422
30,1,5,2,user_creatures,user_3,user_creatures user_hand,user_creatures: log_only=['island'] engine_only=['underwater tunnel'] ; user_hand: log_only=['mountain'] engine_only=['terramorphic expanse'],3,0,0,0,2,0,0,0,2,0,0,0,0,ok,76
31,1,7,3,user_life,oppo_4,user_life,user_life: log=14 engine=16,3,1,1,0,3,1,0,0,2,0,0,0,0,ok,188
32,1,8,2,user_creatures,user_3,user_creatures user_hand,user_creatures: log_only=['plains'] engine_only=['exorcise'] ; user_hand: log_only=['slavering branchsnapper'] engine_only=['flesh burrower'],5,1,0,0,2,1,0,0,1,0,0,0,1,ok,193
33,1,7,2,user_life,oppo_3,user_life,user_life: log=18 engine=19,5,2,1,0,2,2,0,0,0,0,0,0,0,ok,250
34,1,7,3,oppo_life,user_4,oppo_life,oppo_life: log=16 engine=18,4,2,0,0,3,2,1,0,1,0,1,0,1,ok,114
35,1,8,1,user_hand,oppo_2,user_hand,user_hand: log_only=['forest'] engine_only=['slavering branchsnapper'],5,0,0,0,2,0,0,0,2,0,0,0,0,ok,236
36,1,9,2,user_lands,user_3,user_lands,user_lands: log_only=['forest'] engine_only=['island'],5,1,5,1,2,1,0,0,1,0,0,0,0,ok,340
37,1,13,3,user_creatures,user_4,user_creatures,user_creatures: log_only=['meat locker'] engine_only=['unable to scream'],6,2,3,0,3,2,0,0,1,0,0,0,0,ok,622
38,1,7,3,user_creatures,user_4,user_creatures,user_creatures: log_only=['forest'] engine_only=['midnight mayhem'],4,2,1,0,3,2,0,1,1,0,0,1,0,ok,139
39,1,7,3,user_life,oppo_4,user_life,user_life: log=16 engine=19,4,3,0,0,4,3,1,0,1,0,1,0,0,ok,206
40,1,13,2,user_hand,user_3,user_hand,user_hand: log_only=['mountain'] engine_only=['swamp'],9,1,3,0,2,1,0,0,1,0,0,0,0,ok,460
41,1,11,1,user_creatures,oppo_2,user_creatures,user_creatures: log_only=['forest'] engine_only=['wary watchdog'],7,2,0,0,2,2,1,0,0,0,1,0,0,ok,598
42,1,6,3,user_creatures,user_4,user_creatures,user_creatures: log_only=['fear of isolation'] engine_only=['twist reality'],4,2,1,0,3,3,0,0,1,0,0,0,0,ok,136
43,1,11,4,user_creatures,oppo_5,user_creatures,user_creatures: log_only=[] engine_only=['ragged playmate'],7,4,3,0,4,4,2,0,0,0,2,0,0,ok,302
44,1,10,3,user_creatures,oppo_4,user_creatures,user_creatures: log_only=[] engine_only=['diversion specialist'],7,3,0,0,4,3,1,0,1,0,1,0,0,ok,218
45,1,9,5,oppo_life,user_6,oppo_life,oppo_life: log=17 engine=18,4,2,2,1,5,3,0,0,3,0,0,0,0,ok,303
46,1,7,3,user_noncreatures,user_4,user_noncreatures,user_noncreatures: log_only=['glassworks'] engine_only=[],6,3,3,0,3,3,5,0,0,0,5,0,0,ok,152
47,1,9,4,user_creatures,user_5,user_creatures,"user_creatures: log_only=['terramorphic expanse'] engine_only=['diversion specialist', 'ticket booth']",7,3,0,0,4,3,0,0,1,0,0,0,0,ok,239
48,1,7,3,oppo_life,user_4,oppo_life,oppo_life: log=17 engine=18,5,2,1,0,3,2,1,0,1,0,1,0,0,ok,300
49,1,9,1,oppo_life,user_2,oppo_life user_creatures,oppo_life: log=20 engine=18 ; user_creatures: log_only=[] engine_only=['undead sprinter'],5,0,0,0,1,0,0,0,1,0,0,0,1,ok,380
50,1,14,1,user_life,oppo_2,user_life,user_life: log=18 engine=19,6,0,2,0,2,0,0,0,2,0,0,0,0,ok,449
51,1,8,3,oppo_life,user_4,oppo_life user_creatures,oppo_life: log=15 engine=16 ; user_creatures: log_only=[] engine_only=['patched plaything'],3,1,0,0,3,1,1,0,2,0,1,0,0,ok,176
52,1,6,1,user_lands,oppo_2,user_lands user_creatures,user_lands: log_only=['forest'] engine_only=[] ; user_creatures: log_only=[] engine_only=['insidious fungus'],4,1,1,0,2,1,1,0,1,0,1,0,0,ok,124
53,1,8,3,user_creatures,user_4,user_creatures,user_creatures: log_only=['spineseeker centipede'] engine_only=[],5,2,2,1,3,3,1,0,1,0,1,0,0,ok,372
54,1,5,3,user_creatures,user_4,user_creatures,user_creatures: log_only=[] engine_only=['glimmer'],3,2,0,0,3,3,1,0,1,0,1,0,1,ok,205
55,1,11,3,user_hand,user_4,user_hand,user_hand: log_only=['plains'] engine_only=[],8,3,0,0,3,3,2,0,0,0,2,0,0,ok,324
56,1,6,2,user_hand,user_3,user_hand,user_hand: log_only=['forest'] engine_only=[],4,1,0,0,2,1,0,0,1,0,0,0,0,ok,224
57,1,8,4,oppo_life,user_5,oppo_life user_creatures,oppo_life: log=13 engine=11 ; user_creatures: log_only=[] engine_only=['fear of surveillance'],4,3,1,0,4,4,2,1,1,0,2,1,1,ok,183
58,1,11,4,user_creatures,user_5,user_creatures,"user_creatures: log_only=['norin, swift survivalist'] engine_only=[]",9,4,0,0,4,5,5,0,0,0,5,0,1,ok,407
59,1,11,1,user_creatures,user_2,user_creatures,user_creatures: log_only=['swamp'] engine_only=['osseous sticktwister'],5,0,1,0,1,0,0,0,1,0,0,0,0,ok,223
60,1,12,1,user_hand,oppo_2,user_hand,user_hand: log_only=['swamp'] engine_only=['spectral snatcher'],6,0,4,0,2,0,0,0,2,0,0,0,0,ok,296
61,1,11,3,oppo_hand,oppo_4,oppo_hand,oppo_hand: log=2 engine=3,7,2,1,0,4,2,0,0,2,0,0,0,2,ok,216
62,1,10,3,user_life,oppo_4,user_life,user_life: log=12 engine=10,6,1,0,0,3,1,0,0,2,0,0,0,0,ok,197
63,1,13,8,user_creatures,user_9,user_creatures,user_creatures: log_only=['tunnel surveyor'] engine_only=[],7,4,6,2,8,4,2,0,4,0,2,0,0,ok,341
64,1,8,4,user_life,user_5,user_life oppo_life user_creatures,"user_life: log=16 engine=17 ; oppo_life: log=9 engine=6 ; user_creatures: log_only=[] engine_only=['glimmer', 'glimmer seeker']",4,3,2,1,4,5,2,0,1,0,2,0,1,ok,249
65,1,11,2,user_creatures,oppo_3,user_creatures,user_creatures: log_only=[] engine_only=['glimmer'],6,2,1,0,2,2,0,0,0,0,0,0,0,ok,344
66,1,9,3,user_hand,user_4,user_hand,user_hand: log_only=['spineseeker centipede'] engine_only=['insidious fungus'],5,1,2,0,3,1,0,1,2,0,0,1,0,ok,251
67,1,11,5,user_lands,user_6,user_lands user_creatures,user_lands: log_only=[] engine_only=['forest'] ; user_creatures: log_only=['forest'] engine_only=[],5,2,2,1,4,4,0,1,2,1,0,1,0,ok,511
68,1,10,2,user_hand,user_3,user_hand,user_hand: log_only=['terramorphic expanse'] engine_only=['glassworks'],5,1,1,0,2,1,0,0,1,0,0,0,0,ok,172
69,1,9,3,user_creatures,oppo_4,user_creatures user_hand,user_creatures: log_only=['appendage amalgam'] engine_only=[] ; user_hand: log_only=[] engine_only=['appendage amalgam'],6,1,3,0,3,1,1,0,2,0,1,0,0,ok,217
70,1,8,2,user_creatures,user_3,user_creatures,user_creatures: log_only=['irreverent gremlin'] engine_only=['peculiar lighthouse'],2,1,0,0,2,1,0,0,1,0,0,0,0,ok,255
71,1,9,3,user_life,oppo_4,user_life oppo_life user_creatures user_hand,"user_life: log=13 engine=15 ; oppo_life: log=21 engine=20 ; user_creatures: log_only=[] engine_only=['living phone'] ; user_hand: log_only=['arabella, abandoned doll'] engine_only=[]",5,3,0,0,3,3,0,0,0,0,0,0,1,ok,154
72,1,7,2,user_creatures,user_3,user_creatures oppo_hand,user_creatures: log_only=[] engine_only=['glimmer seeker'] ; oppo_hand: log=6 engine=7,4,1,1,0,2,1,0,0,1,0,0,0,1,ok,129
73,1,8,2,user_hand,user_3,user_hand,user_hand: log_only=['ripchain razorkin'] engine_only=['forest'],6,2,0,0,2,2,1,1,0,0,1,1,1,ok,249
74,1,8,2,user_creatures,user_3,user_creatures,user_creatures: log_only=['clockwork percussionist'] engine_only=['vicious clown'],6,2,1,0,2,2,2,0,0,0,2,0,0,ok,166
75,1,12,1,user_creatures,user_2,user_creatures,user_creatures: log_only=['most valuable slayer'] engine_only=['friendly teddy'],7,1,4,0,1,1,0,0,0,0,0,0,0,ok,344
76,1,7,2,user_life,oppo_3,user_life,user_life: log=18 engine=20,6,3,1,0,3,3,4,0,0,0,4,0,0,ok,183
77,1,10,4,oppo_life,user_5,oppo_life,oppo_life: log=17 engine=18,6,2,2,1,3,4,1,0,1,0,1,0,0,ok,280
78,1,8,3,user_life,oppo_4,user_life oppo_life oppo_hand,user_life: log=17 engine=18 ; oppo_life: log=19 engine=18 ; oppo_hand: log=4 engine=5,5,3,1,0,4,4,2,0,1,0,2,0,1,ok,249
79,1,12,4,oppo_hand,oppo_5,oppo_hand,oppo_hand: log=3 engine=4,6,3,0,0,5,4,3,0,2,0,3,0,1,ok,322
80,1,9,2,user_creatures,oppo_3,user_creatures,user_creatures: log_only=[] engine_only=['hardened escort'],7,3,2,0,3,3,2,0,0,0,2,0,0,ok,238
81,1,7,2,user_hand,user_3,user_hand,user_hand: log_only=['meat locker'] engine_only=['the swarmweaver'],5,1,0,0,2,1,0,0,1,0,0,0,1,ok,190
82,1,2,1,user_hand,user_2,user_hand,user_hand: log_only=[] engine_only=['grand entryway'],1,1,0,0,1,1,0,0,0,0,0,0,0,ok,35
83,1,9,3,oppo_life,user_4,oppo_life,oppo_life: log=9 engine=10,7,3,0,0,3,3,6,0,0,0,6,0,1,ok,249
84,1,10,1,user_hand,user_2,user_hand,user_hand: log_only=['bashful beastie'] engine_only=['stalked researcher'],8,1,1,0,1,1,0,0,0,0,0,0,0,ok,215
85,1,12,2,user_creatures,oppo_3,user_creatures user_hand,user_creatures: log_only=['floodpits drowner'] engine_only=[] ; user_hand: log_only=[] engine_only=['floodpits drowner'],5,0,2,0,2,0,0,0,2,0,0,0,0,ok,269
86,1,10,2,oppo_life,oppo_3,oppo_life,oppo_life: log=19 engine=18,8,2,2,0,2,2,1,0,0,0,1,0,0,ok,210
87,1,9,2,user_creatures,user_3,user_creatures,"user_creatures: log_only=['turn inside out'] engine_only=[""betrayer's bargain""]",6,2,2,0,2,2,2,0,0,0,2,0,0,ok,264
88,1,11,1,user_hand,user_2,user_hand,user_hand: log_only=['tunnel surveyor'] engine_only=['island'],4,1,4,0,1,1,0,0,0,0,0,0,1,ok,260
89,1,9,2,user_hand,oppo_3,user_hand,"user_hand: log_only=[] engine_only=[""don't make a sound""]",5,0,2,0,2,0,0,0,2,0,0,0,1,ok,180
90,1,10,3,user_creatures,oppo_4,user_creatures,user_creatures: log_only=[] engine_only=['vicious clown'],7,4,0,0,4,4,4,0,0,0,4,0,0,ok,287
91,1,8,5,user_creatures,user_6,user_creatures,user_creatures: log_only=['spirit'] engine_only=[],2,1,3,1,3,3,0,0,2,1,0,0,0,ok,296
92,1,10,2,user_hand,user_3,user_hand,user_hand: log_only=['beastie beatdown'] engine_only=['forest'],8,1,1,0,2,1,0,0,1,0,0,0,1,ok,264
93,1,19,6,user_hand,user_7,user_hand,"user_hand: log_only=['trial of agony'] engine_only=['arabella, abandoned doll']",9,1,0,0,3,4,1,0,2,3,1,0,0,ok,859
94,1,6,2,user_creatures,oppo_3,user_creatures,"user_creatures: log_only=['popular egotist', 'unstoppable slasher'] engine_only=['commune with evil', 'emerge from the cocoon']",4,1,1,0,2,2,0,0,1,1,0,0,0,ok,97
95,1,8,3,user_hand,user_4,user_hand,user_hand: log_only=['swamp'] engine_only=['vile mutilator'],6,2,0,0,3,2,2,0,1,0,2,0,0,ok,153
96,1,9,4,user_creatures,user_5,user_creatures,user_creatures: log_only=['unsettling twins'] engine_only=['plains'],5,3,0,0,4,3,1,0,1,0,1,0,0,ok,165
97,1,11,4,user_creatures,oppo_5,user_creatures,user_creatures: log_only=['most valuable slayer'] engine_only=['clockwork percussionist'],6,3,2,0,5,3,4,0,2,0,4,0,0,ok,175
98,1,11,2,user_creatures,oppo_3,user_creatures user_hand,user_creatures: log_only=['floodpits drowner'] engine_only=[] ; user_hand: log_only=[] engine_only=['floodpits drowner'],7,1,0,0,2,1,0,0,1,0,0,0,0,ok,482
99,1,8,2,user_creatures,user_3,user_creatures,user_creatures: log_only=['fear of surveillance'] engine_only=['ticket booth'],4,1,0,0,2,1,0,0,1,0,0,0,0,ok,253
100,1,8,1,oppo_life,user_2,oppo_life user_hand,oppo_life: log=17 engine=20 ; user_hand: log_only=['overlord of the boilerbilges'] engine_only=['forest'],7,1,1,0,1,1,0,0,0,0,0,0,0,ok,1197
101,1,9,4,user_life,oppo_5,user_life user_creatures,user_life: log=16 engine=13 ; user_creatures: log_only=[] engine_only=['demon'],5,3,2,1,4,3,0,0,1,0,0,0,1,ok,719
102,1,11,2,user_hand,oppo_3,user_hand,user_hand: log_only=['island'] engine_only=['daggermaw megalodon'],6,2,1,1,3,2,1,0,1,0,1,0,0,ok,718
103,1,13,1,user_hand,user_2,user_hand,user_hand: log_only=['under the skin'] engine_only=['sporogenic infection'],6,0,0,0,1,0,0,0,1,0,0,0,0,ok,389
104,1,9,4,user_lands,user_5,user_lands user_hand,user_lands: log_only=['island'] engine_only=[] ; user_hand: log_only=[] engine_only=['daggermaw megalodon'],6,3,1,0,4,3,1,2,1,0,1,2,1,ok,412
105,1,9,1,user_creatures,user_2,user_creatures,user_creatures: log_only=['veteran survivor'] engine_only=[],6,1,1,0,1,1,1,0,0,0,1,0,1,ok,386
106,1,9,2,user_hand,user_3,user_hand,user_hand: log_only=['forest'] engine_only=['mountain'],6,1,2,0,2,1,0,0,1,0,0,0,0,ok,327
107,1,7,4,user_life,oppo_5,user_life,user_life: log=11 engine=10,6,4,1,1,4,5,0,1,0,0,0,1,1,ok,298
108,1,11,2,user_creatures,user_3,user_creatures,user_creatures: log_only=['mountain'] engine_only=['possessed goat'],4,1,0,0,2,1,0,0,1,0,0,0,0,ok,710
109,1,9,2,user_creatures,user_3,user_creatures,"user_creatures: log_only=['sawblade skinripper'] engine_only=[""betrayer's bargain""]",4,1,1,0,2,1,0,0,1,0,0,0,0,ok,333
110,1,8,3,oppo_life,user_4,oppo_life user_creatures user_noncreatures,oppo_life: log=14 engine=16 ; user_creatures: log_only=['piggy bank'] engine_only=['glimmer'] ; user_noncreatures: log_only=[] engine_only=['treasure'],4,2,0,0,3,2,1,0,1,0,1,0,0,ok,231
111,1,9,2,oppo_life,user_3,oppo_life,oppo_life: log=17 engine=18,6,1,1,0,2,1,1,0,1,0,1,0,0,ok,355
112,1,11,3,user_lands,user_4,user_lands user_hand,user_lands: log_only=['mountain'] engine_only=[] ; user_hand: log_only=[] engine_only=['say its name'],7,2,1,0,3,2,0,0,1,0,0,0,2,ok,308
113,1,7,4,user_creatures,user_5,user_creatures user_hand,user_creatures: log_only=['skullsnap nuisance'] engine_only=[] ; user_hand: log_only=[] engine_only=['innocuous rat'],5,3,1,1,4,3,1,0,1,0,1,0,2,ok,347
114,1,8,0,user_lands,user_1,user_lands user_noncreatures user_hand,user_lands: log_only=['island'] engine_only=[] ; user_noncreatures: log_only=['underwater tunnel'] engine_only=[] ; user_hand: log_only=[] engine_only=['underwater tunnel'],6,0,0,0,0,0,0,0,0,0,0,0,2,ok,311
115,1,9,3,user_hand,oppo_4,user_hand oppo_hand,"user_hand: log_only=['fear of isolation', 'plains'] engine_only=['inquisitive glimmer', 'trapped in the screen'] ; oppo_hand: log=5 engine=4",5,1,0,0,4,1,0,0,3,0,0,0,0,ok,381
116,1,11,3,user_life,oppo_4,user_life,user_life: log=16 engine=19,5,3,1,0,3,3,2,0,0,0,2,0,0,ok,490
117,1,11,2,user_life,user_3,user_life user_creatures,user_life: log=19 engine=18 ; user_creatures: log_only=[] engine_only=['fear of surveillance'],6,1,1,0,2,1,0,0,1,0,0,0,0,ok,305
118,1,7,3,user_creatures,user_4,user_creatures user_noncreatures,"user_creatures: log_only=['norin, swift survivalist'] engine_only=[] ; user_noncreatures: log_only=['cracked skull', 'treasure'] engine_only=[]",6,3,2,0,3,3,4,0,0,0,4,0,1,ok,178
119,1,5,1,user_life,oppo_2,user_life,user_life: log=18 engine=19,1,0,2,0,1,0,0,0,1,0,0,0,0,ok,144
120,1,9,2,oppo_hand,user_3,oppo_hand,oppo_hand: log=7 engine=6,3,0,3,0,2,0,0,0,2,0,0,0,0,ok,410
121,1,7,1,user_life,oppo_2,user_life oppo_hand,user_life: log=19 engine=17 ; oppo_hand: log=5 engine=6,5,1,1,0,2,1,0,0,1,0,0,0,0,ok,232
122,1,5,4,user_hand,user_5,user_hand,user_hand: log_only=[] engine_only=['murder'],4,3,1,1,4,3,3,0,1,0,3,0,1,ok,95
123,1,7,2,user_hand,user_3,user_hand,"user_hand: log_only=['forest', 'plains'] engine_only=['island', 'paranormal analyst']",6,1,0,0,2,1,0,0,1,0,0,0,1,ok,246
124,1,10,2,user_hand,oppo_3,user_hand oppo_hand,"user_hand: log_only=[] engine_only=[""don't make a sound""] ; oppo_hand: log=4 engine=5",4,0,1,0,2,0,0,0,2,0,0,0,2,ok,383
125,1,8,3,user_hand,user_4,user_hand,user_hand: log_only=['trapped in the screen'] engine_only=['plains'],4,2,0,0,3,2,1,0,1,0,1,0,1,ok,160
126,1,9,2,user_creatures,user_3,user_creatures,user_creatures: log_only=['unsettling twins'] engine_only=['plains'],4,0,3,0,2,0,0,0,2,0,0,0,0,ok,436
127,1,12,2,user_creatures,oppo_3,user_creatures oppo_hand,user_creatures: log_only=[] engine_only=['paranormal analyst'] ; oppo_hand: log=5 engine=6,8,3,2,0,3,3,1,0,0,0,1,0,1,ok,385
128,1,11,1,user_creatures,user_2,user_creatures user_noncreatures oppo_hand,user_creatures: log_only=[] engine_only=['glimmer'] ; user_noncreatures: log_only=[] engine_only=['grand entryway'] ; oppo_hand: log=5 engine=6,6,0,1,0,1,0,0,0,1,0,0,0,1,ok,349
129,1,6,2,user_creatures,user_3,user_creatures oppo_hand,"user_creatures: log_only=[] engine_only=['beast', 'toby, beastie befriender'] ; oppo_hand: log=6 engine=7",3,1,1,0,2,1,0,0,1,0,0,0,1,ok,219
130,1,10,1,user_hand,user_2,user_hand,user_hand: log_only=['forest'] engine_only=[],7,0,0,0,1,0,0,0,1,0,0,0,0,ok,143
131,1,9,4,user_creatures,oppo_5,user_creatures oppo_hand,user_creatures: log_only=[] engine_only=['scrabbling skullcrab'] ; oppo_hand: log=2 engine=3,6,4,1,1,5,4,0,0,1,0,0,0,2,ok,268
132,1,17,3,user_creatures,user_4,user_creatures user_hand,user_creatures: log_only=['oblivious bookworm'] engine_only=['plains'] ; user_hand: log_only=['glimmerlight'] engine_only=['lakeside shack'],4,1,5,1,3,2,0,0,2,0,0,0,0,ok,536
133,1,8,6,user_lands,user_7,user_lands,user_lands: log_only=['plains'] engine_only=['swamp'],1,1,1,1,4,3,2,1,3,1,2,1,0,ok,246
134,1,8,1,user_hand,user_2,user_hand,user_hand: log_only=['final vengeance'] engine_only=['coordinated clobbering'],3,1,2,0,1,1,0,0,0,0,0,0,0,ok,196
135,1,10,2,user_hand,user_3,user_hand,user_hand: log_only=['strangled cemetery'] engine_only=['bashful beastie'],6,2,3,0,2,2,1,0,0,0,1,0,0,ok,277
136,1,11,2,user_creatures,user_3,user_creatures,user_creatures: log_only=['island'] engine_only=['break down the door'],6,1,3,0,2,1,0,0,1,0,0,0,0,ok,443
137,1,6,3,oppo_life,user_4,oppo_life user_creatures user_hand,oppo_life: log=12 engine=14 ; user_creatures: log_only=['vicious clown'] engine_only=[] ; user_hand: log_only=[] engine_only=['plains'],5,2,0,0,3,2,1,0,1,0,1,0,2,ok,116
138,1,13,4,oppo_life,oppo_5,oppo_life user_creatures oppo_hand,oppo_life: log=28 engine=24 ; user_creatures: log_only=[] engine_only=['skullsnap nuisance'] ; oppo_hand: log=3 engine=4,5,2,0,0,4,2,0,1,2,0,0,1,2,ok,368
139,1,9,1,user_hand,oppo_2,user_hand,user_hand: log_only=['swamp'] engine_only=['spectral snatcher'],5,0,0,0,2,0,0,0,2,0,0,0,0,ok,339
140,1,10,2,user_creatures,user_3,user_creatures user_hand,user_creatures: log_only=['cautious survivor'] engine_only=[] ; user_hand: log_only=[] engine_only=['cautious survivor'],5,1,2,0,2,1,0,0,1,0,0,0,1,ok,245
141,1,11,3,user_life,oppo_4,user_life user_creatures,user_life: log=9 engine=12 ; user_creatures: log_only=[] engine_only=['tunnel surveyor'],7,1,2,0,3,1,0,0,2,0,0,0,0,ok,568
142,1,7,1,user_hand,oppo_2,user_hand,user_hand: log_only=['forest'] engine_only=['slavering branchsnapper'],5,1,2,0,2,1,0,0,1,0,0,0,0,ok,318
143,1,14,5,user_creatures,user_6,user_creatures user_hand oppo_hand,"user_creatures: log_only=['fanatic of the harrowing', 'fear of lost teeth'] engine_only=[] ; user_hand: log_only=[] engine_only=['swamp'] ; oppo_hand: log=3 engine=4",11,5,4,1,5,5,3,1,0,0,3,1,5,ok,935
144,1,11,4,user_life,oppo_5,user_life user_creatures user_noncreatures,user_life: log=15 engine=17 ; user_creatures: log_only=['hedge shredder'] engine_only=[] ; user_noncreatures: log_only=[] engine_only=['hedge shredder'],5,2,0,0,5,2,0,0,3,0,0,0,2,ok,421
145,1,12,2,user_creatures,user_3,user_creatures,user_creatures: log_only=['impossible inferno'] engine_only=['sawblade skinripper'],5,1,2,0,2,1,0,0,1,0,0,0,0,ok,486
146,1,10,2,user_hand,user_3,user_hand,user_hand: log_only=['mountain'] engine_only=['plains'],6,1,0,0,2,1,0,1,1,0,0,1,0,ok,397
147,1,12,2,user_life,oppo_3,user_life,user_life: log=18 engine=19,7,1,2,0,3,1,0,0,2,0,0,0,0,ok,606
148,1,12,3,oppo_life,user_4,oppo_life,oppo_life: log=18 engine=20,7,1,1,0,3,1,0,0,2,0,0,0,1,ok,227
149,1,10,2,user_creatures,user_3,user_creatures,user_creatures: log_only=['fear of surveillance'] engine_only=['fear of immobility'],4,1,2,0,2,1,0,0,1,0,0,0,0,ok,425
150,1,13,4,user_creatures,user_5,user_creatures user_hand,user_creatures: log_only=['bottomless pool'] engine_only=['fear of isolation'] ; user_hand: log_only=['the mindskinner'] engine_only=['house cartographer'],7,3,2,1,4,3,2,0,1,0,2,0,0,ok,327
151,1,16,3,user_creatures,user_4,user_creatures,user_creatures: log_only=['friendly teddy'] engine_only=['reluctant role model'],6,1,2,0,2,2,1,0,1,1,1,0,1,ok,499
152,1,12,2,oppo_hand,oppo_3,oppo_hand,oppo_hand: log=4 engine=5,8,1,2,0,3,1,0,0,2,0,0,0,1,ok,276
153,1,10,2,user_lands,user_3,user_lands,user_lands: log_only=['mountain'] engine_only=['swamp'],5,0,2,0,2,0,0,0,2,0,0,0,0,ok,487
154,1,10,2,user_hand,user_3,user_hand,user_hand: log_only=['seized from slumber'] engine_only=['inquisitive glimmer'],6,1,1,0,2,1,0,0,1,0,0,0,1,ok,429
155,1,11,1,user_hand,user_2,user_hand,user_hand: log_only=['meat locker'] engine_only=['bashful beastie'],8,0,0,0,1,0,0,0,1,0,0,0,0,ok,649
156,1,9,2,user_creatures,oppo_3,user_creatures,user_creatures: log_only=['inquisitive glimmer'] engine_only=[],6,2,3,0,3,2,1,0,1,0,1,0,0,ok,262
157,1,9,1,user_hand,user_2,user_hand,user_hand: log_only=['grasping longneck'] engine_only=['fear of burning alive'],5,0,1,0,1,0,0,0,1,0,0,0,0,ok,240
158,1,13,2,user_creatures,oppo_3,user_creatures user_noncreatures,"user_creatures: log_only=['acrobatic cheerleader'] engine_only=[] ; user_noncreatures: log_only=[] engine_only=[""dollmaker's shop""]",7,2,1,0,3,3,0,0,1,0,0,0,0,ok,418
159,1,7,2,user_noncreatures,oppo_3,user_noncreatures user_hand oppo_hand,user_noncreatures: log_only=['growing dread'] engine_only=[] ; user_hand: log_only=[] engine_only=['growing dread'] ; oppo_hand: log=2 engine=3,4,0,2,0,2,0,0,0,2,0,0,0,5,ok,150
160,1,9,3,user_hand,user_4,user_hand,"user_hand: log_only=[""painter's studio""] engine_only=['swamp']",5,1,2,0,3,1,1,0,2,0,1,0,0,ok,241
161,1,12,1,user_hand,oppo_2,user_hand,user_hand: log_only=['island'] engine_only=['daggermaw megalodon'],4,0,2,0,2,0,0,0,2,0,0,0,0,ok,325
162,1,6,4,user_life,oppo_5,user_life,user_life: log=12 engine=14,3,2,0,0,4,2,0,0,2,0,0,0,0,ok,127
163,1,8,1,user_creatures,user_2,user_creatures,user_creatures: log_only=['spineseeker centipede'] engine_only=['mountain'],5,0,1,0,1,0,0,0,1,0,0,0,0,ok,227
164,1,10,2,user_lands,user_3,user_lands user_hand,"user_lands: log_only=['forest'] engine_only=[] ; user_hand: log_only=['impossible inferno'] engine_only=['mountain', 'terramorphic expanse']",6,0,0,0,2,0,0,0,2,0,0,0,1,ok,220
165,1,5,2,user_hand,user_3,user_hand,"user_hand: log_only=[""let's play a game""] engine_only=['swamp']",4,1,0,0,2,1,0,0,1,0,0,0,1,ok,74
166,1,8,4,user_life,user_5,user_life oppo_life,user_life: log=18 engine=17 ; oppo_life: log=14 engine=15,6,3,3,0,4,3,2,0,1,0,2,0,1,ok,261
167,1,11,2,user_creatures,user_3,user_creatures user_hand,user_creatures: log_only=['paranormal analyst'] engine_only=[] ; user_hand: log_only=[] engine_only=['slavering branchsnapper'],10,2,1,0,2,2,0,1,0,0,0,1,2,ok,379
168,1,8,2,user_lands,user_3,user_lands,user_lands: log_only=['forest'] engine_only=['mountain'],5,0,0,0,2,0,0,0,2,0,0,0,0,ok,299
169,1,10,1,user_creatures,user_2,user_creatures,user_creatures: log_only=['hedge shredder'] engine_only=['meathook massacre ii'],5,0,1,0,1,0,0,0,1,0,0,0,0,ok,234
170,1,5,3,user_hand,user_4,user_hand oppo_hand,"user_hand: log_only=[""shardmage's rescue""] engine_only=['splitskin doll'] ; oppo_hand: log=6 engine=5",4,2,1,0,3,2,1,0,1,0,1,0,0,ok,104
171,1,7,4,user_life,oppo_5,user_life,user_life: log=8 engine=11,4,3,0,0,4,3,2,0,1,0,2,0,1,ok,236
172,1,10,3,user_lands,user_4,user_lands user_creatures user_hand,user_lands: log_only=['island'] engine_only=[] ; user_creatures: log_only=['spineseeker centipede'] engine_only=[] ; user_hand: log_only=[] engine_only=['spineseeker centipede'],5,2,1,0,3,2,0,0,1,0,0,0,2,ok,255
173,1,8,1,user_hand,user_2,user_hand,user_hand: log_only=['swamp'] engine_only=['patchwork beastie'],3,1,0,0,1,1,0,0,0,0,0,0,0,ok,205
174,1,11,3,user_creatures,user_4,user_creatures user_noncreatures user_hand,user_creatures: log_only=['glimmer seeker'] engine_only=[] ; user_noncreatures: log_only=[] engine_only=['sporogenic infection'] ; user_hand: log_only=[] engine_only=['final vengeance'],7,1,1,0,3,1,0,0,2,0,0,0,2,ok,223
175,1,4,2,user_hand,user_3,user_hand,user_hand: log_only=['terramorphic expanse'] engine_only=['clockwork percussionist'],2,1,0,0,2,1,0,0,1,0,0,0,2,ok,72
176,1,8,3,user_hand,user_4,user_hand,user_hand: log_only=['ghostly dancers'] engine_only=['fear of surveillance'],6,2,1,0,3,2,0,0,1,0,0,0,0,ok,200
177,1,9,5,oppo_hand,oppo_6,oppo_hand,oppo_hand: log=5 engine=3,7,4,0,0,5,4,0,0,1,0,0,0,0,ok,327
178,1,8,2,user_hand,user_3,user_hand,user_hand: log_only=['forest'] engine_only=['plains'],6,1,2,0,2,1,0,0,1,0,0,0,0,ok,275
179,1,10,4,user_noncreatures,oppo_5,user_noncreatures,user_noncreatures: log_only=['trapped in the screen'] engine_only=[],3,2,3,0,4,2,2,0,2,0,2,0,0,ok,218
180,1,9,1,oppo_hand,user_2,oppo_hand,oppo_hand: log=6 engine=5,7,1,0,0,1,1,0,0,0,0,0,0,0,ok,190
181,1,6,2,user_life,user_3,user_life oppo_life user_creatures oppo_hand,user_life: log=21 engine=20 ; oppo_life: log=21 engine=20 ; user_creatures: log_only=[] engine_only=['fear of lost teeth'] ; oppo_hand: log=3 engine=4,6,2,0,0,2,2,1,0,0,0,1,0,1,ok,157
182,1,9,2,user_hand,user_3,user_hand,user_hand: log_only=['island'] engine_only=['swamp'],6,1,3,0,2,1,0,0,1,0,0,0,0,ok,237
183,1,9,2,user_creatures,user_3,user_creatures,user_creatures: log_only=[] engine_only=['ragged playmate'],6,1,0,0,2,1,0,0,1,0,0,0,0,ok,227
184,1,8,4,user_life,oppo_5,user_life,user_life: log=14 engine=15,4,3,2,0,5,3,1,0,2,0,1,0,0,ok,251
185,1,7,2,oppo_life,user_3,oppo_life,oppo_life: log=17 engine=18,4,1,1,0,2,1,0,0,1,0,0,0,0,ok,155
186,1,9,2,user_life,oppo_3,user_life,user_life: log=15 engine=18,4,2,2,0,3,2,0,0,1,0,0,0,1,ok,223
187,1,18,5,user_life,oppo_6,user_life,user_life: log=9 engine=10,3,0,5,1,4,1,0,0,4,0,0,0,0,ok,446
188,1,7,4,user_creatures,user_5,user_creatures,user_creatures: log_only=['razorkin hordecaller'] engine_only=['plains'],5,2,3,0,3,3,3,0,1,1,3,0,0,ok,207
189,1,13,2,user_creatures,user_3,user_creatures,user_creatures: log_only=[] engine_only=['optimistic scavenger'],4,1,1,0,2,1,1,0,1,0,1,0,0,ok,406
190,1,12,2,oppo_hand,oppo_3,oppo_hand,oppo_hand: log=3 engine=4,8,2,2,0,3,2,0,0,1,0,0,0,1,ok,265
191,1,9,1,user_creatures,user_2,user_creatures,user_creatures: log_only=['beastie beatdown'] engine_only=['forest'],6,0,0,0,1,0,0,0,1,0,0,0,0,ok,183
192,1,8,2,user_creatures,user_3,user_creatures,user_creatures: log_only=['plains'] engine_only=['daggermaw megalodon'],4,0,1,0,2,0,0,0,2,0,0,0,0,ok,155
193,1,14,4,user_creatures,user_5,user_creatures,user_creatures: log_only=[] engine_only=['oblivious bookworm'],12,2,1,0,4,3,0,0,2,0,0,0,0,ok,939
194,1,9,3,user_creatures,user_4,user_creatures,user_creatures: log_only=['turn inside out'] engine_only=['hand that feeds'],4,1,2,0,3,1,0,0,2,0,0,0,0,ok,246
195,1,8,1,user_hand,user_2,user_hand,user_hand: log_only=['abhorrent oculus'] engine_only=['wickerfolk thresher'],6,1,2,0,1,1,0,0,0,0,0,0,0,ok,175
196,1,10,2,user_hand,user_3,user_hand,"user_hand: log_only=['flesh burrower', 'island'] engine_only=['lakeside shack', 'swamp']",7,1,2,0,2,1,0,0,1,0,0,0,1,ok,190
197,1,10,4,oppo_hand,oppo_5,oppo_hand,oppo_hand: log=5 engine=1,6,2,0,0,4,2,0,0,2,0,0,0,0,ok,318
198,1,7,2,user_creatures,oppo_3,user_creatures,"user_creatures: log_only=['primo, the indivisible'] engine_only=['zimone, all-questioning']",3,2,1,0,3,2,2,0,1,0,2,0,0,ok,127
199,1,10,2,oppo_hand,oppo_3,oppo_hand,oppo_hand: log=4 engine=5,5,1,1,0,3,1,1,0,2,0,1,0,1,ok,400
200,1,11,2,oppo_life,user_3,oppo_life user_creatures,oppo_life: log=15 engine=19 ; user_creatures: log_only=['fear of being hunted'] engine_only=['optimistic scavenger'],3,1,0,0,2,1,0,0,1,0,0,0,0,ok,1756
201,1,12,2,user_hand,user_3,user_hand,user_hand: log_only=['mountain'] engine_only=[],4,1,1,0,2,1,2,0,1,0,2,0,0,ok,1344
202,1,8,3,user_noncreatures,oppo_4,user_noncreatures,user_noncreatures: log_only=[] engine_only=['smoky lounge'],3,1,0,0,3,2,0,0,2,1,0,0,0,ok,404
203,1,8,3,user_life,oppo_4,user_life,user_life: log=16 engine=18,4,1,0,0,3,1,0,0,2,0,0,0,1,ok,395
204,1,9,3,user_life,oppo_4,user_life,user_life: log=17 engine=10,6,1,1,0,3,1,0,0,2,0,0,0,0,ok,590
205,1,8,1,user_hand,user_2,user_hand,user_hand: log_only=['moldering gym'] engine_only=['island'],4,0,2,0,1,0,0,0,1,0,0,0,0,ok,309
206,1,18,3,user_creatures,oppo_4,user_creatures,user_creatures: log_only=[] engine_only=['unsettling twins'],4,2,5,0,4,2,1,0,2,0,1,0,0,ok,754
207,1,10,4,user_life,user_5,user_life oppo_life user_creatures,"user_life: log=16 engine=15 ; oppo_life: log=17 engine=22 ; user_creatures: log_only=['arabella, abandoned doll', 'vicious clown'] engine_only=['lionheart glimmer']",7,3,1,0,4,3,2,1,1,0,2,1,1,ok,425
208,1,14,4,user_lands,user_5,user_lands user_creatures user_hand,user_lands: log_only=['forest'] engine_only=[] ; user_creatures: log_only=['spineseeker centipede'] engine_only=[] ; user_hand: log_only=[] engine_only=['spineseeker centipede'],8,2,2,1,4,3,0,1,2,0,0,1,2,ok,720
209,1,10,2,user_life,oppo_3,user_life,user_life: log=18 engine=19,3,1,3,0,3,1,0,0,2,0,0,0,0,ok,369
210,1,7,3,oppo_hand,user_4,oppo_hand,oppo_hand: log=6 engine=5,6,3,2,0,3,3,3,0,0,0,3,0,0,ok,220
211,1,9,3,oppo_hand,oppo_4,oppo_hand,oppo_hand: log=2 engine=3,5,2,3,0,3,2,1,0,1,0,1,0,2,ok,519
212,1,12,3,user_lands,user_4,user_lands,user_lands: log_only=['plains'] engine_only=['swamp'],6,2,1,0,3,2,1,0,1,0,1,0,0,ok,457
213,1,7,2,user_creatures,user_3,user_creatures user_noncreatures user_hand,user_creatures: log_only=['most valuable slayer'] engine_only=[] ; user_noncreatures: log_only=[] engine_only=['treasure'] ; user_hand: log_only=[] engine_only=['most valuable slayer'],6,2,1,0,2,2,1,0,0,0,1,0,1,ok,180
214,1,10,3,user_life,oppo_4,user_life user_creatures,user_life: log=24 engine=22 ; user_creatures: log_only=[] engine_only=['fear of infinity'],5,2,4,1,3,3,1,0,1,1,1,0,1,ok,350
215,1,12,1,user_creatures,user_2,user_creatures,user_creatures: log_only=['hand that feeds'] engine_only=['monstrous emergence'],8,0,2,0,1,0,0,0,1,0,0,0,0,ok,551
216,1,6,2,user_hand,user_3,user_hand,user_hand: log_only=['forest'] engine_only=['mountain'],4,1,1,0,2,1,0,0,1,0,0,0,0,ok,191
217,1,10,2,user_noncreatures,oppo_3,user_noncreatures user_hand,user_noncreatures: log_only=[] engine_only=['keys to the house'] ; user_hand: log_only=['island'] engine_only=[],7,1,0,0,2,1,0,0,1,0,0,0,0,ok,278
218,1,10,5,oppo_life,user_6,oppo_life user_creatures,oppo_life: log=10 engine=11 ; user_creatures: log_only=[] engine_only=['gremlin'],5,4,1,0,5,4,6,0,1,0,6,0,0,ok,448
219,1,7,3,oppo_hand,user_4,oppo_hand,oppo_hand: log=6 engine=5,3,2,0,0,3,2,0,0,1,0,0,0,0,ok,243
220,1,13,2,user_creatures,user_3,user_creatures user_hand,user_creatures: log_only=['shrewd storyteller'] engine_only=['flesh burrower'] ; user_hand: log_only=['forest'] engine_only=['plains'],5,0,2,0,2,0,0,0,2,0,0,0,0,ok,465
221,1,8,2,user_creatures,oppo_3,user_creatures,user_creatures: log_only=['flesh burrower'] engine_only=['broodspinner'],6,2,0,0,3,2,0,0,1,0,0,0,0,ok,175
222,1,6,2,oppo_life,oppo_3,oppo_life,oppo_life: log=18 engine=17,1,1,0,0,2,2,1,0,1,1,1,0,0,ok,125
223,1,8,5,oppo_life,user_6,oppo_life user_lands,oppo_life: log=14 engine=13 ; user_lands: log_only=['mountain'] engine_only=[],4,2,2,0,4,3,1,0,2,1,1,0,1,ok,189
224,1,9,2,oppo_life,user_3,oppo_life,oppo_life: log=16 engine=17,7,2,0,0,2,2,2,0,0,0,2,0,0,ok,274
225,1,7,2,oppo_life,user_3,oppo_life user_creatures user_hand,"oppo_life: log=17 engine=18 ; user_creatures: log_only=['kaito, bane of nightmares'] engine_only=['friendly teddy'] ; user_hand: log_only=['friendly teddy', 'withering torment'] engine_only=['kaito, bane of nightmares']",5,1,0,0,2,1,0,0,1,0,0,0,0,ok,246
226,1,9,1,oppo_life,user_2,oppo_life,oppo_life: log=20 engine=19,6,1,0,0,1,1,0,0,0,0,0,0,0,ok,453
227,1,10,1,user_hand,user_2,user_hand,user_hand: log_only=['glimmerburst'] engine_only=['twist reality'],7,0,0,0,1,0,0,0,1,0,0,0,0,ok,423
228,1,9,2,user_hand,user_3,user_hand,user_hand: log_only=['piranha fly'] engine_only=['island'],7,1,1,0,2,1,0,0,1,0,0,0,1,ok,303
229,1,13,2,oppo_life,user_3,oppo_life,oppo_life: log=17 engine=19,8,1,2,0,2,1,0,0,1,0,0,0,0,ok,555
230,1,9,1,user_hand,user_2,user_hand,user_hand: log_only=['dissection tools'] engine_only=['forest'],6,0,0,0,1,0,0,0,1,0,0,0,0,ok,238
231,1,9,2,user_hand,user_3,user_hand,user_hand: log_only=['say its name'] engine_only=['swamp'],6,1,1,0,2,1,0,0,1,0,0,0,1,ok,210
232,1,5,3,user_life,oppo_4,user_life,user_life: log=17 engine=20,4,3,1,1,3,3,1,0,0,0,1,0,0,ok,100
233,1,12,2,user_creatures,user_3,user_creatures,user_creatures: log_only=['glimmerburst'] engine_only=['patchwork beastie'],6,1,3,0,2,1,0,0,1,0,0,0,0,ok,629
234,1,13,2,user_creatures,user_3,user_creatures user_noncreatures,user_creatures: log_only=['fear of lost teeth'] engine_only=[] ; user_noncreatures: log_only=[] engine_only=['found footage'],6,2,3,0,2,2,0,0,0,0,0,0,1,ok,500
235,1,15,2,user_creatures,oppo_3,user_creatures oppo_hand,user_creatures: log_only=[] engine_only=['plains'] ; oppo_hand: log=5 engine=4,5,0,3,0,3,0,0,0,3,0,0,0,0,ok,955
236,1,8,2,user_creatures,oppo_3,user_creatures,user_creatures: log_only=[] engine_only=['gremlin tamer'],5,2,2,0,3,2,1,0,1,0,1,0,0,ok,188
237,1,13,3,user_creatures,oppo_4,user_creatures user_hand,user_creatures: log_only=['fear of impostors'] engine_only=[] ; user_hand: log_only=[] engine_only=['fear of impostors'],7,1,2,0,3,1,1,0,2,0,1,0,0,ok,400
238,1,10,3,oppo_life,user_4,oppo_life oppo_hand,oppo_life: log=18 engine=19 ; oppo_hand: log=6 engine=5,4,2,0,0,3,2,0,0,1,0,0,0,0,ok,278
239,1,7,3,user_creatures,oppo_4,user_creatures,user_creatures: log_only=[] engine_only=['glimmer'],4,2,1,0,3,2,1,0,1,0,1,0,0,ok,206
240,1,11,2,user_life,oppo_3,user_life user_creatures,user_life: log=16 engine=13 ; user_creatures: log_only=[] engine_only=['twitching doll'],6,1,1,0,2,1,0,0,1,0,0,0,0,ok,176
241,1,9,2,user_hand,user_3,user_hand,user_hand: log_only=['forest'] engine_only=['mountain'],6,0,4,0,2,0,0,0,2,0,0,0,0,ok,225
242,1,8,1,user_hand,user_2,user_hand,user_hand: log_only=['razorkin hordecaller'] engine_only=['mountain'],5,1,1,0,1,1,0,0,0,0,0,0,0,ok,221
243,1,15,3,user_life,oppo_4,user_life user_hand,user_life: log=20 engine=17 ; user_hand: log_only=[] engine_only=['appendage amalgam'],5,2,5,0,4,2,2,0,2,0,2,0,1,ok,449
244,1,7,2,user_hand,oppo_3,user_hand,user_hand: log_only=['trapped in the screen'] engine_only=['enduring innocence'],5,2,1,0,3,2,0,0,1,0,0,0,0,ok,140
245,1,10,3,user_life,oppo_4,user_life user_creatures user_hand,"user_life: log=18 engine=8 ; user_creatures: log_only=[] engine_only=['glimmer'] ; user_hand: log_only=['floodpits drowner', 'say its name'] engine_only=['island', 'moldering gym']",6,1,1,0,3,1,0,0,2,0,0,0,1,ok,280
246,1,15,2,user_hand,user_3,user_hand,user_hand: log_only=['spineseeker centipede'] engine_only=['forest'],6,1,1,0,2,1,0,0,1,0,0,0,1,ok,529
247,1,10,1,user_creatures,user_2,user_creatures user_hand,"user_creatures: log_only=['gremlin tamer'] engine_only=[] ; user_hand: log_only=[] engine_only=['toby, beastie befriender']",4,1,2,0,1,1,0,0,0,0,0,0,2,ok,325
248,1,4,4,,,,,2,2,0,0,4,2,0,0,2,0,0,0,0,ok,89
249,1,7,1,user_creatures,user_2,user_creatures,user_creatures: log_only=[] engine_only=['insidious fungus'],5,1,1,0,1,1,0,0,0,0,0,0,0,ok,177
250,1,6,3,user_life,oppo_4,user_life,user_life: log=13 engine=14,4,3,1,0,3,3,2,0,0,0,2,0,0,ok,152
251,1,17,4,user_life,oppo_5,user_life,user_life: log=17 engine=18,6,3,3,1,5,3,3,0,2,0,3,0,0,ok,553
252,1,11,2,oppo_life,user_3,oppo_life user_creatures,oppo_life: log=18 engine=17 ; user_creatures: log_only=['unable to scream'] engine_only=['surgical suite'],8,1,3,0,2,1,0,0,1,0,0,0,0,ok,424
253,1,13,2,user_hand,oppo_3,user_hand,user_hand: log_only=['island'] engine_only=['daggermaw megalodon'],4,1,0,0,3,1,0,0,2,0,0,0,0,ok,178
254,1,11,2,user_creatures,user_3,user_creatures user_hand,user_creatures: log_only=['emerge from the cocoon'] engine_only=['house cartographer'] ; user_hand: log_only=['forest'] engine_only=['terramorphic expanse'],6,0,0,0,2,0,0,0,2,0,0,0,0,ok,239
255,1,8,6,user_creatures,user_7,user_creatures user_hand,"user_creatures: log_only=['glimmer', 'tunnel surveyor'] engine_only=[] ; user_hand: log_only=[] engine_only=['tunnel surveyor']",7,5,1,1,6,5,3,0,1,0,3,0,1,ok,219
256,1,12,3,user_creatures,oppo_4,user_creatures user_hand,user_creatures: log_only=['appendage amalgam'] engine_only=[] ; user_hand: log_only=[] engine_only=['appendage amalgam'],7,1,0,0,3,1,1,0,2,0,1,0,0,ok,577
257,1,6,3,user_hand,user_4,user_hand,user_hand: log_only=['fear of immobility'] engine_only=['raucous carnival'],4,2,0,0,3,2,1,0,1,0,1,0,1,ok,92
258,1,9,2,user_creatures,oppo_3,user_creatures,user_creatures: log_only=['vanish from sight'] engine_only=['island'],4,0,0,0,3,0,0,0,3,0,0,0,0,ok,324
259,1,9,4,user_creatures,user_5,user_creatures user_noncreatures,"user_creatures: log_only=['arabella, abandoned doll'] engine_only=[] ; user_noncreatures: log_only=['glassworks'] engine_only=[]",5,3,1,0,4,3,2,0,1,0,2,0,2,ok,369
260,1,7,1,user_hand,user_2,user_hand,user_hand: log_only=['the jolly balloon man'] engine_only=[],4,0,1,0,1,0,0,0,1,0,0,0,0,ok,164
261,1,10,3,oppo_life,user_4,oppo_life,oppo_life: log=17 engine=19,5,2,1,1,3,2,1,0,1,0,1,0,0,ok,263
262,1,11,4,user_life,user_5,user_life user_creatures,user_life: log=20 engine=19 ; user_creatures: log_only=[] engine_only=['tunnel surveyor'],5,1,1,0,4,1,1,0,3,0,1,0,0,ok,253
263,1,10,1,oppo_hand,oppo_2,oppo_hand,oppo_hand: log=5 engine=6,6,0,2,0,2,0,0,0,2,0,0,0,0,ok,280
264,1,9,3,user_creatures,oppo_4,user_creatures oppo_hand,user_creatures: log_only=[] engine_only=['wary watchdog'] ; oppo_hand: log=3 engine=4,6,2,0,0,3,2,0,1,1,0,0,1,3,ok,218
265,1,10,2,user_hand,user_3,user_hand,user_hand: log_only=['forest'] engine_only=['bleeding woods'],7,1,0,0,2,1,0,0,1,0,0,0,0,ok,362
266,1,9,4,user_hand,oppo_5,user_hand oppo_hand,user_hand: log_only=[] engine_only=['monstrous emergence'] ; oppo_hand: log=3 engine=4,6,4,1,0,5,5,0,0,1,0,0,0,2,ok,313
267,1,9,5,oppo_life,user_6,oppo_life user_creatures,oppo_life: log=14 engine=6 ; user_creatures: log_only=[] engine_only=['fear of being hunted'],5,3,0,0,5,3,4,0,2,0,4,0,2,ok,267
268,1,17,3,oppo_life,user_4,oppo_life user_creatures oppo_hand,oppo_life: log=22 engine=20 ; user_creatures: log_only=['vanish from sight'] engine_only=['fear of surveillance'] ; oppo_hand: log=5 engine=6,6,3,2,0,3,3,1,0,0,0,1,0,1,ok,549
269,1,6,4,oppo_life,user_5,oppo_life,oppo_life: log=7 engine=8,6,4,2,1,4,4,6,0,0,0,6,0,0,ok,141
270,1,8,1,user_creatures,user_2,user_creatures user_hand,user_creatures: log_only=['wary watchdog'] engine_only=[] ; user_hand: log_only=[] engine_only=['clockwork percussionist'],6,1,1,0,1,1,0,0,0,0,0,0,1,ok,214
271,1,8,3,user_creatures,user_4,user_creatures,user_creatures: log_only=['shrewd storyteller'] engine_only=['restricted office'],4,2,3,0,3,2,1,0,1,0,1,0,0,ok,448
272,1,16,2,oppo_life,user_3,oppo_life,oppo_life: log=20 engine=19,10,1,1,0,2,1,0,0,1,0,0,0,0,ok,591
273,1,5,2,oppo_life,user_3,oppo_life user_creatures user_hand,oppo_life: log=19 engine=20 ; user_creatures: log_only=['oblivious bookworm'] engine_only=['twist reality'] ; user_hand: log_only=['threats around every corner'] engine_only=['island'],4,1,1,0,2,1,0,0,1,0,0,0,0,ok,103
274,1,6,2,user_creatures,user_3,user_creatures,user_creatures: log_only=['fear of immobility'] engine_only=[],3,2,0,0,2,2,0,0,0,0,0,0,0,ok,135
275,1,6,2,user_life,oppo_3,user_life,user_life: log=18 engine=20,4,2,1,0,2,2,0,0,0,0,0,0,0,ok,110
276,1,7,1,user_hand,oppo_2,user_hand,user_hand: log_only=['mountain'] engine_only=['bedhead beastie'],3,0,0,0,2,0,0,0,2,0,0,0,0,ok,178
277,1,8,2,user_hand,user_3,user_hand,user_hand: log_only=['patchwork beastie'] engine_only=['razorkin hordecaller'],5,2,1,0,2,2,2,0,0,0,2,0,1,ok,195
278,1,6,4,user_lands,user_5,user_lands user_creatures user_noncreatures,"user_lands: log_only=['swamp'] engine_only=[] ; user_creatures: log_only=['kaito, bane of nightmares'] engine_only=[] ; user_noncreatures: log_only=[] engine_only=['kaito, bane of nightmares']",2,1,0,0,4,1,1,0,3,0,1,0,1,ok,129
279,1,8,5,oppo_hand,oppo_6,oppo_hand,oppo_hand: log=3 engine=4,4,4,2,2,6,5,5,0,2,0,5,0,2,ok,182
280,1,10,3,user_life,oppo_4,user_life oppo_hand,user_life: log=16 engine=19 ; oppo_hand: log=3 engine=4,4,2,1,0,3,3,3,0,1,1,3,0,0,ok,212
281,1,6,1,user_hand,user_2,user_hand,user_hand: log_only=['violent urge'] engine_only=['enduring vitality'],6,1,0,0,1,1,0,0,0,0,0,0,0,ok,204
282,1,10,1,oppo_life,user_2,oppo_life user_creatures user_hand,oppo_life: log=19 engine=18 ; user_creatures: log_only=[] engine_only=['clockwork percussionist'] ; user_hand: log_only=['mountain'] engine_only=[],8,1,0,0,1,1,1,0,0,0,1,0,1,ok,258
283,1,8,2,user_creatures,user_3,user_creatures,user_creatures: log_only=['terramorphic expanse'] engine_only=['razorkin hordecaller'],3,0,1,1,2,1,0,0,2,0,0,0,0,ok,173
284,1,7,2,user_creatures,user_3,user_creatures,user_creatures: log_only=['clockwork percussionist'] engine_only=['irreverent gremlin'],5,1,0,0,2,1,0,0,1,0,0,0,0,ok,212
285,1,7,4,oppo_life,user_5,oppo_life user_creatures,oppo_life: log=14 engine=18 ; user_creatures: log_only=['screaming nemesis'] engine_only=[],5,3,1,0,4,3,1,0,1,0,1,0,0,ok,195
286,1,11,4,user_creatures,user_5,user_creatures user_hand,user_creatures: log_only=['oblivious bookworm'] engine_only=[] ; user_hand: log_only=[] engine_only=['enter the enigma'],7,3,1,1,4,3,0,0,1,0,0,0,2,ok,243
287,1,8,2,user_hand,user_3,user_hand,user_hand: log_only=['under the skin'] engine_only=['glimmerburst'],6,1,1,0,2,1,0,0,1,0,0,0,1,ok,230
288,1,8,3,user_creatures,user_4,user_creatures user_noncreatures user_hand,user_creatures: log_only=['mountain'] engine_only=[] ; user_noncreatures: log_only=['ticket booth'] engine_only=[] ; user_hand: log_only=['clockwork percussionist'] engine_only=[],6,1,0,0,3,1,0,0,2,0,0,0,1,ok,281
289,1,6,4,user_life,oppo_5,user_life,user_life: log=4 engine=3,2,2,0,0,4,2,0,0,2,0,0,0,0,ok,164
290,1,7,4,user_creatures,user_5,user_creatures,user_creatures: log_only=['glassworks'] engine_only=['razorkin hordecaller'],5,3,0,0,4,3,2,0,1,0,2,0,0,ok,212
291,1,9,4,user_creatures,user_5,user_creatures,user_creatures: log_only=['unwilling vessel'] engine_only=[],4,2,1,0,3,3,1,1,1,1,1,1,0,ok,341
292,1,11,3,user_noncreatures,user_4,user_noncreatures user_hand,user_noncreatures: log_only=['moldering gym'] engine_only=[] ; user_hand: log_only=['final vengeance'] engine_only=[],3,2,0,0,3,2,0,0,1,0,0,0,0,ok,266
293,1,6,3,user_life,oppo_4,user_life,user_life: log=15 engine=18,4,2,1,0,3,2,1,0,1,0,1,0,1,ok,108
294,1,7,3,user_noncreatures,user_4,user_noncreatures user_hand,user_noncreatures: log_only=[] engine_only=['found footage'] ; user_hand: log_only=['scrabbling skullcrab'] engine_only=[],3,3,0,0,3,3,0,0,0,0,0,0,0,ok,235
295,1,10,2,user_life,oppo_3,user_life oppo_life,user_life: log=18 engine=17 ; oppo_life: log=17 engine=18,6,2,3,0,3,2,2,0,1,0,2,0,0,ok,242
296,1,6,1,user_hand,user_2,user_hand,"user_hand: log_only=['altanak, the thrice-called'] engine_only=['island']",5,0,1,0,1,0,0,0,1,0,0,0,0,ok,140
297,1,4,3,user_life,oppo_4,user_life user_creatures user_hand,user_life: log=18 engine=16 ; user_creatures: log_only=['entity tracker'] engine_only=[] ; user_hand: log_only=[] engine_only=['entity tracker'],2,1,0,0,3,1,0,0,2,0,0,0,1,ok,71
298,1,8,3,user_creatures,user_4,user_creatures,user_creatures: log_only=['ticket booth'] engine_only=['piggy bank'],5,2,2,1,3,2,2,0,1,0,2,0,0,ok,206
299,1,6,3,oppo_life,oppo_4,oppo_life oppo_hand,oppo_life: log=19 engine=20 ; oppo_hand: log=4 engine=5,1,1,0,0,3,1,0,0,2,0,0,0,1,ok,126
300,1,11,7,user_creatures,user_8,user_creatures user_hand,"user_creatures: log_only=['innocuous rat'] engine_only=[] ; user_hand: log_only=['kaito, bane of nightmares'] engine_only=['murky sewer', 'neglected manor']",7,4,3,2,5,7,3,1,1,2,3,1,3,ok,1742
301,1,5,2,oppo_hand,oppo_3,oppo_hand,oppo_hand: log=8 engine=7,3,2,0,0,3,2,1,0,1,0,1,0,0,ok,181
302,1,7,4,user_creatures,oppo_5,user_creatures,"user_creatures: log_only=['appendage amalgam', 'appendage amalgam'] engine_only=['broodspinner', 'broodspinner']",1,1,1,1,5,3,2,0,4,0,2,0,1,ok,384
303,1,8,2,user_hand,user_3,user_hand,user_hand: log_only=['scorching dragonfire'] engine_only=['drag to the roots'],6,1,0,0,2,1,0,0,1,0,0,0,0,ok,522
304,1,7,4,user_life,oppo_5,user_life,user_life: log=7 engine=15,5,3,0,0,4,3,1,0,1,0,1,0,0,ok,316
305,1,10,0,oppo_hand,user_1,oppo_hand,oppo_hand: log=5 engine=6,5,0,3,0,0,0,0,0,0,0,0,0,0,ok,434
306,1,9,2,user_creatures,user_3,user_creatures,user_creatures: log_only=[] engine_only=['ragged playmate'],5,1,1,0,2,1,0,0,1,0,0,0,1,ok,620
307,1,6,2,user_life,oppo_3,user_life,user_life: log=18 engine=19,4,2,0,0,3,2,1,0,1,0,1,0,0,ok,296
308,1,12,1,user_hand,user_2,user_hand,user_hand: log_only=['meat locker'] engine_only=['trapped in the screen'],6,0,3,0,1,0,0,0,1,0,0,0,0,ok,578
309,1,7,2,oppo_life,user_3,oppo_life,oppo_life: log=18 engine=16,6,2,0,0,2,2,0,0,0,0,0,0,1,ok,298
310,1,7,0,oppo_hand,oppo_1,oppo_hand,oppo_hand: log=5 engine=6,3,0,0,0,0,0,0,0,0,0,0,0,0,ok,137
311,1,16,2,oppo_life,user_3,oppo_life,oppo_life: log=18 engine=19,5,1,1,0,2,1,0,0,1,0,0,0,0,ok,609
312,1,8,2,oppo_life,user_3,oppo_life user_creatures,oppo_life: log=17 engine=18 ; user_creatures: log_only=['glimmer'] engine_only=[],5,1,3,0,2,1,0,0,1,0,0,0,0,ok,345
313,1,16,3,oppo_life,oppo_4,oppo_life user_creatures oppo_hand,oppo_life: log=17 engine=18 ; user_creatures: log_only=[] engine_only=['osseous sticktwister'] ; oppo_hand: log=4 engine=3,9,3,4,1,4,3,2,0,1,0,2,0,1,ok,565
314,1,7,3,user_life,oppo_4,user_life oppo_life,user_life: log=18 engine=20 ; oppo_life: log=22 engine=20,2,1,0,0,2,2,0,1,1,1,0,1,0,ok,182
315,1,6,3,user_creatures,oppo_4,user_creatures oppo_hand,"user_creatures: log_only=[] engine_only=['arabella, abandoned doll'] ; oppo_hand: log=2 engine=3",4,2,1,0,3,2,1,0,1,0,1,0,1,ok,229
316,1,9,4,user_life,oppo_5,user_life,user_life: log=12 engine=10,4,1,2,1,4,1,0,0,3,0,0,0,0,ok,254
317,1,6,2,user_hand,user_3,user_hand,user_hand: log_only=['forest'] engine_only=[],4,1,1,0,2,1,0,0,1,0,0,0,0,ok,250
318,1,7,4,user_creatures,user_5,user_creatures user_noncreatures user_hand,user_creatures: log_only=['glimmer'] engine_only=[] ; user_noncreatures: log_only=['grand entryway'] engine_only=[] ; user_hand: log_only=[] engine_only=['grand entryway'],5,2,0,0,4,2,1,0,2,0,1,0,1,ok,258
319,1,8,1,user_hand,oppo_2,user_hand,user_hand: log_only=[] engine_only=['get out'],2,0,1,0,2,0,0,0,2,0,0,0,1,ok,283
320,1,6,1,user_creatures,user_2,user_creatures oppo_hand,user_creatures: log_only=[] engine_only=['reluctant role model'] ; oppo_hand: log=5 engine=6,4,0,1,0,1,0,0,0,1,0,0,0,1,ok,140
321,1,10,1,user_creatures,user_2,user_creatures,user_creatures: log_only=['island'] engine_only=['threats around every corner'],7,0,0,0,1,0,0,0,1,0,0,0,0,ok,381
322,1,12,2,user_creatures,user_3,user_creatures,user_creatures: log_only=['clockwork percussionist'] engine_only=['ticket booth'],6,2,1,0,2,2,1,0,0,0,1,0,0,ok,336
323,1,7,1,user_hand,user_2,user_hand,user_hand: log_only=['meat locker'] engine_only=['swamp'],5,0,0,0,1,0,0,0,1,0,0,0,0,ok,242
324,1,5,3,user_life,oppo_4,user_life,user_life: log=6 engine=14,2,1,1,1,3,1,0,0,2,0,0,0,1,ok,99
325,1,11,3,oppo_hand,oppo_4,oppo_hand,oppo_hand: log=4 engine=5,5,3,2,0,3,5,1,0,0,1,1,0,1,ok,454
326,1,5,1,user_creatures,user_2,user_creatures,user_creatures: log_only=['mountain'] engine_only=['wary watchdog'],5,1,0,0,1,1,0,0,0,0,0,0,0,ok,104
327,1,14,2,oppo_hand,oppo_3,oppo_hand,oppo_hand: log=5 engine=6,6,2,3,1,3,2,1,0,1,0,1,0,2,ok,427
328,1,10,3,user_hand,oppo_4,user_hand,"user_hand: log_only=['murder', 'terramorphic expanse'] engine_only=['nowhere to run', 'vanish from sight']",6,2,1,0,4,2,0,0,2,0,0,0,0,ok,573
329,1,18,3,user_creatures,oppo_4,user_creatures,user_creatures: log_only=['stalked researcher'] engine_only=['cult healer'],5,2,3,0,3,2,0,0,1,0,0,0,1,ok,517
330,1,8,2,oppo_life,user_3,oppo_life user_creatures user_hand,"oppo_life: log=18 engine=20 ; user_creatures: log_only=['oblivious bookworm'] engine_only=[] ; user_hand: log_only=[] engine_only=[""don't make a sound""]",4,1,2,0,2,1,0,0,1,0,0,0,2,ok,212
331,1,7,3,user_hand,oppo_4,user_hand,"user_hand: log_only=['island', 'scorching dragonfire'] engine_only=['irreverent gremlin', 'mountain']",5,2,1,0,4,2,3,0,2,0,3,0,0,ok,272
332,1,7,2,user_lands,user_3,user_lands user_hand,user_lands: log_only=['murky sewer'] engine_only=[] ; user_hand: log_only=[] engine_only=['forest'],3,1,2,0,2,1,0,0,1,0,0,0,2,ok,245
333,1,9,2,oppo_life,user_3,oppo_life user_creatures,oppo_life: log=20 engine=18 ; user_creatures: log_only=[] engine_only=['flesh burrower'],4,1,2,0,2,1,0,0,1,0,0,0,1,ok,361
334,1,8,3,user_creatures,oppo_4,user_creatures user_noncreatures oppo_hand,user_creatures: log_only=[] engine_only=['piggy bank'] ; user_noncreatures: log_only=['treasure'] engine_only=[] ; oppo_hand: log=4 engine=5,6,3,1,0,3,3,4,0,0,0,4,0,2,ok,310
335,1,12,2,user_creatures,user_3,user_creatures,user_creatures: log_only=['house cartographer'] engine_only=['underwater tunnel'],6,1,1,0,2,1,0,0,1,0,0,0,0,ok,410
336,1,12,2,oppo_life,user_3,oppo_life user_creatures oppo_hand,oppo_life: log=20 engine=18 ; user_creatures: log_only=[] engine_only=['fear of surveillance'] ; oppo_hand: log=3 engine=4,6,1,0,0,2,1,0,0,1,0,0,0,1,ok,466
337,1,7,1,user_hand,user_2,user_hand,user_hand: log_only=['mountain'] engine_only=['plains'],3,0,0,0,1,0,0,0,1,0,0,0,0,ok,119
338,1,9,1,user_noncreatures,user_2,user_noncreatures user_hand,user_noncreatures: log_only=[] engine_only=['keys to the house'] ; user_hand: log_only=['island'] engine_only=[],5,1,1,0,1,1,0,0,0,0,0,0,0,ok,278
339,1,11,3,user_creatures,user_4,user_creatures,"user_creatures: log_only=['altanak, the thrice-called'] engine_only=['manifest dread']",6,2,1,0,3,2,0,0,1,0,0,0,0,ok,263
340,1,8,3,user_hand,user_4,user_hand,user_hand: log_only=['chainsaw'] engine_only=['ticket booth'],4,2,1,0,3,2,0,0,1,0,0,0,0,ok,242
341,1,8,4,user_life,oppo_5,user_life,user_life: log=18 engine=20,4,3,0,0,4,4,3,0,1,1,3,0,0,ok,285
342,1,10,3,oppo_life,user_4,oppo_life,oppo_life: log=22 engine=23,8,2,1,0,3,2,0,0,1,0,0,0,0,ok,279
343,1,14,1,user_creatures,oppo_2,user_creatures,user_creatures: log_only=[] engine_only=['fear of surveillance'],5,1,2,0,2,1,0,0,1,0,0,0,0,ok,348
344,1,7,1,user_noncreatures,user_2,user_noncreatures user_hand,user_noncreatures: log_only=['overlord of the balemurk'] engine_only=[] ; user_hand: log_only=['broodspinner'] engine_only=['overlord of the balemurk'],4,0,0,0,1,0,0,0,1,0,0,0,1,ok,183
345,1,7,2,oppo_life,user_3,oppo_life user_creatures,oppo_life: log=16 engine=13 ; user_creatures: log_only=['vicious clown'] engine_only=[],5,2,1,0,2,2,2,0,0,0,2,0,0,ok,310
346,1,11,3,user_life,oppo_4,user_life,user_life: log=15 engine=16,6,3,1,0,3,3,0,0,0,0,0,0,0,ok,666
347,1,9,5,user_creatures,oppo_6,user_creatures,user_creatures: log_only=['wary watchdog'] engine_only=['bashful beastie'],4,2,1,0,5,2,0,1,3,0,0,1,1,ok,156
348,1,8,1,user_hand,user_2,user_hand,user_hand: log_only=['most valuable slayer'] engine_only=['ragged playmate'],5,0,0,0,1,0,0,0,1,0,0,0,0,ok,139
349,1,9,1,user_creatures,user_2,user_creatures oppo_hand,user_creatures: log_only=[] engine_only=['piranha fly'] ; oppo_hand: log=5 engine=6,7,0,0,0,1,0,0,0,1,0,0,0,1,ok,324
350,1,9,2,user_lands,user_3,user_lands user_hand,user_lands: log_only=['forest'] engine_only=[] ; user_hand: log_only=[] engine_only=['forest'],7,1,1,0,2,1,0,0,1,0,0,0,1,ok,232
351,1,6,3,oppo_hand,oppo_4,oppo_hand,oppo_hand: log=4 engine=3,5,3,2,2,4,4,2,0,1,0,2,0,0,ok,179
352,1,9,2,user_creatures,user_3,user_creatures,user_creatures: log_only=['hand that feeds'] engine_only=['innocuous rat'],4,0,2,0,2,0,0,0,2,0,0,0,0,ok,264
353,1,8,2,user_creatures,user_3,user_creatures user_hand,user_creatures: log_only=['overgrown zealot'] engine_only=['cryptid inspector'] ; user_hand: log_only=['cursed windbreaker'] engine_only=['forest'],5,1,0,0,2,1,0,0,1,0,0,0,0,ok,228
354,1,11,2,oppo_life,user_3,oppo_life user_creatures,oppo_life: log=20 engine=18 ; user_creatures: log_only=[] engine_only=['ragged playmate'],7,1,2,0,2,1,0,0,1,0,0,0,1,ok,391
355,1,9,3,oppo_hand,oppo_4,oppo_hand,oppo_hand: log=3 engine=2,6,1,0,0,3,1,1,0,2,0,1,0,0,ok,363
356,1,13,1,user_hand,user_2,user_hand,user_hand: log_only=['anthropede'] engine_only=['island'],8,0,0,0,1,0,0,0,1,0,0,0,0,ok,350
357,1,12,1,user_creatures,user_2,user_creatures,user_creatures: log_only=['patchwork beastie'] engine_only=['forest'],5,0,2,0,1,0,0,0,1,0,0,0,0,ok,294
358,1,8,3,user_life,user_4,user_life user_lands user_creatures user_noncreatures user_hand,user_life: log=20 engine=22 ; user_lands: log_only=['swamp'] engine_only=[] ; user_creatures: log_only=[] engine_only=['clockwork percussionist'] ; user_noncreatures: log_only=['unholy annex'] engine_only=[] ; user_hand: log_only=['swamp'] engine_only=[],5,2,1,0,3,2,1,0,1,0,1,0,1,ok,143
359,1,9,2,user_creatures,user_3,user_creatures,user_creatures: log_only=['irreverent gremlin'] engine_only=['hedge shredder'],7,2,0,0,2,2,0,0,0,0,0,0,0,ok,305
360,1,9,2,user_life,oppo_3,user_life,user_life: log=18 engine=20,3,1,2,0,3,1,1,0,2,0,1,0,0,ok,209
361,1,7,3,user_noncreatures,user_4,user_noncreatures,user_noncreatures: log_only=['smoky lounge'] engine_only=[],4,2,1,0,3,3,1,0,1,0,1,0,1,ok,162
362,1,8,3,user_life,oppo_4,user_life,user_life: log=14 engine=15,5,2,2,0,3,2,0,0,1,0,0,0,0,ok,260
363,1,11,3,user_creatures,user_4,user_creatures,user_creatures: log_only=['surgical suite'] engine_only=['cursed windbreaker'],7,1,1,0,3,1,1,0,2,0,1,0,0,ok,471
364,1,10,3,user_creatures,user_4,user_creatures,user_creatures: log_only=['hardened escort'] engine_only=['exorcise'],6,2,0,0,3,2,0,0,1,0,0,0,0,ok,366
365,1,15,2,oppo_life,user_3,oppo_life user_lands,oppo_life: log=17 engine=18 ; user_lands: log_only=['plains'] engine_only=[],6,2,0,0,2,2,2,0,0,0,2,0,1,ok,361
366,1,8,2,user_creatures,user_3,user_creatures,user_creatures: log_only=['mountain'] engine_only=['ragged playmate'],4,1,0,0,2,1,1,0,1,0,1,0,0,ok,197
367,1,8,2,user_hand,user_3,user_hand,user_hand: log_only=['balustrade wurm'] engine_only=['enduring vitality'],5,1,0,0,2,1,0,0,1,0,0,0,0,ok,201
368,1,9,3,user_life,oppo_4,user_life,user_life: log=15 engine=18,5,1,2,0,3,1,0,0,2,0,0,0,1,ok,279
369,1,7,3,user_hand,oppo_4,user_hand,user_hand: log_only=[] engine_only=['entity tracker'],4,1,0,0,3,1,0,1,2,0,0,1,1,ok,122
370,1,14,5,user_creatures,user_6,user_creatures,user_creatures: log_only=['peculiar lighthouse'] engine_only=['mountain'],5,3,5,2,5,4,2,0,2,0,2,0,0,ok,292
371,1,16,1,user_creatures,oppo_2,user_creatures,user_creatures: log_only=[] engine_only=['scrabbling skullcrab'],7,1,3,0,1,1,0,0,0,0,0,0,0,ok,451
372,1,10,2,user_creatures,oppo_3,user_creatures oppo_hand,user_creatures: log_only=[] engine_only=['stalked researcher'] ; oppo_hand: log=3 engine=4,7,1,2,0,2,1,0,0,1,0,0,0,1,ok,265
373,1,12,3,user_lands,user_4,user_lands,user_lands: log_only=['mountain'] engine_only=[],10,2,1,0,3,2,0,0,1,0,0,0,1,ok,490
374,1,5,1,oppo_life,user_2,oppo_life,oppo_life: log=18 engine=17,4,1,2,0,1,1,0,0,0,0,0,0,0,ok,138
375,1,3,2,oppo_hand,oppo_3,oppo_hand,oppo_hand: log=3 engine=2,1,1,0,0,2,1,0,0,1,0,0,0,0,ok,56
376,1,13,3,oppo_life,user_4,oppo_life,oppo_life: log=16 engine=17,10,2,1,0,3,2,1,0,1,0,1,0,0,ok,487
377,1,9,3,oppo_hand,oppo_4,oppo_hand,oppo_hand: log=4 engine=3,5,1,1,0,3,1,1,0,2,0,1,0,0,ok,431
378,1,9,1,user_hand,user_2,user_hand,"user_hand: log_only=['stay hidden, stay silent'] engine_only=['murky sewer']",6,1,0,0,1,1,0,0,0,0,0,0,1,ok,284
379,1,8,3,user_creatures,oppo_4,user_creatures oppo_hand,user_creatures: log_only=[] engine_only=['fear of surveillance'] ; oppo_hand: log=2 engine=3,1,1,1,0,2,2,0,0,1,1,0,0,1,ok,169
380,1,6,4,oppo_hand,oppo_5,oppo_hand,oppo_hand: log=3 engine=4,5,4,0,0,5,4,3,0,1,0,3,0,0,ok,127
381,1,9,2,user_creatures,user_3,user_creatures user_noncreatures user_hand,user_creatures: log_only=['cautious survivor'] engine_only=[] ; user_noncreatures: log_only=[] engine_only=['treasure'] ; user_hand: log_only=[] engine_only=['cautious survivor'],6,1,0,0,2,1,0,0,1,0,0,0,1,ok,232
382,1,11,3,user_creatures,user_4,user_creatures,user_creatures: log_only=['break down the door'] engine_only=['balustrade wurm'],6,3,3,1,3,3,1,0,0,0,1,0,0,ok,309
383,1,9,5,oppo_life,oppo_6,oppo_life,oppo_life: log=21 engine=19,6,3,0,0,4,4,2,1,1,1,2,1,0,ok,229
384,1,12,2,user_hand,user_3,user_hand,user_hand: log_only=['island'] engine_only=['oblivious bookworm'],5,2,1,0,2,2,0,0,0,0,0,0,0,ok,314
385,1,8,1,user_hand,user_2,user_hand,"user_hand: log_only=['twist reality'] engine_only=['altanak, the thrice-called']",4,1,0,0,1,1,0,0,0,0,0,0,0,ok,344
386,1,9,3,user_creatures,user_4,user_creatures user_noncreatures,"user_creatures: log_only=['kaito, bane of nightmares'] engine_only=[] ; user_noncreatures: log_only=[] engine_only=['kaito, bane of nightmares']",6,2,3,0,3,2,1,0,1,0,1,0,0,ok,317
387,1,6,3,user_life,user_4,user_life user_creatures,user_life: log=21 engine=18 ; user_creatures: log_only=['enduring curiosity'] engine_only=[],5,2,0,0,3,2,1,0,1,0,1,0,2,ok,156
388,1,8,3,user_creatures,user_4,user_creatures,"user_creatures: log_only=['fanatic of the harrowing'] engine_only=[""winter's intervention""]",3,2,1,0,3,2,0,0,1,0,0,0,0,ok,119
389,1,8,3,oppo_life,user_4,oppo_life,oppo_life: log=13 engine=16,2,2,1,0,3,2,1,0,1,0,1,0,1,ok,134
390,1,8,2,oppo_life,user_3,oppo_life user_hand,oppo_life: log=18 engine=20 ; user_hand: log_only=['terramorphic expanse'] engine_only=['underwater tunnel'],4,1,1,0,2,1,0,0,1,0,0,0,0,ok,215
391,1,8,1,user_lands,user_2,user_lands user_noncreatures user_hand,user_lands: log_only=['island'] engine_only=[] ; user_noncreatures: log_only=['underwater tunnel'] engine_only=['keys to the house'] ; user_hand: log_only=[] engine_only=['underwater tunnel'],6,1,0,0,1,1,0,0,0,0,0,0,2,ok,134
392,1,12,4,user_hand,user_5,user_hand,user_hand: log_only=['swamp'] engine_only=[],9,3,5,1,4,3,0,1,1,0,0,1,0,ok,249
393,1,6,3,user_lands,user_4,user_lands user_hand,user_lands: log_only=['mountain'] engine_only=[] ; user_hand: log_only=[] engine_only=['mountain'],3,1,1,1,3,1,0,0,2,0,0,0,1,ok,89
394,1,10,2,oppo_life,user_3,oppo_life user_creatures,oppo_life: log=20 engine=18 ; user_creatures: log_only=[] engine_only=['reluctant role model'],6,1,1,0,2,1,0,0,1,0,0,0,1,ok,326
395,1,9,4,oppo_life,oppo_5,oppo_life oppo_hand,oppo_life: log=19 engine=16 ; oppo_hand: log=4 engine=5,6,3,0,0,4,4,2,0,1,0,2,0,1,ok,274
396,1,4,3,user_creatures,user_4,user_creatures,user_creatures: log_only=['daggermaw megalodon'] engine_only=['plains'],4,3,2,1,3,3,1,1,0,0,1,1,0,ok,98
397,1,13,1,user_creatures,oppo_2,user_creatures,user_creatures: log_only=['glimmer'] engine_only=['optimistic scavenger'],4,2,0,0,2,2,0,0,0,0,0,0,0,ok,544
398,1,8,1,user_creatures,user_2,user_creatures,user_creatures: log_only=['overgrown zealot'] engine_only=['floodpits drowner'],6,0,1,0,1,0,0,0,1,0,0,0,0,ok,266
399,1,12,2,oppo_life,user_3,oppo_life user_creatures oppo_hand,"oppo_life: log=18 engine=19 ; user_creatures: log_only=[""valgavoth's faithful""] engine_only=[] ; oppo_hand: log=5 engine=6",8,1,3,0,2,1,1,0,1,0,1,0,0,ok,329
400,1,8,4,oppo_life,user_5,oppo_life,oppo_life: log=18 engine=19,7,3,1,0,4,3,2,0,1,0,2,0,0,ok,1736
401,1,15,4,oppo_life,user_5,oppo_life user_lands user_creatures user_noncreatures,oppo_life: log=9 engine=14 ; user_lands: log_only=['mountain'] engine_only=[] ; user_creatures: log_only=['hedge shredder'] engine_only=[] ; user_noncreatures: log_only=[] engine_only=['hedge shredder'],8,3,2,0,4,3,3,0,1,0,3,0,1,ok,1256
402,1,14,2,user_hand,user_3,user_hand,user_hand: log_only=['break down the door'] engine_only=['vanish from sight'],6,1,4,0,2,1,0,0,1,0,0,0,1,ok,979
403,1,9,2,oppo_hand,oppo_3,oppo_hand,oppo_hand: log=4 engine=5,7,1,1,0,3,1,0,0,2,0,0,0,1,ok,459
404,1,8,3,user_lands,user_4,user_lands user_hand,user_lands: log_only=['strangled cemetery'] engine_only=[] ; user_hand: log_only=[] engine_only=['strangled cemetery'],5,2,2,0,3,2,0,0,1,0,0,0,1,ok,460
405,1,12,3,user_noncreatures,oppo_4,user_noncreatures,user_noncreatures: log_only=['cracked skull'] engine_only=[],5,2,2,1,3,3,1,1,1,0,1,1,0,ok,308
406,1,8,2,oppo_life,user_3,oppo_life,oppo_life: log=16 engine=17,4,1,0,0,2,1,0,0,1,0,0,0,0,ok,375
407,1,7,2,user_lands,user_3,user_lands user_creatures user_hand,user_lands: log_only=['island'] engine_only=[] ; user_creatures: log_only=['forest'] engine_only=[] ; user_hand: log_only=[] engine_only=['manifest dread'],4,1,0,0,2,1,0,0,1,0,0,0,2,ok,212
408,1,9,4,user_life,oppo_5,user_life oppo_hand,user_life: log=12 engine=17 ; oppo_hand: log=2 engine=1,4,2,1,1,4,3,0,0,2,0,0,0,0,ok,517
409,1,12,4,user_creatures,oppo_5,user_creatures oppo_hand,user_creatures: log_only=[] engine_only=['most valuable slayer'] ; oppo_hand: log=3 engine=4,5,2,2,0,4,3,1,1,2,1,1,1,0,ok,464
410,1,10,2,oppo_life,user_3,oppo_life,oppo_life: log=18 engine=19,6,1,0,0,2,1,0,0,1,0,0,0,1,ok,515
411,1,8,3,oppo_life,user_4,oppo_life user_hand,"oppo_life: log=13 engine=20 ; user_hand: log_only=['living phone'] engine_only=['plains', 'seized from slumber']",4,2,3,0,3,2,1,0,1,0,1,0,1,ok,333
412,1,8,4,user_life,oppo_5,user_life,user_life: log=15 engine=16,5,3,2,1,4,4,0,0,1,0,0,0,0,ok,308
413,1,8,2,user_creatures,user_3,user_creatures,user_creatures: log_only=['acrobatic cheerleader'] engine_only=['flesh burrower'],5,2,3,0,2,2,1,0,0,0,1,0,0,ok,275
414,1,6,3,user_creatures,user_4,user_creatures,user_creatures: log_only=['island'] engine_only=[],5,3,1,0,3,3,3,0,0,0,3,0,0,ok,257
415,1,7,3,user_life,oppo_4,user_life,user_life: log=14 engine=12,4,1,0,0,4,1,2,0,3,0,2,0,0,ok,349
416,1,7,3,oppo_life,user_4,oppo_life user_creatures oppo_hand,oppo_life: log=17 engine=16 ; user_creatures: log_only=['gremlin'] engine_only=['gremlin tamer'] ; oppo_hand: log=6 engine=7,2,1,3,0,2,2,1,0,1,1,1,0,1,ok,183
417,1,8,2,oppo_life,user_3,oppo_life,oppo_life: log=13 engine=14,6,2,0,0,2,2,2,0,0,0,2,0,0,ok,299
418,1,19,3,user_creatures,oppo_4,user_creatures oppo_hand,user_creatures: log_only=[] engine_only=['creeping peeper'] ; oppo_hand: log=3 engine=4,6,1,4,0,3,1,0,1,2,0,0,1,0,ok,1280
419,1,5,5,,,,,3,3,0,0,4,3,4,2,1,0,4,2,0,ok,202
420,1,12,2,user_hand,user_3,user_hand,user_hand: log_only=['fear of failed tests'] engine_only=['island'],7,1,4,1,2,1,0,0,1,0,0,0,0,ok,964
421,1,6,2,user_creatures,user_3,user_creatures,user_creatures: log_only=['optimistic scavenger'] engine_only=[],4,1,2,0,2,1,0,0,1,0,0,0,1,ok,194
422,1,7,4,user_creatures,user_5,user_creatures,user_creatures: log_only=['gremlin tamer'] engine_only=['hardened escort'],4,2,0,0,4,2,0,1,2,0,0,1,0,ok,176
423,1,8,3,user_hand,user_4,user_hand,user_hand: log_only=['mountain'] engine_only=[],5,2,0,0,3,2,1,0,1,0,1,0,0,ok,262
424,1,9,3,user_creatures,user_4,user_creatures user_hand,user_creatures: log_only=['surgical suite'] engine_only=['hardened escort'] ; user_hand: log_only=[] engine_only=['plains'],6,2,0,0,3,2,0,0,1,0,0,0,0,ok,336
425,1,10,2,oppo_life,user_3,oppo_life,oppo_life: log=17 engine=18,6,1,1,0,2,1,0,0,1,0,0,0,0,ok,294
426,1,8,3,user_creatures,oppo_4,user_creatures,user_creatures: log_only=[] engine_only=['gremlin'],6,2,0,0,3,2,0,0,1,0,0,0,0,ok,346
427,1,8,2,user_hand,user_3,user_hand,user_hand: log_only=['forest'] engine_only=['island'],4,1,3,0,2,1,0,0,1,0,0,0,1,ok,302
428,1,7,3,user_creatures,oppo_4,user_creatures,user_creatures: log_only=['glimmerlight'] engine_only=['derelict attic'],6,2,1,0,3,2,0,0,1,0,0,0,0,ok,234
429,1,6,1,user_hand,user_2,user_hand,user_hand: log_only=['fear of isolation'] engine_only=['forest'],4,0,0,0,1,0,0,0,1,0,0,0,0,ok,164
430,1,9,5,user_creatures,user_6,user_creatures user_hand,user_creatures: log_only=['forest'] engine_only=['manifest dread'] ; user_hand: log_only=['forest'] engine_only=['enduring curiosity'],8,4,0,0,5,4,3,0,1,0,3,0,0,ok,325
431,1,12,1,user_creatures,user_2,user_creatures,user_creatures: log_only=['slavering branchsnapper'] engine_only=['unsettling twins'],4,0,1,0,1,0,0,0,1,0,0,0,0,ok,485
432,1,8,1,user_lands,user_2,user_lands user_noncreatures user_hand,user_lands: log_only=['island'] engine_only=[] ; user_noncreatures: log_only=[] engine_only=['underwater tunnel'] ; user_hand: log_only=['underwater tunnel'] engine_only=['island'],7,1,0,0,1,1,0,0,0,0,0,0,0,ok,233
433,1,9,2,user_creatures,user_3,user_creatures,user_creatures: log_only=['break down the door'] engine_only=['peer past the veil'],4,0,2,0,2,0,0,0,2,0,0,0,0,ok,239
434,1,7,3,user_creatures,oppo_4,user_creatures,user_creatures: log_only=['forest'] engine_only=['plains'],4,2,1,0,4,2,1,0,2,0,1,0,0,ok,158
435,1,6,1,user_hand,user_2,user_hand,user_hand: log_only=['forest'] engine_only=['slavering branchsnapper'],4,0,0,0,1,0,0,0,1,0,0,0,0,ok,75
436,1,9,2,oppo_life,user_3,oppo_life,oppo_life: log=17 engine=18,5,1,3,0,2,1,0,0,1,0,0,0,0,ok,243
437,1,7,1,user_hand,user_2,user_hand,user_hand: log_only=['wickerfolk thresher'] engine_only=['miasma demon'],5,0,1,0,1,0,0,0,1,0,0,0,0,ok,122
438,1,7,1,oppo_hand,oppo_2,oppo_hand,oppo_hand: log=6 engine=5,4,1,1,0,2,1,0,0,1,0,0,0,0,ok,158
439,1,5,2,oppo_life,user_3,oppo_life user_creatures oppo_hand,oppo_life: log=16 engine=17 ; user_creatures: log_only=['glimmer'] engine_only=[] ; oppo_hand: log=5 engine=6,4,2,1,0,2,2,2,0,0,0,2,0,0,ok,65
440,1,6,3,user_creatures,user_4,user_creatures user_noncreatures user_hand,"user_creatures: log_only=['mountain', 'spineseeker centipede'] engine_only=['grasping longneck'] ; user_noncreatures: log_only=[] engine_only=['treasure'] ; user_hand: log_only=['mountain'] engine_only=['spineseeker centipede']",6,3,0,0,3,3,4,0,0,0,4,0,1,ok,139
441,1,8,2,user_hand,user_3,user_hand,user_hand: log_only=['murky sewer'] engine_only=['fear of falling'],6,1,1,0,2,1,0,1,1,0,0,1,1,ok,248
442,1,7,4,user_lands,user_5,user_lands user_creatures,user_lands: log_only=[] engine_only=['swamp'] ; user_creatures: log_only=['swamp'] engine_only=[],4,2,1,0,4,3,1,0,2,0,1,0,0,ok,154
443,1,8,7,user_creatures,user_8,user_creatures oppo_hand,user_creatures: log_only=[] engine_only=['glimmer'] ; oppo_hand: log=2 engine=3,4,3,2,2,6,3,0,1,3,0,0,1,1,ok,121
444,1,9,2,oppo_hand,oppo_3,oppo_hand,oppo_hand: log=3 engine=4,5,1,1,0,2,1,1,0,1,0,1,0,2,ok,199
445,1,8,1,user_creatures,user_2,user_creatures user_hand,"user_creatures: log_only=['razorkin hordecaller'] engine_only=[""betrayer's bargain""] ; user_hand: log_only=['grasping longneck'] engine_only=['say its name']",5,1,0,0,1,1,0,0,0,0,0,0,1,ok,150
446,1,6,5,user_life,oppo_6,user_life oppo_hand,user_life: log=-2 engine=2 ; oppo_hand: log=3 engine=4,4,4,0,0,5,5,6,0,2,0,6,0,2,ok,165
447,1,8,3,oppo_life,user_4,oppo_life user_creatures oppo_hand,oppo_life: log=18 engine=20 ; user_creatures: log_only=['entity tracker'] engine_only=[] ; oppo_hand: log=6 engine=7,4,0,1,0,3,0,0,0,3,0,0,0,0,ok,135
448,1,12,2,user_hand,user_3,user_hand,user_hand: log_only=['forest'] engine_only=['island'],8,1,2,0,2,1,0,0,1,0,0,0,0,ok,303
449,1,9,3,oppo_hand,oppo_4,oppo_hand,oppo_hand: log=4 engine=3,5,3,3,1,4,3,1,0,1,0,1,0,0,ok,190
450,1,6,2,oppo_hand,oppo_3,oppo_hand,oppo_hand: log=5 engine=6,3,1,1,0,3,1,0,0,2,0,0,0,1,ok,93
451,1,5,2,oppo_life,user_3,oppo_life,oppo_life: log=16 engine=17,3,1,0,0,2,1,0,0,1,0,0,0,0,ok,97
452,1,8,3,user_life,oppo_4,user_life user_creatures,user_life: log=14 engine=10 ; user_creatures: log_only=[] engine_only=['overgrown zealot'],2,2,2,1,3,4,2,0,1,1,2,0,0,ok,172
453,1,15,2,user_hand,user_3,user_hand,user_hand: log_only=['monstrous emergence'] engine_only=['forest'],6,1,2,0,2,1,0,0,1,0,0,0,1,ok,535
454,1,5,2,user_hand,user_3,user_hand,user_hand: log_only=['oblivious bookworm'] engine_only=['forest'],3,1,0,0,2,1,0,0,1,0,0,0,1,ok,70
455,1,7,1,user_creatures,user_2,user_creatures,user_creatures: log_only=['fear of being hunted'] engine_only=['hand that feeds'],4,0,1,0,1,0,0,0,1,0,0,0,0,ok,139
456,1,12,2,oppo_life,user_3,oppo_life,oppo_life: log=17 engine=18,4,1,1,0,2,1,0,0,1,0,0,0,0,ok,372
457,1,9,3,oppo_hand,oppo_4,oppo_hand,oppo_hand: log=5 engine=4,7,3,0,0,3,3,2,1,0,0,2,1,0,ok,309
458,1,6,2,user_hand,user_3,user_hand,user_hand: log_only=['creeping peeper'] engine_only=['wickerfolk thresher'],2,1,0,0,2,1,0,0,1,0,0,0,1,ok,113
459,1,10,3,oppo_hand,oppo_4,oppo_hand,oppo_hand: log=6 engine=5,5,0,2,0,2,0,0,0,2,0,0,0,1,ok,358
460,1,7,2,user_lands,user_3,user_lands user_hand,user_lands: log_only=['forest'] engine_only=[] ; user_hand: log_only=[] engine_only=['slavering branchsnapper'],4,1,1,0,2,1,0,0,1,0,0,0,1,ok,137
461,1,8,2,user_creatures,oppo_3,user_creatures,user_creatures: log_only=[] engine_only=['wildfire wickerfolk'],5,1,1,0,2,1,1,0,1,0,1,0,0,ok,229
462,1,9,2,oppo_life,user_3,oppo_life,oppo_life: log=16 engine=17,5,2,2,0,2,2,2,0,0,0,2,0,0,ok,307
463,1,7,3,user_life,oppo_4,user_life,user_life: log=16 engine=18,2,1,2,1,2,2,1,0,1,0,1,0,1,ok,126
464,1,6,2,user_life,oppo_3,user_life,user_life: log=18 engine=17,4,1,1,0,2,1,0,0,1,0,0,0,0,ok,118
465,1,8,0,oppo_hand,user_1,oppo_hand,oppo_hand: log=5 engine=6,7,0,1,0,0,0,0,0,0,0,0,0,0,ok,342
466,1,9,4,user_creatures,oppo_5,user_creatures user_hand,"user_creatures: log_only=['stalked researcher'] engine_only=['optimistic scavenger'] ; user_hand: log_only=['emerge from the cocoon', 'swamp'] engine_only=['fear of abduction', 'plains']",6,3,2,1,4,3,1,0,1,0,1,0,0,ok,254
467,1,7,2,user_hand,oppo_3,user_hand,user_hand: log_only=['forest'] engine_only=['slavering branchsnapper'],4,0,0,0,2,0,0,0,2,0,0,0,0,ok,109
468,1,9,2,user_creatures,user_3,user_creatures user_hand,user_creatures: log_only=['osseous sticktwister'] engine_only=['under the skin'] ; user_hand: log_only=['broodspinner'] engine_only=['forest'],6,1,1,0,2,1,0,0,1,0,0,0,1,ok,393
469,1,9,3,user_lands,user_4,user_lands user_creatures user_hand,"user_lands: log_only=['plains'] engine_only=[] ; user_creatures: log_only=['rip, spawn hunter', 'twitching doll'] engine_only=['mountain'] ; user_hand: log_only=[] engine_only=['turn inside out']",5,2,1,0,3,2,2,0,1,0,2,0,2,ok,170
470,1,13,4,user_creatures,user_5,user_creatures user_hand,user_creatures: log_only=['mirror room'] engine_only=['moldering gym'] ; user_hand: log_only=['moldering gym'] engine_only=['tunnel surveyor'],7,3,2,0,4,3,1,2,1,0,1,2,0,ok,292
471,1,9,1,user_hand,oppo_2,user_hand,user_hand: log_only=['island'] engine_only=['daggermaw megalodon'],6,0,1,0,2,0,0,0,2,0,0,0,0,ok,184
472,1,12,3,oppo_hand,oppo_4,oppo_hand,oppo_hand: log=4 engine=3,7,2,2,0,3,2,0,0,1,0,0,0,0,ok,226
473,1,9,4,oppo_life,oppo_5,oppo_life user_noncreatures,oppo_life: log=20 engine=18 ; user_noncreatures: log_only=[] engine_only=['cracked skull'],7,4,2,1,4,6,3,0,0,0,3,0,0,ok,247
474,1,6,3,user_lands,user_4,user_lands user_creatures user_hand,user_lands: log_only=['plains'] engine_only=[] ; user_creatures: log_only=['splitskin doll'] engine_only=[] ; user_hand: log_only=[] engine_only=['splitskin doll'],5,2,0,0,3,2,1,0,1,0,1,0,2,ok,177
475,1,11,3,user_creatures,user_4,user_creatures,user_creatures: log_only=['oblivious bookworm'] engine_only=['unnerving grasp'],6,1,2,0,3,1,0,1,2,0,0,1,0,ok,395
476,1,8,3,user_hand,user_4,user_hand,"user_hand: log_only=[] engine_only=['plains', 'ragged playmate']",5,2,0,0,3,2,1,0,1,0,1,0,4,ok,237
477,1,8,1,user_hand,user_2,user_hand,user_hand: log_only=['the swarmweaver'] engine_only=['mountain'],6,0,0,0,1,0,0,0,1,0,0,0,0,ok,133
478,1,8,2,user_creatures,user_3,user_creatures,user_creatures: log_only=['strangled cemetery'] engine_only=['plains'],6,1,0,0,2,1,0,1,1,0,0,1,0,ok,243
479,1,9,6,oppo_hand,oppo_7,oppo_hand,oppo_hand: log=1 engine=3,4,4,4,1,6,5,0,1,2,0,0,1,4,ok,264
480,1,8,2,user_creatures,user_3,user_creatures,user_creatures: log_only=['mountain'] engine_only=['smoky lounge'],2,0,1,0,2,0,0,0,2,0,0,0,0,ok,209
481,1,13,2,user_hand,oppo_3,user_hand,user_hand: log_only=['swamp'] engine_only=['spectral snatcher'],8,0,0,0,2,0,0,0,2,0,0,0,0,ok,315
482,1,10,1,user_hand,user_2,user_hand,user_hand: log_only=['mountain'] engine_only=['plains'],8,1,0,0,1,1,1,0,0,0,1,0,0,ok,150
483,1,8,4,user_hand,user_5,user_hand,user_hand: log_only=['moldering gym'] engine_only=['lakeside shack'],5,2,3,0,4,2,0,2,2,0,0,2,0,ok,159
484,1,6,2,user_lands,user_3,user_lands user_hand,user_lands: log_only=['forest'] engine_only=[] ; user_hand: log_only=[] engine_only=['slavering branchsnapper'],3,1,0,0,2,1,0,0,1,0,0,0,1,ok,115
485,1,7,2,user_hand,user_3,user_hand,user_hand: log_only=['under the skin'] engine_only=['growing dread'],5,1,0,0,2,1,0,0,1,0,0,0,0,ok,188
486,1,6,4,oppo_hand,oppo_5,oppo_hand,oppo_hand: log=2 engine=4,5,4,2,2,5,5,5,0,1,0,5,0,5,ok,102
487,1,7,2,user_creatures,user_3,user_creatures,user_creatures: log_only=['innocuous rat'] engine_only=['piggy bank'],6,1,1,0,2,1,0,0,1,0,0,0,0,ok,160
488,1,9,2,user_lands,user_3,user_lands,user_lands: log_only=['island'] engine_only=['plains'],7,1,1,1,2,1,0,0,1,0,0,0,0,ok,298
489,1,12,2,user_life,oppo_3,user_life,user_life: log=18 engine=19,5,1,2,0,2,1,0,0,1,0,0,0,0,ok,472
490,1,11,3,user_creatures,user_4,user_creatures user_hand,user_creatures: log_only=['patchwork beastie'] engine_only=[] ; user_hand: log_only=['insidious fungus'] engine_only=['fear of being hunted'],7,2,2,0,3,2,4,0,1,0,4,0,1,ok,285
491,1,10,5,user_creatures,user_6,user_creatures,user_creatures: log_only=['wary watchdog'] engine_only=['grand entryway'],6,2,0,0,3,3,3,0,1,1,3,0,1,ok,311
492,1,6,1,user_creatures,oppo_2,user_creatures,user_creatures: log_only=['unstoppable slasher'] engine_only=['unidentified hovership'],3,1,1,0,2,1,0,0,1,0,0,0,0,ok,115
493,1,11,2,user_hand,user_3,user_hand,user_hand: log_only=['forest'] engine_only=['swamp'],6,1,2,1,2,1,0,0,1,0,0,0,2,ok,297
494,1,9,3,user_life,oppo_4,user_life user_creatures,"user_life: log=14 engine=11 ; user_creatures: log_only=[] engine_only=['arabella, abandoned doll']",5,2,2,0,3,2,0,0,1,0,0,0,1,ok,208
495,1,8,3,oppo_life,user_4,oppo_life user_creatures user_hand,"oppo_life: log=20 engine=22 ; user_creatures: log_only=['gremlin', 'razorkin hordecaller'] engine_only=[] ; user_hand: log_only=[] engine_only=['razorkin hordecaller']",5,2,1,0,3,2,0,0,1,0,0,0,3,ok,157
496,1,7,2,oppo_hand,user_3,oppo_hand,oppo_hand: log=5 engine=4,6,2,0,0,2,2,1,0,0,0,1,0,0,ok,200
497,1,9,2,user_creatures,user_3,user_creatures,user_creatures: log_only=['spineseeker centipede'] engine_only=['emerge from the cocoon'],6,1,2,0,2,1,0,0,1,0,0,0,0,ok,158
498,1,6,4,user_life,oppo_5,user_life oppo_life,user_life: log=9 engine=11 ; oppo_life: log=20 engine=16,2,2,0,0,3,2,0,0,1,0,0,0,0,ok,87
499,1,8,2,user_hand,user_3,user_hand,user_hand: log_only=['mountain'] engine_only=['swamp'],5,1,0,0,2,1,0,0,1,0,0,0,0,ok,205
500,1,5,4,user_hand,user_5,user_hand,user_hand: log_only=['island'] engine_only=['bleeding woods'],4,3,0,0,4,3,3,0,1,0,3,0,0,ok,1110
501,1,9,4,user_creatures,user_5,user_creatures,user_creatures: log_only=['glimmer'] engine_only=[],7,4,0,0,4,5,4,0,0,0,4,0,0,ok,925
502,1,10,4,user_hand,oppo_5,user_hand,"user_hand: log_only=['creeping peeper', 'fear of falling'] engine_only=['conductive machete', 'trapped in the screen']",5,2,0,0,4,3,2,0,2,0,2,0,0,ok,962
503,1,8,1,user_hand,user_2,user_hand,user_hand: log_only=['growing dread'] engine_only=['vanish from sight'],5,1,0,0,1,1,0,0,0,0,0,0,0,ok,369
504,1,14,3,user_creatures,user_4,user_creatures user_hand,"user_creatures: log_only=['osseous sticktwister', ""painter's studio""] engine_only=['vicious clown'] ; user_hand: log_only=[] engine_only=['turn inside out']",7,2,2,1,3,3,1,0,1,0,1,0,1,ok,1095
505,1,7,1,oppo_life,user_2,oppo_life user_hand,oppo_life: log=17 engine=20 ; user_hand: log_only=['spineseeker centipede'] engine_only=['terramorphic expanse'],6,1,1,0,1,1,0,0,0,0,0,0,1,ok,292
506,1,6,1,user_hand,user_2,user_hand,user_hand: log_only=['fanatic of the harrowing'] engine_only=['shroudstomper'],4,0,2,0,1,0,0,0,1,0,0,0,0,ok,146
507,1,7,5,user_life,oppo_6,user_life oppo_hand,user_life: log=10 engine=12 ; oppo_hand: log=3 engine=4,3,3,0,0,4,3,0,0,1,0,0,0,1,ok,221
508,1,6,2,user_creatures,oppo_3,user_creatures user_noncreatures user_hand,user_creatures: log_only=['cryptid inspector'] engine_only=[] ; user_noncreatures: log_only=['growing dread'] engine_only=[] ; user_hand: log_only=[] engine_only=['growing dread'],2,1,0,0,2,1,0,0,1,0,0,0,0,ok,119
509,1,9,2,user_hand,oppo_3,user_hand,user_hand: log_only=['mountain'] engine_only=['bedhead beastie'],4,0,1,0,2,0,0,0,2,0,0,0,0,ok,457
510,1,10,0,oppo_hand,user_1,oppo_hand,oppo_hand: log=5 engine=6,5,0,5,0,0,0,0,0,0,0,0,0,0,ok,418
511,1,8,2,user_hand,user_3,user_hand,user_hand: log_only=['mountain'] engine_only=['raucous carnival'],6,1,0,0,2,1,0,0,1,0,0,0,0,ok,411
512,1,15,1,user_hand,oppo_2,user_hand,user_hand: log_only=['forest'] engine_only=['slavering branchsnapper'],6,0,1,0,2,0,0,0,2,0,0,0,0,ok,262
513,1,9,2,user_life,oppo_3,user_life,user_life: log=17 engine=18,8,2,0,0,2,2,1,0,0,0,1,0,0,ok,225
514,1,9,4,user_noncreatures,user_5,user_noncreatures,user_noncreatures: log_only=['glassworks'] engine_only=['nowhere to run'],8,4,0,0,4,4,3,0,0,0,3,0,1,ok,411
515,1,10,4,user_creatures,user_5,user_creatures oppo_hand,user_creatures: log_only=[] engine_only=['irreverent gremlin'] ; oppo_hand: log=2 engine=3,5,2,0,0,3,3,1,0,1,1,1,0,0,ok,296
516,1,10,3,user_creatures,user_4,user_creatures user_hand oppo_hand,user_creatures: log_only=['wary watchdog'] engine_only=['flesh burrower'] ; user_hand: log_only=[] engine_only=['wary watchdog'] ; oppo_hand: log=2 engine=3,5,2,1,1,3,2,0,0,1,0,0,0,2,ok,332
517,1,11,3,user_hand,oppo_4,user_hand,"user_hand: log_only=['forest', 'seized from slumber'] engine_only=['fear of abduction', 'plains']",3,0,0,0,4,0,0,0,4,0,0,0,0,ok,275
518,1,8,6,oppo_life,user_7,oppo_life,oppo_life: log=5 engine=6,5,4,2,1,5,5,4,0,1,1,4,0,1,ok,364
519,1,5,4,oppo_hand,oppo_5,oppo_hand,oppo_hand: log=8 engine=7,3,3,0,0,4,3,2,0,1,0,2,0,0,ok,79
520,1,10,1,user_hand,user_2,user_hand,user_hand: log_only=['meat locker'] engine_only=['vanish from sight'],8,1,0,0,1,1,0,0,0,0,0,0,0,ok,384
521,1,6,1,user_creatures,oppo_2,user_creatures,user_creatures: log_only=['get out'] engine_only=['island'],4,0,1,0,2,0,0,0,2,0,0,0,0,ok,265
522,1,3,1,oppo_life,user_2,oppo_life,oppo_life: log=18 engine=19,3,1,0,0,1,1,0,0,0,0,0,0,0,ok,63
523,1,7,1,user_creatures,user_2,user_creatures,user_creatures: log_only=['paranormal analyst'] engine_only=['clockwork percussionist'],5,0,2,0,1,0,0,0,1,0,0,0,0,ok,229
524,1,11,2,user_hand,user_3,user_hand,user_hand: log_only=['plains'] engine_only=['mountain'],4,1,1,0,2,1,0,0,1,0,0,0,0,ok,530
525,1,6,3,user_lands,user_4,user_lands user_hand,"user_lands: log_only=['plains'] engine_only=[] ; user_hand: log_only=['arabella, abandoned doll'] engine_only=['impossible inferno', 'plains']",5,2,0,0,3,2,1,0,1,0,1,0,1,ok,121
526,1,7,5,user_life,oppo_6,user_life oppo_hand,user_life: log=2 engine=5 ; oppo_hand: log=1 engine=2,4,3,0,0,4,4,1,0,2,0,1,0,3,ok,199
527,1,8,4,user_hand,user_5,user_hand,user_hand: log_only=['plains'] engine_only=[],5,4,1,0,4,5,2,1,0,0,2,1,0,ok,293
528,1,10,2,user_creatures,oppo_3,user_creatures,user_creatures: log_only=['reluctant role model'] engine_only=['fear of surveillance'],4,1,1,0,2,2,1,0,1,1,1,0,0,ok,315
529,1,8,2,user_hand,oppo_3,user_hand oppo_hand,user_hand: log_only=['island'] engine_only=['daggermaw megalodon'] ; oppo_hand: log=4 engine=5,6,1,0,0,3,1,0,0,2,0,0,0,0,ok,239
530,1,5,2,user_hand,user_3,user_hand,user_hand: log_only=['defiant survivor'] engine_only=['bashful beastie'],2,1,0,0,2,1,0,0,1,0,0,0,0,ok,116
531,1,7,1,user_hand,user_2,user_hand,"user_hand: log_only=['meat locker'] engine_only=['forest', 'monstrous emergence']",6,1,1,0,1,1,0,0,0,0,0,0,0,ok,241
532,1,6,4,user_life,oppo_5,user_life user_creatures user_hand oppo_hand,user_life: log=6 engine=8 ; user_creatures: log_only=[] engine_only=['irreverent gremlin'] ; user_hand: log_only=['irreverent gremlin'] engine_only=[] ; oppo_hand: log=5 engine=3,4,3,0,0,4,4,1,0,1,0,1,0,4,ok,243
533,1,5,3,user_life,oppo_4,user_life,user_life: log=16 engine=18,1,1,0,0,3,2,0,0,2,1,0,0,0,ok,79
534,1,8,2,oppo_life,user_3,oppo_life,oppo_life: log=18 engine=19,5,1,0,0,2,1,0,0,1,0,0,0,0,ok,276
535,1,9,3,user_creatures,user_4,user_creatures,user_creatures: log_only=['optimistic scavenger'] engine_only=['ripchain razorkin'],6,2,1,0,3,2,1,0,1,0,1,0,5,ok,258
536,1,10,2,oppo_life,user_3,oppo_life user_creatures,"oppo_life: log=16 engine=18 ; user_creatures: log_only=['norin, swift survivalist'] engine_only=[]",5,1,2,0,2,1,1,0,1,0,1,0,0,ok,241
537,1,7,2,user_lands,user_3,user_lands user_hand,"user_lands: log_only=['mountain'] engine_only=[] ; user_hand: log_only=['glassworks'] engine_only=['mountain', 'unsettling twins']",5,1,0,0,2,1,0,0,1,0,0,0,1,ok,257
538,1,12,2,user_lands,user_3,user_lands,user_lands: log_only=['forest'] engine_only=['island'],6,0,2,0,2,0,0,0,2,0,0,0,0,ok,651
539,1,6,3,user_creatures,user_4,user_creatures,user_creatures: log_only=['hardened escort'] engine_only=['plains'],3,2,2,1,3,2,1,0,1,0,1,0,0,ok,150
540,1,10,2,oppo_hand,user_3,oppo_hand,oppo_hand: log=5 engine=4,4,1,1,0,2,1,0,0,1,0,0,0,0,ok,236
541,1,5,5,,,,,3,3,1,1,5,3,4,0,2,0,4,0,0,ok,102
542,1,7,4,user_creatures,user_5,user_creatures,user_creatures: log_only=['dashing bloodsucker'] engine_only=[],4,3,2,1,4,3,0,0,1,0,0,0,0,ok,184
543,1,9,2,oppo_life,user_3,oppo_life,oppo_life: log=17 engine=18,4,1,0,0,2,1,0,0,1,0,0,0,0,ok,587
544,1,9,5,user_creatures,oppo_6,user_creatures user_noncreatures user_hand oppo_hand,"user_creatures: log_only=['gremlin'] engine_only=[] ; user_noncreatures: log_only=[""shardmage's rescue""] engine_only=[] ; user_hand: log_only=[] engine_only=[""shardmage's rescue""] ; oppo_hand: log=0 engine=1",7,4,0,0,5,4,0,1,1,0,0,1,1,ok,387
545,1,9,3,user_life,user_4,user_life oppo_life user_creatures,"user_life: log=23 engine=20 ; oppo_life: log=15 engine=18 ; user_creatures: log_only=['gremlin', 'gremlin', 'gremlin'] engine_only=[]",5,2,3,1,3,3,1,0,1,0,1,0,1,ok,261
546,1,6,4,oppo_life,user_5,oppo_life user_lands user_creatures user_noncreatures,oppo_life: log=13 engine=18 ; user_lands: log_only=['swamp'] engine_only=[] ; user_creatures: log_only=['hedge shredder'] engine_only=[] ; user_noncreatures: log_only=[] engine_only=['hedge shredder'],5,3,1,0,4,3,2,0,1,0,2,0,1,ok,208
547,1,9,6,oppo_hand,oppo_7,oppo_hand,oppo_hand: log=3 engine=1,4,2,2,0,4,4,3,3,2,2,3,3,1,ok,302
548,1,11,2,user_creatures,user_3,user_creatures user_hand,user_creatures: log_only=['defiant survivor'] engine_only=[] ; user_hand: log_only=[] engine_only=['spineseeker centipede'],6,2,2,0,2,2,1,0,0,0,1,0,2,ok,313
549,1,7,1,user_creatures,oppo_2,user_creatures,user_creatures: log_only=[] engine_only=['hand that feeds'],4,1,0,0,2,1,0,0,1,0,0,0,0,ok,255
550,1,12,3,user_life,oppo_4,user_life,user_life: log=14 engine=15,8,2,2,1,4,2,0,0,2,0,0,0,0,ok,430
551,1,9,3,user_hand,user_4,user_hand,user_hand: log_only=['come back wrong'] engine_only=['plains'],5,2,0,0,3,2,1,0,1,0,1,0,1,ok,240
552,1,10,3,oppo_hand,oppo_4,oppo_hand,oppo_hand: log=2 engine=4,4,2,1,0,3,2,0,0,1,0,0,0,3,ok,215
553,1,7,2,user_creatures,user_3,user_creatures,"user_creatures: log_only=['norin, swift survivalist'] engine_only=[]",5,2,1,0,2,2,1,0,0,0,1,0,1,ok,147
554,1,7,4,oppo_life,user_5,oppo_life user_creatures,oppo_life: log=20 engine=18 ; user_creatures: log_only=[] engine_only=['tunnel surveyor'],5,4,0,0,4,5,1,0,0,0,1,0,1,ok,191
555,1,12,2,user_creatures,oppo_3,user_creatures,user_creatures: log_only=['fear of falling'] engine_only=['emerge from the cocoon'],6,0,0,0,2,0,0,0,2,0,0,0,0,ok,697
556,1,10,1,user_creatures,user_2,user_creatures oppo_hand,user_creatures: log_only=[] engine_only=['wildfire wickerfolk'] ; oppo_hand: log=5 engine=6,5,0,2,0,1,0,0,0,1,0,0,0,1,ok,359
557,1,7,3,user_life,oppo_4,user_life,user_life: log=14 engine=16,3,1,0,0,2,2,0,0,1,1,0,0,0,ok,186
558,1,11,2,user_hand,user_3,user_hand,user_hand: log_only=['forest'] engine_only=['plains'],6,1,3,0,2,1,0,0,1,0,0,0,0,ok,271
559,1,10,1,oppo_hand,user_2,oppo_hand,oppo_hand: log=6 engine=5,6,0,0,0,1,0,0,0,1,0,0,0,0,ok,316
560,1,9,2,oppo_life,user_3,oppo_life user_creatures,oppo_life: log=17 engine=15 ; user_creatures: log_only=['clockwork percussionist'] engine_only=['wary watchdog'],6,2,2,0,2,2,2,0,0,0,2,0,1,ok,245
561,1,8,2,user_hand,oppo_3,user_hand,user_hand: log_only=['swamp'] engine_only=['spectral snatcher'],5,1,1,0,2,1,2,0,1,0,2,0,0,ok,219
562,1,7,2,user_creatures,user_3,user_creatures user_hand oppo_hand,user_creatures: log_only=['mountain'] engine_only=[] ; user_hand: log_only=[] engine_only=['unnerving grasp'] ; oppo_hand: log=5 engine=4,5,1,0,0,2,1,0,0,1,0,0,0,1,ok,191
563,1,10,3,user_creatures,oppo_4,user_creatures,"user_creatures: log_only=[] engine_only=[""valgavoth's lair""]",5,1,2,0,3,1,1,0,2,0,1,0,0,ok,493
564,1,8,3,user_creatures,oppo_4,user_creatures,user_creatures: log_only=['fear of surveillance'] engine_only=['living phone'],4,2,0,0,3,2,1,0,1,0,1,0,0,ok,452
565,1,6,3,user_life,oppo_4,user_life oppo_hand,user_life: log=17 engine=20 ; oppo_hand: log=4 engine=3,4,2,0,0,3,2,0,0,1,0,0,0,0,ok,143
566,1,8,2,user_lands,oppo_3,user_lands user_hand,user_lands: log_only=['bleeding woods'] engine_only=[] ; user_hand: log_only=['bashful beastie'] engine_only=['bleeding woods'],5,1,0,0,2,1,0,0,1,0,0,0,0,ok,179
567,1,11,3,user_creatures,oppo_4,user_creatures oppo_hand,user_creatures: log_only=[] engine_only=['glimmer'] ; oppo_hand: log=2 engine=3,5,3,3,1,4,3,1,0,1,0,1,0,2,ok,322
568,1,9,2,user_hand,user_3,user_hand,user_hand: log_only=['turn inside out'] engine_only=['ticket booth'],6,1,1,0,2,1,0,0,1,0,0,0,0,ok,438
569,1,9,2,user_creatures,oppo_3,user_creatures user_hand,"user_creatures: log_only=['moldering gym'] engine_only=['vanish from sight'] ; user_hand: log_only=[""duskmourn's domination""] engine_only=['overgrown zealot']",5,2,0,0,3,2,1,0,1,0,1,0,0,ok,399
570,1,8,2,user_lands,user_3,user_lands user_hand,user_lands: log_only=['plains'] engine_only=[] ; user_hand: log_only=[] engine_only=['shepherding spirits'],4,1,2,0,2,1,0,0,1,0,0,0,1,ok,160
571,1,9,3,user_creatures,user_4,user_creatures,user_creatures: log_only=['vanish from sight'] engine_only=['wickerfolk thresher'],7,2,1,0,3,2,0,0,1,0,0,0,0,ok,457
572,1,9,4,oppo_life,user_5,oppo_life user_creatures,oppo_life: log=11 engine=10 ; user_creatures: log_only=['vicious clown'] engine_only=['most valuable slayer'],6,4,1,0,4,4,8,0,0,0,8,0,0,ok,238
573,1,9,4,oppo_hand,oppo_5,oppo_hand,oppo_hand: log=7 engine=5,8,3,1,0,4,3,1,0,1,0,1,0,1,ok,412
574,1,11,1,user_hand,user_2,user_hand,user_hand: log_only=['fear of isolation'] engine_only=['fear of infinity'],6,0,1,0,1,0,0,0,1,0,0,0,0,ok,531
575,1,7,3,user_noncreatures,oppo_4,user_noncreatures user_hand,user_noncreatures: log_only=[] engine_only=['keys to the house'] ; user_hand: log_only=['plains'] engine_only=[],5,2,1,0,3,2,0,0,1,0,0,0,1,ok,193
576,1,11,6,user_creatures,user_7,user_creatures user_noncreatures,user_creatures: log_only=['gremlin'] engine_only=['clockwork percussionist'] ; user_noncreatures: log_only=['unidentified hovership'] engine_only=[],4,3,2,0,6,3,3,0,3,0,3,0,1,ok,335
577,1,8,2,user_creatures,oppo_3,user_creatures user_hand,"user_creatures: log_only=['glimmer'] engine_only=[] ; user_hand: log_only=['island', 'mountain'] engine_only=['glimmerburst']",6,2,2,0,3,2,1,0,1,0,1,0,1,ok,213
578,1,6,3,oppo_life,user_4,oppo_life user_lands,oppo_life: log=7 engine=8 ; user_lands: log_only=['swamp'] engine_only=[],4,2,2,0,3,2,2,0,1,0,2,0,2,ok,119
579,1,14,2,user_hand,user_3,user_hand,user_hand: log_only=['scorching dragonfire'] engine_only=['mountain'],7,1,4,1,2,1,0,0,1,0,0,0,0,ok,939
580,1,8,2,user_lands,user_3,user_lands user_creatures user_hand,"user_lands: log_only=['plains'] engine_only=[] ; user_creatures: log_only=[] engine_only=['veteran survivor'] ; user_hand: log_only=['fear of falling', 'veteran survivor'] engine_only=['friendly ghost', 'plains']",5,1,0,0,2,1,0,0,1,0,0,0,1,ok,257
581,1,7,2,oppo_life,user_3,oppo_life,oppo_life: log=16 engine=18,3,1,0,0,2,1,0,0,1,0,0,0,0,ok,119
582,1,10,1,user_hand,user_2,user_hand,user_hand: log_only=['tunnel surveyor'] engine_only=['fear of isolation'],5,0,0,0,1,0,0,0,1,0,0,0,0,ok,466
583,1,9,2,user_creatures,user_3,user_creatures user_hand,user_creatures: log_only=['seized from slumber'] engine_only=['floodpits drowner'] ; user_hand: log_only=['unable to scream'] engine_only=['plains'],8,1,0,0,2,1,0,0,1,0,0,0,0,ok,291
584,1,6,4,oppo_hand,oppo_5,oppo_hand,oppo_hand: log=8 engine=7,4,3,0,0,4,3,2,0,1,0,2,0,0,ok,72
585,1,10,2,user_creatures,user_3,user_creatures,user_creatures: log_only=['fear of immobility'] engine_only=['seized from slumber'],4,1,4,0,2,1,0,0,1,0,0,0,0,ok,426
586,1,7,1,user_hand,user_2,user_hand,user_hand: log_only=['fear of exposure'] engine_only=['cryptid inspector'],6,0,1,0,1,0,0,0,1,0,0,0,0,ok,207
587,1,7,3,user_life,oppo_4,user_life,user_life: log=16 engine=17,6,3,0,0,3,3,1,0,0,0,1,0,0,ok,146
588,1,11,3,user_hand,user_4,user_hand,user_hand: log_only=['forest'] engine_only=['swamp'],6,1,1,0,3,1,0,0,2,0,0,0,0,ok,533
589,1,6,5,oppo_hand,oppo_6,oppo_hand,oppo_hand: log=0 engine=1,2,2,0,0,4,3,0,0,2,1,0,0,2,ok,154
590,1,11,2,user_creatures,user_3,user_creatures user_hand,user_creatures: log_only=['overgrown zealot'] engine_only=[] ; user_hand: log_only=[] engine_only=['balustrade wurm'],8,1,1,0,2,1,0,0,1,0,0,0,2,ok,402
591,1,7,4,oppo_life,oppo_5,oppo_life oppo_hand,oppo_life: log=17 engine=14 ; oppo_hand: log=3 engine=4,5,4,0,0,4,4,3,0,0,0,3,0,2,ok,190
592,1,9,2,oppo_life,user_3,oppo_life user_creatures,oppo_life: log=20 engine=16 ; user_creatures: log_only=[] engine_only=['fear of being hunted'],6,0,3,0,2,0,0,0,2,0,0,0,1,ok,151
593,1,7,4,oppo_life,user_5,oppo_life,oppo_life: log=11 engine=12,4,3,1,0,4,4,0,0,1,0,0,0,0,ok,143
594,1,9,1,user_creatures,user_2,user_creatures,user_creatures: log_only=['grasping longneck'] engine_only=['wary watchdog'],6,0,3,0,1,0,0,0,1,0,0,0,0,ok,242
595,1,8,5,user_hand,user_6,user_hand,user_hand: log_only=['split up'] engine_only=[],2,2,1,1,5,3,0,0,3,0,0,0,0,ok,238
596,1,9,3,user_creatures,oppo_4,user_creatures,user_creatures: log_only=[] engine_only=['acrobatic cheerleader'],2,2,0,0,3,2,1,0,1,0,1,0,0,ok,241
597,1,7,2,user_lands,user_3,user_lands user_hand,user_lands: log_only=['mountain'] engine_only=[] ; user_hand: log_only=[] engine_only=['bedhead beastie'],4,2,1,0,2,2,1,0,0,0,1,0,1,ok,142
598,1,14,3,user_hand,user_4,user_hand,user_hand: log_only=['vanish from sight'] engine_only=[],8,1,2,0,3,1,0,0,2,0,0,0,1,ok,531
599,1,10,5,oppo_life,oppo_6,oppo_life user_creatures,oppo_life: log=23 engine=20 ; user_creatures: log_only=['glimmer'] engine_only=['splitskin doll'],7,3,0,0,5,4,0,0,2,0,0,0,1,ok,446
600,1,5,1,user_creatures,user_2,user_creatures,user_creatures: log_only=['ghostly dancers'] engine_only=['grasping longneck'],3,0,0,0,1,0,0,0,1,0,0,0,0,ok,1633
601,1,9,2,user_creatures,user_3,user_creatures user_hand,user_creatures: log_only=['wary watchdog'] engine_only=[] ; user_hand: log_only=[] engine_only=['wary watchdog'],5,1,1,0,2,1,0,0,1,0,0,0,1,ok,1223
602,1,7,3,oppo_life,user_4,oppo_life user_creatures,"oppo_life: log=20 engine=17 ; user_creatures: log_only=['piranha fly'] engine_only=['fear of impostors', 'fear of impostors']",3,1,0,0,3,1,0,0,2,0,0,0,1,ok,660
603,1,12,2,user_creatures,oppo_3,user_creatures,"user_creatures: log_only=['monstrous emergence'] engine_only=[""winter's intervention""]",4,1,1,0,2,1,0,0,1,0,0,0,0,ok,684
604,1,9,2,user_life,oppo_3,user_life,user_life: log=17 engine=20,5,2,1,0,3,2,0,0,1,0,0,0,0,ok,881
605,1,7,1,user_creatures,user_2,user_creatures,user_creatures: log_only=['forest'] engine_only=['tunnel surveyor'],4,0,1,0,1,0,0,0,1,0,0,0,0,ok,705
606,1,5,3,oppo_hand,oppo_4,oppo_hand,oppo_hand: log=1 engine=2,4,2,2,0,3,2,1,0,1,0,1,0,1,ok,567
607,1,8,4,user_creatures,oppo_5,user_creatures,user_creatures: log_only=[] engine_only=['insidious fungus'],4,2,2,2,4,3,0,0,2,0,0,0,0,ok,560
608,1,7,3,oppo_life,user_4,oppo_life,oppo_life: log=16 engine=17,6,3,0,0,3,3,1,0,0,0,1,0,0,ok,327
609,1,8,2,user_lands,user_3,user_lands,user_lands: log_only=['forest'] engine_only=['mountain'],5,2,1,0,2,2,1,0,0,0,1,0,0,ok,640
610,1,15,2,user_hand,oppo_3,user_hand,user_hand: log_only=[] engine_only=['get out'],2,0,3,0,2,0,0,0,2,0,0,0,1,ok,832
611,1,6,1,user_life,oppo_2,user_life,user_life: log=19 engine=20,4,1,2,0,2,1,2,0,1,0,2,0,0,ok,272
612,1,12,2,user_lands,user_3,user_lands user_hand,user_lands: log_only=['mountain'] engine_only=[] ; user_hand: log_only=[] engine_only=['mountain'],7,1,2,0,2,1,0,0,1,0,0,0,1,ok,944
613,1,10,5,oppo_life,user_6,oppo_life,oppo_life: log=12 engine=13,6,4,1,0,5,4,5,0,1,0,5,0,0,ok,519
614,1,6,3,user_creatures,user_4,user_creatures,user_creatures: log_only=['wary watchdog'] engine_only=['mountain'],4,2,0,0,3,2,1,0,1,0,1,0,0,ok,425
615,1,12,3,oppo_hand,user_4,oppo_hand,oppo_hand: log=5 engine=6,7,2,0,0,3,2,1,0,1,0,1,0,0,ok,614
616,1,7,2,user_hand,user_3,user_hand,user_hand: log_only=['forest'] engine_only=['plains'],5,1,1,0,2,1,0,0,1,0,0,0,0,ok,242
617,1,9,3,oppo_life,user_4,oppo_life,oppo_life: log=16 engine=17,5,2,0,0,3,2,1,0,1,0,1,0,0,ok,492
618,1,13,2,user_creatures,user_3,user_creatures user_hand,user_creatures: log_only=['wickerfolk thresher'] engine_only=['thornspire verge'] ; user_hand: log_only=['slavering branchsnapper'] engine_only=['swamp'],7,1,2,0,2,1,0,0,1,0,0,0,0,ok,685
619,1,13,2,user_hand,oppo_3,user_hand,user_hand: log_only=['forest'] engine_only=['slavering branchsnapper'],5,0,4,0,2,0,0,0,2,0,0,0,0,ok,696
620,1,8,2,user_creatures,oppo_3,user_creatures user_hand,user_creatures: log_only=['piggy bank'] engine_only=['erratic apparition'] ; user_hand: log_only=['erratic apparition'] engine_only=['piggy bank'],6,2,0,0,3,2,1,0,1,0,1,0,0,ok,376
621,1,10,2,user_lands,user_3,user_lands,user_lands: log_only=['forest'] engine_only=['swamp'],4,0,0,0,2,0,0,0,2,0,0,0,0,ok,619
622,1,11,1,user_hand,user_2,user_hand,user_hand: log_only=['emerge from the cocoon'] engine_only=['conductive machete'],6,0,1,0,1,0,0,0,1,0,0,0,0,ok,906
623,1,11,5,oppo_hand,oppo_6,oppo_hand,oppo_hand: log=2 engine=3,4,2,1,1,4,5,9,0,2,2,9,0,1,ok,378
624,1,7,2,user_creatures,user_3,user_creatures user_noncreatures user_hand,"user_creatures: log_only=['popular egotist', 'swamp'] engine_only=[] ; user_noncreatures: log_only=[] engine_only=['disturbing mirth'] ; user_hand: log_only=['mountain', 'popular egotist'] engine_only=['clockwork percussionist', 'spectral snatcher']",5,1,2,0,2,1,0,0,1,0,0,0,0,ok,330
625,1,10,3,oppo_life,user_4,oppo_life user_noncreatures,oppo_life: log=14 engine=13 ; user_noncreatures: log_only=[] engine_only=['sporogenic infection'],6,3,2,1,3,3,3,0,0,0,3,0,0,ok,409
626,1,9,1,user_lands,user_2,user_lands user_noncreatures user_hand,user_lands: log_only=['island'] engine_only=[] ; user_noncreatures: log_only=[] engine_only=['underwater tunnel'] ; user_hand: log_only=['underwater tunnel'] engine_only=['island'],7,1,0,0,1,1,0,0,0,0,0,0,0,ok,340
627,1,7,4,oppo_life,user_5,oppo_life user_lands user_creatures user_noncreatures,oppo_life: log=9 engine=8 ; user_lands: log_only=[] engine_only=['forest'] ; user_creatures: log_only=['forest'] engine_only=[] ; user_noncreatures: log_only=[] engine_only=['baseball bat'],5,3,1,1,4,4,2,0,1,0,2,0,0,ok,316
628,1,8,4,oppo_life,user_5,oppo_life oppo_hand,oppo_life: log=12 engine=16 ; oppo_hand: log=4 engine=5,6,3,1,0,4,3,0,1,1,0,0,1,3,ok,515
629,1,9,4,user_hand,oppo_5,user_hand,user_hand: log_only=['fear of immobility'] engine_only=['island'],5,3,0,0,4,3,1,1,1,0,1,1,0,ok,321
630,1,12,2,user_hand,oppo_3,user_hand oppo_hand,user_hand: log_only=['mountain'] engine_only=['bedhead beastie'] ; oppo_hand: log=3 engine=4,8,1,2,0,2,1,2,0,1,0,2,0,1,ok,373
631,1,8,3,oppo_life,user_4,oppo_life user_creatures,"oppo_life: log=17 engine=18 ; user_creatures: log_only=[] engine_only=['zimone, all-questioning']",5,2,1,0,3,2,1,0,1,0,1,0,4,ok,599
632,1,12,2,user_life,oppo_3,user_life,user_life: log=18 engine=19,7,2,1,0,2,2,2,0,0,0,2,0,0,ok,411
633,1,10,2,user_hand,user_3,user_hand,user_hand: log_only=['forest'] engine_only=['mountain'],7,1,1,1,2,1,0,0,1,0,0,0,0,ok,580
634,1,9,2,user_hand,user_3,user_hand,user_hand: log_only=['mountain'] engine_only=['bashful beastie'],4,1,2,0,2,1,0,0,1,0,0,0,0,ok,232
635,1,10,2,oppo_hand,user_3,oppo_hand,oppo_hand: log=5 engine=6,7,1,3,0,2,1,0,0,1,0,0,0,0,ok,361
636,1,10,4,user_creatures,oppo_5,user_creatures user_hand,"user_creatures: log_only=[] engine_only=['glimmer'] ; user_hand: log_only=['bottomless pool', 'fear of surveillance'] engine_only=['island', 'terramorphic expanse']",5,3,1,0,5,3,1,0,2,0,1,0,1,ok,278
637,1,6,3,user_creatures,user_4,user_creatures,user_creatures: log_only=['forest'] engine_only=['daggermaw megalodon'],3,2,0,0,3,2,1,0,1,0,1,0,0,ok,263
638,1,7,4,user_creatures,user_5,user_creatures,user_creatures: log_only=['spirit'] engine_only=[],4,2,2,0,4,2,1,0,2,0,1,0,0,ok,271
639,1,8,3,user_hand,user_4,user_hand,"user_hand: log_only=[""winter's intervention""] engine_only=['strangled cemetery']",3,1,0,0,3,1,1,0,2,0,1,0,1,ok,268
640,1,10,3,oppo_life,user_4,oppo_life,oppo_life: log=14 engine=12,7,2,0,0,3,2,1,0,1,0,1,0,0,ok,740
641,1,9,3,user_creatures,user_4,user_creatures,user_creatures: log_only=['fear of surveillance'] engine_only=['fear of abduction'],5,2,1,0,3,3,0,0,1,0,0,0,0,ok,445
642,1,9,4,user_hand,user_5,user_hand,user_hand: log_only=['roaring furnace'] engine_only=[],6,3,1,0,4,4,2,0,1,0,2,0,0,ok,1321
643,1,10,1,user_creatures,user_2,user_creatures,user_creatures: log_only=['piggy bank'] engine_only=['forest'],6,0,1,0,1,0,0,0,1,0,0,0,0,ok,1767
644,1,8,2,user_creatures,oppo_3,user_creatures oppo_hand,user_creatures: log_only=[] engine_only=['piranha fly'] ; oppo_hand: log=3 engine=4,4,2,1,0,3,2,1,0,1,0,1,0,1,ok,186
645,1,6,3,oppo_life,user_4,oppo_life user_creatures oppo_hand,oppo_life: log=14 engine=11 ; user_creatures: log_only=[] engine_only=['shrewd storyteller'] ; oppo_hand: log=4 engine=5,5,3,0,0,3,3,1,0,0,0,1,0,1,ok,123
646,1,8,2,user_hand,user_3,user_hand,"user_hand: log_only=['fear of isolation'] engine_only=['stay hidden, stay silent']",4,2,1,0,2,2,0,0,0,0,0,0,1,ok,208
647,1,11,2,user_hand,user_3,user_hand,user_hand: log_only=['unsettling twins'] engine_only=['unwilling vessel'],6,2,3,0,2,2,0,0,0,0,0,0,1,ok,364
648,1,8,3,oppo_life,oppo_4,oppo_life user_creatures,oppo_life: log=26 engine=24 ; user_creatures: log_only=[] engine_only=['hardened escort'],4,2,1,0,3,2,0,0,1,0,0,0,0,ok,233
649,1,9,2,user_creatures,user_3,user_creatures,user_creatures: log_only=['most valuable slayer'] engine_only=['acrobatic cheerleader'],5,1,1,0,2,1,0,0,1,0,0,0,0,ok,349
650,1,8,2,user_lands,user_3,user_lands user_hand,"user_lands: log_only=['mountain'] engine_only=[] ; user_hand: log_only=['turn inside out'] engine_only=['bashful beastie', 'mountain']",4,1,1,0,2,1,0,0,1,0,0,0,1,ok,242
651,1,8,2,oppo_hand,oppo_3,oppo_hand,oppo_hand: log=5 engine=4,5,2,1,0,3,2,2,0,1,0,2,0,0,ok,392
652,1,15,4,user_creatures,user_5,user_creatures user_hand,user_creatures: log_only=['innocuous rat'] engine_only=[] ; user_hand: log_only=[] engine_only=['shroudstomper'],8,2,3,1,4,3,0,0,2,0,0,0,1,ok,606
653,1,8,4,oppo_life,user_5,oppo_life user_creatures,oppo_life: log=16 engine=17 ; user_creatures: log_only=['spirit'] engine_only=[],5,3,0,0,4,3,1,0,1,0,1,0,0,ok,206
654,1,7,1,user_life,oppo_2,user_life,user_life: log=18 engine=19,4,0,0,0,1,0,0,0,1,0,0,0,0,ok,254
655,1,6,3,user_life,oppo_4,user_life,user_life: log=18 engine=20,3,3,0,0,4,3,0,1,1,0,0,1,0,ok,126
656,1,11,1,user_creatures,user_2,user_creatures,"user_creatures: log_only=['spineseeker centipede'] engine_only=[""winter's intervention""]",5,0,2,0,1,0,0,0,1,0,0,0,0,ok,391
657,1,10,4,user_creatures,user_5,user_creatures,user_creatures: log_only=['ragged playmate'] engine_only=['plains'],5,3,0,0,4,3,4,0,1,0,4,0,0,ok,585
658,1,11,7,user_creatures,oppo_8,user_creatures user_noncreatures,user_creatures: log_only=['glimmer'] engine_only=[] ; user_noncreatures: log_only=[] engine_only=['glassworks'],6,5,3,1,7,6,2,2,2,0,2,2,0,ok,381
659,1,9,5,oppo_hand,oppo_6,oppo_hand,oppo_hand: log=1 engine=2,6,3,2,1,4,5,0,0,2,1,0,0,2,ok,382
660,1,10,3,user_life,oppo_4,user_life user_creatures,user_life: log=20 engine=16 ; user_creatures: log_only=[] engine_only=['fear of surveillance'],6,3,1,1,4,4,3,0,1,0,3,0,0,ok,479
661,1,12,2,oppo_life,user_3,oppo_life,oppo_life: log=17 engine=18,7,1,1,0,2,1,0,0,1,0,0,0,0,ok,457
662,1,10,2,user_hand,user_3,user_hand,user_hand: log_only=['get out'] engine_only=[],9,1,0,0,2,1,0,0,1,0,0,0,0,ok,378
663,1,8,2,oppo_hand,oppo_3,oppo_hand,oppo_hand: log=4 engine=5,6,1,1,0,2,1,1,0,1,0,1,0,0,ok,387
664,1,12,3,user_creatures,oppo_4,user_creatures,user_creatures: log_only=[] engine_only=['rampaging soulrager'],8,2,0,0,3,2,0,1,1,0,0,1,0,ok,1062
665,1,6,3,oppo_life,user_4,oppo_life,oppo_life: log=15 engine=16,5,2,1,0,3,2,1,0,1,0,1,0,0,ok,232
666,1,11,2,user_creatures,user_3,user_creatures,user_creatures: log_only=['wickerfolk thresher'] engine_only=['spineseeker centipede'],3,0,1,0,2,0,0,0,2,0,0,0,0,ok,259
667,1,13,4,user_creatures,oppo_5,user_creatures,"user_creatures: log_only=[] engine_only=['fear of surveillance', 'glimmer']",5,3,2,0,4,4,0,0,1,1,0,0,1,ok,395
668,1,7,3,user_noncreatures,user_4,user_noncreatures user_hand,user_noncreatures: log_only=['overlord of the boilerbilges'] engine_only=[] ; user_hand: log_only=[] engine_only=['overlord of the boilerbilges'],4,1,1,0,3,1,1,0,2,0,1,0,1,ok,172
669,1,12,4,user_creatures,oppo_5,user_creatures user_hand,user_creatures: log_only=['appendage amalgam'] engine_only=[] ; user_hand: log_only=[] engine_only=['appendage amalgam'],6,3,3,0,4,3,3,0,1,0,3,0,0,ok,662
670,1,10,2,user_lands,user_3,user_lands,user_lands: log_only=['island'] engine_only=['swamp'],5,0,1,0,2,0,0,0,2,0,0,0,0,ok,454
671,1,8,4,oppo_life,user_5,oppo_life user_creatures user_noncreatures user_hand oppo_hand,oppo_life: log=11 engine=12 ; user_creatures: log_only=['swamp'] engine_only=['innocuous rat'] ; user_noncreatures: log_only=[] engine_only=['disturbing mirth'] ; user_hand: log_only=[] engine_only=['final vengeance'] ; oppo_hand: log=2 engine=3,7,3,1,0,4,3,2,0,1,0,2,0,3,ok,261
672,1,7,4,user_hand,user_5,user_hand,user_hand: log_only=['meat locker'] engine_only=['forest'],5,2,1,0,4,2,1,2,2,0,1,2,0,ok,220
673,1,10,5,user_hand,user_6,user_hand,user_hand: log_only=['peer past the veil'] engine_only=[],5,1,2,0,3,1,3,0,2,0,3,0,1,ok,321
674,1,7,2,oppo_life,user_3,oppo_life,oppo_life: log=17 engine=16,4,1,2,0,2,1,0,0,1,0,0,0,0,ok,258
675,1,5,3,user_hand,user_4,user_hand,user_hand: log_only=['island'] engine_only=['plains'],3,2,0,0,3,2,1,0,1,0,1,0,0,ok,212
676,1,7,1,user_creatures,user_2,user_creatures,user_creatures: log_only=['plains'] engine_only=['shrewd storyteller'],4,0,0,0,1,0,0,0,1,0,0,0,0,ok,195
677,1,7,3,user_lands,user_4,user_lands user_creatures user_hand,user_lands: log_only=['forest'] engine_only=[] ; user_creatures: log_only=['glassworks'] engine_only=['omnivorous flytrap'] ; user_hand: log_only=[] engine_only=['defiant survivor'],3,1,2,0,3,1,0,0,2,0,0,0,1,ok,183
678,1,7,2,oppo_hand,oppo_3,oppo_hand,oppo_hand: log=4 engine=3,4,1,0,0,2,1,0,0,1,0,0,0,0,ok,303
679,1,15,1,user_creatures,user_2,user_creatures user_hand,user_creatures: log_only=['silent hallcreeper'] engine_only=[] ; user_hand: log_only=[] engine_only=['forest'],8,1,6,0,1,1,0,0,0,0,0,0,2,ok,558
680,1,6,5,user_life,oppo_6,user_life oppo_life user_creatures user_noncreatures oppo_hand,user_life: log=21 engine=20 ; oppo_life: log=11 engine=12 ; user_creatures: log_only=['mountain'] engine_only=[] ; user_noncreatures: log_only=[] engine_only=['disturbing mirth'] ; oppo_hand: log=3 engine=4,4,4,1,1,5,5,4,0,1,0,4,0,1,ok,113
681,1,8,3,oppo_life,user_4,oppo_life user_lands user_creatures user_hand,"oppo_life: log=20 engine=18 ; user_lands: log_only=['mountain'] engine_only=['swamp'] ; user_creatures: log_only=['beastie beatdown'] engine_only=['bottomless pool'] ; user_hand: log_only=['mountain'] engine_only=['island', 'zimone, all-questioning']",5,1,1,0,3,1,0,0,2,0,0,0,1,ok,372
682,1,8,1,user_creatures,user_2,user_creatures user_hand,user_creatures: log_only=['creeping peeper'] engine_only=[] ; user_hand: log_only=[] engine_only=['terramorphic expanse'],6,1,1,0,1,1,0,0,0,0,0,0,2,ok,252
683,1,7,2,user_creatures,user_3,user_creatures,user_creatures: log_only=['vile mutilator'] engine_only=['moldering gym'],3,0,0,0,2,0,0,0,2,0,0,0,0,ok,232
684,1,10,2,oppo_life,user_3,oppo_life,oppo_life: log=16 engine=17,7,2,2,0,2,2,1,0,0,0,1,0,0,ok,365
685,1,8,2,user_creatures,oppo_3,user_creatures,"user_creatures: log_only=['final vengeance'] engine_only=['tyvar, the pummeler']",5,2,1,0,3,2,0,0,1,0,0,0,0,ok,161
686,1,6,2,user_hand,user_3,user_hand,user_hand: log_only=['sawblade skinripper'] engine_only=['vengeful possession'],5,2,1,0,2,2,1,0,0,0,1,0,0,ok,125
687,1,5,4,oppo_hand,oppo_5,oppo_hand,oppo_hand: log=4 engine=2,1,1,0,0,4,1,0,0,3,0,0,0,0,ok,93
688,1,9,5,user_life,user_6,user_life user_creatures,user_life: log=21 engine=17 ; user_creatures: log_only=['ragged playmate'] engine_only=[],6,3,3,1,5,3,2,0,2,0,2,0,0,ok,256
689,1,7,1,user_hand,user_2,user_hand,user_hand: log_only=['vanish from sight'] engine_only=['forest'],4,0,1,0,1,0,0,0,1,0,0,0,0,ok,225
690,1,6,3,user_creatures,user_4,user_creatures,user_creatures: log_only=['plains'] engine_only=['fear of falling'],4,2,0,0,3,2,1,0,1,0,1,0,0,ok,237
691,1,5,2,user_lands,oppo_3,user_lands user_creatures user_hand,user_lands: log_only=['swamp'] engine_only=[] ; user_creatures: log_only=[] engine_only=['insidious fungus'] ; user_hand: log_only=['malevolent chandelier'] engine_only=['swamp'],4,1,0,0,2,1,0,0,1,0,0,0,0,ok,99
692,1,6,2,user_hand,user_3,user_hand,user_hand: log_only=['attack-in-the-box'] engine_only=[],1,0,0,0,2,0,0,0,2,0,0,0,0,ok,105
693,1,11,3,user_hand,user_4,user_hand,"user_hand: log_only=[""valgavoth's onslaught""] engine_only=['ragged playmate']",4,2,2,1,3,2,1,0,1,0,1,0,0,ok,187
694,1,10,4,oppo_life,oppo_5,oppo_life user_creatures user_hand,oppo_life: log=15 engine=16 ; user_creatures: log_only=['balemurk leech'] engine_only=[] ; user_hand: log_only=[] engine_only=['fear of impostors'],6,2,1,0,4,2,2,0,2,0,2,0,1,ok,271
695,1,11,3,user_creatures,user_4,user_creatures,user_creatures: log_only=[] engine_only=['floodpits drowner'],4,1,2,0,3,1,0,0,2,0,0,0,0,ok,335
696,1,4,3,oppo_life,user_4,oppo_life user_creatures,oppo_life: log=16 engine=18 ; user_creatures: log_only=['glimmer seeker'] engine_only=['unsettling twins'],3,2,0,0,3,2,1,0,1,0,1,0,0,ok,81
697,1,10,2,oppo_life,user_3,oppo_life,oppo_life: log=17 engine=18,4,1,0,0,2,1,0,0,1,0,0,0,0,ok,302
698,1,7,4,user_creatures,user_5,user_creatures,user_creatures: log_only=[] engine_only=['balemurk leech'],4,1,2,0,4,1,3,0,3,0,3,0,0,ok,196
699,1,9,1,user_hand,user_2,user_hand,user_hand: log_only=['broodspinner'] engine_only=['defiant survivor'],6,0,1,0,1,0,0,0,1,0,0,0,0,ok,300
700,1,9,1,user_creatures,user_2,user_creatures,user_creatures: log_only=['bashful beastie'] engine_only=['break down the door'],6,1,0,0,1,1,0,0,0,0,0,0,0,ok,2311
701,1,7,1,user_creatures,oppo_2,user_creatures,user_creatures: log_only=[] engine_only=['insidious fungus'],5,1,1,0,1,1,0,0,0,0,0,0,0,ok,720
702,1,9,3,user_lands,user_4,user_lands user_noncreatures user_hand,user_lands: log_only=['mountain'] engine_only=[] ; user_noncreatures: log_only=['roaring furnace'] engine_only=[] ; user_hand: log_only=[] engine_only=['roaring furnace'],5,1,1,0,3,1,0,0,2,0,0,0,2,ok,1251
703,1,6,2,user_creatures,user_3,user_creatures user_hand oppo_hand,"user_creatures: log_only=[] engine_only=['spineseeker centipede'] ; user_hand: log_only=['grasping longneck'] engine_only=['mountain', 'overgrown zealot'] ; oppo_hand: log=4 engine=5",4,1,0,0,2,1,0,0,1,0,0,0,2,ok,359
704,1,14,1,user_creatures,user_2,user_creatures,user_creatures: log_only=['omnivorous flytrap'] engine_only=['break down the door'],6,0,0,0,1,0,0,0,1,0,0,0,0,ok,2013
705,1,8,5,user_life,oppo_6,user_life user_creatures user_hand,user_life: log=6 engine=12 ; user_creatures: log_only=['razorkin hordecaller'] engine_only=['wildfire wickerfolk'] ; user_hand: log_only=['wildfire wickerfolk'] engine_only=['razorkin hordecaller'],5,4,1,0,6,5,2,2,2,0,2,2,0,ok,868
706,1,5,3,user_creatures,oppo_4,user_creatures user_hand oppo_hand,user_creatures: log_only=['entity tracker'] engine_only=[] ; user_hand: log_only=[] engine_only=['entity tracker'] ; oppo_hand: log=8 engine=7,2,1,0,0,3,1,0,0,2,0,0,0,0,ok,132
707,1,6,4,user_lands,user_5,user_lands user_hand oppo_hand,"user_lands: log_only=['plains'] engine_only=[] ; user_hand: log_only=['turn inside out'] engine_only=['fear of burning alive', 'plains'] ; oppo_hand: log=5 engine=4",3,2,2,1,3,3,3,0,1,1,3,0,1,ok,241
708,1,7,2,user_creatures,user_3,user_creatures,user_creatures: log_only=['most valuable slayer'] engine_only=['sawblade skinripper'],3,0,1,0,2,0,0,0,2,0,0,0,0,ok,369
709,1,6,3,user_creatures,oppo_4,user_creatures,user_creatures: log_only=['acrobatic cheerleader'] engine_only=['fear of surveillance'],4,2,0,0,3,3,1,0,1,0,1,0,0,ok,262
710,1,6,5,oppo_life,oppo_6,oppo_life oppo_hand,oppo_life: log=4 engine=2 ; oppo_hand: log=5 engine=6,4,4,0,0,4,6,7,0,1,1,7,0,0,ok,490
711,1,7,4,user_creatures,user_5,user_creatures user_hand,user_creatures: log_only=['forest'] engine_only=[] ; user_hand: log_only=[] engine_only=['turn inside out'],4,2,1,1,3,3,2,1,1,0,2,1,1,ok,235
712,1,8,3,oppo_hand,oppo_4,oppo_hand,oppo_hand: log=4 engine=5,4,1,2,0,3,1,0,0,2,0,0,0,1,ok,549
713,1,12,1,oppo_hand,oppo_2,oppo_hand,oppo_hand: log=3 engine=4,6,0,2,0,1,0,0,0,1,0,0,0,1,ok,1055
714,1,9,1,user_hand,user_2,user_hand,user_hand: log_only=['fear of immobility'] engine_only=['mountain'],5,0,0,0,1,0,0,0,1,0,0,0,0,ok,515
715,1,14,4,oppo_life,user_5,oppo_life user_creatures user_hand,"oppo_life: log=17 engine=14 ; user_creatures: log_only=['fanatic of the harrowing'] engine_only=['appendage amalgam', 'manifest dread'] ; user_hand: log_only=['balustrade wurm'] engine_only=['forest']",5,2,1,0,4,2,1,0,2,0,1,0,2,ok,1095
716,1,11,2,user_creatures,user_3,user_creatures user_hand,user_creatures: log_only=['spineseeker centipede'] engine_only=[] ; user_hand: log_only=['plains'] engine_only=['slavering branchsnapper'],7,1,2,0,2,1,0,0,1,0,0,0,2,ok,775
717,1,10,1,user_hand,user_2,user_hand,user_hand: log_only=['fear of being hunted'] engine_only=['swamp'],7,1,1,0,1,1,0,0,0,0,0,0,0,ok,727
718,1,9,2,user_hand,user_3,user_hand,user_hand: log_only=['island'] engine_only=['swamp'],6,0,2,0,2,0,0,0,2,0,0,0,0,ok,436
719,1,8,4,user_creatures,user_5,user_creatures,user_creatures: log_only=[] engine_only=['stalked researcher'],6,2,1,0,4,2,2,0,2,0,2,0,2,ok,402
720,1,6,4,user_creatures,user_5,user_creatures user_noncreatures user_hand,user_creatures: log_only=['defiant survivor'] engine_only=[] ; user_noncreatures: log_only=['overlord of the balemurk'] engine_only=[] ; user_hand: log_only=[] engine_only=['overlord of the balemurk'],4,3,2,1,4,4,4,0,1,0,4,0,2,ok,370
721,1,12,2,oppo_life,user_3,oppo_life,oppo_life: log=18 engine=20,6,1,2,0,2,1,0,0,1,0,0,0,0,ok,614
722,1,12,3,oppo_life,oppo_4,oppo_life user_creatures user_noncreatures oppo_hand,oppo_life: log=16 engine=14 ; user_creatures: log_only=[] engine_only=['insidious fungus'] ; user_noncreatures: log_only=[] engine_only=['sheltered by ghosts'] ; oppo_hand: log=4 engine=5,7,3,3,1,3,3,2,0,0,0,2,0,1,ok,669
723,1,8,2,oppo_life,user_3,oppo_life,oppo_life: log=18 engine=19,4,1,1,0,2,1,0,0,1,0,0,0,0,ok,287
724,1,8,2,oppo_life,user_3,oppo_life user_creatures user_noncreatures,oppo_life: log=18 engine=17 ; user_creatures: log_only=[] engine_only=['gremlin'] ; user_noncreatures: log_only=[] engine_only=['underwater tunnel'],5,1,1,0,2,1,0,0,1,0,0,0,0,ok,313
725,1,9,3,user_life,oppo_4,user_life user_noncreatures oppo_hand,user_life: log=14 engine=17 ; user_noncreatures: log_only=[] engine_only=['unidentified hovership'] ; oppo_hand: log=3 engine=4,4,2,1,0,3,2,1,0,1,0,1,0,3,ok,339
726,1,6,3,oppo_hand,oppo_4,oppo_hand,oppo_hand: log=3 engine=4,5,2,1,0,3,2,1,0,1,0,1,0,2,ok,323
727,1,14,3,user_creatures,oppo_4,user_creatures,user_creatures: log_only=['murder'] engine_only=['patchwork beastie'],7,2,2,0,3,2,1,0,1,0,1,0,0,ok,569
728,1,10,3,user_lands,user_4,user_lands user_hand,user_lands: log_only=['swamp'] engine_only=[] ; user_hand: log_only=[] engine_only=['spectral snatcher'],7,2,1,0,3,2,0,1,1,0,0,1,1,ok,352
729,1,8,1,user_creatures,user_2,user_creatures oppo_hand,user_creatures: log_only=[] engine_only=['piggy bank'] ; oppo_hand: log=5 engine=6,4,1,1,0,1,1,1,0,0,0,1,0,1,ok,367
730,1,8,3,oppo_hand,user_4,oppo_hand,oppo_hand: log=7 engine=6,4,0,0,0,3,0,0,0,3,0,0,0,0,ok,196
731,1,14,2,user_hand,user_3,user_hand,user_hand: log_only=['dissection tools'] engine_only=['unnerving grasp'],6,1,5,0,2,1,0,0,1,0,0,0,0,ok,550
732,1,8,3,user_lands,user_4,user_lands user_creatures user_noncreatures user_hand,"user_lands: log_only=['forest'] engine_only=[] ; user_creatures: log_only=['under the skin'] engine_only=[] ; user_noncreatures: log_only=['conductive machete'] engine_only=[] ; user_hand: log_only=['turn inside out'] engine_only=['conductive machete', 'fear of missing out']",5,2,0,0,3,2,2,0,1,0,2,0,3,ok,314
733,1,6,2,user_lands,user_3,user_lands user_hand,user_lands: log_only=['forest'] engine_only=[] ; user_hand: log_only=[] engine_only=['forest'],4,1,0,0,2,1,0,0,1,0,0,0,1,ok,91
734,1,7,2,user_hand,user_3,user_hand,user_hand: log_only=['break down the door'] engine_only=['moldering gym'],2,1,1,0,2,1,0,0,1,0,0,0,1,ok,221
735,1,13,5,user_life,oppo_6,user_life user_noncreatures user_hand,user_life: log=10 engine=7 ; user_noncreatures: log_only=['nowhere to run'] engine_only=[] ; user_hand: log_only=[] engine_only=['nowhere to run'],9,3,4,1,4,3,1,0,1,0,1,0,0,ok,1026
736,1,12,4,oppo_hand,oppo_5,oppo_hand,oppo_hand: log=4 engine=5,5,3,1,0,4,3,0,0,1,0,0,0,1,ok,482
737,1,5,2,oppo_life,user_3,oppo_life user_creatures,oppo_life: log=20 engine=19 ; user_creatures: log_only=['house cartographer'] engine_only=['glassworks'],3,1,1,1,2,1,0,0,1,0,0,0,0,ok,193
738,1,10,3,user_hand,oppo_4,user_hand,user_hand: log_only=['unnerving grasp'] engine_only=['piranha fly'],3,1,2,0,4,1,1,1,3,0,1,1,0,ok,265
739,1,7,1,user_hand,user_2,user_hand,user_hand: log_only=['live or die'] engine_only=['ragged playmate'],4,1,1,0,1,1,0,0,0,0,0,0,0,ok,244
740,1,12,8,oppo_life,user_9,oppo_life user_creatures,oppo_life: log=9 engine=7 ; user_creatures: log_only=['osseous sticktwister'] engine_only=['slavering branchsnapper'],4,4,4,4,6,7,4,0,2,0,4,0,1,ok,1643
741,1,7,2,user_creatures,oppo_3,user_creatures,user_creatures: log_only=[] engine_only=['wildfire wickerfolk'],5,2,0,0,3,2,2,0,1,0,2,0,0,ok,838
742,1,15,3,user_creatures,user_4,user_creatures,user_creatures: log_only=['stalked researcher'] engine_only=['meat locker'],7,2,2,0,3,2,0,0,1,0,0,0,0,ok,491
743,1,11,4,oppo_hand,oppo_5,oppo_hand,oppo_hand: log=3 engine=2,9,3,0,0,4,3,0,0,1,0,0,0,0,ok,374
744,1,9,4,user_hand,oppo_5,user_hand,user_hand: log_only=['the swarmweaver'] engine_only=['forest'],6,3,1,1,4,3,0,0,1,0,0,0,0,ok,338
745,1,9,1,user_creatures,user_2,user_creatures user_noncreatures user_hand,user_creatures: log_only=['glimmer'] engine_only=[] ; user_noncreatures: log_only=['glimmerlight'] engine_only=[] ; user_hand: log_only=[] engine_only=['irreverent gremlin'],5,1,0,0,1,1,0,0,0,0,0,0,1,ok,257
746,1,7,5,user_hand,oppo_6,user_hand oppo_hand,"user_hand: log_only=[] engine_only=[""don't make a sound""] ; oppo_hand: log=2 engine=3",4,4,0,0,5,4,0,0,1,0,0,0,3,ok,248
747,1,9,1,user_noncreatures,user_2,user_noncreatures user_hand,user_noncreatures: log_only=[] engine_only=['found footage'] ; user_hand: log_only=['island'] engine_only=[],5,1,1,0,1,1,0,0,0,0,0,0,0,ok,263
748,1,9,1,user_creatures,user_2,user_creatures,user_creatures: log_only=['bashful beastie'] engine_only=['threats around every corner'],5,0,1,0,1,0,0,0,1,0,0,0,0,ok,326
749,1,8,2,oppo_hand,user_3,oppo_hand,oppo_hand: log=6 engine=5,3,1,1,0,2,1,0,0,1,0,0,0,0,ok,287
750,1,8,3,oppo_life,user_4,oppo_life,oppo_life: log=13 engine=15,6,2,0,0,3,2,1,0,1,0,1,0,0,ok,262
751,1,6,2,oppo_hand,oppo_3,oppo_hand,oppo_hand: log=6 engine=7,4,2,2,0,3,2,1,0,1,0,1,0,0,ok,130
752,1,10,1,user_hand,user_2,user_hand,user_hand: log_only=['flesh burrower'] engine_only=['mountain'],7,1,0,0,1,1,0,0,0,0,0,0,0,ok,290
753,1,9,2,user_hand,user_3,user_hand,user_hand: log_only=['tunnel surveyor'] engine_only=['forest'],6,1,1,0,2,1,0,0,1,0,0,0,0,ok,203
754,1,11,3,oppo_life,user_4,oppo_life,oppo_life: log=20 engine=21,6,2,1,0,3,2,0,0,1,0,0,0,0,ok,311
755,1,9,3,user_creatures,user_4,user_creatures user_hand,user_creatures: log_only=['wary watchdog'] engine_only=[] ; user_hand: log_only=[] engine_only=['fanatic of the harrowing'],8,2,1,0,3,2,1,0,1,0,1,0,1,ok,239
756,1,9,3,oppo_life,user_4,oppo_life user_creatures,oppo_life: log=17 engine=20 ; user_creatures: log_only=['floodpits drowner'] engine_only=['wary watchdog'],4,2,2,0,3,2,0,0,1,0,0,0,0,ok,586
757,1,8,1,user_hand,user_2,user_hand,user_hand: log_only=['rootwise survivor'] engine_only=['hardened escort'],6,0,0,0,1,0,0,0,1,0,0,0,0,ok,255
758,1,8,1,user_creatures,user_2,user_creatures user_hand,user_creatures: log_only=['wary watchdog'] engine_only=[] ; user_hand: log_only=[] engine_only=['ghost vacuum'],6,1,0,0,1,1,0,0,0,0,0,0,2,ok,252
759,1,7,2,user_hand,user_3,user_hand,user_hand: log_only=['clockwork percussionist'] engine_only=['hand that feeds'],4,1,0,0,2,1,0,0,1,0,0,0,1,ok,140
760,1,9,3,user_life,oppo_4,user_life,user_life: log=18 engine=20,6,1,4,0,3,1,1,0,2,0,1,0,0,ok,298
761,1,8,3,user_creatures,user_4,user_creatures,user_creatures: log_only=['inquisitive glimmer'] engine_only=['bottomless pool'],5,2,0,0,3,2,1,0,1,0,1,0,0,ok,258
762,1,11,1,user_creatures,user_2,user_creatures,user_creatures: log_only=['daggermaw megalodon'] engine_only=['overlord of the hauntwoods'],9,0,1,0,1,0,0,0,1,0,0,0,0,ok,434
763,1,5,2,user_creatures,oppo_3,user_creatures,"user_creatures: log_only=['zimone, all-questioning'] engine_only=['primo, the indivisible']",4,2,1,1,3,3,0,0,1,0,0,0,0,ok,137
764,1,13,4,user_hand,oppo_5,user_hand,user_hand: log_only=['tunnel surveyor'] engine_only=['island'],7,2,2,0,4,2,0,1,2,0,0,1,0,ok,342
765,1,12,1,user_life,oppo_2,user_life,user_life: log=18 engine=20,7,2,0,0,2,2,3,0,0,0,3,0,0,ok,321
766,1,7,4,oppo_life,user_5,oppo_life,oppo_life: log=13 engine=15,4,3,1,0,4,4,3,0,1,0,3,0,1,ok,166
767,1,7,1,user_creatures,user_2,user_creatures,user_creatures: log_only=['forest'] engine_only=['monstrous emergence'],3,0,1,0,1,0,0,0,1,0,0,0,0,ok,137
768,1,6,3,oppo_life,user_4,oppo_life,oppo_life: log=13 engine=14,5,3,0,0,3,4,3,0,0,0,3,0,0,ok,118
769,1,6,2,user_hand,user_3,user_hand,user_hand: log_only=['mountain'] engine_only=['swamp'],4,1,0,0,2,1,0,1,1,0,0,1,0,ok,163
770,1,7,3,oppo_life,user_4,oppo_life user_creatures,oppo_life: log=17 engine=16 ; user_creatures: log_only=['bleeding woods'] engine_only=['glassworks'],6,2,3,0,3,2,0,0,1,0,0,0,0,ok,217
771,1,6,4,user_life,user_5,user_life user_hand,user_life: log=25 engine=23 ; user_hand: log_only=[] engine_only=['seized from slumber'],4,3,1,0,4,3,2,0,1,0,2,0,1,ok,143
772,1,7,2,user_creatures,oppo_3,user_creatures,user_creatures: log_only=['cautious survivor'] engine_only=['twitching doll'],5,2,0,0,3,2,0,0,1,0,0,0,0,ok,187
773,1,12,3,user_creatures,user_4,user_creatures,user_creatures: log_only=['commune with evil'] engine_only=['swamp'],7,2,2,0,3,2,0,0,1,0,0,0,0,ok,382
774,1,4,1,user_life,oppo_2,user_life,user_life: log=16 engine=17,3,1,0,0,2,1,0,0,1,0,0,0,0,ok,111
775,1,8,4,oppo_life,user_5,oppo_life,oppo_life: log=14 engine=15,3,3,0,0,4,3,1,0,1,0,1,0,0,ok,302
776,1,6,2,user_life,oppo_3,user_life oppo_life,user_life: log=18 engine=17 ; oppo_life: log=21 engine=22,4,1,0,0,3,1,0,0,2,0,0,0,0,ok,117
777,1,11,2,user_life,oppo_3,user_life user_hand,user_life: log=20 engine=18 ; user_hand: log_only=[] engine_only=['floodpits drowner'],3,0,3,0,2,0,0,0,2,0,0,0,1,ok,363
778,1,14,6,user_life,oppo_7,user_life oppo_hand,user_life: log=11 engine=12 ; oppo_hand: log=3 engine=2,5,2,5,3,5,6,2,0,3,2,2,0,0,ok,506
779,1,10,2,oppo_life,user_3,oppo_life,oppo_life: log=17 engine=18,4,1,0,0,2,1,0,0,1,0,0,0,0,ok,240
780,1,8,1,user_lands,user_2,user_lands user_noncreatures user_hand,"user_lands: log_only=['island'] engine_only=[] ; user_noncreatures: log_only=[] engine_only=['underwater tunnel'] ; user_hand: log_only=['underwater tunnel', ""valgavoth's onslaught""] engine_only=['fear of surveillance', 'island']",6,1,1,0,1,1,0,0,0,0,0,0,1,ok,336
781,1,9,1,user_hand,user_2,user_hand,"user_hand: log_only=['wary watchdog'] engine_only=[""winter's intervention""]",4,1,3,0,1,1,0,0,0,0,0,0,0,ok,237
782,1,9,2,user_hand,user_3,user_hand,user_hand: log_only=['most valuable slayer'] engine_only=['clockwork percussionist'],6,1,3,1,2,1,0,0,1,0,0,0,0,ok,227
783,1,6,3,user_life,oppo_4,user_life oppo_hand,user_life: log=15 engine=16 ; oppo_hand: log=5 engine=6,3,2,0,0,4,2,1,0,2,0,1,0,4,ok,146
784,1,10,5,user_creatures,user_6,user_creatures,user_creatures: log_only=['forest'] engine_only=['oblivious bookworm'],5,3,0,0,5,3,0,0,2,0,0,0,0,ok,241
785,1,7,3,user_hand,user_4,user_hand,"user_hand: log_only=['bashful beastie', 'glimmerburst'] engine_only=[]",5,2,2,0,3,2,1,0,1,0,1,0,0,ok,246
786,1,6,2,user_life,user_3,user_life user_creatures,user_life: log=19 engine=18 ; user_creatures: log_only=[] engine_only=['fear of surveillance'],4,1,0,0,2,1,0,0,1,0,0,0,0,ok,149
787,1,8,2,user_hand,oppo_3,user_hand,user_hand: log_only=['forest'] engine_only=['slavering branchsnapper'],3,0,1,0,2,0,0,0,2,0,0,0,0,ok,273
788,1,9,3,oppo_hand,oppo_4,oppo_hand,oppo_hand: log=5 engine=6,6,2,1,0,3,2,0,0,1,0,0,0,0,ok,251
789,1,7,1,user_creatures,user_2,user_creatures,user_creatures: log_only=['bleeding woods'] engine_only=['forest'],3,0,0,0,1,0,0,0,1,0,0,0,0,ok,168
790,1,10,3,user_hand,user_4,user_hand,"user_hand: log_only=['emerge from the cocoon'] engine_only=[""winter's intervention""]",6,2,0,0,3,2,1,0,1,0,1,0,1,ok,203
791,1,6,3,user_lands,user_4,user_lands,user_lands: log_only=['mountain'] engine_only=[],5,3,0,0,3,3,4,0,0,0,4,0,1,ok,127
792,1,6,3,user_life,oppo_4,user_life,user_life: log=12 engine=15,3,2,1,1,3,3,1,0,1,0,1,0,1,ok,201
793,1,11,1,user_hand,user_2,user_hand,user_hand: log_only=['impossible inferno'] engine_only=['mountain'],5,0,0,0,1,0,0,0,1,0,0,0,0,ok,200
794,1,11,3,oppo_life,user_4,oppo_life,oppo_life: log=13 engine=14,6,2,1,0,3,2,1,0,1,0,1,0,0,ok,435
795,1,7,2,oppo_life,user_3,oppo_life,oppo_life: log=17 engine=18,3,2,1,0,2,2,0,0,0,0,0,0,0,ok,161
796,1,7,2,user_life,oppo_3,user_life,user_life: log=18 engine=20,5,2,1,1,2,2,0,0,0,0,0,0,0,ok,228
797,1,13,3,user_creatures,user_4,user_creatures,user_creatures: log_only=['floodpits drowner'] engine_only=['glimmer'],3,1,1,1,3,2,0,0,2,0,0,0,0,ok,300
798,1,8,2,oppo_life,user_3,oppo_life,oppo_life: log=17 engine=19,6,1,2,0,2,1,0,0,1,0,0,0,0,ok,264
799,1,10,3,user_creatures,user_4,user_creatures,user_creatures: log_only=['forest'] engine_only=['get out'],5,2,2,0,3,2,1,0,1,0,1,0,0,ok,277
800,1,11,3,user_creatures,user_4,user_creatures,user_creatures: log_only=[] engine_only=['conductive machete'],7,2,1,0,3,2,0,0,1,0,0,0,0,ok,1835
801,1,12,2,user_creatures,oppo_3,user_creatures user_noncreatures,user_creatures: log_only=['fear of surveillance'] engine_only=[] ; user_noncreatures: log_only=[] engine_only=['unidentified hovership'],5,2,0,0,3,2,1,0,1,0,1,0,0,ok,742
802,1,7,4,user_life,user_5,user_life oppo_life,user_life: log=22 engine=21 ; oppo_life: log=5 engine=6,4,3,2,0,4,3,5,0,1,0,5,0,0,ok,425
803,1,9,2,user_creatures,user_3,user_creatures user_hand,user_creatures: log_only=['forest'] engine_only=['untimely malfunction'] ; user_hand: log_only=['patchwork beastie'] engine_only=['forest'],4,1,1,0,2,1,0,0,1,0,0,0,0,ok,576
804,1,10,2,user_life,oppo_3,user_life,user_life: log=18 engine=19,6,1,1,0,2,1,0,0,1,0,0,0,0,ok,673
805,1,7,3,user_life,oppo_4,user_life user_creatures oppo_hand,user_life: log=13 engine=16 ; user_creatures: log_only=[] engine_only=['hardened escort'] ; oppo_hand: log=4 engine=5,5,3,0,0,4,3,0,0,1,0,0,0,4,ok,367
806,1,11,4,user_creatures,user_5,user_creatures user_hand,user_creatures: log_only=['forest'] engine_only=[] ; user_hand: log_only=['manifest dread'] engine_only=[],8,3,2,1,4,4,0,2,1,0,0,2,0,ok,517
807,1,9,2,user_creatures,oppo_3,user_creatures,"user_creatures: log_only=['primo, the indivisible'] engine_only=['zimone, all-questioning']",5,2,0,0,3,2,0,0,1,0,0,0,0,ok,428
808,1,11,4,user_life,user_5,user_life oppo_life user_noncreatures,user_life: log=15 engine=16 ; oppo_life: log=23 engine=22 ; user_noncreatures: log_only=[] engine_only=['unable to scream'],5,3,3,2,4,4,0,0,1,0,0,0,0,ok,608
809,1,9,1,user_creatures,user_2,user_creatures,user_creatures: log_only=['wildfire wickerfolk'] engine_only=['terramorphic expanse'],7,0,0,0,1,0,0,0,1,0,0,0,0,ok,407
810,1,15,3,user_life,oppo_4,user_life,user_life: log=19 engine=20,9,2,4,0,3,2,0,0,1,0,0,0,1,ok,693
811,1,10,2,user_hand,user_3,user_hand,user_hand: log_only=['spineseeker centipede'] engine_only=['roaring furnace'],7,1,0,0,2,1,0,0,1,0,0,0,0,ok,422
812,1,6,2,user_creatures,user_3,user_creatures user_hand,user_creatures: log_only=['oblivious bookworm'] engine_only=[] ; user_hand: log_only=['forest'] engine_only=['oblivious bookworm'],5,1,1,0,2,1,0,0,1,0,0,0,1,ok,214
813,1,13,3,oppo_hand,oppo_4,oppo_hand,oppo_hand: log=1 engine=2,6,2,0,0,3,2,0,0,1,0,0,0,2,ok,554
814,1,6,2,user_lands,user_3,user_lands user_hand,user_lands: log_only=['forest'] engine_only=[] ; user_hand: log_only=[] engine_only=['slavering branchsnapper'],2,1,0,0,2,1,0,0,1,0,0,0,1,ok,178
815,1,11,1,user_hand,oppo_2,user_hand,user_hand: log_only=['mountain'] engine_only=['bedhead beastie'],5,0,0,0,2,0,0,0,2,0,0,0,0,ok,484
816,1,6,1,user_creatures,user_2,user_creatures user_hand,user_creatures: log_only=['razorkin hordecaller'] engine_only=['mountain'] ; user_hand: log_only=['omnivorous flytrap'] engine_only=['twitching doll'],5,1,2,0,1,1,0,0,0,0,0,0,0,ok,137
817,1,7,3,user_creatures,user_4,user_creatures oppo_hand,user_creatures: log_only=[] engine_only=['vicious clown'] ; oppo_hand: log=5 engine=6,4,2,2,0,3,2,1,0,1,0,1,0,0,ok,205
818,1,9,4,user_creatures,oppo_5,user_creatures,user_creatures: log_only=[] engine_only=['cautious survivor'],4,1,2,0,4,1,1,0,3,0,1,0,0,ok,337
819,1,16,3,oppo_life,user_4,oppo_life user_hand,oppo_life: log=17 engine=20 ; user_hand: log_only=['forest'] engine_only=['enduring tenacity'],4,0,1,0,3,0,0,0,3,0,0,0,0,ok,336
820,1,10,3,user_creatures,oppo_4,user_creatures user_noncreatures user_hand,"user_creatures: log_only=[] engine_only=['skullsnap nuisance'] ; user_noncreatures: log_only=[] engine_only=['found footage'] ; user_hand: log_only=['derelict attic', 'island'] engine_only=['overlord of the floodpits']",7,3,1,0,4,3,0,1,1,0,0,1,0,ok,325
821,1,6,5,user_creatures,user_6,user_creatures,user_creatures: log_only=['glimmer seeker'] engine_only=[],3,3,0,0,4,4,2,0,1,1,2,0,0,ok,135
822,1,8,3,user_creatures,user_4,user_creatures,"user_creatures: log_only=[""duskmourn's domination""] engine_only=['rootwise survivor']",5,1,3,0,3,1,1,0,2,0,1,0,0,ok,258
823,1,9,3,user_creatures,oppo_4,user_creatures user_noncreatures,user_creatures: log_only=['enduring curiosity'] engine_only=['stalked researcher'] ; user_noncreatures: log_only=[] engine_only=['enduring curiosity'],5,3,0,0,4,3,1,0,1,0,1,0,0,ok,281
824,1,14,3,oppo_life,user_4,oppo_life user_creatures,oppo_life: log=22 engine=20 ; user_creatures: log_only=[] engine_only=['stalked researcher'],7,2,3,1,3,2,0,0,1,0,0,0,0,ok,505
825,1,7,1,user_life,oppo_2,user_life,user_life: log=18 engine=19,4,0,1,0,1,0,0,0,1,0,0,0,0,ok,202
826,1,8,3,oppo_life,user_4,oppo_life user_lands user_hand,oppo_life: log=15 engine=16 ; user_lands: log_only=['island'] engine_only=[] ; user_hand: log_only=[] engine_only=['island'],3,2,2,0,3,2,1,0,1,0,1,0,1,ok,150
827,1,11,2,user_hand,user_3,user_hand,user_hand: log_only=['island'] engine_only=['plains'],6,1,1,0,2,1,0,0,1,0,0,0,0,ok,175
828,1,11,2,user_hand,user_3,user_hand,user_hand: log_only=['forest'] engine_only=['swamp'],6,1,1,0,2,1,0,0,1,0,0,0,0,ok,354
829,1,11,2,user_hand,user_3,user_hand,user_hand: log_only=['island'] engine_only=['wary watchdog'],3,1,3,0,2,1,0,0,1,0,0,0,0,ok,267
830,1,12,3,user_creatures,user_4,user_creatures,user_creatures: log_only=['fear of isolation'] engine_only=['stalked researcher'],4,1,1,0,3,1,0,0,2,0,0,0,0,ok,313
831,1,8,3,user_noncreatures,oppo_4,user_noncreatures user_hand,user_noncreatures: log_only=[] engine_only=['found footage'] ; user_hand: log_only=['bashful beastie'] engine_only=[],6,2,1,0,3,2,1,0,1,0,1,0,0,ok,452
832,1,8,4,user_hand,oppo_5,user_hand,"user_hand: log_only=['abandoned campground', 'plains'] engine_only=['glimmerburst', ""shardmage's rescue""]",5,1,0,0,4,1,0,0,3,0,0,0,1,ok,294
833,1,10,3,user_creatures,oppo_4,user_creatures,user_creatures: log_only=['unwilling vessel'] engine_only=['inquisitive glimmer'],6,3,1,0,4,3,3,0,1,0,3,0,0,ok,390
834,1,11,2,user_hand,user_3,user_hand,user_hand: log_only=['forest'] engine_only=['swamp'],5,1,1,0,2,1,0,0,1,0,0,0,0,ok,277
835,1,7,2,user_lands,user_3,user_lands,user_lands: log_only=['forest'] engine_only=['swamp'],2,0,0,0,2,0,0,0,2,0,0,0,0,ok,237
836,1,8,3,oppo_life,user_4,oppo_life,oppo_life: log=18 engine=19,5,2,2,0,3,2,0,1,1,0,0,1,0,ok,230
837,1,9,1,user_hand,user_2,user_hand,user_hand: log_only=['cult healer'] engine_only=['splitskin doll'],6,0,1,0,1,0,0,0,1,0,0,0,0,ok,173
838,1,11,2,user_hand,user_3,user_hand,user_hand: log_only=['forest'] engine_only=['mountain'],7,1,1,0,2,1,0,0,1,0,0,0,0,ok,310
839,1,7,4,oppo_life,user_5,oppo_life user_hand,oppo_life: log=16 engine=18 ; user_hand: log_only=['splitskin doll'] engine_only=[],6,3,0,0,4,4,0,3,1,0,0,3,0,ok,195
840,1,8,3,user_hand,oppo_4,user_hand,user_hand: log_only=['swamp'] engine_only=['spectral snatcher'],5,3,2,0,4,3,3,0,1,0,3,0,0,ok,167
841,1,7,2,user_creatures,user_3,user_creatures user_hand,user_creatures: log_only=['patchwork beastie'] engine_only=['hedge shredder'] ; user_hand: log_only=['forest'] engine_only=['peculiar lighthouse'],6,1,1,0,2,1,0,0,1,0,0,0,0,ok,200
842,1,7,1,user_life,oppo_2,user_life,user_life: log=19 engine=18,3,0,1,0,1,0,0,0,1,0,0,0,0,ok,208
843,1,13,2,user_noncreatures,oppo_3,user_noncreatures user_hand,user_noncreatures: log_only=[] engine_only=['keys to the house'] ; user_hand: log_only=['plains'] engine_only=[],9,1,0,0,2,1,0,0,1,0,0,0,1,ok,386
844,1,7,1,user_hand,oppo_2,user_hand,user_hand: log_only=['mountain'] engine_only=['bedhead beastie'],3,0,1,0,2,0,0,0,2,0,0,0,0,ok,138
845,1,6,3,user_creatures,user_4,user_creatures,user_creatures: log_only=['acrobatic cheerleader'] engine_only=['the mindskinner'],5,2,2,0,3,2,1,0,1,0,1,0,0,ok,150
846,1,10,3,oppo_hand,oppo_4,oppo_hand,oppo_hand: log=3 engine=4,7,2,3,0,3,2,0,0,1,0,0,0,2,ok,535
847,1,10,4,user_creatures,oppo_5,user_creatures,user_creatures: log_only=['vile mutilator'] engine_only=[],5,2,3,2,3,3,3,0,1,0,3,0,0,ok,203
848,1,8,1,user_hand,user_2,user_hand,user_hand: log_only=['threats around every corner'] engine_only=['malevolent chandelier'],6,0,3,0,1,0,0,0,1,0,0,0,0,ok,201
849,1,9,1,user_life,oppo_2,user_life user_hand,user_life: log=19 engine=18 ; user_hand: log_only=[] engine_only=['get out'],5,0,0,0,2,0,0,0,2,0,0,0,1,ok,204
850,1,7,1,user_hand,user_2,user_hand,user_hand: log_only=['meat locker'] engine_only=['forest'],4,0,2,0,1,0,0,0,1,0,0,0,0,ok,132
851,1,8,2,oppo_life,user_3,oppo_life,oppo_life: log=18 engine=19,5,1,1,0,2,1,0,0,1,0,0,0,0,ok,194
852,1,9,1,user_creatures,user_2,user_creatures,user_creatures: log_only=['plains'] engine_only=['overlord of the mistmoors'],5,0,1,0,1,0,0,0,1,0,0,0,0,ok,297
853,1,8,1,user_hand,user_2,user_hand,user_hand: log_only=['grand entryway'] engine_only=['unsettling twins'],5,0,2,0,1,0,0,0,1,0,0,0,0,ok,174
854,1,6,2,user_creatures,oppo_3,user_creatures,user_creatures: log_only=[] engine_only=['flesh burrower'],4,2,1,0,3,3,0,0,1,0,0,0,0,ok,192
855,1,7,2,user_creatures,user_3,user_creatures,user_creatures: log_only=['mountain'] engine_only=['wildfire wickerfolk'],4,1,2,1,2,1,0,0,1,0,0,0,0,ok,207
856,1,5,2,user_life,oppo_3,user_life,user_life: log=16 engine=15,1,1,0,0,2,1,0,0,1,0,0,0,0,ok,108
857,1,9,3,oppo_life,user_4,oppo_life user_creatures,oppo_life: log=16 engine=15 ; user_creatures: log_only=['undead sprinter'] engine_only=[],7,3,2,1,3,3,4,0,0,0,4,0,1,ok,246
858,1,6,2,oppo_hand,oppo_3,oppo_hand,oppo_hand: log=4 engine=5,4,2,1,0,3,2,1,0,1,0,1,0,1,ok,135
859,1,7,1,oppo_hand,oppo_2,oppo_hand,oppo_hand: log=5 engine=4,3,1,3,0,1,1,0,0,0,0,0,0,0,ok,209
860,1,12,1,user_creatures,user_2,user_creatures,user_creatures: log_only=['slavering branchsnapper'] engine_only=['moldering gym'],7,0,2,0,1,0,0,0,1,0,0,0,0,ok,474
861,1,7,3,oppo_life,oppo_4,oppo_life user_creatures user_noncreatures,oppo_life: log=26 engine=25 ; user_creatures: log_only=['most valuable slayer'] engine_only=['razorkin hordecaller'] ; user_noncreatures: log_only=['cracked skull'] engine_only=[],5,3,1,1,4,3,0,0,1,0,0,0,0,ok,191
862,1,7,2,user_noncreatures,user_3,user_noncreatures user_hand,user_noncreatures: log_only=['glassworks'] engine_only=[] ; user_hand: log_only=['midnight mayhem'] engine_only=['mountain'],5,2,1,0,2,2,2,0,0,0,2,0,2,ok,169
863,1,6,3,user_creatures,user_4,user_creatures,user_creatures: log_only=['wickerfolk thresher'] engine_only=['most valuable slayer'],3,2,1,0,3,2,1,0,1,0,1,0,0,ok,117
864,1,12,2,user_creatures,user_3,user_creatures,user_creatures: log_only=['daggermaw megalodon'] engine_only=['slavering branchsnapper'],7,1,4,0,2,1,0,0,1,0,0,0,0,ok,487
865,1,14,2,user_creatures,user_3,user_creatures,user_creatures: log_only=['cryptid inspector'] engine_only=['forest'],8,0,4,0,2,0,0,0,2,0,0,0,0,ok,401
866,1,9,2,user_hand,user_3,user_hand,user_hand: log_only=['forest'] engine_only=['island'],5,0,1,0,2,0,0,0,2,0,0,0,1,ok,197
867,1,6,3,user_hand,user_4,user_hand,user_hand: log_only=['sheltered by ghosts'] engine_only=['mountain'],4,2,1,0,3,2,3,0,1,0,3,0,1,ok,113
868,1,15,1,oppo_life,user_2,oppo_life,oppo_life: log=18 engine=19,10,1,2,0,1,1,1,0,0,0,1,0,0,ok,526
869,1,9,2,user_creatures,oppo_3,user_creatures user_hand,user_creatures: log_only=['floodpits drowner'] engine_only=[] ; user_hand: log_only=[] engine_only=['floodpits drowner'],6,0,0,0,2,0,0,0,2,0,0,0,0,ok,264
870,1,8,3,user_lands,user_4,user_lands user_hand,user_lands: log_only=['island'] engine_only=[] ; user_hand: log_only=[] engine_only=['daggermaw megalodon'],5,2,1,0,3,2,1,0,1,0,1,0,1,ok,153
871,1,7,3,oppo_life,user_4,oppo_life user_creatures user_noncreatures,oppo_life: log=14 engine=16 ; user_creatures: log_only=['unidentified hovership'] engine_only=[] ; user_noncreatures: log_only=[] engine_only=['unidentified hovership'],3,2,1,0,3,2,1,0,1,0,1,0,1,ok,165
872,1,8,3,user_creatures,user_4,user_creatures,user_creatures: log_only=['forest'] engine_only=['live or die'],5,2,0,0,3,2,0,0,1,0,0,0,1,ok,146
873,1,8,1,user_lands,user_2,user_lands user_noncreatures user_hand,user_lands: log_only=['island'] engine_only=[] ; user_noncreatures: log_only=[] engine_only=['bear trap'] ; user_hand: log_only=['bear trap'] engine_only=['island'],5,1,0,0,1,1,0,0,0,0,0,0,1,ok,232
874,1,9,1,user_life,oppo_2,user_life user_hand,user_life: log=18 engine=20 ; user_hand: log_only=['island'] engine_only=['daggermaw megalodon'],4,0,0,0,2,0,0,0,2,0,0,0,0,ok,247
875,1,8,2,user_life,user_3,user_life oppo_life,user_life: log=23 engine=24 ; oppo_life: log=17 engine=16,5,1,2,0,2,1,0,0,1,0,0,0,0,ok,196
876,1,5,5,,,,,0,0,1,1,3,1,0,0,3,0,0,0,0,ok,57
877,1,8,1,user_hand,oppo_2,user_hand,user_hand: log_only=['mountain'] engine_only=['bedhead beastie'],2,0,0,0,2,0,0,0,2,0,0,0,0,ok,97
878,1,10,1,user_life,user_2,user_life oppo_life,user_life: log=22 engine=20 ; oppo_life: log=18 engine=20,6,0,2,0,1,0,0,0,1,0,0,0,0,ok,348
879,1,9,4,user_life,oppo_5,user_life user_creatures,user_life: log=14 engine=16 ; user_creatures: log_only=['glimmer'] engine_only=[],7,3,2,0,5,3,1,0,2,0,1,0,1,ok,305
880,1,6,3,oppo_life,user_4,oppo_life user_creatures,oppo_life: log=17 engine=16 ; user_creatures: log_only=[] engine_only=['clockwork percussionist'],5,2,0,0,3,2,3,0,1,0,3,0,1,ok,97
881,1,5,2,oppo_life,user_3,oppo_life user_lands user_hand,oppo_life: log=14 engine=13 ; user_lands: log_only=['mountain'] engine_only=[] ; user_hand: log_only=[] engine_only=['bedhead beastie'],3,1,1,0,2,1,1,0,1,0,1,0,1,ok,78
882,1,7,1,user_lands,user_2,user_lands user_noncreatures user_hand,user_lands: log_only=['island'] engine_only=[] ; user_noncreatures: log_only=[] engine_only=['underwater tunnel'] ; user_hand: log_only=['underwater tunnel'] engine_only=['island'],5,1,2,0,1,1,0,0,0,0,0,0,0,ok,171
883,1,12,2,user_hand,user_3,user_hand,user_hand: log_only=['say its name'] engine_only=['monstrous emergence'],10,1,2,0,2,1,0,0,1,0,0,0,0,ok,704
884,1,4,3,user_lands,user_4,user_lands user_creatures user_hand,"user_lands: log_only=['island'] engine_only=[] ; user_creatures: log_only=['glimmer', 'gremlin', 'gremlin'] engine_only=[] ; user_hand: log_only=['plains'] engine_only=[]",2,1,0,0,3,1,0,0,2,0,0,0,1,ok,61
885,1,8,2,oppo_life,oppo_3,oppo_life user_noncreatures user_hand,oppo_life: log=18 engine=20 ; user_noncreatures: log_only=[] engine_only=['found footage'] ; user_hand: log_only=['break down the door'] engine_only=[],6,1,3,0,2,1,0,0,1,0,0,0,1,ok,256
886,1,9,3,oppo_life,user_4,oppo_life user_creatures oppo_hand,oppo_life: log=16 engine=18 ; user_creatures: log_only=['creeping peeper'] engine_only=[] ; oppo_hand: log=4 engine=5,8,2,2,0,3,2,1,0,1,0,1,0,0,ok,273
887,1,12,4,user_creatures,user_5,user_creatures oppo_hand,user_creatures: log_only=[] engine_only=['osseous sticktwister'] ; oppo_hand: log=4 engine=5,5,3,4,1,4,3,2,0,1,0,2,0,1,ok,292
888,1,7,1,user_creatures,user_2,user_creatures user_hand,user_creatures: log_only=['ragged playmate'] engine_only=[] ; user_hand: log_only=[] engine_only=['ragged playmate'],5,0,1,0,1,0,0,0,1,0,0,0,1,ok,189
889,1,12,2,user_noncreatures,oppo_3,user_noncreatures user_hand,user_noncreatures: log_only=['nowhere to run'] engine_only=[] ; user_hand: log_only=[] engine_only=['nowhere to run'],5,1,1,0,2,1,1,0,1,0,1,0,0,ok,334
890,1,4,3,oppo_hand,oppo_4,oppo_hand,oppo_hand: log=8 engine=7,3,3,0,0,4,3,4,0,1,0,4,0,0,ok,89
891,1,9,2,user_lands,user_3,user_lands,user_lands: log_only=['forest'] engine_only=['swamp'],6,1,1,0,2,1,1,0,1,0,1,0,0,ok,305
892,1,8,0,oppo_hand,user_1,oppo_hand,oppo_hand: log=6 engine=7,6,0,1,0,0,0,0,0,0,0,0,0,0,ok,257
893,1,6,4,user_hand,oppo_5,user_hand,user_hand: log_only=['final vengeance'] engine_only=['say its name'],3,2,2,2,4,2,0,0,2,0,0,0,0,ok,152
894,1,10,5,user_creatures,user_6,user_creatures oppo_hand,"user_creatures: log_only=['slavering branchsnapper'] engine_only=['break down the door', 'spineseeker centipede'] ; oppo_hand: log=2 engine=4",7,4,2,0,5,4,1,0,1,0,1,0,1,ok,253
895,1,4,2,user_life,oppo_3,user_life,user_life: log=18 engine=20,2,1,1,1,2,1,0,0,1,0,0,0,0,ok,83
896,1,8,4,user_creatures,user_5,user_creatures user_hand,"user_creatures: log_only=['forest', 'sheltered by ghosts'] engine_only=[] ; user_hand: log_only=[] engine_only=[""valgavoth's onslaught""]",6,4,1,1,4,4,3,0,0,0,3,0,1,ok,330
897,1,11,4,user_creatures,oppo_5,user_creatures,user_creatures: log_only=['scorching dragonfire'] engine_only=['osseous sticktwister'],8,4,2,0,4,4,4,0,0,0,4,0,0,ok,414
898,1,8,2,user_creatures,oppo_3,user_creatures,"user_creatures: log_only=['bottomless pool'] engine_only=[""duskmourn's domination""]",3,1,1,0,3,1,0,0,2,0,0,0,0,ok,160
899,1,7,3,user_creatures,user_4,user_creatures oppo_hand,user_creatures: log_only=['hand that feeds'] engine_only=[] ; oppo_hand: log=5 engine=6,1,1,1,0,2,1,0,0,1,0,0,0,0,ok,118
900,1,11,2,oppo_life,user_3,oppo_life,oppo_life: log=19 engine=20,5,1,1,0,2,1,0,0,1,0,0,0,0,ok,1920
901,1,8,3,user_creatures,user_4,user_creatures user_hand,user_creatures: log_only=['razorkin hordecaller'] engine_only=[] ; user_hand: log_only=['spineseeker centipede'] engine_only=['under the skin'],4,2,1,0,3,2,1,0,1,0,1,0,1,ok,553
902,1,9,1,user_hand,user_2,user_hand,user_hand: log_only=['fear of burning alive'] engine_only=['grab the prize'],5,0,2,0,1,0,0,0,1,0,0,0,0,ok,458
903,1,8,2,user_noncreatures,user_3,user_noncreatures user_hand,"user_noncreatures: log_only=['stay hidden, stay silent'] engine_only=[] ; user_hand: log_only=[] engine_only=['stalked researcher']",3,1,0,0,2,1,0,1,1,0,0,1,2,ok,460
904,1,8,3,user_life,oppo_4,user_life user_creatures user_noncreatures user_hand oppo_hand,"user_life: log=17 engine=15 ; user_creatures: log_only=['gremlin tamer'] engine_only=[] ; user_noncreatures: log_only=[""shardmage's rescue""] engine_only=[] ; user_hand: log_only=[] engine_only=[""shardmage's rescue""] ; oppo_hand: log=3 engine=2",4,2,1,0,3,2,0,0,1,0,0,0,1,ok,374
905,1,9,3,oppo_life,user_4,oppo_life,oppo_life: log=14 engine=16,4,2,1,0,3,3,1,0,1,0,1,0,0,ok,450
906,1,13,4,oppo_life,user_5,oppo_life user_lands user_creatures user_hand,oppo_life: log=14 engine=15 ; user_lands: log_only=['swamp'] engine_only=[] ; user_creatures: log_only=['clockwork percussionist'] engine_only=[] ; user_hand: log_only=['swamp'] engine_only=['disturbing mirth'],7,2,1,0,4,2,3,0,2,0,3,0,2,ok,475
907,1,11,4,oppo_hand,user_5,oppo_hand,oppo_hand: log=3 engine=4,5,2,0,0,3,3,1,0,1,1,1,0,1,ok,382
908,1,11,2,user_creatures,user_3,user_creatures,"user_creatures: log_only=[""don't make a sound""] engine_only=['underwater tunnel']",8,1,2,0,2,1,0,0,1,0,0,0,0,ok,832
909,1,11,3,user_creatures,user_4,user_creatures,user_creatures: log_only=['fear of isolation'] engine_only=['vanish from sight'],7,3,1,0,3,3,2,0,0,0,2,0,0,ok,582
910,1,7,2,user_hand,user_3,user_hand,user_hand: log_only=['abhorrent oculus'] engine_only=['enduring curiosity'],5,2,1,0,2,2,0,0,0,0,0,0,1,ok,237
911,1,5,2,oppo_life,user_3,oppo_life,oppo_life: log=16 engine=18,3,1,0,0,2,1,0,0,1,0,0,0,0,ok,133
912,1,12,2,user_creatures,user_3,user_creatures user_hand,user_creatures: log_only=['broodspinner'] engine_only=[] ; user_hand: log_only=[] engine_only=['forest'],4,2,3,0,2,2,1,0,0,0,1,0,2,ok,403
913,1,9,2,oppo_life,user_3,oppo_life user_creatures,oppo_life: log=20 engine=18 ; user_creatures: log_only=[] engine_only=['acrobatic cheerleader'],6,1,0,0,2,1,0,0,1,0,0,0,1,ok,411
914,1,10,2,user_life,oppo_3,user_life,user_life: log=17 engine=18,5,2,0,0,3,2,2,0,1,0,2,0,0,ok,360
915,1,7,3,user_life,user_4,user_life oppo_life,user_life: log=15 engine=12 ; oppo_life: log=17 engine=20,4,2,2,0,3,2,0,0,1,0,0,0,1,ok,268
916,1,7,3,user_creatures,user_4,user_creatures,user_creatures: log_only=['smoky lounge'] engine_only=['intruding soulrager'],4,2,0,0,3,2,1,0,1,0,1,0,1,ok,283
917,1,5,3,user_creatures,user_4,user_creatures,user_creatures: log_only=['forest'] engine_only=['drag to the roots'],4,3,2,1,3,3,4,0,0,0,4,0,0,ok,126
918,1,10,3,oppo_life,user_4,oppo_life user_creatures user_hand,oppo_life: log=17 engine=16 ; user_creatures: log_only=[] engine_only=['most valuable slayer'] ; user_hand: log_only=['fear of burning alive'] engine_only=['grasping longneck'],5,2,1,0,3,2,0,1,1,0,0,1,1,ok,441
919,1,6,3,user_creatures,user_4,user_creatures,user_creatures: log_only=['piranha fly'] engine_only=['razorkin hordecaller'],2,1,1,0,2,2,0,0,1,1,0,0,0,ok,158
920,1,8,1,user_creatures,user_2,user_creatures,user_creatures: log_only=['insidious fungus'] engine_only=['wildfire wickerfolk'],6,0,0,0,1,0,0,0,1,0,0,0,0,ok,283
921,1,6,2,user_lands,user_3,user_lands user_creatures user_noncreatures user_hand,user_lands: log_only=['forest'] engine_only=[] ; user_creatures: log_only=['scorching dragonfire'] engine_only=[] ; user_noncreatures: log_only=['threats around every corner'] engine_only=[] ; user_hand: log_only=[] engine_only=['threats around every corner'],4,1,0,0,2,1,0,0,1,0,0,0,1,ok,153
922,1,8,5,user_lands,user_6,user_lands user_creatures user_hand,user_lands: log_only=['mountain'] engine_only=[] ; user_creatures: log_only=['spineseeker centipede'] engine_only=[] ; user_hand: log_only=[] engine_only=['spineseeker centipede'],3,2,0,0,5,2,1,1,3,0,1,1,2,ok,225
923,1,6,3,oppo_life,user_4,oppo_life user_creatures,oppo_life: log=15 engine=13 ; user_creatures: log_only=[] engine_only=['fear of surveillance'],4,2,1,0,3,2,1,0,1,0,1,0,1,ok,170
924,1,7,5,user_lands,user_6,user_lands,user_lands: log_only=['swamp'] engine_only=[],4,2,2,1,5,3,1,1,3,0,1,1,1,ok,184
925,1,11,2,user_life,oppo_3,user_life user_noncreatures user_hand,user_life: log=20 engine=17 ; user_noncreatures: log_only=['growing dread'] engine_only=[] ; user_hand: log_only=[] engine_only=['growing dread'],4,0,0,0,2,0,0,0,2,0,0,0,1,ok,309
926,1,9,4,user_hand,user_5,user_hand,user_hand: log_only=['possessed goat'] engine_only=['unsettling twins'],5,2,2,0,3,2,2,0,1,0,2,0,2,ok,278
927,1,12,3,oppo_life,user_4,oppo_life user_creatures user_noncreatures user_hand,"oppo_life: log=17 engine=20 ; user_creatures: log_only=['cynical loner', 'enduring vitality'] engine_only=['glimmer'] ; user_noncreatures: log_only=[] engine_only=['enduring vitality'] ; user_hand: log_only=[] engine_only=['cynical loner']",5,1,4,0,3,1,0,0,2,0,0,0,1,ok,387
928,1,7,1,user_hand,user_2,user_hand,user_hand: log_only=['moldering gym'] engine_only=['twist reality'],4,0,0,0,1,0,0,0,1,0,0,0,0,ok,141
929,1,7,3,user_creatures,oppo_4,user_creatures user_hand,user_creatures: log_only=['grasping longneck'] engine_only=['most valuable slayer'] ; user_hand: log_only=['most valuable slayer'] engine_only=['grasping longneck'],4,2,0,0,4,2,1,0,2,0,1,0,0,ok,187
930,1,10,1,user_hand,user_2,user_hand,user_hand: log_only=['swamp'] engine_only=['cathartic parting'],6,1,1,0,1,1,0,0,0,0,0,0,0,ok,285
931,1,6,3,user_life,oppo_4,user_life,user_life: log=15 engine=16,4,2,1,0,3,2,0,0,1,0,0,0,0,ok,202
932,1,7,5,oppo_life,user_6,oppo_life,oppo_life: log=8 engine=10,4,3,0,0,5,4,1,1,2,0,1,1,0,ok,135
933,1,8,2,user_creatures,user_3,user_creatures,user_creatures: log_only=['wary watchdog'] engine_only=[],7,2,3,1,2,2,2,0,0,0,2,0,0,ok,185
934,1,7,2,user_creatures,user_3,user_creatures user_hand,"user_creatures: log_only=['inquisitive glimmer'] engine_only=[] ; user_hand: log_only=['trapped in the screen'] engine_only=['inquisitive glimmer', 'plains']",5,1,0,0,2,1,0,0,1,0,0,0,2,ok,309
935,1,9,3,user_creatures,user_4,user_creatures,user_creatures: log_only=['fear of surveillance'] engine_only=['fanatic of the harrowing'],7,1,1,0,3,1,0,0,2,0,0,0,0,ok,224
936,1,10,2,user_lands,user_3,user_lands,user_lands: log_only=['plains'] engine_only=['swamp'],5,0,2,0,2,0,0,0,2,0,0,0,0,ok,424
937,1,11,2,user_creatures,oppo_3,user_creatures,user_creatures: log_only=['undead sprinter'] engine_only=[],5,2,2,0,3,2,3,0,1,0,3,0,0,ok,223
938,1,8,3,user_life,oppo_4,user_life,user_life: log=19 engine=20,6,2,2,1,3,2,1,0,1,0,1,0,1,ok,310
939,1,9,1,oppo_hand,oppo_2,oppo_hand,oppo_hand: log=6 engine=5,7,0,0,0,1,0,0,0,1,0,0,0,0,ok,288
940,1,6,3,oppo_life,user_4,oppo_life user_creatures,oppo_life: log=9 engine=7 ; user_creatures: log_only=['veteran survivor'] engine_only=[],6,3,1,0,3,3,3,0,0,0,3,0,0,ok,189
941,1,10,3,oppo_hand,oppo_4,oppo_hand,oppo_hand: log=5 engine=4,7,2,3,1,3,2,1,0,1,0,1,0,0,ok,407
942,1,10,3,user_life,oppo_4,user_life,user_life: log=12 engine=16,6,2,1,0,3,2,0,1,1,0,0,1,0,ok,233
943,1,13,1,user_hand,user_2,user_hand,user_hand: log_only=['defiled crypt'] engine_only=['cynical loner'],7,0,0,0,1,0,0,0,1,0,0,0,0,ok,341
944,1,16,3,user_creatures,user_4,user_creatures,user_creatures: log_only=['island'] engine_only=['daggermaw megalodon'],8,1,0,0,3,1,0,0,2,0,0,0,0,ok,628
945,1,7,5,user_life,oppo_6,user_life user_creatures,"user_life: log=7 engine=10 ; user_creatures: log_only=['slavering branchsnapper'] engine_only=['cryptid inspector', 'spineseeker centipede']",4,3,0,0,5,3,2,0,2,0,2,0,2,ok,207
946,1,5,4,user_hand,user_5,user_hand,user_hand: log_only=['vanish from sight'] engine_only=[],4,4,0,0,4,4,6,0,0,0,6,0,0,ok,114
947,1,12,2,user_creatures,user_3,user_creatures,user_creatures: log_only=['flesh burrower'] engine_only=['beastie beatdown'],7,1,2,0,2,1,0,0,1,0,0,0,0,ok,348
948,1,8,2,user_creatures,user_3,user_creatures user_hand,user_creatures: log_only=['bashful beastie'] engine_only=['patchwork beastie'] ; user_hand: log_only=['turn inside out'] engine_only=['clockwork percussionist'],5,1,0,0,2,1,0,0,1,0,0,0,1,ok,324
949,1,14,1,user_hand,user_2,user_hand,user_hand: log_only=['defiant survivor'] engine_only=['swamp'],5,0,3,0,1,0,0,0,1,0,0,0,0,ok,275
950,1,13,4,oppo_hand,oppo_5,oppo_hand,oppo_hand: log=4 engine=5,9,3,1,1,4,3,3,0,1,0,3,0,2,ok,349
951,1,12,5,user_noncreatures,oppo_6,user_noncreatures,user_noncreatures: log_only=['unable to scream'] engine_only=[],4,2,4,1,6,3,5,0,4,0,5,0,0,ok,273
952,1,7,2,user_creatures,user_3,user_creatures,user_creatures: log_only=['glassworks'] engine_only=['grasping longneck'],5,2,2,0,2,2,2,0,0,0,2,0,0,ok,193
953,1,12,3,user_creatures,user_4,user_creatures,user_creatures: log_only=['mountain'] engine_only=['turn inside out'],4,0,3,0,3,0,0,0,3,0,0,0,0,ok,448
954,1,7,2,user_hand,user_3,user_hand,user_hand: log_only=['mountain'] engine_only=['swamp'],4,1,1,0,2,1,0,0,1,0,0,0,0,ok,232
955,1,10,1,user_hand,user_2,user_hand,user_hand: log_only=['glimmer seeker'] engine_only=['island'],5,1,0,0,1,1,0,0,0,0,0,0,1,ok,405
956,1,9,3,user_hand,user_4,user_hand,"user_hand: log_only=['roaring furnace', 'trapped in the screen'] engine_only=['island']",4,1,1,0,3,1,0,0,2,0,0,0,0,ok,281
957,1,9,1,user_hand,oppo_2,user_hand,user_hand: log_only=['plains'] engine_only=['shepherding spirits'],6,0,2,0,2,0,0,0,2,0,0,0,0,ok,303
958,1,11,2,user_creatures,user_3,user_creatures,user_creatures: log_only=['plains'] engine_only=['most valuable slayer'],6,1,1,0,2,1,0,0,1,0,0,0,0,ok,393
959,1,11,4,user_hand,oppo_5,user_hand,"user_hand: log_only=['roaring furnace', 'stalked researcher'] engine_only=['island', 'mountain']",4,0,3,1,4,1,0,0,4,0,0,0,0,ok,346
960,1,9,1,user_hand,user_2,user_hand,user_hand: log_only=['island'] engine_only=['terramorphic expanse'],7,0,1,0,1,0,0,0,1,0,0,0,0,ok,237
961,1,9,3,oppo_hand,oppo_4,oppo_hand,oppo_hand: log=4 engine=5,6,2,1,0,3,2,1,0,1,0,1,0,1,ok,238
962,1,9,1,user_creatures,oppo_2,user_creatures,user_creatures: log_only=[] engine_only=['flesh burrower'],7,2,0,0,2,2,0,0,0,0,0,0,0,ok,299
963,1,8,2,user_hand,user_3,user_hand,user_hand: log_only=['mountain'] engine_only=['swamp'],5,0,2,0,2,0,0,0,2,0,0,0,0,ok,374
964,1,9,2,user_hand,oppo_3,user_hand,user_hand: log_only=[] engine_only=['glimmerburst'],5,1,0,0,3,1,1,0,2,0,1,0,0,ok,256
965,1,12,2,user_creatures,oppo_3,user_creatures user_noncreatures user_hand,user_creatures: log_only=['break down the door'] engine_only=[] ; user_noncreatures: log_only=['growing dread'] engine_only=[] ; user_hand: log_only=[] engine_only=['growing dread'],7,0,3,0,2,0,0,0,2,0,0,0,0,ok,430
966,1,8,2,user_hand,user_3,user_hand,user_hand: log_only=['strangled cemetery'] engine_only=['spectral snatcher'],5,1,1,0,2,1,0,0,1,0,0,0,0,ok,108
967,1,9,3,oppo_hand,oppo_4,oppo_hand,oppo_hand: log=2 engine=1,6,2,0,0,3,2,0,0,1,0,0,0,0,ok,194
968,1,8,3,user_life,user_4,user_life oppo_life user_hand,user_life: log=24 engine=22 ; oppo_life: log=16 engine=18 ; user_hand: log_only=['razortrap gorge'] engine_only=['swamp'],4,2,0,0,3,2,1,0,1,0,1,0,0,ok,183
969,1,14,2,user_creatures,user_3,user_creatures user_hand,user_creatures: log_only=['spineseeker centipede'] engine_only=[] ; user_hand: log_only=['swamp'] engine_only=['spineseeker centipede'],6,1,1,0,2,1,0,0,1,0,0,0,1,ok,409
970,1,7,1,user_creatures,user_2,user_creatures,user_creatures: log_only=['drag to the roots'] engine_only=['island'],5,0,1,0,1,0,0,0,1,0,0,0,0,ok,226
971,1,10,2,user_hand,user_3,user_hand,user_hand: log_only=['emerge from the cocoon'] engine_only=['swamp'],6,2,1,0,2,2,1,0,0,0,1,0,0,ok,236
972,1,4,1,oppo_life,user_2,oppo_life user_creatures user_hand,oppo_life: log=17 engine=20 ; user_creatures: log_only=['broodspinner'] engine_only=[] ; user_hand: log_only=[] engine_only=['forest'],4,1,1,0,1,1,0,0,0,0,0,0,1,ok,66
973,1,5,0,oppo_hand,oppo_1,oppo_hand,oppo_hand: log=5 engine=6,5,0,0,0,0,0,0,0,0,0,0,0,0,ok,185
974,1,12,2,user_life,oppo_3,user_life user_hand,user_life: log=20 engine=19 ; user_hand: log_only=[] engine_only=['seized from slumber'],6,0,2,0,2,0,0,0,2,0,0,0,1,ok,372
975,1,5,4,user_life,oppo_5,user_life user_hand,"user_life: log=20 engine=18 ; user_hand: log_only=['unable to scream', 'underwater tunnel'] engine_only=['mountain', 'stalked researcher']",2,2,0,0,5,2,0,0,3,0,0,0,0,ok,107
976,1,8,3,user_noncreatures,user_4,user_noncreatures,user_noncreatures: log_only=[] engine_only=['bear trap'],5,3,1,0,3,3,1,0,0,0,1,0,0,ok,181
977,1,10,4,user_lands,user_5,user_lands user_hand,user_lands: log_only=['island'] engine_only=[] ; user_hand: log_only=[] engine_only=['swamp'],7,2,1,0,4,2,0,0,2,0,0,0,1,ok,369
978,1,7,3,user_creatures,user_4,user_creatures,user_creatures: log_only=['cautious survivor'] engine_only=['ticket booth'],4,1,1,0,3,1,0,0,2,0,0,0,0,ok,201
979,1,12,3,user_creatures,user_4,user_creatures,user_creatures: log_only=['swamp'] engine_only=['sheltered by ghosts'],4,1,2,1,3,1,0,0,2,0,0,0,0,ok,361
980,1,11,4,user_lands,user_5,user_lands user_hand,user_lands: log_only=['raucous carnival'] engine_only=[] ; user_hand: log_only=[] engine_only=['raucous carnival'],5,2,2,0,3,3,1,0,1,1,1,0,1,ok,229
981,1,7,2,oppo_life,user_3,oppo_life user_creatures,oppo_life: log=17 engine=16 ; user_creatures: log_only=['impossible inferno'] engine_only=['glassworks'],6,2,0,0,2,2,0,0,0,0,0,0,0,ok,218
982,1,9,4,user_hand,oppo_5,user_hand,"user_hand: log_only=['infernal phantom', 'trial of agony'] engine_only=['mountain', 'tunnel surveyor']",5,2,0,0,5,3,0,0,3,0,0,0,0,ok,287
983,1,7,2,user_life,user_3,user_life user_creatures user_hand,user_life: log=18 engine=19 ; user_creatures: log_only=['insidious fungus'] engine_only=[] ; user_hand: log_only=[] engine_only=['insidious fungus'],4,0,0,0,2,0,0,0,2,0,0,0,1,ok,200
984,1,8,2,user_hand,user_3,user_hand,user_hand: log_only=['neglected manor'] engine_only=[],6,2,3,0,2,2,0,0,0,0,0,0,0,ok,351
985,1,8,3,user_creatures,user_4,user_creatures,user_creatures: log_only=['innocuous rat'] engine_only=['glimmer seeker'],5,2,0,0,3,2,1,0,1,0,1,0,0,ok,230
986,1,9,3,oppo_life,user_4,oppo_life user_creatures,oppo_life: log=16 engine=17 ; user_creatures: log_only=['beast'] engine_only=['optimistic scavenger'],4,3,1,0,3,3,0,0,0,0,0,0,0,ok,260
987,1,16,4,user_creatures,oppo_5,user_creatures user_noncreatures,user_creatures: log_only=['erratic apparition'] engine_only=[] ; user_noncreatures: log_only=[] engine_only=['charred foyer'],10,2,4,0,4,2,1,0,2,0,1,0,0,ok,570
988,1,8,3,oppo_life,user_4,oppo_life user_creatures,oppo_life: log=16 engine=14 ; user_creatures: log_only=['reluctant role model'] engine_only=[],4,2,1,0,3,2,1,0,1,0,1,0,0,ok,255
989,1,17,2,user_hand,oppo_3,user_hand,user_hand: log_only=[] engine_only=['get out'],6,0,3,0,3,0,0,0,3,0,0,0,1,ok,371
990,1,6,4,oppo_life,user_5,oppo_life,oppo_life: log=12 engine=13,5,4,1,0,4,4,3,0,0,0,3,0,0,ok,199
991,1,7,2,oppo_hand,oppo_3,oppo_hand,oppo_hand: log=3 engine=4,4,1,0,0,2,1,0,0,1,0,0,0,0,ok,247
992,1,10,1,user_creatures,user_2,user_creatures,user_creatures: log_only=['island'] engine_only=['monstrous emergence'],7,0,1,0,1,0,0,0,1,0,0,0,0,ok,337
993,1,8,3,user_creatures,oppo_4,user_creatures,user_creatures: log_only=[] engine_only=['entity tracker'],6,2,4,0,4,2,1,0,2,0,1,0,0,ok,222
994,1,5,4,oppo_life,user_5,oppo_life,oppo_life: log=12 engine=10,3,3,0,0,4,4,3,0,1,0,3,0,1,ok,99
995,1,12,2,user_hand,oppo_3,user_hand,"user_hand: log_only=[] engine_only=[""don't make a sound""]",5,0,3,0,2,0,0,0,2,0,0,0,1,ok,376
996,1,12,4,user_lands,user_5,user_lands user_creatures user_hand,user_lands: log_only=[] engine_only=['swamp'] ; user_creatures: log_only=['swamp'] engine_only=[] ; user_hand: log_only=['wickerfolk thresher'] engine_only=['forest'],7,3,2,2,4,4,0,2,1,0,0,2,1,ok,255
997,1,9,3,oppo_hand,oppo_4,oppo_hand,oppo_hand: log=4 engine=3,3,1,2,0,2,2,0,1,1,1,0,1,0,ok,236
998,1,8,3,oppo_life,user_4,oppo_life user_creatures,oppo_life: log=11 engine=12 ; user_creatures: log_only=['clockwork percussionist'] engine_only=['undead sprinter'],4,2,1,0,3,2,2,0,1,0,2,0,1,ok,149
999,1,14,2,user_life,oppo_3,user_life,user_life: log=16 engine=17,11,2,5,0,2,2,1,0,0,0,1,0,0,ok,377
1000,1,19,1,user_hand,oppo_2,user_hand,user_hand: log_only=['forest'] engine_only=['slavering branchsnapper'],9,0,4,0,2,0,0,0,2,0,0,0,0,ok,2075
1001,1,7,5,oppo_life,user_6,oppo_life user_creatures,oppo_life: log=10 engine=13 ; user_creatures: log_only=[] engine_only=['fear of surveillance'],5,4,0,0,5,6,1,0,1,0,1,0,0,ok,512
1002,1,9,3,user_life,oppo_4,user_life user_creatures user_noncreatures,"user_life: log=20 engine=18 ; user_creatures: log_only=[] engine_only=['clockwork percussionist'] ; user_noncreatures: log_only=[""dollmaker's shop""] engine_only=[]",3,2,1,0,4,3,1,0,2,0,1,0,0,ok,619
1003,1,8,4,user_creatures,oppo_5,user_creatures,user_creatures: log_only=[] engine_only=['ragged playmate'],5,4,2,1,4,4,1,1,0,0,1,1,2,ok,286
1004,1,7,1,user_hand,user_2,user_hand,user_hand: log_only=['slavering branchsnapper'] engine_only=['forest'],5,0,0,0,1,0,0,0,1,0,0,0,0,ok,377
1005,1,6,1,user_hand,user_2,user_hand,user_hand: log_only=['lakeside shack'] engine_only=['stalked researcher'],4,0,1,0,1,0,0,0,1,0,0,0,0,ok,264
1006,1,8,1,user_creatures,oppo_2,user_creatures,user_creatures: log_only=[] engine_only=['flesh burrower'],7,2,0,0,2,2,0,0,0,0,0,0,0,ok,348
1007,1,9,3,user_life,oppo_4,user_life,user_life: log=16 engine=20,6,3,0,0,3,3,0,0,0,0,0,0,1,ok,447
1008,1,10,3,user_lands,user_4,user_lands user_hand,user_lands: log_only=['neglected manor'] engine_only=[] ; user_hand: log_only=[] engine_only=['neglected manor'],8,2,2,1,3,2,1,0,1,0,1,0,1,ok,557
1009,1,12,3,user_creatures,user_4,user_creatures,user_creatures: log_only=['popular egotist'] engine_only=['razortrap gorge'],6,2,4,1,3,2,1,0,1,0,1,0,0,ok,557
1010,1,12,1,user_hand,user_2,user_hand,user_hand: log_only=['swamp'] engine_only=['broodspinner'],9,0,1,0,1,0,0,0,1,0,0,0,0,ok,371
1011,1,11,3,user_life,oppo_4,user_life user_creatures,user_life: log=20 engine=17 ; user_creatures: log_only=[] engine_only=['unstoppable slasher'],9,2,1,0,3,2,0,0,1,0,0,0,1,ok,452
1012,1,9,1,user_lands,user_2,user_lands user_hand,user_lands: log_only=['forest'] engine_only=[] ; user_hand: log_only=[] engine_only=['underwater tunnel'],4,1,1,0,1,1,0,0,0,0,0,0,2,ok,340
1013,1,8,3,user_creatures,oppo_4,user_creatures,user_creatures: log_only=['defiant survivor'] engine_only=['flesh burrower'],6,2,1,0,3,2,0,0,1,0,0,0,0,ok,275
1014,1,12,1,user_creatures,user_2,user_creatures,"user_creatures: log_only=['resurrected cultist'] engine_only=[""killer's mask""]",8,0,2,0,1,0,0,0,1,0,0,0,0,ok,421
1015,1,9,3,user_lands,user_4,user_lands user_hand,user_lands: log_only=['swamp'] engine_only=[] ; user_hand: log_only=[] engine_only=['spectral snatcher'],7,3,2,1,3,3,3,0,0,0,3,0,1,ok,225
1016,1,12,2,user_hand,user_3,user_hand,user_hand: log_only=['nowhere to run'] engine_only=['swamp'],6,1,1,0,2,1,0,0,1,0,0,0,0,ok,563
1017,1,11,3,user_life,oppo_4,user_life user_hand,"user_life: log=16 engine=15 ; user_hand: log_only=[] engine_only=[""don't make a sound""]",7,0,1,0,3,0,0,0,3,0,0,0,1,ok,573
1018,1,7,3,oppo_life,user_4,oppo_life user_creatures user_noncreatures user_hand,"oppo_life: log=18 engine=19 ; user_creatures: log_only=['insect', 'insect'] engine_only=[] ; user_noncreatures: log_only=['overlord of the mistmoors'] engine_only=[] ; user_hand: log_only=[] engine_only=['overlord of the mistmoors']",4,1,1,0,3,1,0,0,2,0,0,0,1,ok,226
1019,1,7,3,user_life,oppo_4,user_life oppo_hand,user_life: log=16 engine=19 ; oppo_hand: log=3 engine=4,6,2,1,1,3,3,1,0,1,0,1,0,3,ok,256
1020,1,9,2,user_hand,oppo_3,user_hand,"user_hand: log_only=[] engine_only=[""don't make a sound""]",4,0,0,0,2,0,0,0,2,0,0,0,1,ok,293
1021,1,6,1,user_hand,user_2,user_hand,user_hand: log_only=['unstoppable slasher'] engine_only=['slavering branchsnapper'],3,0,1,0,1,0,0,0,1,0,0,0,0,ok,161
1022,1,10,2,user_lands,user_3,user_lands user_noncreatures user_hand,"user_lands: log_only=['island'] engine_only=[] ; user_noncreatures: log_only=['unable to scream'] engine_only=[] ; user_hand: log_only=[] engine_only=['daggermaw megalodon', 'unable to scream']",5,2,0,0,2,2,0,0,0,0,0,0,2,ok,198
1023,1,9,2,user_creatures,oppo_3,user_creatures,user_creatures: log_only=['clockwork percussionist'] engine_only=['sawblade skinripper'],7,3,0,0,3,3,2,0,0,0,2,0,0,ok,292
1024,1,8,5,oppo_life,user_6,oppo_life user_creatures,oppo_life: log=9 engine=5 ; user_creatures: log_only=['under the skin'] engine_only=['grand entryway'],4,4,2,1,5,5,4,1,1,0,4,1,1,ok,261
1025,1,12,2,user_life,oppo_3,user_life user_noncreatures user_hand oppo_hand,user_life: log=20 engine=18 ; user_noncreatures: log_only=['growing dread'] engine_only=[] ; user_hand: log_only=[] engine_only=['growing dread'] ; oppo_hand: log=5 engine=6,5,0,0,0,2,0,0,0,2,0,0,0,1,ok,285
1026,1,9,2,user_creatures,user_3,user_creatures,user_creatures: log_only=[] engine_only=['floodpits drowner'],5,0,3,0,2,0,0,0,2,0,0,0,0,ok,419
1027,1,8,2,user_life,oppo_3,user_life,user_life: log=17 engine=18,5,1,1,0,2,1,0,0,1,0,0,0,0,ok,312
1028,1,9,3,user_creatures,user_4,user_creatures,user_creatures: log_only=['savior of the small'] engine_only=['shroudstomper'],6,2,0,0,3,2,0,0,1,0,0,0,0,ok,341
1029,1,8,3,oppo_hand,oppo_4,oppo_hand,oppo_hand: log=6 engine=5,5,2,0,0,3,3,0,0,1,1,0,0,0,ok,218
1030,1,5,2,oppo_life,user_3,oppo_life,oppo_life: log=16 engine=17,4,1,0,0,2,1,0,0,1,0,0,0,0,ok,116
1031,1,7,2,oppo_hand,oppo_3,oppo_hand,oppo_hand: log=5 engine=6,4,1,3,1,3,2,3,0,2,0,3,0,1,ok,144
1032,1,9,3,user_life,oppo_4,user_life user_hand,"user_life: log=18 engine=14 ; user_hand: log_only=['island', 'silent hallcreeper'] engine_only=['inquisitive glimmer', 'plains']",5,1,0,0,4,1,0,0,3,0,0,0,0,ok,346
1033,1,9,2,user_noncreatures,user_3,user_noncreatures,user_noncreatures: log_only=['treasure'] engine_only=[],5,1,3,0,2,1,0,1,1,0,0,1,0,ok,232
1034,1,14,2,user_creatures,oppo_3,user_creatures,user_creatures: log_only=[] engine_only=['piranha fly'],6,1,6,0,2,1,0,0,1,0,0,0,0,ok,1016
1035,1,11,3,user_creatures,oppo_4,user_creatures user_hand,user_creatures: log_only=['appendage amalgam'] engine_only=[] ; user_hand: log_only=[] engine_only=['appendage amalgam'],6,1,2,0,3,1,0,0,2,0,0,0,0,ok,512
1036,1,9,2,user_hand,oppo_3,user_hand,"user_hand: log_only=[] engine_only=[""don't make a sound""]",6,1,0,0,2,1,0,0,1,0,0,0,1,ok,240
1037,1,8,5,user_creatures,oppo_6,user_creatures,user_creatures: log_only=[] engine_only=['fear of burning alive'],3,3,1,1,6,4,0,0,3,0,0,0,1,ok,190
1038,1,6,2,user_creatures,user_3,user_creatures,user_creatures: log_only=['spineseeker centipede'] engine_only=['insidious fungus'],4,1,0,0,2,1,0,0,1,0,0,0,0,ok,115
1039,1,10,3,user_hand,user_4,user_hand,user_hand: log_only=['mountain'] engine_only=['plains'],7,2,2,0,3,2,0,0,1,0,0,0,0,ok,378
1040,1,17,3,user_creatures,user_4,user_creatures user_hand,user_creatures: log_only=['vile mutilator'] engine_only=['slavering branchsnapper'] ; user_hand: log_only=['sporogenic infection'] engine_only=['osseous sticktwister'],5,2,4,1,3,2,0,0,1,0,0,0,1,ok,288
1041,1,10,2,user_creatures,user_3,user_creatures user_hand,user_creatures: log_only=['final vengeance'] engine_only=['murder'] ; user_hand: log_only=['vanish from sight'] engine_only=['daggermaw megalodon'],8,1,1,0,2,1,0,0,1,0,0,0,1,ok,228
1042,1,7,1,user_hand,user_2,user_hand,user_hand: log_only=['meat locker'] engine_only=['forest'],5,0,1,0,1,0,0,0,1,0,0,0,0,ok,212
1043,1,14,2,user_hand,user_3,user_hand,user_hand: log_only=['break down the door'] engine_only=['swamp'],5,1,0,0,2,1,0,0,1,0,0,0,1,ok,224
1044,1,7,3,user_lands,user_4,user_lands user_hand,user_lands: log_only=['mountain'] engine_only=[] ; user_hand: log_only=[] engine_only=['bedhead beastie'],4,3,0,0,3,3,3,0,0,0,3,0,1,ok,144
1045,1,12,5,user_life,oppo_6,user_life user_creatures user_hand,user_life: log=17 engine=15 ; user_creatures: log_only=['enduring curiosity'] engine_only=[] ; user_hand: log_only=[] engine_only=['enduring curiosity'],7,3,1,0,5,3,0,1,2,0,0,1,2,ok,505
1046,1,13,1,user_hand,user_2,user_hand,user_hand: log_only=['swamp'] engine_only=['forest'],5,1,1,0,1,1,0,0,0,0,0,0,0,ok,394
1047,1,10,3,user_noncreatures,user_4,user_noncreatures,user_noncreatures: log_only=[] engine_only=['unable to scream'],6,2,3,2,3,3,0,0,1,0,0,0,0,ok,454
1048,1,12,2,user_noncreatures,oppo_3,user_noncreatures user_hand,user_noncreatures: log_only=['nowhere to run'] engine_only=[] ; user_hand: log_only=[] engine_only=['nowhere to run'],5,1,0,0,2,1,1,0,1,0,1,0,0,ok,555
1049,1,12,5,user_hand,oppo_6,user_hand oppo_hand,user_hand: log_only=['unnerving grasp'] engine_only=['meat locker'] ; oppo_hand: log=1 engine=2,6,2,1,0,4,4,0,0,2,2,0,0,1,ok,613
1050,1,10,4,user_creatures,oppo_5,user_creatures,user_creatures: log_only=[] engine_only=['bottomless pool'],5,2,1,0,4,2,0,0,2,0,0,0,1,ok,411
1051,1,4,3,user_life,oppo_4,user_life oppo_hand,user_life: log=14 engine=17 ; oppo_hand: log=3 engine=4,2,2,0,0,3,2,0,0,1,0,0,0,3,ok,75
1052,1,6,2,user_creatures,oppo_3,user_creatures user_hand,user_creatures: log_only=['wildfire wickerfolk'] engine_only=['irreverent gremlin'] ; user_hand: log_only=['irreverent gremlin'] engine_only=['wildfire wickerfolk'],5,2,1,0,3,2,2,0,1,0,2,0,0,ok,107
1053,1,11,2,user_life,oppo_3,user_life,user_life: log=16 engine=17,6,0,2,0,2,0,0,0,2,0,0,0,0,ok,289
1054,1,11,3,user_creatures,user_4,user_creatures,user_creatures: log_only=['fear of surveillance'] engine_only=[],7,2,4,0,3,3,1,0,1,0,1,0,0,ok,434
1055,1,14,4,user_creatures,user_5,user_creatures,user_creatures: log_only=['grand entryway'] engine_only=['trapped in the screen'],7,2,3,0,3,3,0,0,1,1,0,0,0,ok,396
1056,1,9,2,oppo_life,user_3,oppo_life user_creatures,oppo_life: log=19 engine=20 ; user_creatures: log_only=[] engine_only=['erratic apparition'],6,1,1,0,2,1,0,0,1,0,0,0,0,ok,258
1057,1,11,2,oppo_hand,oppo_3,oppo_hand,oppo_hand: log=4 engine=5,6,1,2,0,2,1,0,0,1,0,0,0,1,ok,255
1058,1,7,1,user_creatures,oppo_2,user_creatures,user_creatures: log_only=['house cartographer'] engine_only=['come back wrong'],3,0,2,0,2,0,0,0,2,0,0,0,0,ok,95
1059,1,7,3,user_creatures,oppo_4,user_creatures user_hand,user_creatures: log_only=['glimmer'] engine_only=[] ; user_hand: log_only=['grand entryway'] engine_only=[],5,2,2,0,4,2,1,0,2,0,1,0,1,ok,159
1060,1,9,2,user_hand,user_3,user_hand,user_hand: log_only=['grand entryway'] engine_only=['swamp'],8,1,2,0,2,1,0,0,1,0,0,0,1,ok,188
1061,1,9,1,user_hand,oppo_2,user_hand,"user_hand: log_only=[] engine_only=[""don't make a sound""]",4,0,0,0,2,0,0,0,2,0,0,0,1,ok,253
1062,1,8,2,user_hand,oppo_3,user_hand,user_hand: log_only=['forest'] engine_only=['slavering branchsnapper'],4,0,2,0,2,0,0,0,2,0,0,0,0,ok,223
1063,1,10,2,user_hand,user_3,user_hand,user_hand: log_only=['flesh burrower'] engine_only=['glimmer seeker'],4,1,0,0,2,1,0,0,1,0,0,0,1,ok,272
1064,1,8,4,user_life,oppo_5,user_life user_creatures user_hand,"user_life: log=17 engine=15 ; user_creatures: log_only=[] engine_only=['glimmer'] ; user_hand: log_only=['fear of surveillance', 'island'] engine_only=['etched cornfield', 'plains']",6,3,0,0,4,3,2,0,1,0,2,0,1,ok,208
1065,1,8,2,oppo_life,user_3,oppo_life,oppo_life: log=16 engine=17,6,2,1,0,2,2,2,0,0,0,2,0,0,ok,257
1066,1,13,4,oppo_hand,oppo_5,oppo_hand,oppo_hand: log=4 engine=5,7,3,3,1,4,3,1,0,1,0,1,0,1,ok,270
1067,1,7,3,user_creatures,oppo_4,user_creatures,user_creatures: log_only=[] engine_only=['glimmerlight'],3,1,1,0,3,1,0,0,2,0,0,0,1,ok,136
1068,1,11,1,user_creatures,user_2,user_creatures,user_creatures: log_only=['grasping longneck'] engine_only=['scorching dragonfire'],6,0,0,0,1,0,0,0,1,0,0,0,0,ok,308
1069,1,12,3,user_creatures,user_4,user_creatures,user_creatures: log_only=['glimmer seeker'] engine_only=['ethereal armor'],6,2,2,0,3,2,0,0,1,0,0,0,0,ok,391
1070,1,4,3,user_hand,user_4,user_hand,user_hand: log_only=['smoky lounge'] engine_only=[],0,0,0,0,3,0,0,0,3,0,0,0,0,ok,67
1071,1,8,3,oppo_hand,oppo_4,oppo_hand,oppo_hand: log=5 engine=6,5,2,3,0,3,2,1,0,1,0,1,0,2,ok,170
1072,1,8,2,user_lands,user_3,user_lands user_creatures oppo_hand,user_lands: log_only=['forest'] engine_only=['swamp'] ; user_creatures: log_only=['oblivious bookworm'] engine_only=['murder'] ; oppo_hand: log=4 engine=5,5,1,0,0,2,1,0,0,1,0,0,0,0,ok,251
1073,1,9,4,oppo_life,user_5,oppo_life user_creatures,oppo_life: log=16 engine=17 ; user_creatures: log_only=['razorkin needlehead'] engine_only=[],5,3,2,0,4,3,1,0,1,0,1,0,0,ok,228
1074,1,6,5,oppo_hand,oppo_6,oppo_hand,oppo_hand: log=8 engine=7,2,2,0,0,4,3,9,0,2,1,9,0,0,ok,65
1075,1,8,3,user_life,user_4,user_life oppo_life user_creatures,"user_life: log=21 engine=20 ; oppo_life: log=19 engine=20 ; user_creatures: log_only=[""betrayer's bargain"", 'popular egotist'] engine_only=['innocuous rat']",4,2,1,0,3,2,0,0,1,0,0,0,0,ok,169
1076,1,10,3,user_lands,user_4,user_lands user_hand,user_lands: log_only=['island'] engine_only=[] ; user_hand: log_only=[] engine_only=['island'],6,2,2,1,3,2,0,0,1,0,0,0,1,ok,344
1077,1,5,1,oppo_hand,oppo_2,oppo_hand,oppo_hand: log=6 engine=7,1,1,1,0,2,1,2,0,1,0,2,0,1,ok,59
1078,1,9,3,user_life,oppo_4,user_life,user_life: log=14 engine=16,4,2,1,0,3,2,0,0,1,0,0,0,0,ok,264
1079,1,15,2,user_lands,user_3,user_lands user_noncreatures user_hand,user_lands: log_only=['forest'] engine_only=[] ; user_noncreatures: log_only=[] engine_only=['glimmerlight'] ; user_hand: log_only=['glimmerlight'] engine_only=['forest'],9,1,2,0,2,1,0,0,1,0,0,0,0,ok,502
1080,1,7,2,user_lands,user_3,user_lands user_noncreatures user_hand,user_lands: log_only=['forest'] engine_only=[] ; user_noncreatures: log_only=['treasure'] engine_only=[] ; user_hand: log_only=[] engine_only=['slavering branchsnapper'],4,2,1,0,2,2,1,0,0,0,1,0,1,ok,226
1081,1,8,2,user_life,user_3,user_life user_creatures user_hand,user_life: log=20 engine=18 ; user_creatures: log_only=['spineseeker centipede'] engine_only=['unholy annex'] ; user_hand: log_only=[] engine_only=['moldering gym'],6,1,0,0,2,1,0,0,1,0,0,0,0,ok,193
1082,1,9,3,user_creatures,user_4,user_creatures,"user_creatures: log_only=['dashing bloodsucker'] engine_only=[""killer's mask""]",4,1,2,0,3,1,1,0,2,0,1,0,0,ok,242
1083,1,13,4,oppo_life,user_5,oppo_life user_creatures user_noncreatures user_hand oppo_hand,"oppo_life: log=15 engine=17 ; user_creatures: log_only=['clockwork percussionist'] engine_only=[] ; user_noncreatures: log_only=[] engine_only=['disturbing mirth'] ; user_hand: log_only=[] engine_only=['boilerbilges ripper', 'swamp'] ; oppo_hand: log=5 engine=6",6,2,1,0,4,2,3,0,2,0,3,0,2,ok,224
1084,1,8,2,user_lands,user_3,user_lands user_creatures user_hand,"user_lands: log_only=['forest'] engine_only=[] ; user_creatures: log_only=['cryptid inspector'] engine_only=[] ; user_hand: log_only=[] engine_only=['forest', 'manifest dread']",5,1,2,0,2,1,0,0,1,0,0,0,2,ok,99
1085,1,7,2,user_creatures,oppo_3,user_creatures user_hand,user_creatures: log_only=['fear of surveillance'] engine_only=['irreverent gremlin'] ; user_hand: log_only=['irreverent gremlin'] engine_only=['fear of surveillance'],5,2,0,0,3,2,1,0,1,0,1,0,0,ok,139
1086,1,10,2,user_hand,oppo_3,user_hand,user_hand: log_only=['island'] engine_only=['daggermaw megalodon'],4,0,0,0,2,0,0,0,2,0,0,0,0,ok,130
1087,1,8,3,user_life,oppo_4,user_life oppo_hand,user_life: log=14 engine=18 ; oppo_hand: log=2 engine=3,5,2,2,1,3,2,0,0,1,0,0,0,2,ok,176
1088,1,7,2,user_creatures,user_3,user_creatures,user_creatures: log_only=['fear of burning alive'] engine_only=['final vengeance'],5,1,1,0,2,1,1,0,1,0,1,0,0,ok,157
1089,1,6,5,user_creatures,oppo_6,user_creatures user_noncreatures oppo_hand,"user_creatures: log_only=['the mindskinner'] engine_only=[] ; user_noncreatures: log_only=[""shardmage's rescue""] engine_only=[] ; oppo_hand: log=1 engine=2",4,4,1,1,6,4,3,0,2,0,3,0,2,ok,125
1090,1,7,1,oppo_life,user_2,oppo_life user_creatures,oppo_life: log=20 engine=19 ; user_creatures: log_only=['impossible inferno'] engine_only=['glassworks'],5,0,1,0,1,0,0,0,1,0,0,0,0,ok,141
1091,1,8,5,user_life,oppo_6,user_life oppo_hand,user_life: log=9 engine=10 ; oppo_hand: log=3 engine=1,5,4,2,1,4,5,1,0,1,0,1,0,0,ok,277
1092,1,8,4,user_creatures,user_5,user_creatures user_hand,user_creatures: log_only=['fear of impostors'] engine_only=[] ; user_hand: log_only=['island'] engine_only=['creeping peeper'],6,2,2,0,4,2,0,0,2,0,0,0,0,ok,344
1093,1,11,1,user_creatures,user_2,user_creatures,"user_creatures: log_only=['winter, misanthropic guide'] engine_only=['under the skin']",8,0,3,0,1,0,0,0,1,0,0,0,0,ok,258
1094,1,11,3,user_life,oppo_4,user_life user_hand,"user_life: log=17 engine=20 ; user_hand: log_only=['forest', 'twist reality'] engine_only=[""don't make a sound"", 'wary watchdog']",6,1,4,0,4,1,0,0,3,0,0,0,1,ok,433
1095,1,10,4,user_creatures,oppo_5,user_creatures,"user_creatures: log_only=['vicious clown'] engine_only=['arabella, abandoned doll']",5,3,0,0,4,4,1,0,1,0,1,0,0,ok,530
1096,1,10,3,oppo_life,user_4,oppo_life user_creatures user_hand,oppo_life: log=18 engine=20 ; user_creatures: log_only=['spineseeker centipede'] engine_only=[] ; user_hand: log_only=[] engine_only=['wildfire wickerfolk'],5,1,1,0,3,1,0,0,2,0,0,0,3,ok,283
1097,1,7,3,user_creatures,oppo_4,user_creatures user_noncreatures user_hand,"user_creatures: log_only=['arabella, abandoned doll'] engine_only=[] ; user_noncreatures: log_only=['ethereal armor', ""shardmage's rescue""] engine_only=[] ; user_hand: log_only=[] engine_only=[""shardmage's rescue""]",4,2,1,1,3,2,0,0,1,0,0,0,0,ok,139
1098,1,10,3,user_hand,oppo_4,user_hand oppo_hand,user_hand: log_only=[] engine_only=['get out'] ; oppo_hand: log=4 engine=5,1,0,4,0,3,0,0,0,3,0,0,0,2,ok,233
1099,1,7,2,user_creatures,user_3,user_creatures,"user_creatures: log_only=['plains', 'rampaging soulrager'] engine_only=['vanish from sight']",4,2,1,0,2,2,0,0,0,0,0,0,0,ok,114
1100,1,7,2,user_hand,user_3,user_hand,user_hand: log_only=['insidious fungus'] engine_only=['horrid vigor'],5,1,0,0,2,1,0,0,1,0,0,0,1,ok,1222
1101,1,7,4,user_creatures,user_5,user_creatures,user_creatures: log_only=['spectral snatcher'] engine_only=['vicious clown'],6,3,0,0,4,3,2,0,1,0,2,0,1,ok,577
1102,1,10,3,oppo_life,user_4,oppo_life user_lands user_creatures user_noncreatures user_hand,"oppo_life: log=14 engine=11 ; user_lands: log_only=['forest'] engine_only=[] ; user_creatures: log_only=['scorching dragonfire'] engine_only=['piggy bank'] ; user_noncreatures: log_only=['treasure'] engine_only=[] ; user_hand: log_only=['insidious fungus'] engine_only=['manifest dread', 'say its name']",7,3,0,0,3,3,4,0,0,0,4,0,4,ok,579
1103,1,9,4,user_creatures,oppo_5,user_creatures,user_creatures: log_only=['glimmer'] engine_only=[],6,2,1,0,5,2,0,0,3,0,0,0,0,ok,441
1104,1,8,3,user_hand,user_4,user_hand,user_hand: log_only=['waltz of rage'] engine_only=['mountain'],6,2,2,0,3,2,3,0,1,0,3,0,0,ok,436
1105,1,10,3,user_hand,oppo_4,user_hand,user_hand: log_only=['forest'] engine_only=['slavering branchsnapper'],4,0,1,1,3,1,0,0,3,0,0,0,0,ok,320
1106,1,6,3,user_creatures,oppo_4,user_creatures,"user_creatures: log_only=['toby, beastie befriender'] engine_only=['beast']",3,1,1,0,3,1,0,0,2,0,0,0,0,ok,233
1107,1,8,3,oppo_hand,oppo_4,oppo_hand,oppo_hand: log=3 engine=4,4,1,0,0,3,1,0,0,2,0,0,0,1,ok,331
1108,1,7,2,user_creatures,user_3,user_creatures,user_creatures: log_only=['mountain'] engine_only=['manifest dread'],5,2,1,1,2,2,1,0,0,0,1,0,0,ok,378
1109,1,10,2,user_creatures,user_3,user_creatures,user_creatures: log_only=['forest'] engine_only=['ripchain razorkin'],7,0,2,0,2,0,0,0,2,0,0,0,0,ok,484
1110,1,9,3,user_noncreatures,user_4,user_noncreatures user_hand,user_noncreatures: log_only=['overlord of the boilerbilges'] engine_only=[] ; user_hand: log_only=[] engine_only=['overlord of the boilerbilges'],6,2,1,0,3,2,0,0,1,0,0,0,1,ok,257
1111,1,10,4,user_creatures,user_5,user_creatures user_noncreatures,user_creatures: log_only=[] engine_only=['overgrown zealot'] ; user_noncreatures: log_only=['sporogenic infection'] engine_only=[],7,3,3,1,4,3,0,1,1,0,0,1,1,ok,357
1112,1,14,2,user_creatures,user_3,user_creatures user_hand,user_creatures: log_only=['found footage'] engine_only=['keys to the house'] ; user_hand: log_only=['bleeding woods'] engine_only=['forest'],11,2,3,1,2,2,0,0,0,0,0,0,0,ok,893
1113,1,9,1,user_creatures,user_2,user_creatures,user_creatures: log_only=['defiant survivor'] engine_only=['swamp'],3,0,2,0,1,0,0,0,1,0,0,0,0,ok,209
1114,1,6,3,user_life,user_4,user_life oppo_life,user_life: log=28 engine=27 ; oppo_life: log=12 engine=13,4,1,2,1,2,2,1,0,1,0,1,0,0,ok,239
1115,1,9,2,oppo_life,user_3,oppo_life user_creatures oppo_hand,"oppo_life: log=20 engine=19 ; user_creatures: log_only=['mountain'] engine_only=['glimmer', 'vicious clown'] ; oppo_hand: log=4 engine=5",5,2,2,0,2,2,0,0,0,0,0,0,2,ok,383
1116,1,9,3,user_hand,user_4,user_hand,user_hand: log_only=[] engine_only=['bashful beastie'],4,2,1,0,3,2,1,0,1,0,1,0,2,ok,215
1117,1,9,2,user_creatures,oppo_3,user_creatures,user_creatures: log_only=[] engine_only=['irreverent gremlin'],4,1,1,0,2,1,0,0,1,0,0,0,0,ok,247
1118,1,6,1,user_hand,user_2,user_hand,user_hand: log_only=['swamp'] engine_only=['spineseeker centipede'],5,0,0,0,1,0,0,0,1,0,0,0,0,ok,152
1119,1,9,3,user_creatures,oppo_4,user_creatures,user_creatures: log_only=[] engine_only=['acrobatic cheerleader'],5,1,2,1,3,1,0,0,2,0,0,0,0,ok,467
1120,1,7,5,oppo_life,user_6,oppo_life user_creatures user_hand oppo_hand,"oppo_life: log=11 engine=9 ; user_creatures: log_only=[] engine_only=['the swarmweaver'] ; user_hand: log_only=['drag to the roots', 'the swarmweaver'] engine_only=['fear of lost teeth', 'spineseeker centipede'] ; oppo_hand: log=6 engine=7",4,3,0,0,5,4,5,0,2,0,5,0,2,ok,343
1121,1,11,3,user_life,oppo_4,user_life user_creatures,user_life: log=13 engine=11 ; user_creatures: log_only=[] engine_only=['gremlin tamer'],6,1,1,0,2,2,0,0,1,1,0,0,0,ok,484
1122,1,8,1,user_creatures,user_2,user_creatures,user_creatures: log_only=['exorcise'] engine_only=['neglected manor'],5,0,0,0,1,0,0,0,1,0,0,0,0,ok,237
1123,1,12,3,user_creatures,user_4,user_creatures user_hand,user_creatures: log_only=['possessed goat'] engine_only=[] ; user_hand: log_only=[] engine_only=['possessed goat'],5,1,2,0,3,1,0,0,2,0,0,0,1,ok,561
1124,1,5,1,user_creatures,user_2,user_creatures,user_creatures: log_only=['clockwork percussionist'] engine_only=['moldering gym'],4,0,1,0,1,0,0,0,1,0,0,0,0,ok,140
1125,1,12,2,user_hand,oppo_3,user_hand,user_hand: log_only=['swamp'] engine_only=['spectral snatcher'],8,0,0,0,2,0,0,0,2,0,0,0,0,ok,336
1126,1,7,3,oppo_life,oppo_4,oppo_life oppo_hand,oppo_life: log=19 engine=20 ; oppo_hand: log=4 engine=5,4,2,2,0,3,2,0,0,1,0,0,0,1,ok,208
1127,1,9,2,user_creatures,oppo_3,user_creatures,user_creatures: log_only=[] engine_only=['house cartographer'],7,1,0,0,2,1,0,0,1,0,0,0,0,ok,366
1128,1,6,2,user_hand,user_3,user_hand,user_hand: log_only=['paranormal analyst'] engine_only=['island'],3,1,1,0,2,1,0,0,1,0,0,0,1,ok,138
1129,1,7,4,user_hand,oppo_5,user_hand,user_hand: log_only=['grand entryway'] engine_only=['fear of isolation'],5,3,0,0,4,3,2,1,1,0,2,1,0,ok,171
1130,1,10,3,user_creatures,user_4,user_creatures,user_creatures: log_only=['mountain'] engine_only=['irreverent gremlin'],4,1,2,0,3,1,1,0,2,0,1,0,0,ok,418
1131,1,10,2,user_creatures,user_3,user_creatures user_hand,user_creatures: log_only=['mountain'] engine_only=[] ; user_hand: log_only=['mountain'] engine_only=['anthropede'],6,1,3,0,2,1,0,0,1,0,0,0,2,ok,306
1132,1,6,3,user_life,oppo_4,user_life oppo_hand,user_life: log=17 engine=20 ; oppo_hand: log=2 engine=3,4,3,0,0,4,3,0,0,1,0,0,0,2,ok,198
1133,1,11,6,user_creatures,oppo_7,user_creatures user_noncreatures oppo_hand,user_creatures: log_only=['spectral snatcher'] engine_only=[] ; user_noncreatures: log_only=[] engine_only=['roaring furnace'] ; oppo_hand: log=2 engine=1,4,4,3,2,7,5,0,0,3,0,0,0,0,ok,586
1134,1,10,4,user_creatures,user_5,user_creatures,user_creatures: log_only=['forest'] engine_only=['tunnel surveyor'],4,1,1,1,3,2,3,0,2,0,3,0,0,ok,391
1135,1,11,3,user_creatures,user_4,user_creatures,user_creatures: log_only=['plains'] engine_only=['fear of lost teeth'],5,0,0,0,3,0,0,0,3,0,0,0,0,ok,271
1136,1,8,3,user_creatures,oppo_4,user_creatures,user_creatures: log_only=[] engine_only=['fear of surveillance'],3,3,0,0,4,4,2,0,1,0,2,0,0,ok,237
1137,1,10,4,user_creatures,user_5,user_creatures user_hand,user_creatures: log_only=['cult healer'] engine_only=[] ; user_hand: log_only=[] engine_only=['island'],7,2,1,0,4,2,3,0,2,0,3,0,3,ok,325
1138,1,5,2,user_hand,user_3,user_hand,user_hand: log_only=['wildfire wickerfolk'] engine_only=['forest'],4,1,1,0,2,1,0,0,1,0,0,0,1,ok,110
1139,1,8,2,user_hand,user_3,user_hand,user_hand: log_only=['mountain'] engine_only=[],6,2,0,0,2,2,1,1,0,0,1,1,0,ok,171
1140,1,11,3,user_life,oppo_4,user_life user_noncreatures user_hand,user_life: log=18 engine=19 ; user_noncreatures: log_only=['nowhere to run'] engine_only=[] ; user_hand: log_only=[] engine_only=['nowhere to run'],5,1,2,0,3,1,0,0,2,0,0,0,0,ok,381
1141,1,9,2,user_hand,user_3,user_hand,user_hand: log_only=['island'] engine_only=['plains'],4,0,0,0,2,0,0,0,2,0,0,0,0,ok,195
1142,1,8,4,user_life,oppo_5,user_life,user_life: log=20 engine=22,5,3,0,0,4,3,0,0,1,0,0,0,0,ok,250
1143,1,7,1,user_creatures,oppo_2,user_creatures,user_creatures: log_only=[] engine_only=['overgrown zealot'],6,1,1,0,2,1,0,0,1,0,0,0,0,ok,255
1144,1,11,2,oppo_life,user_3,oppo_life user_creatures user_noncreatures,oppo_life: log=18 engine=19 ; user_creatures: log_only=['clockwork percussionist'] engine_only=[] ; user_noncreatures: log_only=['surgical suite'] engine_only=[],7,1,0,0,2,1,2,0,1,0,2,0,1,ok,304
1145,1,8,2,oppo_life,user_3,oppo_life,oppo_life: log=14 engine=17,6,1,1,0,2,1,1,0,1,0,1,0,0,ok,188
1146,1,8,3,user_life,oppo_4,user_life,user_life: log=14 engine=16,5,2,0,0,3,2,0,0,1,0,0,0,0,ok,245
1147,1,13,2,user_hand,user_3,user_hand,user_hand: log_only=['tunnel surveyor'] engine_only=['grand entryway'],6,1,1,0,2,1,0,0,1,0,0,0,1,ok,427
1148,1,9,2,user_life,oppo_3,user_life,user_life: log=17 engine=20,4,1,2,0,3,1,0,0,2,0,0,0,0,ok,273
1149,1,8,3,oppo_hand,oppo_4,oppo_hand,oppo_hand: log=3 engine=4,7,2,4,0,3,2,0,0,1,0,0,0,2,ok,279
1150,1,17,2,user_hand,oppo_3,user_hand,"user_hand: log_only=[] engine_only=[""don't make a sound""]",4,0,4,0,2,0,0,0,2,0,0,0,1,ok,620
1151,1,6,2,user_hand,user_3,user_hand,user_hand: log_only=['seized from slumber'] engine_only=['smoky lounge'],3,2,0,0,2,2,0,0,0,0,0,0,1,ok,292
1152,1,10,1,user_hand,user_2,user_hand,user_hand: log_only=['forest'] engine_only=['cautious survivor'],4,0,0,0,1,0,0,0,1,0,0,0,0,ok,221
1153,1,14,1,oppo_life,user_2,oppo_life,oppo_life: log=18 engine=19,7,1,1,0,1,1,0,0,0,0,0,0,0,ok,284
1154,1,14,3,user_hand,user_4,user_hand,user_hand: log_only=['creeping peeper'] engine_only=['fear of immobility'],6,2,0,0,3,2,1,0,1,0,1,0,1,ok,200
1155,1,5,2,user_creatures,user_3,user_creatures,user_creatures: log_only=['hand that feeds'] engine_only=['razorkin hordecaller'],4,1,1,0,2,1,0,0,1,0,0,0,0,ok,115
1156,1,6,3,user_creatures,oppo_4,user_creatures,user_creatures: log_only=['cryptid inspector'] engine_only=['rootwise survivor'],2,1,0,0,3,1,0,0,2,0,0,0,0,ok,101
1157,1,8,3,user_hand,oppo_4,user_hand,"user_hand: log_only=['floodpits drowner', 'twist reality'] engine_only=['intruding soulrager', 'pyroclasm']",4,3,1,0,4,3,3,0,1,0,3,0,0,ok,240
1158,1,9,3,user_hand,user_4,user_hand,user_hand: log_only=['fear of immobility'] engine_only=['trapped in the screen'],5,1,0,0,3,1,0,0,2,0,0,0,0,ok,245
1159,1,12,2,user_hand,user_3,user_hand,"user_hand: log_only=['omnivorous flytrap'] engine_only=['stay hidden, stay silent']",8,1,1,0,2,1,0,0,1,0,0,0,1,ok,411
1160,1,8,1,user_hand,user_2,user_hand,"user_hand: log_only=['altanak, the thrice-called'] engine_only=['terramorphic expanse']",6,0,1,0,1,0,0,0,1,0,0,0,0,ok,207
1161,1,8,4,user_creatures,user_5,user_creatures user_hand,user_creatures: log_only=['horror'] engine_only=[] ; user_hand: log_only=['sawblade skinripper'] engine_only=[],5,2,3,1,4,3,0,0,2,0,0,0,0,ok,185
1162,1,7,3,user_life,oppo_4,user_life user_creatures oppo_hand,"user_life: log=11 engine=12 ; user_creatures: log_only=['irreverent gremlin', 'swamp'] engine_only=['glassworks', 'murder'] ; oppo_hand: log=2 engine=3",2,1,1,0,3,1,0,0,2,0,0,0,2,ok,146
1163,1,10,3,user_life,user_4,user_life oppo_life user_creatures oppo_hand,user_life: log=19 engine=20 ; oppo_life: log=20 engine=16 ; user_creatures: log_only=[] engine_only=['vicious clown'] ; oppo_hand: log=4 engine=5,6,2,2,0,3,2,0,0,1,0,0,0,1,ok,217
1164,1,9,3,oppo_life,user_4,oppo_life user_creatures oppo_hand,oppo_life: log=17 engine=13 ; user_creatures: log_only=[] engine_only=['vicious clown'] ; oppo_hand: log=3 engine=4,6,2,1,0,3,2,0,0,1,0,0,0,2,ok,252
1165,1,9,2,user_hand,user_3,user_hand,user_hand: log_only=['forest'] engine_only=['island'],7,1,0,0,2,1,0,0,1,0,0,0,0,ok,345
1166,1,9,5,oppo_life,user_6,oppo_life user_lands user_creatures user_noncreatures user_hand,"oppo_life: log=10 engine=13 ; user_lands: log_only=['island'] engine_only=[] ; user_creatures: log_only=['glimmer'] engine_only=[] ; user_noncreatures: log_only=['grand entryway'] engine_only=[] ; user_hand: log_only=[] engine_only=['grand entryway', 'island']",7,3,2,0,5,3,3,0,2,0,3,0,3,ok,282
1167,1,8,2,user_life,oppo_3,user_life user_creatures,user_life: log=20 engine=18 ; user_creatures: log_only=[] engine_only=['fear of surveillance'],4,0,2,0,3,0,0,0,3,0,0,0,1,ok,207
1168,1,12,5,user_hand,oppo_6,user_hand oppo_hand,"user_hand: log_only=[] engine_only=[""betrayer's bargain""] ; oppo_hand: log=2 engine=3",5,3,1,0,5,4,2,0,2,0,2,0,3,ok,355
1169,1,5,2,oppo_life,oppo_3,oppo_life oppo_hand,oppo_life: log=16 engine=17 ; oppo_hand: log=3 engine=4,4,1,2,0,2,1,1,0,1,0,1,0,1,ok,155
1170,1,7,3,user_life,user_4,user_life oppo_life,user_life: log=27 engine=25 ; oppo_life: log=8 engine=10,4,2,0,0,3,3,1,0,1,0,1,0,0,ok,149
1171,1,12,3,user_hand,user_4,user_hand,user_hand: log_only=['scorching dragonfire'] engine_only=['rampaging soulrager'],6,1,2,1,3,1,0,0,2,0,0,0,1,ok,624
1172,1,17,2,user_hand,user_3,user_hand,user_hand: log_only=['saw'] engine_only=['boilerbilges ripper'],7,1,2,0,2,1,0,0,1,0,0,0,0,ok,288
1173,1,9,2,user_life,oppo_3,user_life user_creatures user_hand oppo_hand,user_life: log=19 engine=18 ; user_creatures: log_only=[] engine_only=['friendly teddy'] ; user_hand: log_only=['fear of immobility'] engine_only=[] ; oppo_hand: log=5 engine=4,6,1,1,0,2,1,0,0,1,0,0,0,0,ok,443
1174,1,11,3,user_hand,user_4,user_hand,"user_hand: log_only=['roaring furnace'] engine_only=[""duskmourn's domination""]",5,1,0,0,3,1,1,0,2,0,1,0,1,ok,305
1175,1,3,3,,,,,1,1,0,0,2,1,0,0,1,0,0,0,0,ok,39
1176,1,10,1,user_creatures,user_2,user_creatures,user_creatures: log_only=['island'] engine_only=['fear of exposure'],6,0,2,0,1,0,0,0,1,0,0,0,0,ok,456
1177,1,11,2,user_life,oppo_3,user_life user_creatures,user_life: log=18 engine=20 ; user_creatures: log_only=[] engine_only=['defiant survivor'],5,2,1,0,3,2,1,0,1,0,1,0,0,ok,205
1178,1,9,3,oppo_life,user_4,oppo_life,oppo_life: log=15 engine=16,4,2,3,0,3,3,1,0,1,0,1,0,0,ok,347
1179,1,7,1,user_hand,user_2,user_hand,user_hand: log_only=['moldering gym'] engine_only=['tunnel surveyor'],5,0,0,0,1,0,0,0,1,0,0,0,0,ok,187
1180,1,11,7,oppo_life,user_8,oppo_life user_creatures oppo_hand,oppo_life: log=11 engine=2 ; user_creatures: log_only=[] engine_only=['fear of immobility'] ; oppo_hand: log=3 engine=4,3,2,2,0,5,4,6,0,3,2,6,0,1,ok,235
1181,1,9,3,user_creatures,oppo_4,user_creatures,user_creatures: log_only=['reluctant role model'] engine_only=['gremlin tamer'],6,2,3,0,3,2,0,0,1,0,0,0,0,ok,313
1182,1,8,2,user_creatures,user_3,user_creatures user_hand,user_creatures: log_only=['plains'] engine_only=[] ; user_hand: log_only=['the mindskinner'] engine_only=['creeping peeper'],4,2,1,0,2,2,0,0,0,0,0,0,1,ok,237
1183,1,7,2,user_lands,user_3,user_lands user_hand,"user_lands: log_only=['forest'] engine_only=[] ; user_hand: log_only=['unholy annex'] engine_only=['give in to violence', 'slavering branchsnapper']",5,1,0,0,2,1,0,0,1,0,0,0,2,ok,131
1184,1,9,3,user_life,oppo_4,user_life,user_life: log=10 engine=11,4,1,0,0,2,2,0,0,1,1,0,0,0,ok,134
1185,1,8,2,user_hand,oppo_3,user_hand,"user_hand: log_only=[] engine_only=[""don't make a sound""]",4,0,0,0,2,0,0,0,2,0,0,0,1,ok,227
1186,1,11,3,oppo_life,user_4,oppo_life,oppo_life: log=16 engine=17,7,2,2,0,3,2,1,0,1,0,1,0,1,ok,410
1187,1,10,2,user_hand,oppo_3,user_hand,user_hand: log_only=['swamp'] engine_only=['final vengeance'],5,1,2,0,2,1,0,0,1,0,0,0,0,ok,221
1188,1,11,2,user_hand,user_3,user_hand,user_hand: log_only=['irreverent gremlin'] engine_only=['underwater tunnel'],4,1,0,0,2,1,0,0,1,0,0,0,0,ok,314
1189,1,12,2,user_creatures,user_3,user_creatures,user_creatures: log_only=['floodpits drowner'] engine_only=['tunnel surveyor'],8,0,2,0,2,0,0,0,2,0,0,0,0,ok,320
1190,1,9,3,user_life,oppo_4,user_life,user_life: log=15 engine=18,6,2,3,0,4,2,1,0,2,0,1,0,0,ok,226
1191,1,12,3,user_creatures,oppo_4,user_creatures,user_creatures: log_only=[] engine_only=['dissection tools'],5,0,5,0,3,0,0,0,3,0,0,0,0,ok,521
1192,1,14,3,user_creatures,oppo_4,user_creatures,user_creatures: log_only=['glimmerlight'] engine_only=['twist reality'],4,1,5,0,4,1,0,0,3,0,0,0,0,ok,325
1193,1,11,3,user_lands,user_4,user_lands user_creatures user_hand,user_lands: log_only=['island'] engine_only=[] ; user_creatures: log_only=['wary watchdog'] engine_only=['vanish from sight'] ; user_hand: log_only=[] engine_only=['cryptid inspector'],4,1,1,0,3,1,1,0,2,0,1,0,1,ok,217
1194,1,7,3,user_creatures,oppo_4,user_creatures,user_creatures: log_only=['razorkin needlehead'] engine_only=[],3,1,2,0,4,1,3,0,3,0,3,0,0,ok,136
1195,1,10,6,oppo_life,user_7,oppo_life user_lands user_creatures,oppo_life: log=18 engine=16 ; user_lands: log_only=['mountain'] engine_only=[] ; user_creatures: log_only=['diversion specialist'] engine_only=['friendly teddy'],5,2,3,1,6,3,0,0,4,0,0,0,2,ok,206
1196,1,6,3,oppo_life,user_4,oppo_life user_creatures,"oppo_life: log=14 engine=13 ; user_creatures: log_only=['gremlin', 'gremlin'] engine_only=[]",4,2,0,0,3,2,2,0,1,0,2,0,0,ok,108
1197,1,10,2,user_creatures,user_3,user_creatures,user_creatures: log_only=['glassworks'] engine_only=['glimmerburst'],4,0,3,1,2,1,0,0,2,0,0,0,0,ok,193
1198,1,13,4,user_creatures,user_5,user_creatures oppo_hand,user_creatures: log_only=[] engine_only=['most valuable slayer'] ; oppo_hand: log=1 engine=2,9,2,0,0,4,2,0,0,2,0,0,0,2,ok,658
1199,1,12,2,user_creatures,oppo_3,user_creatures oppo_hand,user_creatures: log_only=[] engine_only=['popular egotist'] ; oppo_hand: log=5 engine=6,5,2,1,0,3,2,1,0,1,0,1,0,1,ok,357
1200,1,9,1,user_hand,user_2,user_hand,user_hand: log_only=['twist reality'] engine_only=['island'],8,0,2,0,1,0,0,0,1,0,0,0,0,ok,1568
1201,1,10,3,user_creatures,user_4,user_creatures,"user_creatures: log_only=['derelict attic'] engine_only=[""victor, valgavoth's seneschal""]",6,2,1,0,3,2,2,0,1,0,2,0,0,ok,581
1202,1,9,1,user_noncreatures,oppo_2,user_noncreatures user_hand,user_noncreatures: log_only=['bear trap'] engine_only=[] ; user_hand: log_only=[] engine_only=['bear trap'],4,0,1,0,1,0,0,0,1,0,0,0,0,ok,490
1203,1,10,2,user_creatures,user_3,user_creatures user_hand,"user_creatures: log_only=['glimmer', 'tunnel surveyor'] engine_only=[] ; user_hand: log_only=[] engine_only=['tunnel surveyor']",3,1,2,0,2,1,0,0,1,0,0,0,1,ok,518
1204,1,6,2,oppo_life,user_3,oppo_life user_creatures oppo_hand,oppo_life: log=17 engine=15 ; user_creatures: log_only=[] engine_only=['hand that feeds'] ; oppo_hand: log=6 engine=7,5,2,0,0,2,2,2,0,0,0,2,0,1,ok,291
1205,1,8,2,user_creatures,user_3,user_creatures,user_creatures: log_only=['house cartographer'] engine_only=[],6,2,1,0,2,2,0,0,0,0,0,0,1,ok,312
1206,1,7,3,oppo_hand,oppo_4,oppo_hand,oppo_hand: log=3 engine=4,3,2,0,0,3,2,1,0,1,0,1,0,1,ok,291
1207,1,11,2,oppo_hand,oppo_3,oppo_hand,oppo_hand: log=3 engine=4,6,1,3,0,2,1,0,0,1,0,0,0,1,ok,502
1208,1,12,2,user_hand,user_3,user_hand,"user_hand: log_only=['vanish from sight', 'wary watchdog'] engine_only=['osseous sticktwister', 'slavering branchsnapper']",5,1,1,0,2,1,0,0,1,0,0,0,1,ok,447
1209,1,9,2,user_hand,oppo_3,user_hand,"user_hand: log_only=[] engine_only=[""don't make a sound""]",2,0,4,0,3,0,0,0,3,0,0,0,1,ok,272
1210,1,10,3,user_hand,user_4,user_hand,user_hand: log_only=['tunnel surveyor'] engine_only=['island'],7,2,1,0,3,2,1,0,1,0,1,0,1,ok,551
1211,1,11,1,user_hand,user_2,user_hand,user_hand: log_only=['forest'] engine_only=['piggy bank'],6,1,3,0,1,1,0,0,0,0,0,0,0,ok,431
1212,1,8,2,user_creatures,oppo_3,user_creatures user_hand,user_creatures: log_only=['floodpits drowner'] engine_only=[] ; user_hand: log_only=[] engine_only=['floodpits drowner'],4,0,2,0,2,0,0,0,2,0,0,0,0,ok,200
1213,1,9,3,user_creatures,user_4,user_creatures,user_creatures: log_only=['plains'] engine_only=['scorching dragonfire'],5,0,0,0,3,0,0,0,3,0,0,0,1,ok,355
1214,1,10,1,user_hand,user_2,user_hand,user_hand: log_only=['smoky lounge'] engine_only=['vanish from sight'],4,1,0,0,1,1,0,0,0,0,0,0,1,ok,413
1215,1,8,2,user_hand,user_3,user_hand,user_hand: log_only=['swamp'] engine_only=[],4,1,2,0,2,1,0,0,1,0,0,0,0,ok,261
1216,1,5,2,user_hand,user_3,user_hand,user_hand: log_only=['unstoppable slasher'] engine_only=['fear of the dark'],3,0,0,0,2,0,0,0,2,0,0,0,0,ok,115
1217,1,9,4,user_creatures,user_5,user_creatures,user_creatures: log_only=[] engine_only=['fear of being hunted'],6,4,2,0,4,4,4,0,0,0,4,0,0,ok,377
1218,1,8,4,user_life,oppo_5,user_life user_noncreatures user_hand,user_life: log=18 engine=16 ; user_noncreatures: log_only=['unable to scream'] engine_only=[] ; user_hand: log_only=[] engine_only=['unable to scream'],4,3,3,1,5,4,1,0,2,0,1,0,0,ok,240
1219,1,11,1,user_hand,user_2,user_hand,user_hand: log_only=['stalked researcher'] engine_only=['erratic apparition'],3,1,2,0,1,1,0,0,0,0,0,0,1,ok,375
1220,1,6,3,user_life,oppo_4,user_life,user_life: log=16 engine=17,3,1,0,0,3,1,0,0,2,0,0,0,1,ok,182
1221,1,14,3,user_lands,user_4,user_lands user_hand,user_lands: log_only=['plains'] engine_only=[] ; user_hand: log_only=[] engine_only=['shepherding spirits'],8,2,1,0,3,2,1,1,1,0,1,1,1,ok,593
1222,1,9,1,user_creatures,user_2,user_creatures,user_creatures: log_only=['orphans of the wheat'] engine_only=['dissection tools'],5,1,2,0,1,1,1,0,0,0,1,0,0,ok,287
1223,1,8,3,user_creatures,user_4,user_creatures,"user_creatures: log_only=['forest'] engine_only=['tyvar, the pummeler']",4,2,1,0,3,2,0,0,1,0,0,0,0,ok,250
1224,1,8,4,user_life,oppo_5,user_life,user_life: log=15 engine=18,6,4,2,1,4,5,1,0,0,0,1,0,2,ok,389
1225,1,6,2,oppo_life,user_3,oppo_life user_lands user_creatures,oppo_life: log=12 engine=9 ; user_lands: log_only=['mountain'] engine_only=[] ; user_creatures: log_only=['mountain'] engine_only=[],6,2,1,0,2,2,3,0,0,0,3,0,1,ok,108
1226,1,8,2,user_creatures,oppo_3,user_creatures,"user_creatures: log_only=['patchwork beastie', 'piggy bank'] engine_only=[]",4,1,2,0,3,1,1,0,2,0,1,0,0,ok,193
1227,1,8,1,user_noncreatures,user_2,user_noncreatures user_hand,"user_noncreatures: log_only=['overlord of the balemurk'] engine_only=[] ; user_hand: log_only=['swamp'] engine_only=['bashful beastie', 'overlord of the balemurk']",7,1,1,0,1,1,0,0,0,0,0,0,1,ok,178
1228,1,6,2,user_life,oppo_3,user_life,user_life: log=16 engine=18,4,1,2,1,2,1,0,0,1,0,0,0,1,ok,177
1229,1,10,7,oppo_life,user_8,oppo_life,oppo_life: log=17 engine=18,7,5,1,0,6,9,0,3,1,1,0,3,1,ok,387
1230,1,3,2,oppo_hand,oppo_3,oppo_hand,oppo_hand: log=8 engine=7,3,3,0,0,3,3,3,0,0,0,3,0,0,ok,51
1231,1,9,1,user_hand,user_2,user_hand,user_hand: log_only=['unsettling twins'] engine_only=['final vengeance'],5,0,3,0,1,0,0,0,1,0,0,0,0,ok,257
1232,1,8,2,oppo_hand,oppo_3,oppo_hand,oppo_hand: log=7 engine=6,5,1,2,0,3,1,1,0,2,0,1,0,0,ok,267
1233,1,9,3,user_creatures,user_4,user_creatures,user_creatures: log_only=['inquisitive glimmer'] engine_only=['stalked researcher'],5,2,2,0,3,2,1,0,1,0,1,0,1,ok,256
1234,1,9,2,user_creatures,user_3,user_creatures oppo_hand,"user_creatures: log_only=['tunnel surveyor'] engine_only=['clammy prowler', 'gremlin', 'gremlin tamer'] ; oppo_hand: log=5 engine=4",5,1,1,0,2,1,0,0,1,0,0,0,0,ok,289
1235,1,7,2,user_hand,user_3,user_hand,user_hand: log_only=['swamp'] engine_only=['say its name'],6,1,0,0,2,1,0,0,1,0,0,0,0,ok,152
1236,1,6,3,oppo_hand,oppo_4,oppo_hand,oppo_hand: log=4 engine=3,5,3,0,0,3,3,0,0,0,0,0,0,0,ok,231
1237,1,7,3,oppo_hand,oppo_4,oppo_hand,oppo_hand: log=5 engine=6,4,3,1,1,4,4,0,0,1,0,0,0,2,ok,138
1238,1,9,5,user_life,oppo_6,user_life oppo_life,user_life: log=14 engine=15 ; oppo_life: log=15 engine=14,6,4,1,1,4,6,3,0,1,0,3,0,0,ok,302
1239,1,10,2,user_creatures,user_3,user_creatures user_hand,user_creatures: log_only=['scrabbling skullcrab'] engine_only=[] ; user_hand: log_only=[] engine_only=['plains'],5,1,2,1,2,2,0,0,1,0,0,0,2,ok,589
1240,1,8,2,user_hand,oppo_3,user_hand,"user_hand: log_only=[] engine_only=[""don't make a sound""]",3,0,1,0,2,0,0,0,2,0,0,0,1,ok,185
1241,1,6,3,oppo_hand,oppo_4,oppo_hand,oppo_hand: log=5 engine=4,4,3,1,0,4,5,4,0,1,0,4,0,0,ok,120
1242,1,6,2,user_creatures,user_3,user_creatures,user_creatures: log_only=['wary watchdog'] engine_only=['glimmerburst'],3,0,2,0,2,0,0,0,2,0,0,0,0,ok,104
1243,1,10,4,user_life,oppo_5,user_life,user_life: log=16 engine=18,7,2,2,1,4,2,0,0,2,0,0,0,0,ok,244
1244,1,13,2,user_hand,oppo_3,user_hand,"user_hand: log_only=[] engine_only=[""don't make a sound""]",7,0,2,0,2,0,0,0,2,0,0,0,1,ok,450
1245,1,4,4,,,,,1,1,0,0,3,1,0,0,2,0,0,0,0,ok,30
1246,1,9,5,oppo_life,user_6,oppo_life user_creatures,oppo_life: log=19 engine=18 ; user_creatures: log_only=['swamp'] engine_only=['glassworks'],5,3,1,0,5,3,1,0,2,0,1,0,0,ok,230
1247,1,12,2,user_creatures,user_3,user_creatures oppo_hand,"user_creatures: log_only=[] engine_only=['glimmer', 'tunnel surveyor'] ; oppo_hand: log=4 engine=5",9,1,1,0,2,1,0,0,1,0,0,0,0,ok,444
1248,1,9,1,user_creatures,oppo_2,user_creatures,user_creatures: log_only=['island'] engine_only=['meat locker'],6,1,0,0,2,1,1,0,1,0,1,0,0,ok,273
1249,1,9,2,oppo_life,user_3,oppo_life,oppo_life: log=18 engine=19,5,2,0,0,2,2,0,0,0,0,0,0,0,ok,322
1250,1,12,2,oppo_hand,oppo_3,oppo_hand,oppo_hand: log=3 engine=2,7,1,1,0,2,1,0,0,1,0,0,0,0,ok,227
1251,1,12,2,user_life,oppo_3,user_life user_hand,user_life: log=20 engine=19 ; user_hand: log_only=[] engine_only=['seized from slumber'],5,0,5,0,2,0,0,0,2,0,0,0,1,ok,440
1252,1,8,4,user_creatures,oppo_5,user_creatures user_hand,user_creatures: log_only=['the wandering rescuer'] engine_only=[] ; user_hand: log_only=[] engine_only=['the wandering rescuer'],4,3,0,0,4,3,1,0,1,0,1,0,0,ok,219
1253,1,7,3,oppo_hand,oppo_4,oppo_hand,oppo_hand: log=6 engine=5,0,0,2,0,3,1,0,0,3,1,0,0,0,ok,150
1254,1,9,3,user_creatures,oppo_4,user_creatures,user_creatures: log_only=['piggy bank'] engine_only=['irreverent gremlin'],7,2,1,0,3,2,1,0,1,0,1,0,0,ok,259
1255,1,7,3,user_life,oppo_4,user_life,user_life: log=16 engine=18,3,2,0,0,3,2,1,1,1,0,1,1,1,ok,249
1256,1,10,4,user_life,oppo_5,user_life user_creatures,user_life: log=16 engine=17 ; user_creatures: log_only=['razorkin hordecaller'] engine_only=['most valuable slayer'],4,3,3,1,5,3,3,0,2,0,3,0,0,ok,346
1257,1,6,4,user_life,oppo_5,user_life oppo_hand,user_life: log=7 engine=8 ; oppo_hand: log=2 engine=3,3,1,1,0,3,1,0,1,2,0,0,1,4,ok,156
1258,1,13,3,user_creatures,user_4,user_creatures user_noncreatures,user_creatures: log_only=['unidentified hovership'] engine_only=[] ; user_noncreatures: log_only=[] engine_only=['unidentified hovership'],6,1,1,0,3,1,0,0,2,0,0,0,0,ok,512
1259,1,4,3,user_lands,user_4,user_lands user_hand,user_lands: log_only=['terramorphic expanse'] engine_only=[] ; user_hand: log_only=[] engine_only=['trial of agony'],2,1,0,0,2,2,1,0,1,1,1,0,3,ok,72
1260,1,5,2,user_life,oppo_3,user_life user_creatures oppo_hand,user_life: log=16 engine=18 ; user_creatures: log_only=[] engine_only=['stalked researcher'] ; oppo_hand: log=4 engine=3,2,1,0,0,2,1,0,0,1,0,0,0,0,ok,105
1261,1,6,2,oppo_life,user_3,oppo_life,oppo_life: log=10 engine=13,5,2,0,0,2,2,1,0,0,0,1,0,0,ok,147
1262,1,9,2,user_creatures,user_3,user_creatures,user_creatures: log_only=['insidious fungus'] engine_only=['rootwise survivor'],4,0,2,1,2,1,0,0,2,0,0,0,0,ok,281
1263,1,8,3,user_lands,user_4,user_lands user_creatures user_hand,"user_lands: log_only=['swamp'] engine_only=[] ; user_creatures: log_only=['broodspinner'] engine_only=[] ; user_hand: log_only=[] engine_only=['broodspinner', 'flesh burrower']",6,2,0,0,3,2,0,0,1,0,0,0,2,ok,194
1264,1,8,2,user_creatures,user_3,user_creatures,user_creatures: log_only=['hand that feeds'] engine_only=['fear of burning alive'],5,1,2,0,2,1,0,0,1,0,0,0,0,ok,187
1265,1,10,3,user_creatures,user_4,user_creatures,user_creatures: log_only=['vicious clown'] engine_only=['fear of immobility'],6,2,1,1,3,2,1,0,1,0,1,0,0,ok,308
1266,1,8,2,user_creatures,oppo_3,user_creatures,user_creatures: log_only=[] engine_only=['silent hallcreeper'],5,1,2,0,3,1,1,0,2,0,1,0,0,ok,183
1267,1,9,2,user_lands,user_3,user_lands,user_lands: log_only=['island'] engine_only=['swamp'],6,0,1,0,2,0,0,0,2,0,0,0,0,ok,303
1268,1,12,1,oppo_hand,oppo_2,oppo_hand,oppo_hand: log=7 engine=6,5,1,0,0,2,1,0,0,1,0,0,0,0,ok,389
1269,1,9,4,oppo_hand,oppo_5,oppo_hand,oppo_hand: log=0 engine=1,4,2,1,1,3,3,4,0,1,0,4,0,2,ok,190
1270,1,13,1,user_hand,user_2,user_hand,user_hand: log_only=['forest'] engine_only=['bashful beastie'],10,0,1,0,1,0,0,0,1,0,0,0,0,ok,351
1271,1,8,2,oppo_life,user_3,oppo_life,oppo_life: log=19 engine=20,5,1,1,0,2,1,0,0,1,0,0,0,0,ok,194
1272,1,10,1,user_hand,oppo_2,user_hand,user_hand: log_only=['mountain'] engine_only=['bedhead beastie'],2,0,3,0,2,0,0,0,2,0,0,0,0,ok,180
1273,1,6,1,user_hand,user_2,user_hand,user_hand: log_only=['broodspinner'] engine_only=['wary watchdog'],4,0,1,0,1,0,0,0,1,0,0,0,0,ok,196
1274,1,7,1,oppo_life,user_2,oppo_life user_hand,oppo_life: log=18 engine=20 ; user_hand: log_only=['swamp'] engine_only=['vile mutilator'],5,0,0,0,1,0,0,0,1,0,0,0,0,ok,125
1275,1,10,4,user_creatures,user_5,user_creatures,user_creatures: log_only=['twitching doll'] engine_only=['toy'],6,3,1,1,4,4,0,0,1,0,0,0,0,ok,256
1276,1,10,3,user_life,oppo_4,user_life oppo_life user_noncreatures oppo_hand,user_life: log=18 engine=16 ; oppo_life: log=22 engine=20 ; user_noncreatures: log_only=[] engine_only=['bear trap'] ; oppo_hand: log=3 engine=4,6,1,2,0,3,1,0,0,2,0,0,0,3,ok,397
1277,1,10,5,oppo_life,user_6,oppo_life,oppo_life: log=10 engine=12,6,4,2,1,5,4,2,0,1,0,2,0,0,ok,273
1278,1,11,2,user_lands,user_3,user_lands user_creatures user_hand,user_lands: log_only=['swamp'] engine_only=[] ; user_creatures: log_only=['spineseeker centipede'] engine_only=[] ; user_hand: log_only=[] engine_only=['spineseeker centipede'],6,1,4,0,2,1,0,0,1,0,0,0,2,ok,269
1279,1,15,5,oppo_life,user_6,oppo_life user_creatures user_noncreatures user_hand,oppo_life: log=18 engine=20 ; user_creatures: log_only=['spirit'] engine_only=[] ; user_noncreatures: log_only=[] engine_only=['glassworks'] ; user_hand: log_only=['underwater tunnel'] engine_only=[],9,4,0,0,4,5,2,0,1,0,2,0,0,ok,315
1280,1,8,4,user_creatures,user_5,user_creatures,"user_creatures: log_only=['mountain'] engine_only=[""shardmage's rescue""]",5,3,1,1,4,3,2,0,1,0,2,0,0,ok,200
1281,1,10,4,user_noncreatures,user_5,user_noncreatures user_hand,user_noncreatures: log_only=['unidentified hovership'] engine_only=[] ; user_hand: log_only=[] engine_only=['unidentified hovership'],6,3,0,0,4,3,5,0,1,0,5,0,1,ok,198
1282,1,10,2,user_creatures,user_3,user_creatures user_hand,user_creatures: log_only=['most valuable slayer'] engine_only=['screaming nemesis'] ; user_hand: log_only=['most valuable slayer'] engine_only=['forest'],6,1,1,0,2,1,0,0,1,0,0,0,0,ok,226
1283,1,9,3,user_creatures,oppo_4,user_creatures,user_creatures: log_only=['fear of surveillance'] engine_only=['gremlin tamer'],5,2,0,0,3,2,1,0,1,0,1,0,0,ok,268
1284,1,16,5,user_creatures,user_6,user_creatures user_hand,user_creatures: log_only=['clockwork percussionist'] engine_only=[] ; user_hand: log_only=[] engine_only=['island'],8,3,3,1,5,3,1,2,2,0,1,2,2,ok,519
1285,1,9,6,oppo_hand,oppo_7,oppo_hand,oppo_hand: log=5 engine=3,5,3,2,1,6,3,1,0,3,0,1,0,1,ok,409
1286,1,11,4,user_creatures,user_5,user_creatures,user_creatures: log_only=['hand that feeds'] engine_only=['ticket booth'],7,3,0,0,4,3,5,0,1,0,5,0,0,ok,248
1287,1,10,3,oppo_life,user_4,oppo_life user_hand,oppo_life: log=10 engine=12 ; user_hand: log_only=['trial of agony'] engine_only=['plains'],6,3,0,0,3,4,3,0,0,0,3,0,1,ok,250
1288,1,10,4,user_hand,oppo_5,user_hand,user_hand: log_only=[] engine_only=['shroudstomper'],6,3,1,1,4,3,1,0,1,0,1,0,0,ok,229
1289,1,10,2,oppo_life,oppo_3,oppo_life,oppo_life: log=20 engine=19,4,2,2,0,3,2,0,0,1,0,0,0,0,ok,156
1290,1,13,2,user_hand,user_3,user_hand,user_hand: log_only=['defiant survivor'] engine_only=['withering torment'],8,1,1,0,2,1,0,0,1,0,0,0,0,ok,293
1291,1,6,3,oppo_hand,oppo_4,oppo_hand,oppo_hand: log=2 engine=3,3,1,2,0,3,1,1,0,2,0,1,0,3,ok,119
1292,1,9,2,user_creatures,user_3,user_creatures,user_creatures: log_only=['glimmer'] engine_only=[],4,1,1,0,2,1,0,0,1,0,0,0,0,ok,182
1293,1,9,2,user_creatures,oppo_3,user_creatures user_hand,user_creatures: log_only=['floodpits drowner'] engine_only=[] ; user_hand: log_only=[] engine_only=['floodpits drowner'],3,0,3,0,2,0,0,0,2,0,0,0,0,ok,271
1294,1,9,3,user_creatures,user_4,user_creatures,user_creatures: log_only=['clockwork percussionist'] engine_only=['midnight mayhem'],5,2,2,0,3,2,1,0,1,0,1,0,0,ok,276
1295,1,9,3,user_creatures,oppo_4,user_creatures,user_creatures: log_only=[] engine_only=['tunnel surveyor'],4,3,2,1,4,4,0,0,1,0,0,0,1,ok,280
1296,1,6,2,user_creatures,user_3,user_creatures,user_creatures: log_only=['the wandering rescuer'] engine_only=[],5,2,1,0,2,2,2,0,0,0,2,0,0,ok,126
1297,1,8,1,user_hand,user_2,user_hand,user_hand: log_only=['bottomless pool'] engine_only=['glimmerlight'],4,0,1,0,1,0,0,0,1,0,0,0,0,ok,238
1298,1,7,2,oppo_life,user_3,oppo_life,oppo_life: log=18 engine=19,2,1,1,0,2,1,0,0,1,0,0,0,0,ok,109
1299,1,14,2,user_hand,oppo_3,user_hand,user_hand: log_only=['plains'] engine_only=['shepherding spirits'],7,1,1,0,2,1,1,0,1,0,1,0,0,ok,256
1300,1,9,2,user_creatures,user_3,user_creatures user_hand,user_creatures: log_only=['osseous sticktwister'] engine_only=[] ; user_hand: log_only=[] engine_only=['floodpits drowner'],5,2,1,0,2,2,0,0,0,0,0,0,2,ok,1601
1301,1,7,1,user_hand,user_2,user_hand,user_hand: log_only=['balustrade wurm'] engine_only=['swamp'],4,1,0,0,1,1,0,0,0,0,0,0,0,ok,432
1302,1,7,2,user_life,oppo_3,user_life,user_life: log=16 engine=18,2,0,0,0,2,0,0,0,2,0,0,0,0,ok,335
1303,1,9,4,oppo_hand,oppo_5,oppo_hand,oppo_hand: log=4 engine=3,5,3,0,0,4,3,0,0,1,0,0,0,0,ok,514
1304,1,8,2,user_hand,user_3,user_hand,user_hand: log_only=['terramorphic expanse'] engine_only=['cult healer'],6,2,0,0,2,2,0,0,0,0,0,0,1,ok,459
1305,1,7,3,user_life,user_4,user_life oppo_life user_creatures,"user_life: log=22 engine=23 ; oppo_life: log=8 engine=11 ; user_creatures: log_only=['appendage amalgam', 'fear of lost teeth'] engine_only=[]",4,2,2,0,3,2,3,0,1,0,3,0,0,ok,295
1306,1,7,5,oppo_life,oppo_6,oppo_life user_creatures oppo_hand,oppo_life: log=23 engine=24 ; user_creatures: log_only=['fear of abduction'] engine_only=['plains'] ; oppo_hand: log=2 engine=1,4,4,0,0,5,4,0,1,1,0,0,1,0,ok,257
1307,1,11,2,user_hand,oppo_3,user_hand,user_hand: log_only=['forest'] engine_only=['slavering branchsnapper'],5,0,0,0,2,0,0,0,2,0,0,0,0,ok,420
1308,1,9,1,user_hand,user_2,user_hand,user_hand: log_only=['island'] engine_only=['hauntwoods shrieker'],5,1,2,0,1,1,0,0,0,0,0,0,0,ok,687
1309,1,9,5,user_life,oppo_6,user_life,user_life: log=14 engine=17,5,3,1,0,4,5,1,0,1,1,1,0,7,ok,471
1310,1,8,3,user_life,user_4,user_life oppo_life,user_life: log=24 engine=25 ; oppo_life: log=16 engine=15,4,2,5,1,3,2,1,0,1,0,1,0,0,ok,328
1311,1,11,1,user_hand,user_2,user_hand,"user_hand: log_only=['razorkin needlehead'] engine_only=['altanak, the thrice-called']",7,1,1,0,1,1,0,0,0,0,0,0,0,ok,323
1312,1,9,2,user_creatures,user_3,user_creatures,user_creatures: log_only=['splitskin doll'] engine_only=[],6,1,1,0,2,1,0,0,1,0,0,0,0,ok,358
1313,1,12,2,oppo_life,user_3,oppo_life user_creatures oppo_hand,oppo_life: log=20 engine=18 ; user_creatures: log_only=[] engine_only=['ragged playmate'] ; oppo_hand: log=4 engine=5,7,1,3,0,2,1,0,0,1,0,0,0,1,ok,366
1314,1,5,2,user_hand,oppo_3,user_hand,user_hand: log_only=['swamp'] engine_only=['spectral snatcher'],0,0,0,0,2,0,0,0,2,0,0,0,0,ok,117
1315,1,8,4,oppo_life,user_5,oppo_life user_lands user_hand,oppo_life: log=16 engine=12 ; user_lands: log_only=['island'] engine_only=[] ; user_hand: log_only=[] engine_only=['daggermaw megalodon'],6,3,0,0,4,3,1,0,1,0,1,0,2,ok,321
1316,1,11,2,user_lands,user_3,user_lands user_noncreatures user_hand,user_lands: log_only=['island'] engine_only=[] ; user_noncreatures: log_only=[] engine_only=['glimmerlight'] ; user_hand: log_only=['glimmerlight'] engine_only=['island'],6,1,1,0,2,1,0,0,1,0,0,0,0,ok,400
1317,1,11,2,user_creatures,user_3,user_creatures,user_creatures: log_only=[] engine_only=['insidious fungus'],5,1,2,0,2,1,0,0,1,0,0,0,0,ok,410
1318,1,9,2,user_creatures,user_3,user_creatures,user_creatures: log_only=['plains'] engine_only=['grand entryway'],4,1,0,0,2,1,0,0,1,0,0,0,0,ok,283
1319,1,8,4,user_creatures,oppo_5,user_creatures user_hand,user_creatures: log_only=['most valuable slayer'] engine_only=[] ; user_hand: log_only=[] engine_only=['jump scare'],5,4,0,0,5,4,4,0,1,0,4,0,1,ok,288
1320,1,18,2,user_hand,oppo_3,user_hand,"user_hand: log_only=[] engine_only=[""don't make a sound""]",6,0,4,0,2,0,0,0,2,0,0,0,1,ok,358
1321,1,9,3,oppo_hand,oppo_4,oppo_hand,oppo_hand: log=4 engine=3,6,3,1,0,3,3,1,0,0,0,1,0,0,ok,303
1322,1,8,2,user_creatures,oppo_3,user_creatures,user_creatures: log_only=['most valuable slayer'] engine_only=['glimmer'],5,2,1,0,3,2,0,0,1,0,0,0,1,ok,197
1323,1,7,4,user_life,oppo_5,user_life,user_life: log=12 engine=15,3,1,1,0,3,1,1,0,2,0,1,0,1,ok,208
1324,1,15,6,user_noncreatures,user_7,user_noncreatures oppo_hand,user_noncreatures: log_only=['derelict attic'] engine_only=['nowhere to run'] ; oppo_hand: log=3 engine=2,5,3,0,0,6,4,2,0,3,0,2,0,0,ok,1057
1325,1,7,1,user_creatures,user_2,user_creatures,"user_creatures: log_only=['forest'] engine_only=[""painter's studio""]",6,0,0,0,1,0,0,0,1,0,0,0,0,ok,225
1326,1,9,5,oppo_life,user_6,oppo_life user_creatures,oppo_life: log=10 engine=8 ; user_creatures: log_only=['hand that feeds'] engine_only=['surgical suite'],5,2,2,0,3,3,2,0,1,1,2,0,0,ok,262
1327,1,7,4,user_hand,oppo_5,user_hand,"user_hand: log_only=['island', 'plains'] engine_only=[""don't make a sound"", 'get out']",5,2,3,0,4,2,3,0,2,0,3,0,1,ok,247
1328,1,9,1,user_noncreatures,user_2,user_noncreatures user_hand,user_noncreatures: log_only=[] engine_only=['keys to the house'] ; user_hand: log_only=['plains'] engine_only=[],7,1,3,0,1,1,0,0,0,0,0,0,0,ok,292
1329,1,13,4,user_life,oppo_5,user_life,user_life: log=13 engine=14,7,4,2,0,4,5,0,0,0,0,0,0,0,ok,441
1330,1,9,2,oppo_life,user_3,oppo_life user_creatures user_hand oppo_hand,"oppo_life: log=20 engine=18 ; user_creatures: log_only=['island'] engine_only=['house cartographer', 'under the skin'] ; user_hand: log_only=[] engine_only=['strangled cemetery'] ; oppo_hand: log=5 engine=6",6,1,1,0,2,1,0,0,1,0,0,0,1,ok,272
1331,1,8,3,user_creatures,user_4,user_creatures,user_creatures: log_only=['swamp'] engine_only=['resurrected cultist'],5,1,1,0,3,1,0,0,2,0,0,0,0,ok,154
1332,1,9,2,user_hand,user_3,user_hand,user_hand: log_only=['unsettling twins'] engine_only=['fear of isolation'],5,1,0,0,2,1,0,0,1,0,0,0,1,ok,296
1333,1,9,1,user_hand,oppo_2,user_hand,user_hand: log_only=['swamp'] engine_only=['spectral snatcher'],6,0,1,0,2,0,0,0,2,0,0,0,0,ok,231
1334,1,10,1,user_hand,oppo_2,user_hand,user_hand: log_only=['forest'] engine_only=['slavering branchsnapper'],8,0,2,0,2,0,0,0,2,0,0,0,0,ok,199
1335,1,6,3,oppo_hand,user_4,oppo_hand,oppo_hand: log=5 engine=6,1,1,2,0,3,1,0,0,2,0,0,0,0,ok,78
1336,1,11,2,user_life,oppo_3,user_life user_creatures user_noncreatures user_hand,user_life: log=18 engine=17 ; user_creatures: log_only=['unable to scream'] engine_only=[] ; user_noncreatures: log_only=['growing dread'] engine_only=[] ; user_hand: log_only=[] engine_only=['growing dread'],3,0,3,0,2,0,0,0,2,0,0,0,1,ok,257
1337,1,10,1,user_hand,user_2,user_hand,user_hand: log_only=['vanish from sight'] engine_only=['forest'],8,0,1,0,1,0,0,0,1,0,0,0,0,ok,366
1338,1,9,3,user_hand,oppo_4,user_hand,"user_hand: log_only=[] engine_only=[""don't make a sound""]",4,2,2,0,4,2,3,0,2,0,3,0,1,ok,211
1339,1,17,2,oppo_life,oppo_3,oppo_life,oppo_life: log=20 engine=19,9,2,2,0,2,2,0,0,0,0,0,0,0,ok,454
1340,1,7,3,user_hand,user_4,user_hand,user_hand: log_only=['bashful beastie'] engine_only=['horrid vigor'],5,2,2,1,3,2,0,0,1,0,0,0,1,ok,146
1341,1,10,3,user_life,oppo_4,user_life,user_life: log=17 engine=18,6,1,0,0,3,1,0,0,2,0,0,0,0,ok,242
1342,1,8,1,user_lands,oppo_2,user_lands user_hand,"user_lands: log_only=['terramorphic expanse'] engine_only=[] ; user_hand: log_only=[] engine_only=['altanak, the thrice-called']",6,0,0,0,2,0,0,0,2,0,0,0,0,ok,226
1343,1,11,1,user_hand,user_2,user_hand,user_hand: log_only=['moldering gym'] engine_only=['terramorphic expanse'],7,0,1,0,1,0,0,0,1,0,0,0,0,ok,224
1344,1,8,2,user_creatures,user_3,user_creatures user_hand,user_creatures: log_only=['razorkin hordecaller'] engine_only=['mountain'] ; user_hand: log_only=['mountain'] engine_only=[],6,2,1,0,2,2,2,0,0,0,2,0,0,ok,422
1345,1,10,4,user_creatures,oppo_5,user_creatures,user_creatures: log_only=['grand entryway'] engine_only=['the mindskinner'],4,1,3,0,3,1,0,0,2,0,0,0,2,ok,272
1346,1,8,3,user_noncreatures,user_4,user_noncreatures,user_noncreatures: log_only=[] engine_only=['cracked skull'],5,2,3,1,3,2,0,0,1,0,0,0,0,ok,211
1347,1,7,2,user_creatures,user_3,user_creatures user_hand,"user_creatures: log_only=['norin, swift survivalist'] engine_only=[] ; user_hand: log_only=[] engine_only=['norin, swift survivalist']",5,1,2,0,2,1,0,0,1,0,0,0,1,ok,181
1348,1,10,3,oppo_hand,oppo_4,oppo_hand,oppo_hand: log=3 engine=4,4,3,2,1,4,3,0,0,1,0,0,0,1,ok,207
1349,1,5,3,oppo_hand,oppo_4,oppo_hand,oppo_hand: log=4 engine=3,2,2,1,0,4,2,0,0,2,0,0,0,0,ok,107
1350,1,7,3,user_life,oppo_4,user_life,user_life: log=11 engine=15,5,2,0,0,3,2,0,1,1,0,0,1,1,ok,206
1351,1,11,2,user_lands,user_3,user_lands user_hand,user_lands: log_only=['plains'] engine_only=[] ; user_hand: log_only=[] engine_only=['shepherding spirits'],5,1,2,0,2,1,0,0,1,0,0,0,1,ok,548
1352,1,14,3,user_creatures,user_4,user_creatures,user_creatures: log_only=['forest'] engine_only=['cryptid inspector'],6,0,2,1,2,1,0,0,2,0,0,0,0,ok,430
1353,1,11,2,user_life,oppo_3,user_life,user_life: log=18 engine=20,6,0,2,0,2,0,0,0,2,0,0,0,1,ok,270
1354,1,5,3,oppo_life,user_4,oppo_life,oppo_life: log=14 engine=15,3,2,1,0,3,2,2,0,1,0,2,0,0,ok,86
1355,1,7,2,user_creatures,user_3,user_creatures,user_creatures: log_only=['twist reality'] engine_only=['glimmerburst'],4,1,2,0,2,1,0,0,1,0,0,0,0,ok,156
1356,1,8,5,user_hand,user_6,user_hand,user_hand: log_only=['flesh burrower'] engine_only=['defiant survivor'],4,4,2,1,5,4,7,0,1,0,7,0,2,ok,145
1357,1,11,4,user_hand,user_5,user_hand,user_hand: log_only=[] engine_only=['surgical suite'],9,3,1,0,4,3,0,2,1,0,0,2,0,ok,427
1358,1,12,2,user_hand,oppo_3,user_hand,user_hand: log_only=['mountain'] engine_only=['bedhead beastie'],6,0,4,0,2,0,0,0,2,0,0,0,0,ok,405
1359,1,14,4,user_life,oppo_5,user_life user_creatures,user_life: log=20 engine=22 ; user_creatures: log_only=['grasping longneck'] engine_only=['silent hallcreeper'],7,3,1,0,4,4,0,0,1,0,0,0,0,ok,534
1360,1,6,2,user_life,oppo_3,user_life,user_life: log=17 engine=18,4,1,0,0,2,1,0,0,1,0,0,0,0,ok,143
1361,1,12,3,user_life,user_4,user_life oppo_life user_lands user_hand,user_life: log=22 engine=20 ; oppo_life: log=16 engine=18 ; user_lands: log_only=['swamp'] engine_only=[] ; user_hand: log_only=[] engine_only=['spectral snatcher'],6,2,2,1,3,2,0,0,1,0,0,0,1,ok,218
1362,1,8,3,user_hand,user_4,user_hand,user_hand: log_only=['scorching dragonfire'] engine_only=['ragged playmate'],6,2,0,0,3,2,0,0,1,0,0,0,1,ok,190
1363,1,9,2,user_creatures,user_3,user_creatures,user_creatures: log_only=['entity tracker'] engine_only=['meat locker'],6,1,1,0,2,1,0,0,1,0,0,0,0,ok,254
1364,1,8,2,user_creatures,user_3,user_creatures,"user_creatures: log_only=['tyvar, the pummeler'] engine_only=['impossible inferno']",5,0,1,0,2,0,0,0,2,0,0,0,0,ok,227
1365,1,11,2,user_lands,user_3,user_lands user_hand,user_lands: log_only=['swamp'] engine_only=[] ; user_hand: log_only=[] engine_only=['spectral snatcher'],6,1,1,0,2,1,0,0,1,0,0,0,1,ok,292
1366,1,12,3,user_creatures,user_4,user_creatures user_hand,"user_creatures: log_only=['island', 'monstrous emergence'] engine_only=['overgrown zealot'] ; user_hand: log_only=['enduring curiosity'] engine_only=['paranormal analyst']",7,2,0,0,3,2,0,0,1,0,0,0,1,ok,193
1367,1,7,2,user_hand,user_3,user_hand,user_hand: log_only=['forest'] engine_only=['swamp'],4,0,1,0,2,0,0,0,2,0,0,0,0,ok,184
1368,1,9,2,oppo_life,user_3,oppo_life user_creatures user_hand oppo_hand,oppo_life: log=20 engine=17 ; user_creatures: log_only=['spineseeker centipede'] engine_only=['wary watchdog'] ; user_hand: log_only=[] engine_only=['forest'] ; oppo_hand: log=4 engine=5,6,2,0,0,2,2,0,0,0,0,0,0,3,ok,177
1369,1,10,3,oppo_hand,oppo_4,oppo_hand,oppo_hand: log=4 engine=3,6,1,2,0,4,1,0,0,3,0,0,0,0,ok,244
1370,1,10,3,user_lands,user_4,user_lands user_hand,user_lands: log_only=['forest'] engine_only=[] ; user_hand: log_only=[] engine_only=['slavering branchsnapper'],5,2,0,0,3,2,0,1,1,0,0,1,1,ok,196
1371,1,16,2,oppo_life,user_3,oppo_life user_creatures,"oppo_life: log=20 engine=19 ; user_creatures: log_only=['peculiar lighthouse'] engine_only=['glimmer', 'underwater tunnel']",8,1,1,0,2,1,0,0,1,0,0,0,1,ok,440
1372,1,9,3,user_hand,user_4,user_hand,"user_hand: log_only=['flesh burrower'] engine_only=['winter, misanthropic guide']",6,2,2,0,3,2,1,0,1,0,1,0,0,ok,324
1373,1,6,1,user_hand,user_2,user_hand,user_hand: log_only=['anthropede'] engine_only=['island'],4,0,1,0,1,0,0,0,1,0,0,0,0,ok,105
1374,1,5,1,oppo_hand,oppo_2,oppo_hand,oppo_hand: log=6 engine=5,3,1,0,0,1,1,0,0,0,0,0,0,0,ok,94
1375,1,9,4,user_creatures,user_5,user_creatures user_hand,"user_creatures: log_only=['clammy prowler', 'gremlin'] engine_only=[] ; user_hand: log_only=[] engine_only=['tunnel surveyor']",5,3,3,0,4,3,2,0,1,0,2,0,2,ok,240
1376,1,7,1,user_hand,user_2,user_hand,user_hand: log_only=['twitching doll'] engine_only=['slavering branchsnapper'],5,0,0,0,1,0,0,0,1,0,0,0,0,ok,137
1377,1,6,4,user_lands,user_5,user_lands user_hand,"user_lands: log_only=['mountain'] engine_only=[] ; user_hand: log_only=[""betrayer's bargain""] engine_only=['swamp']",4,3,0,0,4,3,6,0,1,0,6,0,1,ok,99
1378,1,12,1,user_hand,oppo_2,user_hand,user_hand: log_only=['island'] engine_only=['daggermaw megalodon'],7,0,1,0,2,0,0,0,2,0,0,0,0,ok,301
1379,1,9,1,user_creatures,user_2,user_creatures oppo_hand,user_creatures: log_only=[] engine_only=['stalked researcher'] ; oppo_hand: log=5 engine=6,5,0,0,0,1,0,0,0,1,0,0,0,1,ok,219
1380,1,9,3,oppo_hand,oppo_4,oppo_hand,oppo_hand: log=5 engine=4,5,2,2,0,4,2,1,1,2,0,1,1,0,ok,229
1381,1,9,7,oppo_hand,oppo_8,oppo_hand,oppo_hand: log=3 engine=1,5,5,2,2,6,6,0,0,1,1,0,0,2,ok,295
1382,1,10,5,user_lands,oppo_6,user_lands user_hand,user_lands: log_only=[] engine_only=['plains'] ; user_hand: log_only=['trapped in the screen'] engine_only=[],4,3,2,0,6,3,1,0,3,0,1,0,0,ok,269
1383,1,12,4,user_creatures,user_5,user_creatures user_noncreatures user_hand,user_creatures: log_only=['cynical loner'] engine_only=[] ; user_noncreatures: log_only=['glassworks'] engine_only=['nowhere to run'] ; user_hand: log_only=[] engine_only=['cynical loner'],5,3,3,0,4,3,0,0,1,0,0,0,2,ok,229
1384,1,10,3,user_life,user_4,user_life oppo_life user_creatures user_noncreatures user_hand,user_life: log=22 engine=21 ; oppo_life: log=12 engine=16 ; user_creatures: log_only=['popular egotist'] engine_only=[] ; user_noncreatures: log_only=[] engine_only=['treasure'] ; user_hand: log_only=[] engine_only=['turn inside out'],7,2,2,0,3,2,1,0,1,0,1,0,2,ok,288
1385,1,5,5,,,,,3,3,0,0,4,4,1,1,1,1,1,0,1,ok,98
1386,1,9,3,user_creatures,oppo_4,user_creatures user_noncreatures,user_creatures: log_only=[] engine_only=['clockwork percussionist'] ; user_noncreatures: log_only=['glassworks'] engine_only=[],6,3,1,0,4,3,4,0,1,0,4,0,0,ok,181
1387,1,10,3,oppo_hand,oppo_4,oppo_hand,oppo_hand: log=8 engine=7,5,0,2,0,3,0,0,0,3,0,0,0,0,ok,246
1388,1,7,3,oppo_life,user_4,oppo_life user_creatures,"oppo_life: log=12 engine=11 ; user_creatures: log_only=[] engine_only=['arabella, abandoned doll']",4,2,1,0,3,2,1,0,1,0,1,0,1,ok,161
1389,1,8,1,user_hand,user_2,user_hand,user_hand: log_only=['the wandering rescuer'] engine_only=['glimmer seeker'],6,0,0,0,1,0,0,0,1,0,0,0,0,ok,224
1390,1,9,2,user_lands,oppo_3,user_lands user_creatures user_hand,user_lands: log_only=['lakeside shack'] engine_only=[] ; user_creatures: log_only=[] engine_only=['insidious fungus'] ; user_hand: log_only=['forest'] engine_only=['lakeside shack'],5,1,4,0,2,1,0,0,1,0,0,0,0,ok,177
1391,1,13,2,user_hand,oppo_3,user_hand,user_hand: log_only=['swamp'] engine_only=['spectral snatcher'],8,0,3,0,2,0,0,0,2,0,0,0,0,ok,368
1392,1,8,6,user_hand,user_7,user_hand,user_hand: log_only=['overlord of the balemurk'] engine_only=['swamp'],3,1,2,1,5,2,0,0,4,0,0,0,1,ok,189
1393,1,7,2,user_hand,oppo_3,user_hand oppo_hand,user_hand: log_only=['swamp'] engine_only=['reluctant role model'] ; oppo_hand: log=6 engine=7,5,2,1,0,3,2,0,0,1,0,0,0,1,ok,191
1394,1,7,4,user_life,oppo_5,user_life oppo_life,user_life: log=9 engine=15 ; oppo_life: log=14 engine=8,4,4,2,1,5,5,6,0,1,0,6,0,0,ok,128
1395,1,18,3,user_creatures,oppo_4,user_creatures user_hand,user_creatures: log_only=['optimistic scavenger'] engine_only=[] ; user_hand: log_only=[] engine_only=['optimistic scavenger'],9,3,1,0,3,3,1,0,0,0,1,0,0,ok,841
1396,1,11,3,user_life,oppo_4,user_life user_noncreatures oppo_hand,user_life: log=18 engine=17 ; user_noncreatures: log_only=[] engine_only=['glimmerlight'] ; oppo_hand: log=4 engine=3,4,2,2,0,4,2,0,0,2,0,0,0,1,ok,349
1397,1,8,2,user_hand,user_3,user_hand,user_hand: log_only=['house cartographer'] engine_only=['spineseeker centipede'],5,1,0,0,2,1,0,0,1,0,0,0,1,ok,178
1398,1,12,2,oppo_life,oppo_3,oppo_life user_creatures,oppo_life: log=21 engine=20 ; user_creatures: log_only=[] engine_only=['balemurk leech'],7,1,2,0,2,1,0,0,1,0,0,0,0,ok,435
1399,1,6,3,user_creatures,user_4,user_creatures,user_creatures: log_only=['sporogenic infection'] engine_only=['vile mutilator'],4,2,0,0,3,2,0,0,1,0,0,0,0,ok,133
1400,1,12,3,user_hand,oppo_4,user_hand,"user_hand: log_only=['drag to the roots'] engine_only=[""winter's intervention""]",8,2,0,0,3,2,0,0,1,0,0,0,0,ok,1751
1401,1,6,2,user_creatures,user_3,user_creatures,user_creatures: log_only=['hand that feeds'] engine_only=['vicious clown'],5,2,0,0,2,2,1,0,0,0,1,0,0,ok,476
1402,1,9,2,user_life,oppo_3,user_life,user_life: log=20 engine=19,5,1,1,0,3,1,1,0,2,0,1,0,1,ok,557
1403,1,10,4,user_life,user_5,user_life oppo_life,user_life: log=20 engine=23 ; oppo_life: log=15 engine=14,5,3,1,0,4,3,4,0,1,0,4,0,1,ok,609
1404,1,10,2,user_life,oppo_3,user_life,user_life: log=17 engine=18,8,1,1,0,2,1,0,0,1,0,0,0,0,ok,496
1405,1,13,4,user_creatures,user_5,user_creatures user_hand,user_creatures: log_only=['fear of isolation'] engine_only=['unsettling twins'] ; user_hand: log_only=['unsettling twins'] engine_only=['fear of immobility'],6,3,3,0,4,3,0,1,1,0,0,1,4,ok,649
1406,1,10,2,user_creatures,user_3,user_creatures user_hand,user_creatures: log_only=['forest'] engine_only=['vanish from sight'] ; user_hand: log_only=['forest'] engine_only=['oblivious bookworm'],6,2,2,0,2,2,0,0,0,0,0,0,0,ok,419
1407,1,14,4,user_creatures,user_5,user_creatures,"user_creatures: log_only=['fear of being hunted', 'most valuable slayer'] engine_only=['bashful beastie', 'threats around every corner']",6,3,0,0,4,3,0,1,1,0,0,1,0,ok,293
1408,1,8,2,user_creatures,oppo_3,user_creatures user_hand,user_creatures: log_only=['piranha fly'] engine_only=[] ; user_hand: log_only=[] engine_only=['entity tracker'],6,1,0,0,3,1,1,0,2,0,1,0,0,ok,354
1409,1,9,2,user_hand,user_3,user_hand,"user_hand: log_only=['stay hidden, stay silent'] engine_only=['abandoned campground']",5,1,0,0,2,1,0,0,1,0,0,0,1,ok,330
1410,1,11,2,oppo_life,user_3,oppo_life,oppo_life: log=16 engine=17,6,2,1,0,2,2,2,0,0,0,2,0,0,ok,447
1411,1,9,4,oppo_life,user_5,oppo_life user_creatures user_noncreatures,oppo_life: log=13 engine=9 ; user_creatures: log_only=['cult healer'] engine_only=['patched plaything'] ; user_noncreatures: log_only=[] engine_only=['unable to scream'],5,3,1,0,4,3,1,0,1,0,1,0,0,ok,428
1412,1,8,2,user_hand,user_3,user_hand,"user_hand: log_only=[""shardmage's rescue""] engine_only=['jump scare']",4,2,1,0,2,2,0,0,0,0,0,0,1,ok,340
1413,1,11,3,user_creatures,oppo_4,user_creatures,user_creatures: log_only=['overlord of the floodpits'] engine_only=['mountain'],6,0,3,0,3,0,0,0,3,0,0,0,0,ok,469
1414,1,9,2,user_hand,user_3,user_hand,user_hand: log_only=['forest'] engine_only=['mountain'],5,1,2,0,2,1,0,0,1,0,0,0,0,ok,382
1415,1,8,1,user_hand,oppo_2,user_hand,user_hand: log_only=['forest'] engine_only=['slavering branchsnapper'],3,0,1,0,2,0,0,0,2,0,0,0,0,ok,225
1416,1,13,5,user_hand,user_6,user_hand oppo_hand,user_hand: log_only=[] engine_only=['mountain'] ; oppo_hand: log=4 engine=5,6,4,1,1,5,5,10,0,1,0,10,0,3,ok,350
1417,1,9,3,user_life,oppo_4,user_life,user_life: log=16 engine=18,5,1,2,1,3,2,0,0,2,0,0,0,0,ok,256
1418,1,11,2,user_creatures,user_3,user_creatures,user_creatures: log_only=['fear of falling'] engine_only=['malevolent chandelier'],5,1,2,0,2,1,0,0,1,0,0,0,0,ok,457
1419,1,5,1,user_hand,user_2,user_hand,user_hand: log_only=['meathook massacre ii'] engine_only=['swamp'],4,1,0,0,1,1,0,0,0,0,0,0,0,ok,97
1420,1,10,3,user_hand,oppo_4,user_hand,user_hand: log_only=['midnight mayhem'] engine_only=['plains'],4,1,4,0,3,1,2,0,2,0,2,0,0,ok,279
1421,1,15,2,user_creatures,oppo_3,user_creatures,user_creatures: log_only=[] engine_only=['undead sprinter'],7,2,1,0,2,2,3,0,0,0,3,0,1,ok,496
1422,1,10,2,user_creatures,oppo_3,user_creatures,user_creatures: log_only=[] engine_only=['glimmer'],6,1,0,0,2,1,0,0,1,0,0,0,1,ok,403
1423,1,9,2,user_life,oppo_3,user_life,user_life: log=18 engine=20,4,0,1,0,3,0,0,0,3,0,0,0,0,ok,246
1424,1,10,2,user_life,oppo_3,user_life,user_life: log=20 engine=21,5,0,3,0,3,0,0,0,3,0,0,0,0,ok,195
1425,1,7,3,user_hand,user_4,user_hand,user_hand: log_only=['oblivious bookworm'] engine_only=['patchwork beastie'],4,2,1,0,3,2,1,0,1,0,1,0,0,ok,196
1426,1,6,1,user_creatures,user_2,user_creatures,user_creatures: log_only=['mountain'] engine_only=['grasping longneck'],2,0,2,0,1,0,0,0,1,0,0,0,0,ok,115
1427,1,18,3,user_noncreatures,oppo_4,user_noncreatures,user_noncreatures: log_only=['trapped in the screen'] engine_only=[],7,2,5,0,4,2,1,0,2,0,1,0,0,ok,665
1428,1,7,1,user_creatures,user_2,user_creatures,user_creatures: log_only=['enduring vitality'] engine_only=['cursed windbreaker'],4,0,1,0,1,0,0,0,1,0,0,0,0,ok,196
1429,1,7,2,user_life,oppo_3,user_life,user_life: log=20 engine=18,1,0,2,0,3,0,0,0,3,0,0,0,1,ok,232
1430,1,8,2,user_hand,user_3,user_hand,user_hand: log_only=['seized from slumber'] engine_only=['slavering branchsnapper'],5,1,2,0,2,1,0,0,1,0,0,0,1,ok,267
1431,1,7,3,oppo_life,user_4,oppo_life user_creatures,oppo_life: log=14 engine=10 ; user_creatures: log_only=['attack-in-the-box'] engine_only=[],5,3,0,0,3,3,3,0,0,0,3,0,0,ok,178
1432,1,6,1,user_creatures,user_2,user_creatures,"user_creatures: log_only=['fear of burning alive'] engine_only=['norin, swift survivalist']",5,1,1,0,1,1,1,0,0,0,1,0,0,ok,140
1433,1,12,4,user_hand,user_5,user_hand,user_hand: log_only=['drag to the roots'] engine_only=['spectral snatcher'],6,3,1,1,4,3,0,1,1,0,0,1,1,ok,178
1434,1,8,1,user_creatures,user_2,user_creatures,user_creatures: log_only=['grasping longneck'] engine_only=['underwater tunnel'],5,0,0,0,1,0,0,0,1,0,0,0,0,ok,282
1435,1,9,4,oppo_hand,oppo_5,oppo_hand,oppo_hand: log=4 engine=5,6,4,0,0,4,4,2,0,0,0,2,0,2,ok,234
1436,1,6,2,user_life,oppo_3,user_life,user_life: log=17 engine=18,1,1,0,0,2,1,0,0,1,0,0,0,0,ok,122
1437,1,7,2,user_creatures,user_3,user_creatures,user_creatures: log_only=['surgical suite'] engine_only=['patched plaything'],3,1,2,0,2,1,0,0,1,0,0,0,0,ok,211
1438,1,9,1,user_hand,user_2,user_hand,user_hand: log_only=['meat locker'] engine_only=['terramorphic expanse'],4,0,0,0,1,0,0,0,1,0,0,0,0,ok,251
1439,1,8,6,user_hand,user_7,user_hand,user_hand: log_only=['fear of being hunted'] engine_only=['vile mutilator'],5,3,1,1,3,5,6,0,0,1,6,0,0,ok,224
1440,1,6,4,user_lands,user_5,user_lands user_creatures,user_lands: log_only=['forest'] engine_only=['plains'] ; user_creatures: log_only=['forest'] engine_only=['exorcise'],3,2,0,0,3,2,1,0,1,0,1,0,0,ok,184
1441,1,7,1,user_hand,user_2,user_hand,user_hand: log_only=['fear of burning alive'] engine_only=['grasping longneck'],4,0,0,0,1,0,0,0,1,0,0,0,0,ok,381
1442,1,6,2,user_lands,user_3,user_lands,user_lands: log_only=['mountain'] engine_only=['swamp'],4,1,0,0,2,1,0,0,1,0,0,0,0,ok,146
1443,1,7,1,user_hand,user_2,user_hand,user_hand: log_only=['balustrade wurm'] engine_only=['swamp'],4,0,0,0,1,0,0,0,1,0,0,0,0,ok,263
1444,1,8,3,user_creatures,oppo_4,user_creatures user_hand,user_creatures: log_only=['swamp'] engine_only=['nowhere to run'] ; user_hand: log_only=['plains'] engine_only=['shepherding spirits'],4,3,0,0,3,3,1,0,0,0,1,0,0,ok,127
1445,1,8,2,user_creatures,oppo_3,user_creatures,user_creatures: log_only=['grand entryway'] engine_only=['fanatic of the harrowing'],5,1,2,0,3,1,0,0,2,0,0,0,0,ok,249
1446,1,9,4,oppo_life,user_5,oppo_life user_creatures oppo_hand,oppo_life: log=11 engine=10 ; user_creatures: log_only=[] engine_only=['most valuable slayer'] ; oppo_hand: log=2 engine=3,7,3,1,1,4,4,2,1,1,0,2,1,3,ok,231
1447,1,8,7,oppo_hand,oppo_8,oppo_hand,oppo_hand: log=0 engine=1,5,5,0,0,7,5,12,0,2,0,12,0,2,ok,240
1448,1,13,2,user_hand,user_3,user_hand,user_hand: log_only=['slavering branchsnapper'] engine_only=['island'],6,0,3,0,2,0,0,0,2,0,0,0,0,ok,463
1449,1,12,4,user_life,oppo_5,user_life user_hand,"user_life: log=14 engine=13 ; user_hand: log_only=['terramorphic expanse', 'tunnel surveyor'] engine_only=['scrabbling skullcrab', 'swamp']",8,1,0,0,4,1,0,1,3,0,0,1,1,ok,452
1450,1,12,3,user_creatures,user_4,user_creatures,user_creatures: log_only=['fear of isolation'] engine_only=['unable to scream'],6,2,2,0,3,2,0,0,1,0,0,0,0,ok,549
1451,1,5,3,oppo_life,user_4,oppo_life,oppo_life: log=6 engine=9,3,2,0,0,3,2,2,0,1,0,2,0,0,ok,146
1452,1,10,1,user_creatures,user_2,user_creatures user_hand,user_creatures: log_only=['intruding soulrager'] engine_only=[] ; user_hand: log_only=[] engine_only=['intruding soulrager'],7,0,0,0,1,0,0,0,1,0,0,0,1,ok,307
1453,1,5,2,user_hand,oppo_3,user_hand,user_hand: log_only=[] engine_only=['floodpits drowner'],2,0,0,0,2,0,0,0,2,0,0,0,0,ok,54
1454,1,8,1,user_creatures,user_2,user_creatures user_hand,user_creatures: log_only=['house cartographer'] engine_only=[] ; user_hand: log_only=[] engine_only=['fear of being hunted'],6,1,1,0,1,1,0,0,0,0,0,0,1,ok,140
1455,1,5,5,,,,,2,2,0,0,4,3,1,0,2,1,1,0,0,ok,98
1456,1,7,4,user_creatures,user_5,user_creatures,user_creatures: log_only=['plains'] engine_only=['moldering gym'],2,1,0,0,3,1,0,0,2,0,0,0,0,ok,155
1457,1,10,2,user_creatures,user_3,user_creatures user_hand,user_creatures: log_only=['ghostly keybearer'] engine_only=[] ; user_hand: log_only=[] engine_only=['ghostly keybearer'],5,1,0,0,2,1,0,0,1,0,0,0,1,ok,312
1458,1,9,2,user_creatures,user_3,user_creatures user_hand,"user_creatures: log_only=[""victor, valgavoth's seneschal""] engine_only=[] ; user_hand: log_only=[] engine_only=[""victor, valgavoth's seneschal""]",6,1,0,0,2,1,0,0,1,0,0,0,1,ok,209
1459,1,14,3,user_hand,oppo_4,user_hand,"user_hand: log_only=[] engine_only=[""don't make a sound""]",5,1,3,0,3,1,0,0,2,0,0,0,1,ok,517
1460,1,11,1,user_hand,user_2,user_hand,user_hand: log_only=['forest'] engine_only=['wickerfolk thresher'],7,0,2,0,1,0,0,0,1,0,0,0,0,ok,439
1461,1,13,3,oppo_hand,oppo_4,oppo_hand,oppo_hand: log=4 engine=5,6,1,2,0,3,1,0,0,2,0,0,0,0,ok,381
1462,1,5,3,oppo_life,user_4,oppo_life,oppo_life: log=11 engine=13,3,2,0,0,3,3,1,0,1,0,1,0,0,ok,72
1463,1,9,2,oppo_life,user_3,oppo_life,oppo_life: log=18 engine=19,6,1,1,0,2,1,0,0,1,0,0,0,0,ok,178
1464,1,7,2,user_life,oppo_3,user_life,user_life: log=18 engine=19,4,0,1,0,2,0,0,0,2,0,0,0,0,ok,147
1465,1,13,2,user_noncreatures,oppo_3,user_noncreatures user_hand,user_noncreatures: log_only=['underwater tunnel'] engine_only=[] ; user_hand: log_only=[] engine_only=['underwater tunnel'],7,1,4,0,2,1,0,0,1,0,0,0,0,ok,645
1466,1,16,1,user_hand,user_2,user_hand,user_hand: log_only=['savior of the small'] engine_only=['plains'],8,0,1,0,1,0,0,0,1,0,0,0,0,ok,685
1467,1,12,4,user_noncreatures,oppo_5,user_noncreatures,user_noncreatures: log_only=['cracked skull'] engine_only=[],3,1,4,1,3,3,3,0,2,1,3,0,0,ok,247
1468,1,7,3,oppo_life,user_4,oppo_life user_creatures user_hand oppo_hand,"oppo_life: log=16 engine=13 ; user_creatures: log_only=[] engine_only=['glimmer seeker'] ; user_hand: log_only=[] engine_only=[""shardmage's rescue""] ; oppo_hand: log=5 engine=6",4,3,0,0,3,3,2,0,0,0,2,0,1,ok,139
1469,1,8,2,user_life,oppo_3,user_life,user_life: log=16 engine=17,4,1,2,0,2,1,0,0,1,0,0,0,0,ok,204
1470,1,10,5,user_creatures,oppo_6,user_creatures oppo_hand,user_creatures: log_only=['unwilling vessel'] engine_only=['enduring innocence'] ; oppo_hand: log=1 engine=2,6,5,1,1,5,6,3,0,1,0,3,0,1,ok,455
1471,1,18,4,user_creatures,user_5,user_creatures user_hand,user_creatures: log_only=['fear of exposure'] engine_only=[] ; user_hand: log_only=[] engine_only=['murder'],7,2,1,0,4,3,1,0,2,0,1,0,2,ok,625
1472,1,9,3,user_hand,user_4,user_hand,user_hand: log_only=['floodpits drowner'] engine_only=['splitskin doll'],5,1,1,0,3,1,1,0,2,0,1,0,1,ok,157
1473,1,5,2,user_lands,user_3,user_lands user_hand,user_lands: log_only=['forest'] engine_only=['plains'] ; user_hand: log_only=['mountain'] engine_only=['plains'],4,1,0,0,2,1,0,0,1,0,0,0,1,ok,155
1474,1,9,3,user_life,oppo_4,user_life,user_life: log=15 engine=16,4,1,4,0,3,1,0,0,2,0,0,0,0,ok,163
1475,1,12,3,user_creatures,oppo_4,user_creatures,user_creatures: log_only=['glimmer'] engine_only=[],5,2,2,0,4,2,1,0,2,0,1,0,0,ok,271
1476,1,3,2,user_creatures,user_3,user_creatures,user_creatures: log_only=['veteran survivor'] engine_only=[],3,2,1,0,2,2,1,0,0,0,1,0,0,ok,44
1477,1,8,3,oppo_hand,oppo_4,oppo_hand,oppo_hand: log=4 engine=3,2,2,2,1,3,2,1,0,1,0,1,0,2,ok,154
1478,1,7,1,user_hand,user_2,user_hand,"user_hand: log_only=['paranormal analyst'] engine_only=['stay hidden, stay silent']",6,1,2,0,1,1,0,0,0,0,0,0,1,ok,238
1479,1,11,2,user_creatures,user_3,user_creatures,user_creatures: log_only=['floodpits drowner'] engine_only=['island'],7,1,3,0,2,1,0,0,1,0,0,0,0,ok,605
1480,1,7,2,user_hand,user_3,user_hand,user_hand: log_only=['omnivorous flytrap'] engine_only=['house cartographer'],3,1,2,0,2,1,1,0,1,0,1,0,0,ok,134
1481,1,8,2,oppo_hand,oppo_3,oppo_hand,oppo_hand: log=4 engine=5,6,1,1,0,2,1,1,0,1,0,1,0,1,ok,187
1482,1,8,4,user_creatures,user_5,user_creatures,user_creatures: log_only=[] engine_only=['floodpits drowner'],4,2,1,0,3,2,3,0,1,0,3,0,0,ok,247
1483,1,10,3,user_hand,user_4,user_hand,user_hand: log_only=['island'] engine_only=['swamp'],5,2,3,1,3,2,0,0,1,0,0,0,0,ok,220
1484,1,12,4,user_life,oppo_5,user_life,user_life: log=17 engine=20,9,3,1,0,4,3,3,0,1,0,3,0,0,ok,590
1485,1,9,3,user_life,oppo_4,user_life,user_life: log=17 engine=18,6,3,2,1,4,3,1,0,1,0,1,0,1,ok,226
1486,1,7,2,user_creatures,user_3,user_creatures user_hand,user_creatures: log_only=['most valuable slayer'] engine_only=[] ; user_hand: log_only=[] engine_only=['most valuable slayer'],5,1,2,0,2,1,0,0,1,0,0,0,1,ok,134
1487,1,7,5,user_life,user_6,user_life user_creatures user_noncreatures,user_life: log=19 engine=18 ; user_creatures: log_only=[] engine_only=['fear of lost teeth'] ; user_noncreatures: log_only=['derelict attic'] engine_only=[],5,4,0,0,5,5,1,0,1,0,1,0,0,ok,107
1488,1,8,3,user_hand,user_4,user_hand,user_hand: log_only=['forest'] engine_only=[],7,2,0,0,3,2,0,0,1,0,0,0,0,ok,160
1489,1,7,5,user_life,user_6,user_life oppo_life user_hand,user_life: log=18 engine=16 ; oppo_life: log=11 engine=14 ; user_hand: log_only=['forest'] engine_only=[],6,4,0,0,5,4,0,0,1,0,0,0,0,ok,187
1490,1,8,4,user_creatures,oppo_5,user_creatures,user_creatures: log_only=[] engine_only=['spineseeker centipede'],6,3,1,1,5,4,0,0,2,0,0,0,1,ok,220
1491,1,9,1,user_hand,user_2,user_hand,user_hand: log_only=['forest'] engine_only=['flesh burrower'],7,1,0,0,1,1,0,0,0,0,0,0,0,ok,330
1492,1,9,2,oppo_life,user_3,oppo_life user_creatures,oppo_life: log=17 engine=20 ; user_creatures: log_only=['wary watchdog'] engine_only=['tunnel surveyor'],6,1,4,0,2,1,0,0,1,0,0,0,0,ok,347
1493,1,9,2,user_creatures,user_3,user_creatures user_noncreatures oppo_hand,user_creatures: log_only=[] engine_only=['emerge from the cocoon'] ; user_noncreatures: log_only=[] engine_only=['ticket booth'] ; oppo_hand: log=6 engine=7,3,1,2,0,2,1,1,0,1,0,1,0,1,ok,166
1494,1,9,1,user_noncreatures,oppo_2,user_noncreatures user_hand,user_noncreatures: log_only=[] engine_only=['keys to the house'] ; user_hand: log_only=['swamp'] engine_only=[],7,2,0,0,2,2,0,0,0,0,0,0,0,ok,219
1495,1,5,3,oppo_hand,oppo_4,oppo_hand,oppo_hand: log=4 engine=5,4,3,0,0,4,3,1,0,1,0,1,0,1,ok,106
1496,1,8,3,user_lands,user_4,user_lands,user_lands: log_only=['mountain'] engine_only=['swamp'],6,1,2,0,3,1,2,0,2,0,2,0,0,ok,168
1497,1,9,3,user_life,oppo_4,user_life user_creatures,user_life: log=17 engine=18 ; user_creatures: log_only=['plains'] engine_only=['fear of immobility'],5,2,2,1,4,2,0,0,2,0,0,0,0,ok,263
1498,1,6,4,user_life,oppo_5,user_life,user_life: log=12 engine=14,1,1,2,1,3,2,0,0,2,0,0,0,0,ok,102
1499,1,9,1,user_hand,oppo_2,user_hand,user_hand: log_only=['withering torment'] engine_only=['defiled crypt'],4,0,2,0,2,0,0,0,2,0,0,0,0,ok,253
1500,1,12,3,user_life,oppo_4,user_life user_hand,user_life: log=18 engine=19 ; user_hand: log_only=['swamp'] engine_only=['spectral snatcher'],3,1,3,1,3,1,0,0,2,0,0,0,0,ok,1838
1501,1,8,2,user_hand,user_3,user_hand,"user_hand: log_only=['plains', 'shrewd storyteller'] engine_only=['say its name', 'spineseeker centipede']",5,1,0,0,2,1,0,0,1,0,0,0,1,ok,370
1502,1,9,3,user_creatures,user_4,user_creatures user_hand,user_creatures: log_only=['screaming nemesis'] engine_only=[] ; user_hand: log_only=[] engine_only=['jump scare'],6,2,0,0,3,2,2,0,1,0,2,0,1,ok,377
1503,1,10,2,user_life,oppo_3,user_life user_noncreatures user_hand,user_life: log=20 engine=18 ; user_noncreatures: log_only=['growing dread'] engine_only=[] ; user_hand: log_only=[] engine_only=['growing dread'],3,0,1,0,2,0,0,0,2,0,0,0,2,ok,330
1504,1,10,2,user_hand,oppo_3,user_hand,user_hand: log_only=['swamp'] engine_only=['spectral snatcher'],7,0,2,0,2,0,0,0,2,0,0,0,0,ok,492
1505,1,14,3,oppo_life,user_4,oppo_life,oppo_life: log=13 engine=16,6,2,2,0,3,2,1,0,1,0,1,0,1,ok,646
1506,1,10,3,user_lands,user_4,user_lands user_creatures user_hand,user_lands: log_only=['plains'] engine_only=[] ; user_creatures: log_only=['tunnel surveyor'] engine_only=[] ; user_hand: log_only=[] engine_only=['island'],6,2,1,1,3,3,1,0,1,0,1,0,2,ok,559
1507,1,12,2,user_creatures,oppo_3,user_creatures,user_creatures: log_only=[] engine_only=['fear of surveillance'],8,1,0,0,2,1,0,0,1,0,0,0,0,ok,547
1508,1,8,2,user_lands,user_3,user_lands,user_lands: log_only=['island'] engine_only=['plains'],3,0,3,0,2,0,0,0,2,0,0,0,0,ok,321
1509,1,8,3,user_creatures,user_4,user_creatures,user_creatures: log_only=['lionheart glimmer'] engine_only=['sheltered by ghosts'],4,2,1,0,3,2,1,0,1,0,1,0,0,ok,351
1510,1,10,1,user_creatures,user_2,user_creatures,"user_creatures: log_only=['norin, swift survivalist'] engine_only=[]",6,1,1,0,1,1,0,0,0,0,0,0,1,ok,505
1511,1,7,3,user_lands,user_4,user_lands user_hand,user_lands: log_only=['plains'] engine_only=[] ; user_hand: log_only=[] engine_only=['plains'],5,2,1,1,3,2,0,1,1,0,0,1,1,ok,236
1512,1,8,2,user_creatures,oppo_3,user_creatures,user_creatures: log_only=['vicious clown'] engine_only=['trapped in the screen'],6,1,2,0,2,1,0,0,1,0,0,0,0,ok,371
1513,1,8,3,user_creatures,user_4,user_creatures,user_creatures: log_only=['unstoppable slasher'] engine_only=[],5,3,3,2,3,4,2,0,0,0,2,0,1,ok,225
1514,1,11,3,user_creatures,user_4,user_creatures user_hand oppo_hand,"user_creatures: log_only=['clockwork percussionist'] engine_only=[] ; user_hand: log_only=[] engine_only=['forest', 'manifest dread', 'terramorphic expanse'] ; oppo_hand: log=4 engine=5",8,2,2,0,3,2,2,0,1,0,2,0,2,ok,351
1515,1,6,3,oppo_life,user_4,oppo_life user_creatures,oppo_life: log=16 engine=18 ; user_creatures: log_only=['optimistic scavenger'] engine_only=[],4,3,1,0,3,3,0,0,0,0,0,0,0,ok,295
1516,1,6,3,user_life,user_4,user_life oppo_life,user_life: log=17 engine=22 ; oppo_life: log=13 engine=12,5,2,3,0,3,2,1,0,1,0,1,0,0,ok,181
1517,1,10,5,user_creatures,oppo_6,user_creatures,user_creatures: log_only=[] engine_only=['ragged playmate'],6,4,2,0,5,5,2,0,1,0,2,0,0,ok,445
1518,1,11,2,user_creatures,oppo_3,user_creatures,user_creatures: log_only=[] engine_only=['piranha fly'],7,0,2,0,3,0,0,0,3,0,0,0,0,ok,397
1519,1,10,3,user_creatures,user_4,user_creatures,user_creatures: log_only=['come back wrong'] engine_only=['scorching dragonfire'],7,2,0,0,3,2,0,0,1,0,0,0,0,ok,392
1520,1,10,4,user_creatures,user_5,user_creatures user_noncreatures,user_creatures: log_only=['forest'] engine_only=['innocuous rat'] ; user_noncreatures: log_only=['meat locker'] engine_only=[],3,2,3,0,3,3,2,0,1,1,2,0,0,ok,276
1521,1,14,3,user_lands,user_4,user_lands user_hand,user_lands: log_only=['swamp'] engine_only=[] ; user_hand: log_only=[] engine_only=['spectral snatcher'],6,1,6,0,3,1,0,0,2,0,0,0,1,ok,378
1522,1,7,3,user_creatures,user_4,user_creatures user_hand,user_creatures: log_only=['hauntwoods shrieker'] engine_only=['monstrous emergence'] ; user_hand: log_only=['growing dread'] engine_only=['forest'],4,2,1,0,3,2,0,0,1,0,0,0,0,ok,211
1523,1,9,2,user_hand,user_3,user_hand,user_hand: log_only=['forest'] engine_only=['mountain'],6,1,2,0,2,1,0,0,1,0,0,0,0,ok,245
1524,1,11,3,user_lands,user_4,user_lands user_creatures user_noncreatures user_hand,user_lands: log_only=['plains'] engine_only=[] ; user_creatures: log_only=['plains'] engine_only=[] ; user_noncreatures: log_only=['conductive machete'] engine_only=[] ; user_hand: log_only=[] engine_only=['conductive machete'],4,1,1,0,3,1,0,0,2,0,0,0,2,ok,351
1525,1,7,3,user_creatures,user_4,user_creatures,user_creatures: log_only=['hand that feeds'] engine_only=['impossible inferno'],4,1,1,0,3,1,0,0,2,0,0,0,0,ok,192
1526,1,7,2,user_creatures,user_3,user_creatures,user_creatures: log_only=['fear of infinity'] engine_only=['island'],5,1,0,0,2,1,0,0,1,0,0,0,0,ok,155
1527,1,8,7,oppo_life,user_8,oppo_life user_creatures user_hand oppo_hand,oppo_life: log=2 engine=-1 ; user_creatures: log_only=['innocuous rat'] engine_only=[] ; user_hand: log_only=[] engine_only=['balemurk leech'] ; oppo_hand: log=2 engine=0,6,5,2,1,7,6,4,0,2,0,4,0,2,ok,187
1528,1,5,1,user_hand,user_2,user_hand,"user_hand: log_only=['zimone, all-questioning'] engine_only=['razorkin hordecaller']",4,0,0,0,1,0,0,0,1,0,0,0,0,ok,111
1529,1,9,2,oppo_life,user_3,oppo_life user_creatures,oppo_life: log=19 engine=20 ; user_creatures: log_only=['mountain'] engine_only=['diversion specialist'],6,1,3,0,2,1,2,0,1,0,2,0,0,ok,233
1530,1,9,3,user_lands,user_4,user_lands user_creatures user_hand,"user_lands: log_only=[""valgavoth's lair""] engine_only=[] ; user_creatures: log_only=['razortrap gorge'] engine_only=['innocuous rat'] ; user_hand: log_only=['mountain'] engine_only=['ragged playmate']",4,2,3,0,3,2,0,1,1,0,0,1,0,ok,281
1531,1,5,1,user_creatures,user_2,user_creatures user_hand,user_creatures: log_only=['optimistic scavenger'] engine_only=[] ; user_hand: log_only=[] engine_only=['fear of immobility'],4,1,1,0,1,1,0,0,0,0,0,0,2,ok,177
1532,1,10,3,user_hand,user_4,user_hand,user_hand: log_only=['fear of infinity'] engine_only=[],8,2,1,0,3,2,0,0,1,0,0,0,0,ok,403
1533,1,9,6,oppo_life,user_7,oppo_life,oppo_life: log=18 engine=19,3,3,4,2,5,5,1,0,2,0,1,0,0,ok,242
1534,1,10,1,user_creatures,user_2,user_creatures,user_creatures: log_only=['under the skin'] engine_only=[],6,0,2,0,1,0,0,0,1,0,0,0,0,ok,311
1535,1,9,2,user_life,oppo_3,user_life,user_life: log=17 engine=18,6,1,2,0,2,1,0,0,1,0,0,0,0,ok,338
1536,1,7,2,oppo_hand,oppo_3,oppo_hand,oppo_hand: log=4 engine=5,5,1,2,1,2,1,0,0,1,0,0,0,1,ok,205
1537,1,10,4,user_creatures,oppo_5,user_creatures,"user_creatures: log_only=['acrobatic cheerleader'] engine_only=['arabella, abandoned doll']",6,3,0,0,4,4,0,0,1,0,0,0,0,ok,315
1538,1,7,2,user_creatures,user_3,user_creatures,user_creatures: log_only=['the jolly balloon man'] engine_only=['smoky lounge'],3,1,1,0,2,1,0,0,1,0,0,0,0,ok,140
1539,1,8,2,user_creatures,oppo_3,user_creatures,user_creatures: log_only=[] engine_only=['house cartographer'],6,1,1,0,2,1,0,0,1,0,0,0,0,ok,309
1540,1,6,3,oppo_hand,oppo_4,oppo_hand,oppo_hand: log=8 engine=7,2,2,0,0,3,2,1,0,1,0,1,0,0,ok,84
1541,1,8,1,user_hand,user_2,user_hand,user_hand: log_only=['spineseeker centipede'] engine_only=['overgrown zealot'],5,1,0,0,1,1,0,0,0,0,0,0,0,ok,147
1542,1,9,4,oppo_hand,oppo_5,oppo_hand,oppo_hand: log=2 engine=3,5,4,2,1,5,4,3,0,1,0,3,0,2,ok,385
1543,1,8,4,user_life,oppo_5,user_life user_noncreatures,user_life: log=13 engine=18 ; user_noncreatures: log_only=[] engine_only=['bottomless pool'],5,3,1,0,3,4,1,0,1,0,1,0,0,ok,254
1544,1,10,3,user_life,oppo_4,user_life,user_life: log=16 engine=18,5,3,0,0,4,4,2,0,1,0,2,0,1,ok,323
1545,1,11,2,user_creatures,user_3,user_creatures,user_creatures: log_only=['clockwork percussionist'] engine_only=['innocuous rat'],6,1,2,0,2,1,0,0,1,0,0,0,0,ok,201
1546,1,11,1,user_creatures,oppo_2,user_creatures,user_creatures: log_only=['murky sewer'] engine_only=['terramorphic expanse'],4,0,3,0,2,0,0,0,2,0,0,0,0,ok,342
1547,1,6,1,user_hand,user_2,user_hand,user_hand: log_only=['the mindskinner'] engine_only=['gloomlake verge'],4,1,1,0,1,1,0,0,0,0,0,0,1,ok,227
1548,1,10,2,user_hand,user_3,user_hand,user_hand: log_only=[] engine_only=['forest'],6,1,1,0,2,1,0,1,1,0,0,1,2,ok,386
1549,1,9,5,oppo_hand,oppo_6,oppo_hand,oppo_hand: log=1 engine=2,7,4,0,0,5,5,1,1,1,0,1,1,2,ok,281
1550,1,6,3,user_creatures,user_4,user_creatures user_hand,user_creatures: log_only=['clockwork percussionist'] engine_only=[] ; user_hand: log_only=[] engine_only=['plains'],4,2,2,0,3,2,1,0,1,0,1,0,2,ok,205
1551,1,9,3,user_hand,oppo_4,user_hand,user_hand: log_only=['spectral snatcher'] engine_only=['island'],6,2,1,0,3,2,0,0,1,0,0,0,0,ok,226
1552,1,9,2,oppo_life,user_3,oppo_life user_hand,oppo_life: log=17 engine=18 ; user_hand: log_only=['turn inside out'] engine_only=['friendly ghost'],2,1,0,0,2,1,0,0,1,0,0,0,0,ok,210
1553,1,9,3,user_life,oppo_4,user_life oppo_life oppo_hand,user_life: log=18 engine=20 ; oppo_life: log=20 engine=18 ; oppo_hand: log=7 engine=6,4,2,2,0,4,2,2,0,2,0,2,0,0,ok,238
1554,1,12,3,user_life,oppo_4,user_life,user_life: log=12 engine=15,7,2,2,0,3,2,0,0,1,0,0,0,0,ok,479
1555,1,11,3,user_lands,user_4,user_lands user_creatures user_hand,user_lands: log_only=['plains'] engine_only=[] ; user_creatures: log_only=['unidentified hovership'] engine_only=[] ; user_hand: log_only=[] engine_only=['plains'],5,1,2,0,3,1,0,0,2,0,0,0,1,ok,318
1556,1,5,3,user_hand,user_4,user_hand,user_hand: log_only=['moldering gym'] engine_only=['monstrous emergence'],1,1,0,0,3,1,0,0,2,0,0,0,2,ok,124
1557,1,8,4,user_creatures,oppo_5,user_creatures,user_creatures: log_only=[] engine_only=['hardened escort'],7,4,0,0,4,4,1,0,0,0,1,0,0,ok,212
1558,1,9,2,user_lands,oppo_3,user_lands user_creatures,user_lands: log_only=['forest'] engine_only=[] ; user_creatures: log_only=[] engine_only=['insidious fungus'],5,2,2,0,3,2,2,0,1,0,2,0,2,ok,280
1559,1,7,2,oppo_hand,oppo_3,oppo_hand,oppo_hand: log=5 engine=6,4,1,0,0,3,1,0,0,2,0,0,0,1,ok,243
1560,1,6,2,user_creatures,user_3,user_creatures,"user_creatures: log_only=['bottomless pool'] engine_only=[""duskmourn's domination""]",4,1,2,0,2,1,0,0,1,0,0,0,0,ok,224
1561,1,10,2,oppo_life,user_3,oppo_life user_creatures,oppo_life: log=17 engine=16 ; user_creatures: log_only=[] engine_only=['clockwork percussionist'],6,1,1,0,2,1,0,0,1,0,0,0,1,ok,213
1562,1,5,2,user_life,oppo_3,user_life,user_life: log=16 engine=18,4,2,1,0,3,2,0,0,1,0,0,0,0,ok,146
1563,1,4,4,,,,,2,2,0,0,4,2,1,0,2,0,1,0,0,ok,64
1564,1,7,1,oppo_hand,oppo_2,oppo_hand,oppo_hand: log=6 engine=7,4,1,2,0,2,1,1,0,1,0,1,0,1,ok,112
1565,1,8,2,user_life,oppo_3,user_life,user_life: log=17 engine=18,4,2,2,0,3,2,0,0,1,0,0,0,0,ok,153
1566,1,7,3,user_creatures,oppo_4,user_creatures,user_creatures: log_only=[] engine_only=['fear of surveillance'],3,3,0,0,4,3,5,0,1,0,5,0,0,ok,149
1567,1,9,1,user_hand,user_2,user_hand,user_hand: log_only=['moldering gym'] engine_only=['island'],5,0,1,0,1,0,0,0,1,0,0,0,0,ok,383
1568,1,9,1,oppo_life,user_2,oppo_life,oppo_life: log=18 engine=19,5,1,0,0,1,1,1,0,0,0,1,0,0,ok,331
1569,1,7,3,user_creatures,user_4,user_creatures,user_creatures: log_only=['most valuable slayer'] engine_only=['vicious clown'],3,1,3,1,3,2,1,0,2,0,1,0,0,ok,176
1570,1,10,5,oppo_life,user_6,oppo_life user_creatures,oppo_life: log=12 engine=11 ; user_creatures: log_only=[] engine_only=['gremlin'],5,4,0,0,4,5,3,0,1,0,3,0,2,ok,362
1571,1,9,2,user_hand,user_3,user_hand,user_hand: log_only=['ragged playmate'] engine_only=['monstrous emergence'],5,1,3,0,2,1,0,0,1,0,0,0,1,ok,168
1572,1,9,2,oppo_life,user_3,oppo_life,oppo_life: log=18 engine=19,4,1,3,0,2,1,0,0,1,0,0,0,0,ok,198
1573,1,9,1,user_hand,user_2,user_hand,user_hand: log_only=['greenhouse'] engine_only=['strangled cemetery'],6,0,1,0,1,0,0,0,1,0,0,0,0,ok,371
1574,1,10,5,oppo_hand,oppo_6,oppo_hand,oppo_hand: log=2 engine=3,8,4,1,0,5,4,2,1,1,0,2,1,2,ok,336
1575,1,7,1,user_hand,user_2,user_hand,user_hand: log_only=['the rollercrusher ride'] engine_only=['mountain'],4,0,0,0,1,0,0,0,1,0,0,0,0,ok,135
1576,1,13,2,user_creatures,user_3,user_creatures,user_creatures: log_only=['fear of falling'] engine_only=['malevolent chandelier'],7,1,2,0,2,1,0,0,1,0,0,0,0,ok,764
1577,1,5,4,oppo_hand,oppo_5,oppo_hand,oppo_hand: log=6 engine=0,5,5,3,3,4,7,5,0,0,0,5,0,0,ok,107
1578,1,15,1,user_hand,user_2,user_hand,"user_hand: log_only=['altanak, the thrice-called'] engine_only=['forest']",9,0,2,0,1,0,0,0,1,0,0,0,0,ok,408
1579,1,8,2,user_life,oppo_3,user_life oppo_hand,user_life: log=15 engine=18 ; oppo_hand: log=3 engine=4,4,1,2,0,2,1,0,0,1,0,0,0,0,ok,147
1580,1,6,2,oppo_hand,oppo_3,oppo_hand,oppo_hand: log=6 engine=5,4,1,0,0,3,1,0,0,2,0,0,0,1,ok,187
1581,1,7,1,user_hand,user_2,user_hand,user_hand: log_only=['say its name'] engine_only=['overgrown zealot'],3,1,0,0,1,1,0,0,0,0,0,0,1,ok,136
1582,1,12,2,user_creatures,user_3,user_creatures,user_creatures: log_only=['fear of exposure'] engine_only=['strangled cemetery'],6,0,2,0,2,0,0,0,2,0,0,0,0,ok,598
1583,1,4,3,oppo_life,user_4,oppo_life,oppo_life: log=2 engine=13,4,3,2,2,3,3,3,0,0,0,3,0,0,ok,79
1584,1,8,1,user_hand,user_2,user_hand,user_hand: log_only=['spineseeker centipede'] engine_only=['wildfire wickerfolk'],5,0,0,0,1,0,0,0,1,0,0,0,0,ok,217
1585,1,10,3,user_creatures,user_4,user_creatures,user_creatures: log_only=['daggermaw megalodon'] engine_only=['the swarmweaver'],5,1,1,0,3,1,0,1,2,0,0,1,0,ok,502
1586,1,10,2,oppo_life,user_3,oppo_life,oppo_life: log=18 engine=19,7,1,2,0,2,1,0,0,1,0,0,0,0,ok,322
1587,1,13,3,user_creatures,user_4,user_creatures,user_creatures: log_only=[] engine_only=['house cartographer'],9,3,0,0,3,3,0,0,0,0,0,0,0,ok,501
1588,1,8,2,user_creatures,user_3,user_creatures oppo_hand,user_creatures: log_only=[] engine_only=['enduring vitality'] ; oppo_hand: log=6 engine=7,6,1,2,0,2,1,0,0,1,0,0,0,1,ok,354
1589,1,7,4,oppo_hand,oppo_5,oppo_hand,oppo_hand: log=3 engine=2,2,2,0,0,4,3,5,0,2,1,5,0,0,ok,198
1590,1,8,3,user_hand,user_4,user_hand,"user_hand: log_only=['marvin, murderous mimic'] engine_only=[]",6,2,1,1,3,2,1,0,1,0,1,0,0,ok,206
1591,1,7,3,user_hand,oppo_4,user_hand,user_hand: log_only=['mountain'] engine_only=['bedhead beastie'],4,1,0,0,3,1,1,0,2,0,1,0,1,ok,164
1592,1,4,1,user_hand,user_2,user_hand,user_hand: log_only=['fear of falling'] engine_only=['fear of infinity'],3,0,3,0,1,0,0,0,1,0,0,0,0,ok,95
1593,1,10,5,user_hand,oppo_6,user_hand,"user_hand: log_only=['splitskin doll', 'tunnel surveyor'] engine_only=['orphans of the wheat', 'vanish from sight']",5,2,1,1,3,4,1,0,1,1,1,0,0,ok,349
1594,1,6,2,oppo_life,user_3,oppo_life,oppo_life: log=18 engine=20,4,1,2,0,2,1,0,0,1,0,0,0,0,ok,185
1595,1,7,5,user_hand,user_6,user_hand,"user_hand: log_only=[""betrayer's bargain""] engine_only=['fear of exposure']",3,2,3,1,4,3,2,0,2,0,2,0,0,ok,175
1596,1,6,1,user_hand,user_2,user_hand,user_hand: log_only=['twitching doll'] engine_only=['innocuous rat'],5,0,1,0,1,0,0,0,1,0,0,0,0,ok,148
1597,1,8,4,user_hand,oppo_5,user_hand,"user_hand: log_only=[] engine_only=[""don't make a sound""]",5,3,0,0,4,3,0,0,1,0,0,0,1,ok,345
1598,1,11,1,user_hand,oppo_2,user_hand,user_hand: log_only=['island'] engine_only=['daggermaw megalodon'],4,0,1,0,2,0,0,0,2,0,0,0,0,ok,276
1599,1,15,3,user_creatures,user_4,user_creatures,user_creatures: log_only=['house cartographer'] engine_only=['plains'],6,3,1,0,3,3,0,0,0,0,0,0,1,ok,522
1600,1,8,1,oppo_hand,oppo_2,oppo_hand,oppo_hand: log=5 engine=6,6,0,2,0,1,0,0,0,1,0,0,0,1,ok,1280
1601,1,9,2,user_creatures,user_3,user_creatures user_hand,"user_creatures: log_only=['waltz of rage'] engine_only=[""valgavoth's onslaught""] ; user_hand: log_only=['forest'] engine_only=['flesh burrower']",6,1,1,0,2,1,0,1,1,0,0,1,0,ok,520
1602,1,11,4,user_hand,user_5,user_hand,"user_hand: log_only=['glassworks', 'ticket booth'] engine_only=['clockwork percussionist', 'twist reality']",6,2,2,1,4,3,0,0,2,0,0,0,1,ok,774
1603,1,5,1,user_hand,user_2,user_hand,user_hand: log_only=['clockwork percussionist'] engine_only=['glimmerlight'],3,1,0,0,1,1,0,0,0,0,0,0,0,ok,185
1604,1,6,1,user_hand,user_2,user_hand,user_hand: log_only=['bottomless pool'] engine_only=['insidious fungus'],4,0,0,0,1,0,0,0,1,0,0,0,0,ok,220
1605,1,9,1,user_hand,user_2,user_hand,user_hand: log_only=['slavering branchsnapper'] engine_only=['wary watchdog'],7,0,0,0,1,0,0,0,1,0,0,0,0,ok,606
1606,1,6,2,user_creatures,user_3,user_creatures,user_creatures: log_only=['acrobatic cheerleader'] engine_only=['hardened escort'],4,1,0,0,2,1,0,0,1,0,0,0,0,ok,299
1607,1,9,2,user_creatures,user_3,user_creatures,user_creatures: log_only=['enduring curiosity'] engine_only=['innocuous rat'],6,1,1,0,2,1,0,0,1,0,0,0,0,ok,593
1608,1,9,6,oppo_life,user_7,oppo_life,oppo_life: log=6 engine=8,5,4,1,1,6,5,3,0,2,0,3,0,0,ok,383
1609,1,8,1,user_hand,user_2,user_hand,user_hand: log_only=['swamp'] engine_only=['patchwork beastie'],5,1,1,0,1,1,0,0,0,0,0,0,0,ok,219
1610,1,7,3,user_creatures,user_4,user_creatures,"user_creatures: log_only=['forest'] engine_only=['stay hidden, stay silent']",4,2,1,0,3,2,1,0,1,0,1,0,0,ok,199
1611,1,7,2,user_creatures,user_3,user_creatures user_hand,user_creatures: log_only=['glimmerlight'] engine_only=['glimmerburst'] ; user_hand: log_only=['island'] engine_only=['piranha fly'],4,1,0,0,2,1,0,0,1,0,0,0,0,ok,369
1612,1,8,2,user_creatures,oppo_3,user_creatures user_hand,user_creatures: log_only=['rootwise survivor'] engine_only=[] ; user_hand: log_only=[] engine_only=['appendage amalgam'],3,1,0,0,3,1,1,0,2,0,1,0,0,ok,324
1613,1,7,4,user_creatures,user_5,user_creatures,user_creatures: log_only=['glimmerlight'] engine_only=['get out'],3,1,2,0,2,1,0,0,1,0,0,0,0,ok,208
1614,1,11,2,user_creatures,user_3,user_creatures,user_creatures: log_only=['bedhead beastie'] engine_only=['island'],8,1,0,0,2,1,0,0,1,0,0,0,0,ok,219
1615,1,10,2,user_lands,user_3,user_lands user_hand,user_lands: log_only=['plains'] engine_only=[] ; user_hand: log_only=[] engine_only=['shepherding spirits'],3,1,2,1,2,2,0,0,1,0,0,0,1,ok,349
1616,1,10,2,user_noncreatures,oppo_3,user_noncreatures user_hand,user_noncreatures: log_only=['nowhere to run'] engine_only=[] ; user_hand: log_only=[] engine_only=['nowhere to run'],7,0,0,0,2,0,0,0,2,0,0,0,0,ok,453
1617,1,7,4,user_noncreatures,user_5,user_noncreatures,user_noncreatures: log_only=['treasure'] engine_only=[],6,4,1,0,3,5,4,0,0,0,4,0,0,ok,285
1618,1,7,3,user_lands,user_4,user_lands user_creatures user_hand,user_lands: log_only=['island'] engine_only=[] ; user_creatures: log_only=['splitskin doll'] engine_only=[] ; user_hand: log_only=[] engine_only=['splitskin doll'],3,2,0,0,3,2,1,0,1,0,1,0,2,ok,152
1619,1,12,3,oppo_life,user_4,oppo_life,oppo_life: log=20 engine=16,7,1,1,0,3,1,0,0,2,0,0,0,1,ok,531
1620,1,12,3,user_life,oppo_4,user_life user_creatures user_hand oppo_hand,user_life: log=17 engine=18 ; user_creatures: log_only=['insidious fungus'] engine_only=[] ; user_hand: log_only=[] engine_only=['insidious fungus'] ; oppo_hand: log=4 engine=5,8,2,3,0,3,2,0,1,1,0,0,1,0,ok,486
1621,1,9,4,user_creatures,oppo_5,user_creatures,user_creatures: log_only=['glimmer'] engine_only=[],6,2,1,0,4,2,0,0,2,0,0,0,0,ok,305
1622,1,8,3,user_life,oppo_4,user_life oppo_hand,user_life: log=17 engine=20 ; oppo_hand: log=4 engine=5,6,2,0,0,3,2,1,0,1,0,1,0,1,ok,362
1623,1,11,3,user_creatures,user_4,user_creatures user_noncreatures user_hand,user_creatures: log_only=['swamp'] engine_only=[] ; user_noncreatures: log_only=['conductive machete'] engine_only=[] ; user_hand: log_only=[] engine_only=['conductive machete'],8,2,1,0,3,2,1,1,1,0,1,1,1,ok,223
1624,1,9,2,user_hand,oppo_3,user_hand,user_hand: log_only=['island'] engine_only=['daggermaw megalodon'],5,1,1,0,2,1,0,0,1,0,0,0,0,ok,224
1625,1,16,3,user_life,oppo_4,user_life,user_life: log=16 engine=18,4,1,3,0,3,1,0,0,2,0,0,0,0,ok,1129
1626,1,6,3,user_creatures,user_4,user_creatures,user_creatures: log_only=['hand that feeds'] engine_only=[],3,2,0,0,3,2,5,0,1,0,5,0,1,ok,150
1627,1,7,2,user_life,oppo_3,user_life,user_life: log=18 engine=20,5,2,0,0,3,2,1,0,1,0,1,0,0,ok,207
1628,1,12,1,user_creatures,user_2,user_creatures,user_creatures: log_only=['broodspinner'] engine_only=['funeral room'],5,0,2,0,1,0,0,0,1,0,0,0,0,ok,389
1629,1,6,1,oppo_life,user_2,oppo_life,oppo_life: log=18 engine=19,5,1,2,0,1,1,0,0,0,0,0,0,0,ok,181
1630,1,9,4,oppo_life,user_5,oppo_life user_creatures,oppo_life: log=13 engine=12 ; user_creatures: log_only=[] engine_only=['fear of surveillance'],4,3,2,1,4,4,4,0,1,0,4,0,0,ok,230
1631,1,6,3,oppo_life,user_4,oppo_life,oppo_life: log=16 engine=18,5,2,0,0,3,2,0,0,1,0,0,0,0,ok,230
1632,1,9,4,oppo_life,user_5,oppo_life,oppo_life: log=17 engine=16,6,2,2,0,4,2,3,0,2,0,3,0,0,ok,279
1633,1,6,6,,,,,5,5,0,0,6,6,2,0,1,0,2,0,0,ok,155
1634,1,7,1,oppo_hand,user_2,oppo_hand,oppo_hand: log=6 engine=5,6,0,0,0,1,0,0,0,1,0,0,0,0,ok,269
1635,1,7,4,user_creatures,user_5,user_creatures,user_creatures: log_only=['spirit'] engine_only=[],3,2,2,1,4,3,0,0,2,0,0,0,0,ok,189
1636,1,9,2,user_life,oppo_3,user_life,user_life: log=17 engine=16,6,0,0,0,3,0,0,0,3,0,0,0,0,ok,267
1637,1,6,4,user_life,oppo_5,user_life oppo_life oppo_hand,user_life: log=13 engine=12 ; oppo_life: log=20 engine=21 ; oppo_hand: log=2 engine=3,3,2,1,1,3,3,1,0,1,0,1,0,2,ok,227
1638,1,12,5,user_life,oppo_6,user_life,user_life: log=17 engine=20,4,2,4,2,5,3,0,0,3,0,0,0,2,ok,482
1639,1,10,3,user_creatures,user_4,user_creatures,user_creatures: log_only=['bashful beastie'] engine_only=['friendly ghost'],5,2,1,0,3,2,0,0,1,0,0,0,0,ok,376
1640,1,11,1,user_creatures,oppo_2,user_creatures,user_creatures: log_only=['wary watchdog'] engine_only=['the swarmweaver'],4,0,0,0,2,0,0,0,2,0,0,0,0,ok,256
1641,1,6,3,user_creatures,oppo_4,user_creatures user_hand,user_creatures: log_only=['entity tracker'] engine_only=[] ; user_hand: log_only=[] engine_only=['entity tracker'],2,1,0,0,3,1,0,0,2,0,0,0,0,ok,125
1642,1,13,2,user_hand,oppo_3,user_hand,user_hand: log_only=['mountain'] engine_only=['smoky lounge'],7,1,2,0,2,1,0,0,1,0,0,0,0,ok,638
1643,1,10,3,user_creatures,user_4,user_creatures,user_creatures: log_only=[] engine_only=['floodpits drowner'],5,1,1,0,3,1,1,0,2,0,1,0,0,ok,311
1644,1,9,2,oppo_hand,oppo_3,oppo_hand,oppo_hand: log=4 engine=5,4,1,1,0,2,1,0,0,1,0,0,0,1,ok,180
1645,1,8,2,user_creatures,oppo_3,user_creatures user_noncreatures user_hand,user_creatures: log_only=['defiant survivor'] engine_only=[] ; user_noncreatures: log_only=['growing dread'] engine_only=[] ; user_hand: log_only=[] engine_only=['growing dread'],3,0,1,0,2,0,0,0,2,0,0,0,0,ok,166
1646,1,14,2,user_creatures,oppo_3,user_creatures,user_creatures: log_only=[] engine_only=['friendly teddy'],7,1,2,0,2,1,0,0,1,0,0,0,0,ok,459
1647,1,12,2,user_creatures,user_3,user_creatures,user_creatures: log_only=['clockwork percussionist'] engine_only=[],7,1,2,0,2,1,0,0,1,0,0,0,0,ok,321
1648,1,13,6,user_life,oppo_7,user_life,user_life: log=5 engine=10,6,4,2,1,6,5,0,1,2,0,0,1,1,ok,316
1649,1,10,3,user_life,oppo_4,user_life,user_life: log=17 engine=18,7,3,1,0,3,4,0,0,0,1,0,0,0,ok,308
1650,1,7,2,user_hand,user_3,user_hand,user_hand: log_only=['flesh burrower'] engine_only=['bashful beastie'],4,2,0,0,2,2,2,0,0,0,2,0,0,ok,150
1651,1,8,2,user_hand,user_3,user_hand,user_hand: log_only=['the wandering rescuer'] engine_only=['island'],4,2,1,0,2,2,0,0,0,0,0,0,1,ok,182
1652,1,8,3,oppo_life,user_4,oppo_life user_creatures user_hand,oppo_life: log=17 engine=18 ; user_creatures: log_only=['wary watchdog'] engine_only=[] ; user_hand: log_only=[] engine_only=['threats around every corner'],4,2,0,0,3,2,1,0,1,0,1,0,2,ok,261
1653,1,10,3,user_life,oppo_4,user_life,user_life: log=18 engine=16,4,2,1,0,4,2,0,0,2,0,0,0,0,ok,309
1654,1,4,3,user_hand,user_4,user_hand,user_hand: log_only=['manifest dread'] engine_only=['insidious fungus'],3,2,0,0,3,2,1,0,1,0,1,0,1,ok,67
1655,1,8,2,user_creatures,user_3,user_creatures user_hand,user_creatures: log_only=['island'] engine_only=['glimmerburst'] ; user_hand: log_only=['meat locker'] engine_only=['island'],7,1,0,0,2,1,0,0,1,0,0,0,0,ok,220
1656,1,8,1,user_creatures,user_2,user_creatures user_hand,user_creatures: log_only=['innocuous rat'] engine_only=[] ; user_hand: log_only=[] engine_only=['splitskin doll'],5,1,1,0,1,1,0,0,0,0,0,0,2,ok,169
1657,1,11,2,user_lands,user_3,user_lands user_hand,user_lands: log_only=['island'] engine_only=['plains'] ; user_hand: log_only=['plains'] engine_only=['island'],8,1,1,1,2,1,0,0,1,0,0,0,0,ok,312
1658,1,7,3,user_life,user_4,user_life user_creatures,user_life: log=20 engine=23 ; user_creatures: log_only=[] engine_only=['inquisitive glimmer'],4,2,1,0,3,2,1,0,1,0,1,0,0,ok,158
1659,1,13,1,user_hand,oppo_2,user_hand,"user_hand: log_only=[] engine_only=[""don't make a sound""]",5,0,3,0,2,0,0,0,2,0,0,0,1,ok,770
1660,1,14,6,user_creatures,oppo_7,user_creatures user_noncreatures,user_creatures: log_only=['piggy bank'] engine_only=['hand that feeds'] ; user_noncreatures: log_only=[] engine_only=['treasure'],4,2,3,0,2,6,7,0,0,4,7,0,1,ok,495
1661,1,12,2,user_hand,user_3,user_hand,user_hand: log_only=['forest'] engine_only=['plains'],5,1,3,0,2,1,0,0,1,0,0,0,0,ok,467
1662,1,6,1,user_creatures,user_2,user_creatures,user_creatures: log_only=['say its name'] engine_only=['bashful beastie'],4,0,0,0,1,0,0,0,1,0,0,0,0,ok,107
1663,1,6,2,user_life,oppo_3,user_life user_hand,user_life: log=13 engine=14 ; user_hand: log_only=['swamp'] engine_only=['spectral snatcher'],3,0,0,0,2,0,0,0,2,0,0,0,0,ok,100
1664,1,11,4,user_creatures,user_5,user_creatures user_hand,user_creatures: log_only=['frantic strength'] engine_only=['patchwork beastie'] ; user_hand: log_only=['wary watchdog'] engine_only=['overlord of the hauntwoods'],6,3,2,1,4,3,0,0,1,0,0,0,0,ok,497
1665,1,13,4,user_lands,user_5,user_lands user_creatures user_hand,user_lands: log_only=['island'] engine_only=[] ; user_creatures: log_only=['spineseeker centipede'] engine_only=[] ; user_hand: log_only=['swamp'] engine_only=['spineseeker centipede'],4,0,0,0,2,1,0,0,2,1,0,0,2,ok,279
1666,1,16,2,user_creatures,oppo_3,user_creatures,user_creatures: log_only=['splitskin doll'] engine_only=[],8,2,3,0,3,2,0,0,1,0,0,0,0,ok,468
1667,1,10,3,user_hand,user_4,user_hand,user_hand: log_only=['scorching dragonfire'] engine_only=['fear of being hunted'],5,3,2,0,3,3,4,0,0,0,4,0,1,ok,360
1668,1,10,2,user_creatures,oppo_3,user_creatures user_noncreatures user_hand,user_creatures: log_only=['plains'] engine_only=[] ; user_noncreatures: log_only=['growing dread'] engine_only=[] ; user_hand: log_only=[] engine_only=['growing dread'],4,0,1,0,2,0,0,0,2,0,0,0,0,ok,386
1669,1,8,2,user_life,user_3,user_life,user_life: log=20 engine=22,6,2,1,0,2,2,2,0,0,0,2,0,1,ok,207
1670,1,6,3,user_creatures,user_4,user_creatures user_hand,user_creatures: log_only=['under the skin'] engine_only=['slavering branchsnapper'] ; user_hand: log_only=['overlord of the mistmoors'] engine_only=['island'],5,2,0,0,3,2,1,0,1,0,1,0,0,ok,143
1671,1,8,4,user_creatures,user_5,user_creatures,user_creatures: log_only=['ghostly keybearer'] engine_only=['beast'],5,3,2,0,4,3,0,0,1,0,0,0,0,ok,282
1672,1,13,3,user_hand,user_4,user_hand,user_hand: log_only=[] engine_only=['scorching dragonfire'],7,1,3,0,3,1,0,0,2,0,0,0,1,ok,342
1673,1,7,4,user_life,user_5,user_life oppo_life user_creatures oppo_hand,"user_life: log=16 engine=18 ; oppo_life: log=18 engine=14 ; user_creatures: log_only=['arabella, abandoned doll'] engine_only=['friendly teddy', 'vicious clown'] ; oppo_hand: log=2 engine=1",6,4,0,0,4,4,1,0,0,0,1,0,1,ok,243
1674,1,8,4,oppo_life,user_5,oppo_life,oppo_life: log=16 engine=17,6,3,1,0,4,4,1,2,1,0,1,2,1,ok,310
1675,1,8,2,user_hand,user_3,user_hand,user_hand: log_only=['grand entryway'] engine_only=['island'],6,1,0,0,2,1,0,0,1,0,0,0,1,ok,250
1676,1,10,4,user_creatures,oppo_5,user_creatures,user_creatures: log_only=[] engine_only=['glimmerlight'],6,2,2,0,4,2,1,0,2,0,1,0,0,ok,291
1677,1,9,2,user_hand,oppo_3,user_hand,user_hand: log_only=['hedge shredder'] engine_only=['defiant survivor'],5,1,3,0,2,1,0,0,1,0,0,0,0,ok,159
1678,1,9,3,user_hand,user_4,user_hand,user_hand: log_only=['forest'] engine_only=['fear of the dark'],4,0,2,1,2,2,0,0,2,1,0,0,0,ok,124
1679,1,13,3,user_life,oppo_4,user_life,user_life: log=16 engine=12,5,2,0,0,3,2,0,0,1,0,0,0,0,ok,410
1680,1,9,3,oppo_hand,oppo_4,oppo_hand,oppo_hand: log=4 engine=3,4,1,1,0,2,2,0,0,1,1,0,0,0,ok,287
1681,1,7,3,oppo_life,user_4,oppo_life user_creatures,oppo_life: log=16 engine=15 ; user_creatures: log_only=['ghostly dancers'] engine_only=['glassworks'],5,2,0,0,3,2,1,0,1,0,1,0,0,ok,311
1682,1,12,1,user_creatures,user_2,user_creatures,user_creatures: log_only=['miasma demon'] engine_only=['insidious fungus'],6,0,1,0,1,0,0,0,1,0,0,0,0,ok,295
1683,1,11,3,oppo_life,user_4,oppo_life,oppo_life: log=20 engine=19,4,1,2,0,3,1,0,0,2,0,0,0,0,ok,196
1684,1,8,3,user_life,oppo_4,user_life,user_life: log=16 engine=18,5,2,0,0,3,2,0,0,1,0,0,0,0,ok,125
1685,1,8,1,user_hand,oppo_2,user_hand,user_hand: log_only=['swamp'] engine_only=['spectral snatcher'],6,1,2,0,2,1,2,0,1,0,2,0,0,ok,175
1686,1,7,1,user_creatures,user_2,user_creatures,user_creatures: log_only=['fear of exposure'] engine_only=['commune with evil'],3,0,1,0,1,0,0,0,1,0,0,0,0,ok,107
1687,1,7,2,user_hand,user_3,user_hand,user_hand: log_only=['mountain'] engine_only=['swamp'],5,1,0,0,2,1,0,0,1,0,0,0,0,ok,229
1688,1,6,2,oppo_life,oppo_3,oppo_life oppo_hand,oppo_life: log=18 engine=20 ; oppo_hand: log=6 engine=5,0,0,0,0,2,0,0,0,2,0,0,0,1,ok,107
1689,1,9,2,oppo_hand,oppo_3,oppo_hand,oppo_hand: log=5 engine=6,7,3,0,0,3,3,3,0,0,0,3,0,0,ok,295
1690,1,7,3,user_life,oppo_4,user_life,user_life: log=16 engine=18,3,2,0,0,3,2,1,0,1,0,1,0,0,ok,164
1691,1,6,1,user_creatures,user_2,user_creatures,user_creatures: log_only=['mountain'] engine_only=['clockwork percussionist'],4,0,1,0,1,0,0,0,1,0,0,0,0,ok,147
1692,1,11,2,user_hand,user_3,user_hand,user_hand: log_only=['vengeful possession'] engine_only=['live or die'],7,0,1,0,2,0,0,0,2,0,0,0,0,ok,303
1693,1,14,3,user_life,oppo_4,user_life,user_life: log=15 engine=16,6,2,6,0,3,3,1,0,1,0,1,0,0,ok,476
1694,1,7,2,user_life,user_3,user_life oppo_life,user_life: log=21 engine=20 ; oppo_life: log=17 engine=18,5,1,1,0,2,1,0,0,1,0,0,0,0,ok,166
1695,1,12,2,user_noncreatures,oppo_3,user_noncreatures user_hand,user_noncreatures: log_only=[] engine_only=['found footage'] ; user_hand: log_only=['abandoned campground'] engine_only=[],6,1,1,0,2,1,0,0,1,0,0,0,0,ok,452
1696,1,9,3,user_creatures,oppo_4,user_creatures,"user_creatures: log_only=['primo, the indivisible', 'stay hidden, stay silent'] engine_only=['forest', 'zimone, all-questioning']",6,1,2,0,3,1,1,0,2,0,1,0,0,ok,301
1697,1,9,3,user_creatures,user_4,user_creatures,user_creatures: log_only=['oblivious bookworm'] engine_only=['threats around every corner'],4,1,0,0,3,1,1,0,2,0,1,0,1,ok,319
1698,1,9,3,oppo_hand,oppo_4,oppo_hand,oppo_hand: log=5 engine=4,5,2,3,1,4,3,0,0,2,0,0,0,0,ok,300
1699,1,12,1,user_hand,user_2,user_hand,user_hand: log_only=['broodspinner'] engine_only=['friendly teddy'],7,0,0,0,1,0,0,0,1,0,0,0,0,ok,138
1700,1,8,1,user_hand,user_2,user_hand,user_hand: log_only=['horrid vigor'] engine_only=['piranha fly'],5,0,1,0,1,0,0,0,1,0,0,0,0,ok,1234
1701,1,8,4,oppo_life,user_5,oppo_life,oppo_life: log=11 engine=12,6,2,0,0,4,2,1,0,2,0,1,0,0,ok,627
1702,1,11,5,oppo_life,user_6,oppo_life user_hand,oppo_life: log=9 engine=14 ; user_hand: log_only=[] engine_only=['turn inside out'],6,2,2,0,5,2,3,0,3,0,3,0,1,ok,1026
1703,1,10,2,user_life,oppo_3,user_life,user_life: log=13 engine=16,5,1,3,0,3,1,0,0,2,0,0,0,0,ok,397
1704,1,14,2,oppo_life,user_3,oppo_life user_noncreatures oppo_hand,"oppo_life: log=18 engine=17 ; user_noncreatures: log_only=[] engine_only=[""painter's studio""] ; oppo_hand: log=6 engine=7",8,1,3,0,2,1,0,0,1,0,0,0,1,ok,932
1705,1,12,2,user_lands,user_3,user_lands user_noncreatures user_hand,user_lands: log_only=['plains'] engine_only=[] ; user_noncreatures: log_only=['moldering gym'] engine_only=[] ; user_hand: log_only=[] engine_only=['innocuous rat'],8,1,1,0,2,1,0,0,1,0,0,0,2,ok,602
1706,1,9,2,user_creatures,user_3,user_creatures,user_creatures: log_only=['forest'] engine_only=['twitching doll'],8,2,0,0,2,2,3,0,0,0,3,0,0,ok,419
1707,1,8,3,user_creatures,oppo_4,user_creatures oppo_hand,user_creatures: log_only=[] engine_only=['tunnel surveyor'] ; oppo_hand: log=4 engine=3,6,2,2,0,3,2,0,0,1,0,0,0,0,ok,374
1708,1,6,4,user_creatures,oppo_5,user_creatures user_noncreatures,"user_creatures: log_only=['clockwork percussionist', 'razorkin needlehead'] engine_only=[] ; user_noncreatures: log_only=[] engine_only=['trapped in the screen']",3,3,1,0,3,4,8,0,0,1,8,0,0,ok,141
1709,1,9,2,user_hand,user_3,user_hand,user_hand: log_only=['glassworks'] engine_only=['mountain'],5,0,1,0,2,0,0,0,2,0,0,0,0,ok,525
1710,1,11,2,user_hand,user_3,user_hand,user_hand: log_only=['commune with evil'] engine_only=['fear of exposure'],5,1,1,0,2,1,0,0,1,0,0,0,1,ok,495
1711,1,8,3,user_hand,user_4,user_hand,"user_hand: log_only=['glassworks', 'trial of agony'] engine_only=['razorkin hordecaller', 'swamp']",5,2,0,0,3,2,1,0,1,0,1,0,0,ok,278
1712,1,11,1,user_hand,user_2,user_hand,user_hand: log_only=['twist reality'] engine_only=['grasping longneck'],4,1,2,0,1,1,0,0,0,0,0,0,0,ok,432
1713,1,7,5,user_creatures,oppo_6,user_creatures oppo_hand,user_creatures: log_only=[] engine_only=['intruding soulrager'] ; oppo_hand: log=4 engine=3,5,4,2,2,4,6,4,0,1,0,4,0,0,ok,348
1714,1,9,3,user_creatures,user_4,user_creatures,user_creatures: log_only=['monstrous emergence'] engine_only=['conductive machete'],6,2,2,0,3,2,0,1,1,0,0,1,0,ok,374
1715,1,8,2,oppo_life,user_3,oppo_life user_creatures,oppo_life: log=19 engine=20 ; user_creatures: log_only=['sawblade skinripper'] engine_only=['murder'],5,1,1,0,2,1,0,0,1,0,0,0,0,ok,340
1716,1,9,6,oppo_hand,oppo_7,oppo_hand,oppo_hand: log=0 engine=1,6,5,0,0,6,5,2,2,1,0,2,2,1,ok,438
1717,1,11,2,user_creatures,oppo_3,user_creatures,user_creatures: log_only=['cynical loner'] engine_only=['osseous sticktwister'],8,2,2,0,3,2,0,0,1,0,0,0,0,ok,410
1718,1,13,3,user_noncreatures,oppo_4,user_noncreatures user_hand,user_noncreatures: log_only=[] engine_only=['found footage'] ; user_hand: log_only=['commune with evil'] engine_only=[],8,3,1,0,3,3,0,0,0,0,0,0,0,ok,222
1719,1,7,3,user_hand,oppo_4,user_hand,user_hand: log_only=['ghostly keybearer'] engine_only=['jump scare'],3,2,1,0,4,3,2,0,2,0,2,0,0,ok,199
1720,1,6,3,user_creatures,user_4,user_creatures user_hand,user_creatures: log_only=['sawblade skinripper'] engine_only=[] ; user_hand: log_only=['swamp'] engine_only=[],3,1,2,0,3,1,0,0,2,0,0,0,1,ok,250
1721,1,8,1,user_hand,user_2,user_hand,user_hand: log_only=['vile mutilator'] engine_only=['bashful beastie'],6,0,0,0,1,0,0,0,1,0,0,0,0,ok,504
1722,1,8,2,user_hand,oppo_3,user_hand,user_hand: log_only=['mountain'] engine_only=['bedhead beastie'],4,0,1,0,2,0,0,0,2,0,0,0,0,ok,452
1723,1,7,1,user_hand,user_2,user_hand,user_hand: log_only=['mountain'] engine_only=['most valuable slayer'],5,0,0,0,1,0,0,0,1,0,0,0,0,ok,273
1724,1,14,4,oppo_life,user_5,oppo_life user_lands user_creatures user_noncreatures user_hand,oppo_life: log=15 engine=13 ; user_lands: log_only=['swamp'] engine_only=[] ; user_creatures: log_only=[] engine_only=['piggy bank'] ; user_noncreatures: log_only=['treasure'] engine_only=[] ; user_hand: log_only=[] engine_only=['swamp'],9,3,2,1,4,3,2,0,1,0,2,0,1,ok,390
1725,1,9,4,user_life,oppo_5,user_life,user_life: log=18 engine=20,5,2,2,1,5,3,2,0,3,0,2,0,0,ok,363
1726,1,10,2,user_hand,user_3,user_hand,user_hand: log_only=['vanish from sight'] engine_only=['forest'],7,1,2,0,2,1,0,0,1,0,0,0,0,ok,679
1727,1,12,4,user_creatures,user_5,user_creatures oppo_hand,user_creatures: log_only=[] engine_only=['vicious clown'] ; oppo_hand: log=4 engine=5,6,2,1,0,3,3,2,0,1,1,2,0,1,ok,299
1728,1,5,3,user_life,oppo_4,user_life oppo_life,user_life: log=18 engine=20 ; oppo_life: log=19 engine=15,1,1,0,0,3,1,1,0,2,0,1,0,0,ok,135
1729,1,11,3,user_creatures,user_4,user_creatures,user_creatures: log_only=['mountain'] engine_only=['overlord of the balemurk'],8,2,2,0,3,2,2,0,1,0,2,0,0,ok,502
1730,1,7,2,user_creatures,user_3,user_creatures user_hand,"user_creatures: log_only=['glimmer', 'tunnel surveyor'] engine_only=[] ; user_hand: log_only=[] engine_only=['ghostly dancers']",5,2,1,0,2,2,0,0,0,0,0,0,2,ok,204
1731,1,8,1,user_hand,user_2,user_hand,user_hand: log_only=['vanish from sight'] engine_only=['cryptid inspector'],5,0,0,0,1,0,0,0,1,0,0,0,0,ok,231
1732,1,17,2,user_creatures,user_3,user_creatures,"user_creatures: log_only=['zimone, all-questioning'] engine_only=['defiled crypt']",9,0,5,0,2,0,0,0,2,0,0,0,0,ok,773
1733,1,9,1,user_hand,user_2,user_hand,user_hand: log_only=['moldering gym'] engine_only=['island'],5,0,0,0,1,0,0,0,1,0,0,0,0,ok,217
1734,1,9,3,user_creatures,user_4,user_creatures,user_creatures: log_only=['erratic apparition'] engine_only=['underwater tunnel'],4,1,2,0,3,1,0,0,2,0,0,0,0,ok,333
1735,1,10,2,user_life,user_3,user_life user_hand,user_life: log=20 engine=23 ; user_hand: log_only=[] engine_only=['trapped in the screen'],6,1,1,0,2,1,0,0,1,0,0,0,0,ok,191
1736,1,7,3,user_life,oppo_4,user_life,user_life: log=12 engine=14,4,2,1,0,3,2,0,0,1,0,0,0,0,ok,169
1737,1,9,3,user_lands,user_4,user_lands user_creatures user_noncreatures user_hand,"user_lands: log_only=['thornspire verge'] engine_only=[] ; user_creatures: log_only=['glimmer'] engine_only=[] ; user_noncreatures: log_only=['glimmerlight'] engine_only=[] ; user_hand: log_only=[] engine_only=['glimmerlight', 'thornspire verge']",5,2,0,0,3,2,2,0,1,0,2,0,2,ok,291
1738,1,10,2,oppo_life,user_3,oppo_life user_creatures,"oppo_life: log=11 engine=17 ; user_creatures: log_only=['beastie beatdown', 'mountain'] engine_only=['bashful beastie', 'fear of exposure']",5,1,2,0,2,1,1,0,1,0,1,0,0,ok,272
1739,1,11,3,user_creatures,oppo_4,user_creatures oppo_hand,user_creatures: log_only=[] engine_only=['clockwork percussionist'] ; oppo_hand: log=1 engine=2,4,1,2,0,3,1,0,0,2,0,0,0,2,ok,266
1740,1,9,2,user_noncreatures,user_3,user_noncreatures oppo_hand,user_noncreatures: log_only=['cracked skull'] engine_only=[] ; oppo_hand: log=4 engine=5,8,2,1,0,2,2,1,0,0,0,1,0,1,ok,297
1741,1,7,2,user_hand,user_3,user_hand,user_hand: log_only=['plains'] engine_only=[],5,2,1,0,2,2,2,0,0,0,2,0,0,ok,137
1742,1,11,5,user_life,oppo_6,user_life,user_life: log=16 engine=18,4,3,2,0,4,5,2,0,1,1,2,0,0,ok,335
1743,1,7,1,oppo_hand,oppo_2,oppo_hand,oppo_hand: log=6 engine=5,5,0,1,0,1,0,0,0,1,0,0,0,0,ok,285
1744,1,8,1,user_life,oppo_2,user_life,user_life: log=18 engine=20,6,0,0,0,1,0,0,0,1,0,0,0,0,ok,225
1745,1,9,5,user_lands,user_6,user_lands user_creatures user_hand,"user_lands: log_only=['swamp'] engine_only=[] ; user_creatures: log_only=['hand that feeds'] engine_only=[] ; user_hand: log_only=[] engine_only=['hand that feeds', 'swamp']",5,2,0,0,3,4,4,0,1,2,4,0,2,ok,245
1746,1,6,3,user_lands,user_4,user_lands,user_lands: log_only=['forest'] engine_only=['swamp'],3,2,0,0,3,2,0,1,1,0,0,1,0,ok,149
1747,1,9,3,user_creatures,oppo_4,user_creatures user_hand,user_creatures: log_only=['veteran survivor'] engine_only=[] ; user_hand: log_only=[] engine_only=['jump scare'],4,3,2,0,4,3,4,0,1,0,4,0,1,ok,259
1748,1,13,4,user_creatures,user_5,user_creatures,user_creatures: log_only=['island'] engine_only=['conductive machete'],7,3,0,0,4,3,1,0,1,0,1,0,0,ok,533
1749,1,7,2,oppo_life,user_3,oppo_life,oppo_life: log=18 engine=20,4,1,1,0,2,1,0,0,1,0,0,0,0,ok,258
1750,1,5,2,user_creatures,user_3,user_creatures user_hand,user_creatures: log_only=['swamp'] engine_only=[] ; user_hand: log_only=[] engine_only=['fear of being hunted'],3,2,0,0,2,2,1,0,0,0,1,0,1,ok,69
1751,1,6,1,user_hand,user_2,user_hand,"user_hand: log_only=['meat locker'] engine_only=[""duskmourn's domination""]",2,0,0,0,1,0,0,0,1,0,0,0,0,ok,119
1752,1,13,2,oppo_hand,oppo_3,oppo_hand,oppo_hand: log=4 engine=3,5,1,0,0,2,1,0,0,1,0,0,0,0,ok,731
1753,1,9,2,user_hand,oppo_3,user_hand,user_hand: log_only=['swamp'] engine_only=['mountain'],6,1,2,0,2,1,0,0,1,0,0,0,0,ok,282
1754,1,13,3,oppo_life,user_4,oppo_life user_creatures user_hand,oppo_life: log=20 engine=18 ; user_creatures: log_only=['ragged playmate'] engine_only=['house cartographer'] ; user_hand: log_only=[] engine_only=['forest'],5,2,2,0,3,3,0,0,1,0,0,0,0,ok,245
1755,1,16,2,user_hand,oppo_3,user_hand,user_hand: log_only=['defiled crypt'] engine_only=['sawblade skinripper'],7,1,2,0,2,1,0,0,1,0,0,0,0,ok,424
1756,1,7,3,oppo_life,user_4,oppo_life,oppo_life: log=15 engine=16,6,2,1,0,3,2,0,0,1,0,0,0,0,ok,150
1757,1,6,2,oppo_life,user_3,oppo_life,oppo_life: log=14 engine=16,4,2,0,0,2,2,2,0,0,0,2,0,0,ok,116
1758,1,8,2,user_hand,user_3,user_hand,user_hand: log_only=['terramorphic expanse'] engine_only=['flesh burrower'],5,2,0,0,2,2,1,0,0,0,1,0,0,ok,189
1759,1,10,3,user_life,oppo_4,user_life user_creatures,user_life: log=15 engine=17 ; user_creatures: log_only=[] engine_only=['balemurk leech'],6,2,0,0,3,2,0,0,1,0,0,0,0,ok,301
1760,1,8,3,user_life,oppo_4,user_life,user_life: log=18 engine=19,6,1,1,1,3,1,0,0,2,0,0,0,1,ok,235
1761,1,5,1,user_creatures,user_2,user_creatures,user_creatures: log_only=['defiant survivor'] engine_only=['creeping peeper'],5,1,1,0,1,1,0,0,0,0,0,0,0,ok,112
1762,1,6,2,user_lands,user_3,user_lands user_hand,user_lands: log_only=['plains'] engine_only=[] ; user_hand: log_only=['glassworks'] engine_only=['unidentified hovership'],5,2,1,0,2,2,2,0,0,0,2,0,2,ok,134
1763,1,5,1,user_hand,user_2,user_hand,user_hand: log_only=['moldering gym'] engine_only=['mountain'],3,0,0,0,1,0,0,0,1,0,0,0,0,ok,114
1764,1,9,4,user_creatures,user_5,user_creatures user_hand,"user_creatures: log_only=['fear of surveillance', 'shrewd storyteller'] engine_only=[] ; user_hand: log_only=[] engine_only=['plains']",6,4,1,1,4,5,3,0,0,0,3,0,3,ok,294
1765,1,10,4,oppo_life,user_5,oppo_life,oppo_life: log=11 engine=13,4,3,2,1,4,3,4,0,1,0,4,0,0,ok,220
1766,1,7,2,user_life,oppo_3,user_life,user_life: log=17 engine=18,3,1,3,0,2,1,0,0,1,0,0,0,0,ok,140
1767,1,11,2,user_hand,user_3,user_hand,"user_hand: log_only=['hand that feeds'] engine_only=[""painter's studio""]",4,1,1,0,2,1,0,0,1,0,0,0,0,ok,249
1768,1,13,1,user_creatures,user_2,user_creatures,user_creatures: log_only=['hauntwoods shrieker'] engine_only=['cryptid inspector'],5,0,2,0,1,0,0,0,1,0,0,0,0,ok,331
1769,1,4,4,,,,,2,2,1,1,3,2,0,1,1,0,0,1,0,ok,62
1770,1,9,3,user_creatures,user_4,user_creatures,user_creatures: log_only=['screaming nemesis'] engine_only=['forest'],6,2,0,0,3,2,1,0,1,0,1,0,0,ok,328
1771,1,8,4,user_creatures,oppo_5,user_creatures user_noncreatures,user_creatures: log_only=['piggy bank'] engine_only=['flesh burrower'] ; user_noncreatures: log_only=[] engine_only=['treasure'],6,3,3,1,4,3,1,0,1,0,1,0,1,ok,239
1772,1,9,4,user_life,user_5,user_life,user_life: log=13 engine=14,5,3,1,0,4,3,2,0,1,0,2,0,0,ok,249
1773,1,11,3,user_lands,user_4,user_lands user_hand,user_lands: log_only=['island'] engine_only=[] ; user_hand: log_only=[] engine_only=['say its name'],8,2,1,0,3,2,1,0,1,0,1,0,2,ok,290
1774,1,7,1,user_creatures,user_2,user_creatures oppo_hand,user_creatures: log_only=[] engine_only=['manifest dread'] ; oppo_hand: log=4 engine=5,5,0,2,0,1,0,0,0,1,0,0,0,1,ok,102
1775,1,6,4,user_life,oppo_5,user_life oppo_hand,user_life: log=11 engine=14 ; oppo_hand: log=3 engine=4,1,1,1,0,3,1,0,0,2,0,0,0,2,ok,86
1776,1,10,1,user_creatures,user_2,user_creatures,user_creatures: log_only=['the rollercrusher ride'] engine_only=['bedhead beastie'],8,0,2,0,1,0,0,0,1,0,0,0,0,ok,256
1777,1,17,1,user_hand,user_2,user_hand,user_hand: log_only=['mountain'] engine_only=['bleeding woods'],7,0,2,0,1,0,0,0,1,0,0,0,0,ok,368
1778,1,10,4,user_hand,user_5,user_hand,user_hand: log_only=['monstrous emergence'] engine_only=['forest'],7,1,3,0,4,1,0,0,3,0,0,0,0,ok,267
1779,1,8,4,user_creatures,oppo_5,user_creatures,user_creatures: log_only=['hand that feeds'] engine_only=['ripchain razorkin'],5,3,2,1,4,3,0,0,1,0,0,0,1,ok,155
1780,1,10,1,user_creatures,user_2,user_creatures,user_creatures: log_only=['under the skin'] engine_only=['mountain'],7,0,3,0,1,0,0,0,1,0,0,0,0,ok,248
1781,1,5,1,oppo_hand,oppo_2,oppo_hand,oppo_hand: log=7 engine=6,3,1,0,0,2,1,1,0,1,0,1,0,0,ok,82
1782,1,8,2,user_hand,oppo_3,user_hand,user_hand: log_only=['forest'] engine_only=['slavering branchsnapper'],5,0,0,0,2,0,0,0,2,0,0,0,0,ok,142
1783,1,8,2,user_lands,user_3,user_lands,user_lands: log_only=['forest'] engine_only=['plains'],4,1,1,0,2,1,0,0,1,0,0,0,0,ok,289
1784,1,11,2,user_hand,user_3,user_hand,user_hand: log_only=['defiled crypt'] engine_only=['enduring tenacity'],7,1,1,0,2,1,0,0,1,0,0,0,0,ok,202
1785,1,9,2,oppo_life,user_3,oppo_life,oppo_life: log=20 engine=17,5,1,1,0,2,1,0,0,1,0,0,0,1,ok,276
1786,1,7,2,oppo_life,user_3,oppo_life,oppo_life: log=20 engine=16,4,1,1,0,2,1,0,0,1,0,0,0,1,ok,170
1787,1,9,5,oppo_life,user_6,oppo_life,oppo_life: log=13 engine=12,4,4,0,0,5,4,3,0,1,0,3,0,0,ok,236
1788,1,9,4,user_creatures,oppo_5,user_creatures,user_creatures: log_only=[] engine_only=['glassworks'],3,1,1,0,4,2,0,0,3,1,0,0,0,ok,320
1789,1,7,2,user_creatures,user_3,user_creatures,user_creatures: log_only=['boilerbilges ripper'] engine_only=['innocuous rat'],4,1,1,0,2,1,0,0,1,0,0,0,0,ok,171
1790,1,9,2,user_lands,user_3,user_lands,user_lands: log_only=['island'] engine_only=['swamp'],7,1,1,0,2,1,0,0,1,0,0,0,0,ok,199
1791,1,15,3,oppo_hand,oppo_4,oppo_hand,oppo_hand: log=3 engine=4,7,1,3,1,3,2,0,0,2,0,0,0,1,ok,237
1792,1,6,2,user_hand,user_3,user_hand,user_hand: log_only=['forest'] engine_only=['mountain'],4,1,0,0,2,1,0,1,1,0,0,1,0,ok,106
1793,1,5,3,user_hand,user_4,user_hand,"user_hand: log_only=[""betrayer's bargain""] engine_only=['plains']",5,3,1,0,3,3,3,1,0,0,3,1,0,ok,76
1794,1,11,2,user_hand,oppo_3,user_hand,"user_hand: log_only=[] engine_only=[""don't make a sound""]",6,0,1,0,3,0,0,0,3,0,0,0,1,ok,368
1795,1,7,2,oppo_hand,oppo_3,oppo_hand,oppo_hand: log=5 engine=6,3,1,0,0,2,1,0,0,1,0,0,0,1,ok,171
1796,1,7,2,user_hand,user_3,user_hand oppo_hand,"user_hand: log_only=[] engine_only=['kona, rescue beastie'] ; oppo_hand: log=6 engine=7",5,1,1,0,2,1,0,0,1,0,0,0,2,ok,210
1797,1,5,2,oppo_life,user_3,oppo_life,oppo_life: log=13 engine=14,4,1,1,0,2,1,1,0,1,0,1,0,1,ok,158
1798,1,7,2,oppo_hand,oppo_3,oppo_hand,oppo_hand: log=4 engine=6,6,2,2,0,2,2,0,0,0,0,0,0,2,ok,160
1799,1,11,2,user_creatures,user_3,user_creatures,user_creatures: log_only=['island'] engine_only=['terramorphic expanse'],6,1,3,0,2,1,0,0,1,0,0,0,0,ok,314
1800,1,4,3,user_hand,user_4,user_hand,user_hand: log_only=[] engine_only=['pyroclasm'],2,2,0,0,3,2,0,1,1,0,0,1,0,ok,1027
1801,1,8,2,user_lands,user_3,user_lands user_hand,user_lands: log_only=['island'] engine_only=[] ; user_hand: log_only=[] engine_only=['daggermaw megalodon'],3,1,1,0,2,1,0,0,1,0,0,0,1,ok,693
1802,1,10,2,user_hand,oppo_3,user_hand oppo_hand,user_hand: log_only=[] engine_only=['plains'] ; oppo_hand: log=5 engine=6,6,2,0,0,3,2,1,0,1,0,1,0,2,ok,515
1803,1,11,3,user_creatures,oppo_4,user_creatures,user_creatures: log_only=[] engine_only=['vanish from sight'],7,0,1,0,4,0,0,0,4,0,0,0,0,ok,740
1804,1,11,4,user_creatures,user_5,user_creatures user_noncreatures user_hand,user_creatures: log_only=['flesh burrower'] engine_only=[] ; user_noncreatures: log_only=['ticket booth'] engine_only=[] ; user_hand: log_only=['forest'] engine_only=['fear of infinity'],8,2,1,0,4,2,0,1,2,0,0,1,1,ok,601
1805,1,4,3,user_creatures,user_4,user_creatures,user_creatures: log_only=['swamp'] engine_only=['trapped in the screen'],3,2,0,0,3,2,1,0,1,0,1,0,0,ok,149
1806,1,6,3,user_creatures,user_4,user_creatures user_hand,user_creatures: log_only=['broodspinner'] engine_only=['spectral snatcher'] ; user_hand: log_only=['forest'] engine_only=['spineseeker centipede'],4,2,1,0,3,2,1,0,1,0,1,0,0,ok,335
1807,1,10,2,user_life,oppo_3,user_life,user_life: log=18 engine=19,7,1,0,0,2,1,0,0,1,0,0,0,0,ok,539
1808,1,14,2,oppo_hand,oppo_3,oppo_hand,oppo_hand: log=2 engine=3,8,1,2,0,2,1,0,0,1,0,0,0,1,ok,680
1809,1,8,4,user_creatures,oppo_5,user_creatures oppo_hand,user_creatures: log_only=['popular egotist'] engine_only=['murder'] ; oppo_hand: log=3 engine=2,4,3,1,0,4,3,1,0,1,0,1,0,0,ok,358
1810,1,8,1,user_hand,user_2,user_hand,user_hand: log_only=['enduring vitality'] engine_only=['mountain'],6,0,1,0,1,0,0,0,1,0,0,0,0,ok,353
1811,1,9,1,user_hand,user_2,user_hand,"user_hand: log_only=[""don't make a sound""] engine_only=['island']",5,1,0,0,1,1,0,0,0,0,0,0,1,ok,290
1812,1,7,2,user_lands,user_3,user_lands user_creatures user_hand,"user_lands: log_only=['island'] engine_only=[] ; user_creatures: log_only=['trapped in the screen'] engine_only=['fear of isolation', 'tunnel surveyor'] ; user_hand: log_only=['reluctant role model'] engine_only=['island']",4,1,1,0,2,1,0,0,1,0,0,0,0,ok,191
1813,1,9,2,user_creatures,oppo_3,user_creatures user_hand,user_creatures: log_only=['floodpits drowner'] engine_only=[] ; user_hand: log_only=[] engine_only=['floodpits drowner'],5,0,2,0,2,0,0,0,2,0,0,0,0,ok,317
1814,1,7,1,user_creatures,user_2,user_creatures,user_creatures: log_only=['emerge from the cocoon'] engine_only=['final vengeance'],4,0,0,0,1,0,0,0,1,0,0,0,0,ok,199
1815,1,8,2,user_noncreatures,user_3,user_noncreatures user_hand,user_noncreatures: log_only=['trapped in the screen'] engine_only=[] ; user_hand: log_only=[] engine_only=['island'],4,1,2,0,2,1,0,0,1,0,0,0,2,ok,272
1816,1,8,2,user_creatures,user_3,user_creatures,user_creatures: log_only=['innocuous rat'] engine_only=['diversion specialist'],7,1,0,0,2,1,0,0,1,0,0,0,0,ok,254
1817,1,5,3,oppo_life,user_4,oppo_life user_lands user_creatures,oppo_life: log=14 engine=15 ; user_lands: log_only=['mountain'] engine_only=[] ; user_creatures: log_only=['clockwork percussionist'] engine_only=[],5,3,0,0,3,3,4,0,0,0,4,0,2,ok,135
1818,1,7,2,oppo_life,user_3,oppo_life user_creatures oppo_hand,oppo_life: log=20 engine=18 ; user_creatures: log_only=[] engine_only=['acrobatic cheerleader'] ; oppo_hand: log=3 engine=4,4,1,1,0,2,1,0,0,1,0,0,0,1,ok,156
1819,1,9,4,oppo_life,user_5,oppo_life user_creatures,"oppo_life: log=15 engine=16 ; user_creatures: log_only=['toby, beastie befriender'] engine_only=[]",4,2,3,0,4,2,0,1,2,0,0,1,0,ok,315
1820,1,11,1,user_hand,user_2,user_hand,user_hand: log_only=['hand that feeds'] engine_only=['wildfire wickerfolk'],6,0,0,0,1,0,0,0,1,0,0,0,0,ok,299
1821,1,8,4,user_hand,user_5,user_hand,user_hand: log_only=['twist reality'] engine_only=['forest'],4,3,0,0,4,3,3,0,1,0,3,0,0,ok,343
1822,1,8,1,user_creatures,user_2,user_creatures,user_creatures: log_only=['fear of exposure'] engine_only=['bashful beastie'],5,0,1,0,1,0,0,0,1,0,0,0,0,ok,196
1823,1,5,5,,,,,1,1,0,0,2,1,1,0,1,0,1,0,0,ok,72
1824,1,10,4,oppo_hand,oppo_5,oppo_hand,oppo_hand: log=3 engine=4,5,2,2,0,4,2,0,0,2,0,0,0,1,ok,324
1825,1,8,1,user_hand,user_2,user_hand,user_hand: log_only=['underwater tunnel'] engine_only=['razortrap gorge'],3,1,2,0,1,1,0,0,0,0,0,0,0,ok,182
1826,1,13,3,user_lands,user_4,user_lands user_noncreatures,user_lands: log_only=['swamp'] engine_only=[] ; user_noncreatures: log_only=[] engine_only=['keys to the house'],8,1,2,0,3,1,0,0,2,0,0,0,1,ok,390
1827,1,8,4,user_life,oppo_5,user_life oppo_life,user_life: log=19 engine=20 ; oppo_life: log=17 engine=16,5,3,2,0,4,3,2,0,1,0,2,0,0,ok,203
1828,1,9,3,user_hand,user_4,user_hand,user_hand: log_only=['glassworks'] engine_only=['boilerbilges ripper'],5,1,1,0,3,1,0,1,2,0,0,1,0,ok,266
1829,1,8,4,user_life,oppo_5,user_life user_creatures user_hand,user_life: log=15 engine=20 ; user_creatures: log_only=['appendage amalgam'] engine_only=[] ; user_hand: log_only=[] engine_only=['appendage amalgam'],2,1,2,0,3,1,0,1,2,0,0,1,1,ok,195
1830,1,11,1,user_life,oppo_2,user_life,user_life: log=18 engine=19,7,0,2,0,1,0,0,0,1,0,0,0,0,ok,392
1831,1,5,2,user_lands,user_3,user_lands user_hand,user_lands: log_only=['mountain'] engine_only=[] ; user_hand: log_only=[] engine_only=['razorkin hordecaller'],4,1,1,0,2,1,0,0,1,0,0,0,1,ok,149
1832,1,4,2,user_hand,user_3,user_hand,user_hand: log_only=['trial of agony'] engine_only=['overgrown zealot'],3,1,0,0,2,1,0,0,1,0,0,0,1,ok,56
1833,1,7,2,user_creatures,oppo_3,user_creatures,user_creatures: log_only=['piggy bank'] engine_only=['vicious clown'],3,2,1,0,3,2,1,0,1,0,1,0,0,ok,166
1834,1,12,3,user_creatures,user_4,user_creatures,user_creatures: log_only=['flesh burrower'] engine_only=['mountain'],5,1,1,0,3,1,0,0,2,0,0,0,0,ok,213
1835,1,10,2,user_lands,user_3,user_lands user_hand,user_lands: log_only=['neglected manor'] engine_only=[] ; user_hand: log_only=[] engine_only=['murder'],3,1,3,0,2,1,0,0,1,0,0,0,2,ok,288
1836,1,10,2,oppo_hand,oppo_3,oppo_hand,oppo_hand: log=4 engine=5,7,1,1,0,2,1,1,0,1,0,1,0,1,ok,338
1837,1,12,2,user_hand,user_3,user_hand,user_hand: log_only=['forest'] engine_only=['fear of burning alive'],8,1,2,1,2,1,0,0,1,0,0,0,0,ok,320
1838,1,7,4,oppo_hand,oppo_5,oppo_hand,oppo_hand: log=1 engine=2,5,3,0,0,4,4,1,0,1,0,1,0,1,ok,258
1839,1,5,2,user_hand,oppo_3,user_hand,user_hand: log_only=['swamp'] engine_only=['spectral snatcher'],2,0,1,0,2,0,0,0,2,0,0,0,0,ok,107
1840,1,8,1,user_hand,oppo_2,user_hand,user_hand: log_only=['island'] engine_only=['daggermaw megalodon'],4,0,1,0,2,0,0,0,2,0,0,0,0,ok,158
1841,1,9,3,oppo_life,user_4,oppo_life user_hand,oppo_life: log=17 engine=20 ; user_hand: log_only=['omnivorous flytrap'] engine_only=['island'],3,1,2,0,3,1,0,0,2,0,0,0,0,ok,189
1842,1,11,3,oppo_hand,oppo_4,oppo_hand,oppo_hand: log=4 engine=3,4,2,2,0,3,2,0,0,1,0,0,0,0,ok,334
1843,1,9,2,user_life,oppo_3,user_life,user_life: log=18 engine=20,2,0,0,0,2,0,0,0,2,0,0,0,0,ok,263
1844,1,7,3,oppo_life,user_4,oppo_life user_creatures oppo_hand,oppo_life: log=15 engine=13 ; user_creatures: log_only=[] engine_only=['veteran survivor'] ; oppo_hand: log=3 engine=4,6,3,1,0,3,3,2,0,0,0,2,0,1,ok,327
1845,1,16,3,user_creatures,user_4,user_creatures,user_creatures: log_only=['hardened escort'] engine_only=['hand that feeds'],6,2,3,0,3,2,1,0,1,0,1,0,0,ok,628
1846,1,7,3,oppo_life,user_4,oppo_life,oppo_life: log=13 engine=12,5,2,2,0,3,3,3,0,1,0,3,0,0,ok,229
1847,1,14,6,user_creatures,user_7,user_creatures,"user_creatures: log_only=['norin, swift survivalist'] engine_only=['orphans of the wheat']",6,3,3,1,5,4,0,0,2,0,0,0,0,ok,576
1848,1,11,1,user_hand,user_2,user_hand,user_hand: log_only=['jump scare'] engine_only=['plains'],6,1,0,0,1,1,1,0,0,0,1,0,1,ok,316
1849,1,12,3,user_creatures,oppo_4,user_creatures oppo_hand,user_creatures: log_only=[] engine_only=['popular egotist'] ; oppo_hand: log=4 engine=3,6,1,2,0,3,1,0,0,2,0,0,0,0,ok,340
1850,1,9,1,user_creatures,user_2,user_creatures,"user_creatures: log_only=['stay hidden, stay silent'] engine_only=['bashful beastie']",6,0,2,0,1,0,0,0,1,0,0,0,0,ok,183
1851,1,5,1,user_hand,user_2,user_hand,user_hand: log_only=['the wandering rescuer'] engine_only=['mountain'],4,1,0,0,1,1,0,0,0,0,0,0,0,ok,102
1852,1,5,2,user_hand,user_3,user_hand,user_hand: log_only=['fear of immobility'] engine_only=['ethereal armor'],2,2,0,0,2,2,0,0,0,0,0,0,1,ok,126
1853,1,8,3,user_creatures,user_4,user_creatures,user_creatures: log_only=['infernal phantom'] engine_only=['plains'],6,2,0,0,3,2,1,0,1,0,1,0,0,ok,330
1854,1,6,2,user_creatures,user_3,user_creatures,user_creatures: log_only=['plains'] engine_only=['inquisitive glimmer'],5,1,4,0,2,1,0,0,1,0,0,0,0,ok,230
1855,1,8,3,oppo_life,user_4,oppo_life user_noncreatures,oppo_life: log=22 engine=20 ; user_noncreatures: log_only=['glassworks'] engine_only=[],7,2,1,1,3,2,0,0,1,0,0,0,1,ok,248
1856,1,4,3,user_creatures,user_4,user_creatures,user_creatures: log_only=['cryptid inspector'] engine_only=['murky sewer'],3,2,0,0,3,2,0,0,1,0,0,0,0,ok,72
1857,1,9,1,user_creatures,user_2,user_creatures,user_creatures: log_only=['overgrown zealot'] engine_only=['house cartographer'],6,0,1,0,1,0,0,0,1,0,0,0,0,ok,333
1858,1,10,2,user_creatures,user_3,user_creatures,user_creatures: log_only=['optimistic scavenger'] engine_only=['glimmerlight'],5,1,1,0,2,1,0,0,1,0,0,0,0,ok,247
1859,1,9,2,user_lands,user_3,user_lands,user_lands: log_only=['island'] engine_only=['mountain'],5,0,0,0,2,0,0,0,2,0,0,0,0,ok,342
1860,1,7,2,user_hand,oppo_3,user_hand oppo_hand,user_hand: log_only=[] engine_only=['floodpits drowner'] ; oppo_hand: log=4 engine=5,4,0,0,0,2,0,0,0,2,0,0,0,1,ok,182
1861,1,7,3,oppo_life,user_4,oppo_life user_noncreatures,oppo_life: log=16 engine=15 ; user_noncreatures: log_only=[] engine_only=['unable to scream'],5,2,1,0,3,2,0,0,1,0,0,0,0,ok,183
1862,1,10,4,user_creatures,oppo_5,user_creatures,user_creatures: log_only=['resurrected cultist'] engine_only=['final vengeance'],5,2,4,0,3,3,1,1,1,1,1,1,0,ok,264
1863,1,10,3,user_creatures,oppo_4,user_creatures oppo_hand,user_creatures: log_only=['unsettling twins'] engine_only=['inquisitive glimmer'] ; oppo_hand: log=3 engine=4,5,2,0,0,3,2,0,0,1,0,0,0,1,ok,266
1864,1,9,2,user_creatures,oppo_3,user_creatures user_noncreatures,user_creatures: log_only=[] engine_only=['enduring innocence'] ; user_noncreatures: log_only=['enduring innocence'] engine_only=[],6,2,1,0,3,2,1,0,1,0,1,0,0,ok,272
1865,1,9,3,user_life,oppo_4,user_life,user_life: log=20 engine=18,3,1,3,0,4,1,0,0,3,0,0,0,0,ok,199
1866,1,6,1,user_creatures,user_2,user_creatures user_hand,user_creatures: log_only=['rootwise survivor'] engine_only=[] ; user_hand: log_only=[] engine_only=['house cartographer'],3,1,1,0,1,1,0,0,0,0,0,0,1,ok,125
1867,1,8,3,user_creatures,oppo_4,user_creatures,user_creatures: log_only=[] engine_only=['resurrected cultist'],3,1,2,0,4,1,0,0,3,0,0,0,0,ok,201
1868,1,12,4,user_creatures,user_5,user_creatures,user_creatures: log_only=['fear of being hunted'] engine_only=[],6,1,3,0,3,1,0,0,2,0,0,0,0,ok,318
1869,1,8,3,oppo_hand,user_4,oppo_hand,oppo_hand: log=5 engine=6,3,1,1,0,3,1,0,0,2,0,0,0,0,ok,113
1870,1,6,1,user_hand,user_2,user_hand,"user_hand: log_only=['forest', 'island'] engine_only=['cryptid inspector', 'house cartographer']",5,1,0,0,1,1,0,0,0,0,0,0,0,ok,137
1871,1,5,5,,,,,3,3,1,1,4,4,2,0,1,0,2,0,0,ok,57
1872,1,7,1,oppo_life,user_2,oppo_life user_creatures,oppo_life: log=20 engine=19 ; user_creatures: log_only=['fear of missing out'] engine_only=['glassworks'],5,0,2,0,1,0,0,0,1,0,0,0,0,ok,192
1873,1,10,2,oppo_hand,oppo_3,oppo_hand,oppo_hand: log=5 engine=6,4,1,1,0,2,1,0,0,1,0,0,0,1,ok,347
1874,1,9,2,user_creatures,user_3,user_creatures,user_creatures: log_only=[] engine_only=['fear of infinity'],6,1,1,0,2,1,0,0,1,0,0,0,0,ok,177
1875,1,15,4,user_creatures,oppo_5,user_creatures user_hand oppo_hand,user_creatures: log_only=['the wandering rescuer'] engine_only=[] ; user_hand: log_only=[] engine_only=['the wandering rescuer'] ; oppo_hand: log=5 engine=6,12,3,2,0,4,3,0,0,1,0,0,0,2,ok,825
1876,1,9,2,oppo_life,user_3,oppo_life user_creatures,oppo_life: log=20 engine=19 ; user_creatures: log_only=['mountain'] engine_only=['glassworks'],4,1,0,0,2,1,0,0,1,0,0,0,0,ok,272
1877,1,15,2,user_hand,oppo_3,user_hand,user_hand: log_only=['shroudstomper'] engine_only=['commune with evil'],10,2,3,0,3,2,0,0,1,0,0,0,0,ok,329
1878,1,6,3,oppo_life,user_4,oppo_life,oppo_life: log=16 engine=12,5,2,1,0,3,2,1,0,1,0,1,0,0,ok,147
1879,1,16,3,user_life,oppo_4,user_life user_hand,user_life: log=18 engine=20 ; user_hand: log_only=[] engine_only=['appendage amalgam'],7,0,3,0,3,0,0,0,3,0,0,0,0,ok,475
1880,1,8,2,user_lands,user_3,user_lands user_noncreatures user_hand,"user_lands: log_only=['island'] engine_only=[] ; user_noncreatures: log_only=[] engine_only=[""shardmage's rescue""] ; user_hand: log_only=[""shardmage's rescue""] engine_only=['island']",3,1,2,0,2,1,0,0,1,0,0,0,0,ok,211
1881,1,8,2,user_creatures,user_3,user_creatures,user_creatures: log_only=['ghostly dancers'] engine_only=['midnight mayhem'],4,1,0,0,2,1,0,1,1,0,0,1,0,ok,195
1882,1,7,1,user_creatures,user_2,user_creatures user_noncreatures user_hand,user_creatures: log_only=['fear of isolation'] engine_only=[] ; user_noncreatures: log_only=[] engine_only=['underwater tunnel'] ; user_hand: log_only=['underwater tunnel'] engine_only=['trapped in the screen'],5,1,0,0,1,1,0,0,0,0,0,0,2,ok,210
1883,1,10,4,user_creatures,user_5,user_creatures,user_creatures: log_only=['gremlin tamer'] engine_only=['fear of immobility'],5,3,1,0,3,4,4,0,1,0,4,0,0,ok,215
1884,1,8,4,user_life,oppo_5,user_life oppo_life user_creatures oppo_hand,user_life: log=10 engine=12 ; oppo_life: log=22 engine=18 ; user_creatures: log_only=[] engine_only=['acrobatic cheerleader'] ; oppo_hand: log=3 engine=2,4,3,1,0,4,4,3,0,1,0,3,0,0,ok,228
1885,1,7,2,user_creatures,user_3,user_creatures,user_creatures: log_only=['omnivorous flytrap'] engine_only=['say its name'],4,1,0,0,2,1,0,0,1,0,0,0,0,ok,141
1886,1,11,4,user_hand,user_5,user_hand,"user_hand: log_only=[""valgavoth's onslaught""] engine_only=[]",7,2,1,1,4,2,1,0,2,0,1,0,0,ok,328
1887,1,7,3,user_lands,user_4,user_lands user_hand,user_lands: log_only=['island'] engine_only=[] ; user_hand: log_only=[] engine_only=['island'],4,2,0,0,3,2,0,1,1,0,0,1,1,ok,128
1888,1,6,0,oppo_hand,oppo_1,oppo_hand,oppo_hand: log=5 engine=6,4,0,0,0,0,0,0,0,0,0,0,0,0,ok,123
1889,1,9,1,user_hand,user_2,user_hand,user_hand: log_only=['slavering branchsnapper'] engine_only=['forest'],6,0,1,0,1,0,0,0,1,0,0,0,0,ok,251
1890,1,8,2,user_life,oppo_3,user_life,user_life: log=18 engine=19,4,0,3,0,2,0,0,0,2,0,0,0,0,ok,198
1891,1,7,2,user_life,oppo_3,user_life,user_life: log=18 engine=20,2,2,0,0,3,2,1,0,1,0,1,0,0,ok,138
1892,1,8,3,user_lands,user_4,user_lands user_hand,user_lands: log_only=['mountain'] engine_only=[] ; user_hand: log_only=[] engine_only=['mountain'],7,2,1,0,3,2,1,0,1,0,1,0,1,ok,222
1893,1,12,2,user_creatures,user_3,user_creatures,user_creatures: log_only=['scorching dragonfire'] engine_only=['fear of burning alive'],6,2,0,0,2,2,0,0,0,0,0,0,0,ok,613
1894,1,11,1,user_creatures,user_2,user_creatures user_hand,user_creatures: log_only=['piggy bank'] engine_only=[] ; user_hand: log_only=[] engine_only=['irreverent gremlin'],6,1,1,0,1,1,0,0,0,0,0,0,2,ok,314
1895,1,9,1,user_hand,user_2,user_hand,user_hand: log_only=['vicious clown'] engine_only=['mountain'],4,0,3,0,1,0,0,0,1,0,0,0,0,ok,147
1896,1,9,3,user_life,oppo_4,user_life,user_life: log=16 engine=18,7,2,2,0,3,2,0,0,1,0,0,0,0,ok,337
1897,1,8,1,user_creatures,user_2,user_creatures,user_creatures: log_only=['growing dread'] engine_only=['rite of the moth'],6,0,2,0,1,0,0,0,1,0,0,0,0,ok,190
1898,1,12,3,user_noncreatures,user_4,user_noncreatures user_hand,user_noncreatures: log_only=['overlord of the balemurk'] engine_only=[] ; user_hand: log_only=['resurrected cultist'] engine_only=['overlord of the balemurk'],7,2,1,1,3,2,1,0,1,0,1,0,1,ok,365
1899,1,10,3,user_hand,user_4,user_hand,user_hand: log_only=['meat locker'] engine_only=['forest'],8,1,1,0,3,1,1,0,2,0,1,0,0,ok,320
1900,1,8,3,user_lands,user_4,user_lands user_creatures user_hand,"user_lands: log_only=['swamp'] engine_only=[] ; user_creatures: log_only=['skullsnap nuisance'] engine_only=[] ; user_hand: log_only=[] engine_only=['plains', 'skullsnap nuisance']",6,2,1,1,3,2,1,0,1,0,1,0,4,ok,1255
1901,1,9,4,user_creatures,oppo_5,user_creatures user_noncreatures,"user_creatures: log_only=['bashful beastie'] engine_only=['enduring vitality', 'manifest dread'] ; user_noncreatures: log_only=['enduring vitality'] engine_only=[]",7,4,0,0,4,4,2,0,0,0,2,0,0,ok,740
1902,1,9,1,user_hand,user_2,user_hand,user_hand: log_only=['scorching dragonfire'] engine_only=['mountain'],6,1,0,0,1,1,0,0,0,0,0,0,1,ok,518
1903,1,7,2,user_creatures,user_3,user_creatures user_hand,user_creatures: log_only=['cryptid inspector'] engine_only=[] ; user_hand: log_only=[] engine_only=['unnerving grasp'],4,1,1,0,2,1,0,0,1,0,0,0,1,ok,463
1904,1,7,3,oppo_hand,oppo_4,oppo_hand,oppo_hand: log=6 engine=7,5,3,1,0,3,4,6,0,0,1,6,0,1,ok,268
1905,1,7,4,oppo_life,user_5,oppo_life user_creatures user_hand,"oppo_life: log=16 engine=17 ; user_creatures: log_only=['unidentified hovership', 'wary watchdog'] engine_only=[] ; user_hand: log_only=[] engine_only=['forest']",6,3,0,0,4,4,0,0,1,0,0,0,2,ok,373
1906,1,10,2,user_creatures,user_3,user_creatures,user_creatures: log_only=['insidious fungus'] engine_only=['thornspire verge'],8,1,0,0,2,1,0,0,1,0,0,0,0,ok,427
1907,1,8,4,user_creatures,user_5,user_creatures,user_creatures: log_only=['hand that feeds'] engine_only=[],5,3,2,1,4,3,3,0,1,0,3,0,0,ok,366
1908,1,11,1,user_creatures,user_2,user_creatures,user_creatures: log_only=['peculiar lighthouse'] engine_only=['nowhere to run'],6,0,0,0,1,0,0,0,1,0,0,0,0,ok,516
1909,1,12,2,oppo_hand,oppo_3,oppo_hand,oppo_hand: log=8 engine=7,5,3,4,0,3,3,1,0,0,0,1,0,0,ok,678
1910,1,14,2,user_hand,user_3,user_hand,user_hand: log_only=['glimmerlight'] engine_only=['terramorphic expanse'],9,1,2,0,2,1,0,0,1,0,0,0,1,ok,731
1911,1,6,1,user_hand,user_2,user_hand,user_hand: log_only=['greenhouse'] engine_only=['fear of infinity'],4,0,1,0,1,0,0,0,1,0,0,0,0,ok,210
1912,1,11,2,user_hand,user_3,user_hand,"user_hand: log_only=['rip, spawn hunter'] engine_only=['forest']",7,1,1,0,2,1,0,0,1,0,0,0,0,ok,352
1913,1,6,2,user_life,oppo_3,user_life,user_life: log=15 engine=14,2,0,0,0,2,0,0,0,2,0,0,0,0,ok,178
1914,1,8,2,user_hand,user_3,user_hand,"user_hand: log_only=['conductive machete', 'meat locker'] engine_only=['forest', 'island']",5,1,1,0,2,1,0,0,1,0,0,0,1,ok,264
1915,1,5,3,oppo_hand,oppo_4,oppo_hand,oppo_hand: log=3 engine=4,1,1,0,0,4,1,0,0,3,0,0,0,2,ok,123
1916,1,10,1,user_creatures,user_2,user_creatures oppo_hand,"user_creatures: log_only=[] engine_only=['arabella, abandoned doll'] ; oppo_hand: log=5 engine=6",8,0,0,0,1,0,0,0,1,0,0,0,1,ok,464
1917,1,7,3,oppo_life,user_4,oppo_life user_creatures user_hand,oppo_life: log=11 engine=12 ; user_creatures: log_only=['island'] engine_only=[] ; user_hand: log_only=['fear of abduction'] engine_only=['island'],5,3,2,0,3,3,2,0,0,0,2,0,1,ok,218
1918,1,8,2,user_creatures,oppo_3,user_creatures oppo_hand,user_creatures: log_only=[] engine_only=['flesh burrower'] ; oppo_hand: log=4 engine=5,6,2,1,0,3,2,0,0,1,0,0,0,0,ok,255
1919,1,8,3,oppo_life,user_4,oppo_life,oppo_life: log=16 engine=18,5,2,1,0,3,2,0,0,1,0,0,0,0,ok,233
1920,1,6,3,user_life,oppo_4,user_life oppo_hand,user_life: log=12 engine=14 ; oppo_hand: log=4 engine=3,3,2,1,0,4,2,0,0,2,0,0,0,0,ok,239
1921,1,8,2,user_hand,user_3,user_hand,user_hand: log_only=['spineseeker centipede'] engine_only=['patchwork beastie'],5,1,1,0,2,1,0,0,1,0,0,0,0,ok,227
1922,1,10,2,user_hand,oppo_3,user_hand,user_hand: log_only=['plains'] engine_only=['shepherding spirits'],7,0,1,0,2,0,0,0,2,0,0,0,0,ok,352
1923,1,9,1,user_noncreatures,oppo_2,user_noncreatures user_hand,user_noncreatures: log_only=[] engine_only=['found footage'] ; user_hand: log_only=['mountain'] engine_only=[],7,1,1,0,2,1,0,0,1,0,0,0,0,ok,208
1924,1,11,2,user_life,oppo_3,user_life oppo_hand,user_life: log=18 engine=20 ; oppo_hand: log=5 engine=4,6,0,4,0,2,0,0,0,2,0,0,0,0,ok,349
1925,1,9,3,user_life,oppo_4,user_life,user_life: log=18 engine=19,5,2,1,0,3,2,1,0,1,0,1,0,0,ok,259
1926,1,11,2,user_life,oppo_3,user_life,user_life: log=17 engine=18,7,1,2,1,2,1,0,0,1,0,0,0,1,ok,455
1927,1,9,1,user_creatures,user_2,user_creatures,user_creatures: log_only=['say its name'] engine_only=['hand that feeds'],8,1,0,0,1,1,0,0,0,0,0,0,0,ok,284
1928,1,8,1,user_creatures,user_2,user_creatures,user_creatures: log_only=['impossible inferno'] engine_only=['hand that feeds'],5,0,0,0,1,0,0,0,1,0,0,0,0,ok,277
1929,1,11,2,user_creatures,user_3,user_creatures,user_creatures: log_only=['scrabbling skullcrab'] engine_only=['trapped in the screen'],6,2,1,0,2,2,0,0,0,0,0,0,0,ok,311
1930,1,13,2,user_noncreatures,user_3,user_noncreatures user_hand,user_noncreatures: log_only=[] engine_only=['keys to the house'] ; user_hand: log_only=['creeping peeper'] engine_only=[],8,2,2,0,2,2,0,0,0,0,0,0,0,ok,778
1931,1,8,3,oppo_hand,user_4,oppo_hand,oppo_hand: log=4 engine=5,3,1,2,0,2,2,1,0,1,1,1,0,0,ok,188
1932,1,9,1,user_hand,user_2,user_hand,user_hand: log_only=['vanish from sight'] engine_only=['wary watchdog'],5,0,3,0,1,0,0,0,1,0,0,0,0,ok,328
1933,1,9,1,oppo_hand,oppo_2,oppo_hand,oppo_hand: log=6 engine=5,6,1,3,0,2,1,0,0,1,0,0,0,0,ok,355
1934,1,13,2,oppo_hand,oppo_3,oppo_hand,oppo_hand: log=4 engine=5,8,2,1,0,2,2,0,0,0,0,0,0,1,ok,394
1935,1,17,3,user_creatures,oppo_4,user_creatures,user_creatures: log_only=['balemurk leech'] engine_only=['patched plaything'],12,3,2,0,3,3,3,0,0,0,3,0,0,ok,526
1936,1,7,1,user_creatures,user_2,user_creatures,user_creatures: log_only=['mountain'] engine_only=['say its name'],5,0,1,0,1,0,0,0,1,0,0,0,0,ok,214
1937,1,6,2,user_hand,user_3,user_hand,user_hand: log_only=['daggermaw megalodon'] engine_only=['growing dread'],3,1,0,0,2,1,0,0,1,0,0,0,1,ok,138
1938,1,8,1,user_creatures,user_2,user_creatures,user_creatures: log_only=['island'] engine_only=['twist reality'],5,0,1,0,1,0,0,0,1,0,0,0,0,ok,286
1939,1,15,5,user_creatures,oppo_6,user_creatures oppo_hand,user_creatures: log_only=['gremlin tamer'] engine_only=['veteran survivor'] ; oppo_hand: log=3 engine=4,10,3,1,1,3,5,3,0,1,0,3,0,1,ok,428
1940,1,11,2,user_creatures,user_3,user_creatures,user_creatures: log_only=['patchwork beastie'] engine_only=['forest'],4,1,2,0,2,1,1,0,1,0,1,0,0,ok,236
1941,1,9,2,oppo_life,user_3,oppo_life,oppo_life: log=17 engine=20,4,1,4,0,2,1,0,0,1,0,0,0,0,ok,234
1942,1,8,1,user_hand,user_2,user_hand,user_hand: log_only=['swamp'] engine_only=['forest'],6,1,1,0,1,1,0,0,0,0,0,0,0,ok,155
1943,1,7,1,user_hand,user_2,user_hand,user_hand: log_only=['most valuable slayer'] engine_only=['overlord of the mistmoors'],6,1,2,0,1,1,0,0,0,0,0,0,1,ok,353
1944,1,9,2,user_creatures,oppo_3,user_creatures,user_creatures: log_only=['island'] engine_only=['unable to scream'],1,0,3,0,3,0,0,0,3,0,0,0,0,ok,157
1945,1,9,3,user_creatures,oppo_4,user_creatures user_noncreatures user_hand,user_creatures: log_only=['lakeside shack'] engine_only=[] ; user_noncreatures: log_only=['growing dread'] engine_only=[] ; user_hand: log_only=[] engine_only=['growing dread'],5,1,2,1,3,1,0,0,2,0,0,0,0,ok,214
1946,1,9,2,oppo_hand,oppo_3,oppo_hand,oppo_hand: log=6 engine=5,7,1,3,0,3,1,0,0,2,0,0,0,0,ok,249
1947,1,10,3,user_lands,user_4,user_lands user_creatures,user_lands: log_only=['forest'] engine_only=['swamp'] ; user_creatures: log_only=['paranormal analyst'] engine_only=['oblivious bookworm'],8,2,1,0,3,2,0,1,1,0,0,1,0,ok,347
1948,1,14,2,user_hand,oppo_3,user_hand oppo_hand,user_hand: log_only=[] engine_only=['unable to scream'] ; oppo_hand: log=5 engine=4,6,1,3,1,2,1,0,0,1,0,0,0,0,ok,375
1949,1,12,3,oppo_life,user_4,oppo_life,oppo_life: log=14 engine=16,5,3,4,1,3,4,1,1,0,0,1,1,0,ok,382
1950,1,6,2,user_life,oppo_3,user_life,user_life: log=20 engine=17,3,0,2,0,2,0,0,0,2,0,0,0,0,ok,112
1951,1,6,4,oppo_life,user_5,oppo_life,oppo_life: log=13 engine=9,4,3,1,0,4,3,2,0,1,0,2,0,1,ok,108
1952,1,7,3,user_creatures,user_4,user_creatures,user_creatures: log_only=['reluctant role model'] engine_only=['shepherding spirits'],5,2,0,0,3,2,1,0,1,0,1,0,0,ok,179
1953,1,10,3,user_lands,user_4,user_lands user_hand,user_lands: log_only=['mountain'] engine_only=[] ; user_hand: log_only=[] engine_only=['bedhead beastie'],4,2,2,0,3,2,1,0,1,0,1,0,1,ok,227
1954,1,5,2,user_life,oppo_3,user_life,user_life: log=14 engine=15,3,1,0,0,2,1,0,0,1,0,0,0,0,ok,135
1955,1,8,2,user_creatures,user_3,user_creatures,user_creatures: log_only=['flesh burrower'] engine_only=[],6,1,3,0,2,1,0,0,1,0,0,0,0,ok,135
1956,1,10,2,user_lands,user_3,user_lands user_hand,user_lands: log_only=['forest'] engine_only=[] ; user_hand: log_only=[] engine_only=['forest'],5,0,1,0,2,0,0,0,2,0,0,0,1,ok,273
1957,1,13,2,user_lands,user_3,user_lands user_creatures user_hand,"user_lands: log_only=['mountain'] engine_only=[] ; user_creatures: log_only=['spineseeker centipede'] engine_only=[] ; user_hand: log_only=['forest'] engine_only=['mountain', 'spineseeker centipede']",8,1,1,0,2,1,0,0,1,0,0,0,2,ok,346
1958,1,11,3,user_lands,user_4,user_lands user_creatures user_hand,"user_lands: log_only=['forest'] engine_only=[] ; user_creatures: log_only=['wary watchdog'] engine_only=['spineseeker centipede'] ; user_hand: log_only=['spineseeker centipede'] engine_only=['forest', 'wary watchdog']",6,1,1,0,3,1,0,0,2,0,0,0,1,ok,491
1959,1,15,2,user_hand,oppo_3,user_hand,user_hand: log_only=['swamp'] engine_only=['spectral snatcher'],7,0,1,0,2,0,0,0,2,0,0,0,0,ok,679
1960,1,6,2,user_creatures,user_3,user_creatures,user_creatures: log_only=['forest'] engine_only=['diversion specialist'],4,1,3,0,2,1,1,0,1,0,1,0,0,ok,153
1961,1,7,3,user_creatures,user_4,user_creatures,user_creatures: log_only=['glimmer seeker'] engine_only=['savior of the small'],4,2,1,1,3,2,1,0,1,0,1,0,0,ok,177
1962,1,8,5,oppo_life,oppo_6,oppo_life,oppo_life: log=6 engine=4,4,3,0,0,5,4,15,0,2,1,15,0,0,ok,115
1963,1,6,3,user_hand,oppo_4,user_hand,user_hand: log_only=['swamp'] engine_only=['spectral snatcher'],2,1,1,1,4,1,0,0,3,0,0,0,0,ok,86
1964,1,6,3,user_life,user_4,user_life oppo_life user_creatures oppo_hand,user_life: log=22 engine=24 ; oppo_life: log=13 engine=15 ; user_creatures: log_only=['razorkin needlehead'] engine_only=[] ; oppo_hand: log=5 engine=6,4,2,2,0,3,2,1,0,1,0,1,0,0,ok,93
1965,1,10,4,user_lands,user_5,user_lands user_creatures,user_lands: log_only=[] engine_only=['mountain'] ; user_creatures: log_only=['mountain'] engine_only=[],6,2,0,0,4,2,2,0,2,0,2,0,0,ok,284
1966,1,5,1,user_creatures,user_2,user_creatures,user_creatures: log_only=['ghostly keybearer'] engine_only=['scorching dragonfire'],3,0,0,0,1,0,0,0,1,0,0,0,0,ok,139
1967,1,8,5,user_creatures,user_6,user_creatures,"user_creatures: log_only=['arabella, abandoned doll', 'norin, swift survivalist'] engine_only=[]",6,3,2,1,5,4,3,0,2,0,3,0,2,ok,186
1968,1,8,2,user_hand,user_3,user_hand,user_hand: log_only=['vicious clown'] engine_only=[],3,1,0,0,2,1,0,0,1,0,0,0,0,ok,145
1969,1,9,4,user_life,oppo_5,user_life,user_life: log=13 engine=16,5,1,1,1,4,2,0,0,3,0,0,0,0,ok,267
1970,1,6,1,user_creatures,user_2,user_creatures,user_creatures: log_only=['enduring vitality'] engine_only=['cryptid inspector'],3,0,1,0,1,0,0,0,1,0,0,0,0,ok,97
1971,1,8,4,oppo_life,user_5,oppo_life user_creatures,oppo_life: log=8 engine=12 ; user_creatures: log_only=['trapped in the screen'] engine_only=['plains'],4,3,0,0,4,3,2,0,1,0,2,0,2,ok,218
1972,1,11,2,user_creatures,user_3,user_creatures user_hand,user_creatures: log_only=['spineseeker centipede'] engine_only=[] ; user_hand: log_only=['mountain'] engine_only=['most valuable slayer'],8,1,2,0,2,1,0,0,1,0,0,0,2,ok,196
1973,1,7,2,user_hand,user_3,user_hand,user_hand: log_only=['forest'] engine_only=['plains'],5,2,0,0,2,2,1,0,0,0,1,0,0,ok,133
1974,1,8,3,user_life,oppo_4,user_life,user_life: log=12 engine=15,4,1,0,0,3,1,0,0,2,0,0,0,1,ok,215
1975,1,7,2,user_creatures,oppo_3,user_creatures,user_creatures: log_only=['forest'] engine_only=['defiant survivor'],5,1,0,0,2,1,0,0,1,0,0,0,0,ok,125
1976,1,9,4,user_lands,user_5,user_lands user_hand,user_lands: log_only=['island'] engine_only=[] ; user_hand: log_only=[] engine_only=['daggermaw megalodon'],6,3,2,0,4,3,2,0,1,0,2,0,1,ok,292
1977,1,10,1,user_creatures,user_2,user_creatures user_hand,user_creatures: log_only=['fear of burning alive'] engine_only=['ghost vacuum'] ; user_hand: log_only=['wickerfolk thresher'] engine_only=['under the skin'],8,1,1,0,1,1,0,0,0,0,0,0,0,ok,275
1978,1,8,4,user_creatures,user_5,user_creatures user_noncreatures oppo_hand,"user_creatures: log_only=[] engine_only=['niko, light of hope'] ; user_noncreatures: log_only=[] engine_only=['dissection tools'] ; oppo_hand: log=4 engine=5",4,3,0,0,4,3,2,1,1,0,2,1,1,ok,290
1979,1,12,4,user_hand,user_5,user_hand,user_hand: log_only=[] engine_only=['beastie beatdown'],6,2,1,0,4,2,0,1,2,0,0,1,1,ok,349
1980,1,9,1,user_hand,user_2,user_hand,user_hand: log_only=['seized from slumber'] engine_only=['twist reality'],6,0,0,0,1,0,0,0,1,0,0,0,0,ok,275
1981,1,11,4,oppo_life,user_5,oppo_life,oppo_life: log=10 engine=11,6,2,0,0,3,3,3,0,1,1,3,0,0,ok,284
1982,1,12,2,user_lands,user_3,user_lands user_creatures user_hand,user_lands: log_only=['island'] engine_only=[] ; user_creatures: log_only=[] engine_only=['piranha fly'] ; user_hand: log_only=['piranha fly'] engine_only=['terramorphic expanse'],5,1,1,0,2,1,0,0,1,0,0,0,0,ok,244
1983,1,13,7,user_creatures,user_8,user_creatures,user_creatures: log_only=['clockwork percussionist'] engine_only=[],6,2,2,1,3,4,1,0,1,1,1,0,2,ok,490
1984,1,11,2,oppo_hand,oppo_3,oppo_hand,oppo_hand: log=4 engine=3,5,1,2,0,2,1,0,0,1,0,0,0,0,ok,326
1985,1,10,2,user_hand,user_3,user_hand,user_hand: log_only=['unidentified hovership'] engine_only=[],5,1,3,0,2,1,0,0,1,0,0,0,0,ok,215
1986,1,11,4,oppo_hand,oppo_5,oppo_hand,oppo_hand: log=4 engine=3,6,3,1,0,4,3,1,0,1,0,1,0,0,ok,220
1987,1,9,3,oppo_hand,oppo_4,oppo_hand,oppo_hand: log=6 engine=5,3,0,3,0,4,0,0,0,4,0,0,0,0,ok,211
1988,1,6,3,oppo_hand,oppo_4,oppo_hand,oppo_hand: log=5 engine=4,3,2,1,0,4,2,0,0,2,0,0,0,1,ok,175
1989,1,10,3,user_creatures,oppo_4,user_creatures,user_creatures: log_only=[] engine_only=['meat locker'],9,2,1,0,3,2,0,0,1,0,0,0,0,ok,604
1990,1,5,2,user_creatures,user_3,user_creatures,user_creatures: log_only=['unnerving grasp'] engine_only=['plains'],4,1,1,0,2,1,0,0,1,0,0,0,0,ok,98
1991,1,10,1,user_lands,user_2,user_lands user_hand,user_lands: log_only=['strangled cemetery'] engine_only=[] ; user_hand: log_only=[] engine_only=['live or die'],6,1,2,0,1,1,0,0,0,0,0,0,1,ok,273
1992,1,7,2,user_hand,user_3,user_hand,user_hand: log_only=['withering torment'] engine_only=['funeral room'],4,1,0,0,2,1,0,0,1,0,0,0,0,ok,122
1993,1,8,6,user_creatures,oppo_7,user_creatures,user_creatures: log_only=['glimmer'] engine_only=['fear of immobility'],3,3,0,0,5,4,11,0,2,1,11,0,0,ok,134
1994,1,6,4,user_creatures,oppo_5,user_creatures,user_creatures: log_only=[] engine_only=['twitching doll'],5,3,2,1,4,4,3,0,1,0,3,0,0,ok,147
1995,1,12,3,user_life,oppo_4,user_life,user_life: log=18 engine=20,7,2,1,0,3,2,0,0,1,0,0,0,2,ok,347
1996,1,10,2,user_creatures,user_3,user_creatures,user_creatures: log_only=['island'] engine_only=['floodpits drowner'],5,1,1,0,2,1,0,0,1,0,0,0,0,ok,257
1997,1,9,4,oppo_hand,oppo_5,oppo_hand,oppo_hand: log=3 engine=4,4,3,4,0,5,4,3,0,2,0,3,0,1,ok,276
1998,1,7,2,user_creatures,user_3,user_creatures user_hand,user_creatures: log_only=['cryptid inspector'] engine_only=['island'] ; user_hand: log_only=['forest'] engine_only=['island'],5,1,1,0,2,1,0,0,1,0,0,0,0,ok,175
1999,1,8,3,user_hand,user_4,user_hand,user_hand: log_only=['bedhead beastie'] engine_only=['glimmerlight'],5,2,2,0,3,2,0,0,1,0,0,0,0,ok,153
