game,covered,turns_logged,turns_matched,first_mismatch_field,first_mismatch_side_turn,mismatch_fields,mismatch_detail,ambiguous_order_turns,ambiguous_order_turns_matched,targeted_spells,targeted_spells_matched,labels_land,labels_spell,labels_attack,labels_block,unamb_land,unamb_spell,unamb_attack,unamb_block,forced_fails_before_mismatch,engine_status,ms
0,1,6,3,oppo_life,user_4,oppo_life user_creatures,oppo_life: log=8 engine=5 ; user_creatures: log_only=['ripchain razorkin'] engine_only=['wildfire wickerfolk'],4,2,1,0,3,2,4,0,1,0,4,0,0,ok,1176
1,1,6,2,user_life,oppo_3,user_life,user_life: log=17 engine=16,2,1,1,0,2,1,0,0,1,0,0,0,0,ok,512
2,1,9,4,oppo_life,user_5,oppo_life user_lands user_creatures user_noncreatures user_hand,oppo_life: log=15 engine=20 ; user_lands: log_only=['forest'] engine_only=[] ; user_creatures: log_only=['hedge shredder'] engine_only=[] ; user_noncreatures: log_only=[] engine_only=['hedge shredder'] ; user_hand: log_only=[] engine_only=['forest'],5,2,1,1,4,3,0,1,2,0,0,1,1,ok,560
3,1,9,1,oppo_hand,oppo_2,oppo_hand,oppo_hand: log=6 engine=5,6,0,1,0,1,0,0,0,1,0,0,0,0,ok,552
4,1,8,2,oppo_hand,oppo_3,oppo_hand,oppo_hand: log=4 engine=5,6,1,0,0,2,1,0,0,1,0,0,0,1,ok,305
5,1,9,1,oppo_hand,user_2,oppo_hand,oppo_hand: log=6 engine=5,5,0,2,0,1,0,0,0,1,0,0,0,0,ok,476
6,1,12,3,user_creatures,user_4,user_creatures user_hand,"user_creatures: log_only=['spineseeker centipede', 'unnerving grasp'] engine_only=['island'] ; user_hand: log_only=['island'] engine_only=['spineseeker centipede']",9,2,0,0,3,2,0,0,1,0,0,0,1,ok,800
7,1,7,3,user_creatures,oppo_4,user_creatures,user_creatures: log_only=['stalked researcher'] engine_only=['paranormal analyst'],4,2,0,0,3,3,2,0,1,1,2,0,0,ok,217
8,1,7,4,user_life,oppo_5,user_life oppo_hand,user_life: log=16 engine=17 ; oppo_hand: log=2 engine=3,2,2,1,1,2,4,1,0,0,2,1,0,2,ok,291
9,1,7,4,oppo_life,user_5,oppo_life user_lands user_creatures user_hand,"oppo_life: log=12 engine=16 ; user_lands: log_only=['swamp'] engine_only=[] ; user_creatures: log_only=['swamp'] engine_only=[] ; user_hand: log_only=[""winter's intervention""] engine_only=['mountain']",5,3,2,1,4,3,1,0,1,0,1,0,4,ok,271
10,1,7,1,user_hand,user_2,user_hand,user_hand: log_only=['fear of burning alive'] engine_only=['mountain'],6,1,0,0,1,1,0,0,0,0,0,0,0,ok,336
11,1,14,3,user_creatures,user_4,user_creatures,user_creatures: log_only=[] engine_only=['floodpits drowner'],6,0,3,1,3,1,0,0,3,0,0,0,0,ok,534
12,1,9,5,oppo_life,user_6,oppo_life,oppo_life: log=13 engine=14,7,4,1,0,5,4,2,1,1,0,2,1,1,ok,375
13,1,11,1,user_hand,oppo_2,user_hand,user_hand: log_only=['island'] engine_only=['daggermaw megalodon'],7,0,2,0,2,0,0,0,2,0,0,0,0,ok,353
14,1,13,3,user_life,oppo_4,user_life oppo_life,user_life: log=16 engine=17 ; oppo_life: log=24 engine=20,9,2,3,0,4,2,0,0,2,0,0,0,0,ok,535
15,1,10,3,user_hand,user_4,user_hand,user_hand: log_only=['cautious survivor'] engine_only=['plains'],5,2,1,0,3,2,0,1,1,0,0,1,2,ok,352
16,1,9,5,user_lands,user_6,user_lands user_hand,user_lands: log_only=['mountain'] engine_only=[] ; user_hand: log_only=[] engine_only=['mountain'],7,4,2,1,5,5,4,0,1,0,4,0,2,ok,236
17,1,19,3,oppo_life,user_4,oppo_life,oppo_life: log=18 engine=16,6,2,2,0,3,2,0,0,1,0,0,0,1,ok,503
18,1,8,2,user_lands,user_3,user_lands user_hand,user_lands: log_only=['forest'] engine_only=[] ; user_hand: log_only=[] engine_only=['slavering branchsnapper'],6,1,0,0,2,1,0,0,1,0,0,0,1,ok,158
19,1,11,6,user_noncreatures,user_7,user_noncreatures,user_noncreatures: log_only=['unable to scream'] engine_only=[],8,4,2,1,6,4,2,0,2,0,2,0,0,ok,372
20,1,5,3,oppo_life,user_4,oppo_life user_creatures,oppo_life: log=15 engine=16 ; user_creatures: log_only=['wildfire wickerfolk'] engine_only=[],5,3,2,0,3,3,3,0,0,0,3,0,1,ok,121
21,1,9,1,user_hand,user_2,user_hand,user_hand: log_only=['ticket booth'] engine_only=['island'],7,0,1,0,1,0,0,0,1,0,0,0,0,ok,229
22,1,6,2,user_lands,oppo_3,user_lands user_creatures,user_lands: log_only=['forest'] engine_only=[] ; user_creatures: log_only=[] engine_only=['lakeside shack'],3,2,0,0,3,2,3,0,1,0,3,0,0,ok,104
23,1,8,3,user_life,user_4,user_life oppo_life user_creatures user_noncreatures user_hand,user_life: log=21 engine=20 ; oppo_life: log=16 engine=17 ; user_creatures: log_only=['horror'] engine_only=[] ; user_noncreatures: log_only=[] engine_only=['treasure'] ; user_hand: log_only=['piggy bank'] engine_only=[],5,2,0,0,3,2,1,0,1,0,1,0,0,ok,223
24,1,8,2,user_life,oppo_3,user_life,user_life: log=18 engine=20,5,2,2,0,3,2,0,0,1,0,0,0,0,ok,150
25,1,9,3,user_creatures,user_4,user_creatures user_hand,user_creatures: log_only=['wary watchdog'] engine_only=[] ; user_hand: log_only=[] engine_only=['wary watchdog'],7,2,1,0,3,2,0,1,1,0,0,1,1,ok,253
26,1,10,5,user_creatures,user_6,user_creatures user_hand,user_creatures: log_only=['clockwork percussionist'] engine_only=[] ; user_hand: log_only=[] engine_only=['frantic strength'],6,3,5,1,4,4,2,0,1,0,2,0,2,ok,214
27,1,9,2,user_creatures,user_3,user_creatures user_noncreatures oppo_hand,"user_creatures: log_only=[] engine_only=[""killer's mask""] ; user_noncreatures: log_only=[] engine_only=[""killer's mask""] ; oppo_hand: log=6 engine=7",6,1,1,0,2,1,0,0,1,0,0,0,1,ok,166
28,1,10,3,user_life,user_4,user_life oppo_life,user_life: log=24 engine=23 ; oppo_life: log=13 engine=14,7,2,1,0,3,2,0,0,1,0,0,0,0,ok,205
29,1,9,3,oppo_life,user_4,oppo_life,oppo_life: log=15 engine=16,6,2,0,0,3,2,0,0,1,0,0,0,0,ok,381
30,1,5,2,user_creatures,user_3,user_creatures user_hand,user_creatures: log_only=['island'] engine_only=['underwater tunnel'] ; user_hand: log_only=['mountain'] engine_only=['terramorphic expanse'],3,0,0,0,2,0,0,0,2,0,0,0,0,ok,69
31,1,7,3,user_life,oppo_4,user_life,user_life: log=14 engine=16,3,1,1,0,3,1,0,0,2,0,0,0,0,ok,163
32,1,8,2,user_creatures,user_3,user_creatures,user_creatures: log_only=['plains'] engine_only=['flesh burrower'],5,1,1,0,2,1,0,0,1,0,0,0,1,ok,173
33,1,7,2,user_life,oppo_3,user_life,user_life: log=18 engine=19,5,2,1,0,2,2,0,0,0,0,0,0,0,ok,211
34,1,7,3,oppo_life,user_4,oppo_life,oppo_life: log=16 engine=18,4,2,0,0,3,2,1,0,1,0,1,0,1,ok,109
35,1,8,1,user_hand,oppo_2,user_hand,user_hand: log_only=['forest'] engine_only=['slavering branchsnapper'],5,0,0,0,2,0,0,0,2,0,0,0,0,ok,243
36,1,9,3,user_creatures,user_4,user_creatures,user_creatures: log_only=['manifest dread'] engine_only=[],5,2,5,1,3,2,0,0,1,0,0,0,0,ok,202
37,1,13,4,user_lands,user_5,user_lands user_noncreatures user_hand,user_lands: log_only=['island'] engine_only=[] ; user_noncreatures: log_only=['unable to scream'] engine_only=[] ; user_hand: log_only=['glimmerlight'] engine_only=['island'],6,3,3,1,4,3,1,0,1,0,1,0,2,ok,317
38,1,7,3,user_creatures,user_4,user_creatures,user_creatures: log_only=['forest'] engine_only=['midnight mayhem'],4,2,1,0,3,2,0,1,1,0,0,1,0,ok,132
39,1,7,3,user_life,oppo_4,user_life,user_life: log=16 engine=19,4,3,0,0,4,3,1,0,1,0,1,0,0,ok,162
40,1,13,4,user_life,oppo_5,user_life user_noncreatures,user_life: log=17 engine=19 ; user_noncreatures: log_only=['unable to scream'] engine_only=[],9,4,4,2,5,4,1,0,1,0,1,0,1,ok,411
41,1,11,1,user_creatures,oppo_2,user_creatures,user_creatures: log_only=['forest'] engine_only=['wary watchdog'],7,2,0,0,2,2,1,0,0,0,1,0,0,ok,384
42,1,6,4,user_creatures,oppo_5,user_creatures,user_creatures: log_only=[] engine_only=['unsettling twins'],4,3,1,0,4,4,1,0,1,0,1,0,1,ok,103
43,1,11,4,user_creatures,oppo_5,user_creatures,user_creatures: log_only=[] engine_only=['ragged playmate'],7,4,3,0,4,4,2,0,0,0,2,0,0,ok,226
44,1,10,3,user_creatures,oppo_4,user_creatures,user_creatures: log_only=[] engine_only=['diversion specialist'],7,3,0,0,4,3,1,0,1,0,1,0,0,ok,172
45,1,9,5,oppo_life,user_6,oppo_life,oppo_life: log=17 engine=18,4,2,3,1,5,3,0,0,3,0,0,0,0,ok,227
46,1,7,3,user_noncreatures,user_4,user_noncreatures,user_noncreatures: log_only=['glassworks'] engine_only=[],6,3,3,0,3,3,5,0,0,0,5,0,0,ok,116
47,1,9,5,oppo_life,user_6,oppo_life user_creatures user_noncreatures,oppo_life: log=14 engine=16 ; user_creatures: log_only=['terramorphic expanse'] engine_only=[] ; user_noncreatures: log_only=[] engine_only=['ticket booth'],7,4,0,0,5,5,1,0,1,0,1,0,1,ok,213
48,1,7,3,oppo_life,user_4,oppo_life,oppo_life: log=17 engine=18,5,2,1,0,3,2,1,0,1,0,1,0,0,ok,190
49,1,9,1,oppo_life,user_2,oppo_life user_creatures,oppo_life: log=20 engine=18 ; user_creatures: log_only=[] engine_only=['undead sprinter'],5,0,0,0,1,0,0,0,1,0,0,0,1,ok,256
50,1,14,1,user_life,oppo_2,user_life,user_life: log=18 engine=19,6,0,2,0,2,0,0,0,2,0,0,0,0,ok,1755
51,1,8,3,oppo_life,user_4,oppo_life user_creatures,oppo_life: log=15 engine=16 ; user_creatures: log_only=[] engine_only=['patched plaything'],3,1,0,0,3,1,1,0,2,0,1,0,0,ok,515
52,1,6,1,user_lands,oppo_2,user_lands user_creatures,user_lands: log_only=['forest'] engine_only=[] ; user_creatures: log_only=[] engine_only=['insidious fungus'],4,1,1,0,2,1,1,0,1,0,1,0,0,ok,228
53,1,8,3,user_creatures,user_4,user_creatures,user_creatures: log_only=['spineseeker centipede'] engine_only=[],5,2,2,1,3,3,1,0,1,0,1,0,0,ok,585
54,1,5,3,user_creatures,user_4,user_creatures,user_creatures: log_only=[] engine_only=['glimmer'],3,2,0,0,3,3,1,0,1,0,1,0,1,ok,230
55,1,11,3,user_hand,user_4,user_hand,user_hand: log_only=['plains'] engine_only=[],8,3,0,0,3,3,2,0,0,0,2,0,0,ok,510
56,1,6,2,user_hand,user_3,user_hand,user_hand: log_only=['forest'] engine_only=[],4,1,0,0,2,1,0,0,1,0,0,0,0,ok,232
57,1,8,4,oppo_life,user_5,oppo_life user_creatures,oppo_life: log=13 engine=11 ; user_creatures: log_only=[] engine_only=['fear of surveillance'],4,3,1,0,4,4,2,1,1,0,2,1,1,ok,275
58,1,11,4,user_creatures,user_5,user_creatures,"user_creatures: log_only=['norin, swift survivalist'] engine_only=[]",9,4,0,0,4,5,5,0,0,0,5,0,1,ok,566
59,1,11,4,user_creatures,user_5,user_creatures,user_creatures: log_only=[] engine_only=['razorkin hordecaller'],5,2,2,0,4,2,0,1,2,0,0,1,0,ok,287
60,1,12,1,user_hand,oppo_2,user_hand,user_hand: log_only=['swamp'] engine_only=['spectral snatcher'],6,0,4,0,2,0,0,0,2,0,0,0,0,ok,376
61,1,11,3,oppo_hand,oppo_4,oppo_hand,oppo_hand: log=2 engine=3,7,2,1,0,4,2,0,0,2,0,0,0,2,ok,293
62,1,10,3,user_life,oppo_4,user_life,user_life: log=12 engine=10,6,1,0,0,3,1,0,0,2,0,0,0,0,ok,330
63,1,13,8,user_creatures,user_9,user_creatures,user_creatures: log_only=['tunnel surveyor'] engine_only=[],7,4,6,2,8,4,2,0,4,0,2,0,0,ok,379
64,1,8,4,oppo_hand,oppo_5,oppo_hand,oppo_hand: log=3 engine=4,4,3,2,1,4,5,2,0,1,0,2,0,1,ok,233
65,1,11,2,user_creatures,oppo_3,user_creatures,user_creatures: log_only=[] engine_only=['glimmer'],6,2,1,0,2,2,0,0,0,0,0,0,0,ok,406
66,1,9,3,user_hand,user_4,user_hand,user_hand: log_only=['spineseeker centipede'] engine_only=['twitching doll'],5,1,2,0,3,1,0,1,2,0,0,1,0,ok,296
67,1,11,5,user_lands,user_6,user_lands user_creatures,user_lands: log_only=[] engine_only=['forest'] ; user_creatures: log_only=['forest'] engine_only=[],5,2,2,1,4,4,0,1,2,1,0,1,0,ok,526
68,1,10,2,user_hand,user_3,user_hand,user_hand: log_only=['terramorphic expanse'] engine_only=['glassworks'],5,1,1,0,2,1,0,0,1,0,0,0,0,ok,209
69,1,9,3,user_creatures,oppo_4,user_creatures user_hand,user_creatures: log_only=['appendage amalgam'] engine_only=[] ; user_hand: log_only=[] engine_only=['appendage amalgam'],6,1,3,0,3,1,1,0,2,0,1,0,0,ok,235
70,1,8,3,user_creatures,user_4,user_creatures user_hand oppo_hand,user_creatures: log_only=['paranormal analyst'] engine_only=[] ; user_hand: log_only=[] engine_only=['unnerving grasp'] ; oppo_hand: log=7 engine=6,2,1,0,0,2,2,0,0,1,1,0,0,1,ok,246
71,1,9,3,user_life,oppo_4,user_life oppo_life user_creatures user_hand,"user_life: log=13 engine=15 ; oppo_life: log=21 engine=20 ; user_creatures: log_only=[] engine_only=['living phone'] ; user_hand: log_only=['arabella, abandoned doll'] engine_only=[]",5,3,0,0,3,3,0,0,0,0,0,0,1,ok,195
72,1,7,2,user_creatures,user_3,user_creatures oppo_hand,user_creatures: log_only=[] engine_only=['glimmer seeker'] ; oppo_hand: log=6 engine=7,4,1,1,0,2,1,0,0,1,0,0,0,1,ok,213
73,1,8,3,user_hand,user_4,user_hand,user_hand: log_only=['ripchain razorkin'] engine_only=['mountain'],6,3,1,0,3,3,2,1,0,0,2,1,1,ok,271
74,1,8,3,oppo_life,user_4,oppo_life,oppo_life: log=17 engine=16,6,3,0,0,3,3,3,0,0,0,3,0,0,ok,167
75,1,12,2,oppo_hand,oppo_3,oppo_hand,oppo_hand: log=5 engine=4,7,2,3,0,2,2,1,0,0,0,1,0,0,ok,287
76,1,7,2,user_life,oppo_3,user_life,user_life: log=18 engine=20,6,3,1,0,3,3,4,0,0,0,4,0,0,ok,165
77,1,10,4,oppo_life,user_5,oppo_life,oppo_life: log=17 engine=18,6,2,2,1,3,4,1,0,1,0,1,0,0,ok,262
78,1,8,4,user_life,oppo_5,user_life oppo_hand,user_life: log=15 engine=17 ; oppo_hand: log=2 engine=3,5,4,1,0,5,5,3,1,1,0,3,1,4,ok,255
79,1,12,4,oppo_hand,oppo_5,oppo_hand,oppo_hand: log=3 engine=4,6,3,0,0,5,4,3,0,2,0,3,0,1,ok,319
80,1,9,2,user_creatures,oppo_3,user_creatures,user_creatures: log_only=[] engine_only=['hardened escort'],7,3,2,0,3,3,2,0,0,0,2,0,0,ok,225
81,1,7,4,user_creatures,user_5,user_creatures,user_creatures: log_only=['house cartographer'] engine_only=[],5,3,0,0,4,3,0,0,1,0,0,0,1,ok,162
82,1,2,1,user_hand,user_2,user_hand,user_hand: log_only=[] engine_only=['grand entryway'],1,1,0,0,1,1,0,0,0,0,0,0,0,ok,36
83,1,9,3,oppo_life,user_4,oppo_life,oppo_life: log=9 engine=10,7,3,0,0,3,3,6,0,0,0,6,0,1,ok,205
84,1,10,1,user_hand,user_2,user_hand,user_hand: log_only=['bashful beastie'] engine_only=['stalked researcher'],8,1,1,0,1,1,0,0,0,0,0,0,0,ok,180
85,1,12,2,user_creatures,oppo_3,user_creatures user_hand,user_creatures: log_only=['floodpits drowner'] engine_only=[] ; user_hand: log_only=[] engine_only=['floodpits drowner'],5,0,3,0,2,0,0,0,2,0,0,0,0,ok,331
86,1,10,2,oppo_life,oppo_3,oppo_life,oppo_life: log=19 engine=18,8,2,2,0,2,2,1,0,0,0,1,0,0,ok,208
87,1,9,3,user_noncreatures,user_4,user_noncreatures oppo_hand,user_noncreatures: log_only=['ticket booth'] engine_only=[] ; oppo_hand: log=4 engine=5,6,3,3,0,3,3,3,0,0,0,3,0,0,ok,206
88,1,11,3,user_creatures,user_4,user_creatures,user_creatures: log_only=['mountain'] engine_only=['island'],4,1,4,1,2,2,0,0,1,0,0,0,2,ok,250
89,1,9,2,user_hand,oppo_3,user_hand,"user_hand: log_only=[] engine_only=[""don't make a sound""]",5,0,2,0,2,0,0,0,2,0,0,0,1,ok,150
90,1,10,3,user_creatures,oppo_4,user_creatures,user_creatures: log_only=[] engine_only=['vicious clown'],7,4,0,0,4,4,4,0,0,0,4,0,0,ok,190
91,1,8,5,user_creatures,user_6,user_creatures,user_creatures: log_only=['spirit'] engine_only=[],2,1,3,1,3,3,0,0,2,1,0,0,0,ok,743
92,1,10,2,oppo_hand,oppo_3,oppo_hand,oppo_hand: log=4 engine=5,8,2,1,0,3,2,1,0,1,0,1,0,3,ok,256
93,1,19,6,user_hand,user_7,user_hand,"user_hand: log_only=['trial of agony'] engine_only=['arabella, abandoned doll']",9,1,0,0,3,4,1,0,2,3,1,0,0,ok,782
94,1,6,2,oppo_hand,oppo_3,oppo_hand,oppo_hand: log=4 engine=5,4,1,1,0,2,2,0,0,1,1,0,0,1,ok,84
95,1,8,3,user_hand,user_4,user_hand,user_hand: log_only=['swamp'] engine_only=['vile mutilator'],6,2,0,0,3,2,2,0,1,0,2,0,0,ok,147
96,1,9,5,user_life,user_6,user_life oppo_life,user_life: log=15 engine=14 ; oppo_life: log=13 engine=14,5,3,2,0,4,4,1,0,1,1,1,0,1,ok,254
97,1,11,5,oppo_life,user_6,oppo_life,oppo_life: log=14 engine=15,6,3,2,1,5,4,4,3,2,0,4,3,0,ok,152
98,1,11,2,user_creatures,oppo_3,user_creatures user_hand,user_creatures: log_only=['floodpits drowner'] engine_only=[] ; user_hand: log_only=[] engine_only=['floodpits drowner'],7,1,0,0,2,1,0,0,1,0,0,0,0,ok,439
99,1,8,3,oppo_life,user_4,oppo_life user_creatures,oppo_life: log=19 engine=18 ; user_creatures: log_only=[] engine_only=['most valuable slayer'],4,2,0,0,3,2,0,1,1,0,0,1,0,ok,176
100,1,8,1,oppo_life,user_2,oppo_life user_hand,oppo_life: log=17 engine=20 ; user_hand: log_only=['overlord of the boilerbilges'] engine_only=['forest'],7,1,1,0,1,1,0,0,0,0,0,0,0,ok,1468
101,1,9,4,user_life,oppo_5,user_life user_creatures,user_life: log=16 engine=13 ; user_creatures: log_only=[] engine_only=['demon'],5,3,2,1,4,3,0,0,1,0,0,0,1,ok,736
102,1,11,2,user_hand,oppo_3,user_hand,user_hand: log_only=['island'] engine_only=['daggermaw megalodon'],6,2,1,1,3,2,1,0,1,0,1,0,0,ok,593
103,1,13,1,user_hand,user_2,user_hand,user_hand: log_only=['under the skin'] engine_only=['sporogenic infection'],6,0,0,0,1,0,0,0,1,0,0,0,0,ok,402
104,1,9,4,user_lands,user_5,user_lands user_hand,user_lands: log_only=['island'] engine_only=[] ; user_hand: log_only=[] engine_only=['daggermaw megalodon'],6,3,1,0,4,3,1,2,1,0,1,2,1,ok,378
105,1,9,1,user_creatures,user_2,user_creatures,user_creatures: log_only=['veteran survivor'] engine_only=[],6,1,1,0,1,1,1,0,0,0,1,0,1,ok,256
106,1,9,4,oppo_life,user_5,oppo_life,oppo_life: log=16 engine=20,6,3,2,1,4,3,0,1,1,0,0,1,1,ok,345
107,1,7,4,user_life,oppo_5,user_life,user_life: log=11 engine=13,6,4,1,1,4,5,0,1,0,0,0,1,1,ok,230
108,1,11,5,user_creatures,oppo_6,user_creatures user_hand oppo_hand,user_creatures: log_only=['midnight mayhem'] engine_only=['rampaging soulrager'] ; user_hand: log_only=[] engine_only=['turn inside out'] ; oppo_hand: log=3 engine=4,4,3,0,0,4,4,0,0,1,1,0,0,3,ok,542
109,1,9,3,user_life,oppo_4,user_life,user_life: log=13 engine=16,4,2,2,0,4,2,0,0,2,0,0,0,0,ok,321
110,1,8,3,oppo_life,user_4,oppo_life user_creatures user_noncreatures,oppo_life: log=14 engine=16 ; user_creatures: log_only=['piggy bank'] engine_only=['glimmer'] ; user_noncreatures: log_only=[] engine_only=['treasure'],4,2,0,0,3,2,1,0,1,0,1,0,0,ok,217
111,1,9,2,oppo_life,user_3,oppo_life,oppo_life: log=17 engine=18,6,1,1,0,2,1,1,0,1,0,1,0,0,ok,266
112,1,11,3,user_lands,user_4,user_lands user_hand,user_lands: log_only=['mountain'] engine_only=[] ; user_hand: log_only=[] engine_only=['say its name'],7,2,1,0,3,2,0,0,1,0,0,0,2,ok,255
113,1,7,6,user_life,oppo_7,user_life user_hand oppo_hand,user_life: log=20 engine=-4 ; user_hand: log_only=['monstrous emergence'] engine_only=[] ; oppo_hand: log=2 engine=3,5,5,1,1,7,5,1,0,2,0,1,0,4,ok,281
114,1,8,0,user_lands,user_1,user_lands user_noncreatures user_hand,user_lands: log_only=['island'] engine_only=[] ; user_noncreatures: log_only=['underwater tunnel'] engine_only=[] ; user_hand: log_only=[] engine_only=['underwater tunnel'],6,0,0,0,0,0,0,0,0,0,0,0,2,ok,225
115,1,9,3,user_hand,oppo_4,user_hand oppo_hand,"user_hand: log_only=['fear of isolation', 'plains'] engine_only=['inquisitive glimmer', 'trapped in the screen'] ; oppo_hand: log=5 engine=4",5,1,0,0,4,1,0,0,3,0,0,0,0,ok,211
116,1,11,3,user_life,oppo_4,user_life,user_life: log=16 engine=19,5,3,1,0,3,3,2,0,0,0,2,0,0,ok,365
117,1,11,2,user_life,user_3,user_life user_creatures,user_life: log=19 engine=18 ; user_creatures: log_only=[] engine_only=['fear of surveillance'],6,1,1,0,2,1,0,0,1,0,0,0,0,ok,315
118,1,7,3,user_creatures,user_4,user_creatures user_noncreatures,"user_creatures: log_only=['norin, swift survivalist'] engine_only=[] ; user_noncreatures: log_only=['cracked skull', 'treasure'] engine_only=[]",6,3,2,0,3,3,4,0,0,0,4,0,1,ok,150
119,1,5,1,user_life,oppo_2,user_life,user_life: log=18 engine=19,1,0,2,0,1,0,0,0,1,0,0,0,0,ok,105
120,1,9,2,oppo_hand,user_3,oppo_hand,oppo_hand: log=7 engine=6,3,0,3,0,2,0,0,0,2,0,0,0,0,ok,312
121,1,7,1,user_life,oppo_2,user_life oppo_hand,user_life: log=19 engine=17 ; oppo_hand: log=5 engine=6,5,1,1,0,2,1,0,0,1,0,0,0,0,ok,176
122,1,5,5,,,,,4,4,2,2,5,5,5,0,1,0,5,0,0,ok,89
123,1,7,5,user_hand,user_6,user_hand,user_hand: log_only=['unable to scream'] engine_only=['sheltered by ghosts'],6,4,1,1,5,5,2,0,1,0,2,0,1,ok,251
124,1,10,2,user_hand,oppo_3,user_hand oppo_hand,"user_hand: log_only=[] engine_only=[""don't make a sound""] ; oppo_hand: log=4 engine=5",4,0,1,0,2,0,0,0,2,0,0,0,2,ok,346
125,1,8,4,user_life,user_5,user_life user_creatures,user_life: log=22 engine=20 ; user_creatures: log_only=[] engine_only=['grasping longneck'],4,3,0,0,4,3,2,0,1,0,2,0,1,ok,176
126,1,9,5,user_life,user_6,user_life oppo_life,user_life: log=17 engine=14 ; oppo_life: log=17 engine=18,4,2,4,1,5,3,0,0,3,0,0,0,0,ok,318
127,1,12,3,user_creatures,user_4,user_creatures,user_creatures: log_only=['moldering gym'] engine_only=[],8,3,2,0,3,3,1,0,0,0,1,0,0,ok,314
128,1,11,1,user_creatures,user_2,user_creatures user_noncreatures oppo_hand,user_creatures: log_only=[] engine_only=['glimmer'] ; user_noncreatures: log_only=[] engine_only=['grand entryway'] ; oppo_hand: log=5 engine=6,6,0,1,0,1,0,0,0,1,0,0,0,1,ok,317
129,1,6,2,user_creatures,user_3,user_creatures oppo_hand,"user_creatures: log_only=[] engine_only=['beast', 'toby, beastie befriender'] ; oppo_hand: log=6 engine=7",3,1,1,0,2,1,0,0,1,0,0,0,1,ok,152
130,1,10,1,user_hand,user_2,user_hand,user_hand: log_only=['forest'] engine_only=[],7,0,1,0,1,0,0,0,1,0,0,0,0,ok,99
131,1,9,4,user_creatures,oppo_5,user_creatures oppo_hand,user_creatures: log_only=[] engine_only=['scrabbling skullcrab'] ; oppo_hand: log=2 engine=3,6,4,1,1,5,4,0,0,1,0,0,0,2,ok,223
132,1,17,3,user_hand,user_4,user_hand,user_hand: log_only=['glimmerlight'] engine_only=['lakeside shack'],4,1,5,1,3,2,0,0,2,0,0,0,0,ok,467
133,1,8,6,user_life,oppo_7,user_life user_creatures,"user_life: log=5 engine=2 ; user_creatures: log_only=['the swarmweaver'] engine_only=['insect', 'insect']",1,1,1,1,4,4,2,1,3,2,2,1,1,ok,178
134,1,8,1,user_hand,user_2,user_hand,user_hand: log_only=['final vengeance'] engine_only=['coordinated clobbering'],3,1,2,0,1,1,0,0,0,0,0,0,0,ok,137
135,1,10,2,user_hand,user_3,user_hand,user_hand: log_only=['strangled cemetery'] engine_only=['bashful beastie'],6,2,3,0,2,2,1,0,0,0,1,0,0,ok,227
136,1,11,2,user_creatures,user_3,user_creatures,user_creatures: log_only=['island'] engine_only=['break down the door'],6,1,3,0,2,1,0,0,1,0,0,0,0,ok,354
137,1,6,5,user_lands,user_6,user_lands user_noncreatures user_hand oppo_hand,"user_lands: log_only=['mountain'] engine_only=[] ; user_noncreatures: log_only=[""painter's studio""] engine_only=[] ; user_hand: log_only=[] engine_only=[""painter's studio""] ; oppo_hand: log=4 engine=0",5,4,0,0,5,4,6,0,1,0,6,0,4,ok,78
138,1,13,4,oppo_life,oppo_5,oppo_life user_creatures oppo_hand,oppo_life: log=28 engine=24 ; user_creatures: log_only=[] engine_only=['skullsnap nuisance'] ; oppo_hand: log=3 engine=4,5,2,0,0,4,2,0,1,2,0,0,1,2,ok,242
139,1,9,1,user_hand,oppo_2,user_hand,user_hand: log_only=['swamp'] engine_only=['spectral snatcher'],5,0,0,0,2,0,0,0,2,0,0,0,0,ok,172
140,1,10,2,user_creatures,user_3,user_creatures user_hand,user_creatures: log_only=['cautious survivor'] engine_only=[] ; user_hand: log_only=[] engine_only=['cautious survivor'],5,1,2,0,2,1,0,0,1,0,0,0,1,ok,178
141,1,11,3,user_life,oppo_4,user_life user_creatures,user_life: log=9 engine=12 ; user_creatures: log_only=[] engine_only=['tunnel surveyor'],7,1,2,0,3,1,0,0,2,0,0,0,0,ok,414
142,1,7,1,user_hand,oppo_2,user_hand,user_hand: log_only=['forest'] engine_only=['slavering branchsnapper'],5,1,2,0,2,1,0,0,1,0,0,0,0,ok,185
143,1,14,5,user_creatures,user_6,user_creatures user_hand,"user_creatures: log_only=['fear of lost teeth'] engine_only=[] ; user_hand: log_only=['defiled crypt'] engine_only=['fear of lost teeth', 'swamp']",11,5,4,1,5,5,3,1,0,0,3,1,4,ok,377
144,1,11,4,user_life,oppo_5,user_life user_creatures user_noncreatures,user_life: log=15 engine=17 ; user_creatures: log_only=['hedge shredder'] engine_only=[] ; user_noncreatures: log_only=[] engine_only=['hedge shredder'],5,2,0,0,5,2,0,0,3,0,0,0,2,ok,282
145,1,12,2,user_life,oppo_3,user_life user_creatures,user_life: log=20 engine=18 ; user_creatures: log_only=[] engine_only=['impossible inferno'],5,2,2,0,3,2,0,0,1,0,0,0,1,ok,820
146,1,10,3,user_life,oppo_4,user_life,user_life: log=14 engine=17,6,2,1,0,3,2,0,1,1,0,0,1,1,ok,259
147,1,12,2,user_life,oppo_3,user_life,user_life: log=18 engine=19,7,1,2,0,3,1,0,0,2,0,0,0,0,ok,390
148,1,12,3,oppo_life,user_4,oppo_life,oppo_life: log=18 engine=20,7,1,1,0,3,1,0,0,2,0,0,0,1,ok,212
149,1,10,4,user_creatures,oppo_5,user_creatures user_hand,"user_creatures: log_only=[] engine_only=['glimmer'] ; user_hand: log_only=['erratic apparition', 'glimmerlight'] engine_only=['island', 'sheltered by ghosts']",4,2,3,1,4,2,0,0,2,0,0,0,3,ok,347
150,1,13,4,user_hand,user_5,user_hand,user_hand: log_only=['the mindskinner'] engine_only=['house cartographer'],7,3,2,1,4,3,2,0,1,0,2,0,0,ok,1900
151,1,16,3,user_creatures,user_4,user_creatures,user_creatures: log_only=['friendly teddy'] engine_only=['reluctant role model'],6,1,2,0,2,2,1,0,1,1,1,0,1,ok,956
152,1,12,2,oppo_hand,oppo_3,oppo_hand,oppo_hand: log=4 engine=5,8,1,2,0,3,1,0,0,2,0,0,0,1,ok,549
153,1,10,3,user_creatures,user_4,user_creatures,user_creatures: log_only=['spineseeker centipede'] engine_only=['resurrected cultist'],5,1,2,0,3,1,0,0,2,0,0,0,0,ok,434
154,1,10,3,user_life,user_4,user_life oppo_life,user_life: log=11 engine=12 ; oppo_life: log=23 engine=22,6,2,2,0,3,2,0,0,1,0,0,0,1,ok,436
155,1,11,1,user_hand,user_2,user_hand,user_hand: log_only=['meat locker'] engine_only=['bashful beastie'],8,0,1,0,1,0,0,0,1,0,0,0,0,ok,407
156,1,9,2,user_creatures,oppo_3,user_creatures,user_creatures: log_only=['inquisitive glimmer'] engine_only=[],6,2,3,0,3,2,1,0,1,0,1,0,0,ok,342
157,1,9,1,user_hand,user_2,user_hand,user_hand: log_only=['grasping longneck'] engine_only=['fear of burning alive'],5,0,1,0,1,0,0,0,1,0,0,0,0,ok,336
158,1,13,2,user_creatures,oppo_3,user_creatures user_noncreatures,"user_creatures: log_only=['acrobatic cheerleader'] engine_only=[] ; user_noncreatures: log_only=[] engine_only=[""dollmaker's shop""]",7,2,1,0,3,3,0,0,1,0,0,0,0,ok,499
159,1,7,2,user_noncreatures,oppo_3,user_noncreatures user_hand oppo_hand,user_noncreatures: log_only=['growing dread'] engine_only=[] ; user_hand: log_only=[] engine_only=['growing dread'] ; oppo_hand: log=2 engine=3,4,0,2,0,2,0,0,0,2,0,0,0,5,ok,225
160,1,9,3,user_hand,user_4,user_hand,"user_hand: log_only=[""painter's studio""] engine_only=['swamp']",5,1,2,0,3,1,1,0,2,0,1,0,0,ok,289
161,1,12,1,user_hand,oppo_2,user_hand,user_hand: log_only=['island'] engine_only=['daggermaw megalodon'],4,0,2,0,2,0,0,0,2,0,0,0,0,ok,361
162,1,6,4,user_life,oppo_5,user_life,user_life: log=12 engine=14,3,2,0,0,4,2,0,0,2,0,0,0,0,ok,170
163,1,8,3,user_creatures,user_4,user_creatures user_hand,user_creatures: log_only=['unstoppable slasher'] engine_only=[] ; user_hand: log_only=[] engine_only=['unstoppable slasher'],5,2,0,0,3,2,0,1,1,0,0,1,1,ok,248
164,1,10,2,user_lands,user_3,user_lands user_hand,"user_lands: log_only=['forest'] engine_only=[] ; user_hand: log_only=['impossible inferno'] engine_only=['mountain', 'terramorphic expanse']",6,0,0,0,2,0,0,0,2,0,0,0,1,ok,241
165,1,5,3,oppo_hand,oppo_4,oppo_hand,oppo_hand: log=6 engine=7,4,3,0,0,4,3,3,0,1,0,3,0,3,ok,94
166,1,8,4,oppo_hand,oppo_5,oppo_hand,oppo_hand: log=1 engine=2,6,3,3,0,4,3,2,0,1,0,2,0,2,ok,237
167,1,11,4,user_creatures,oppo_5,user_creatures,user_creatures: log_only=[] engine_only=['fear of exposure'],10,4,1,1,4,5,1,1,0,0,1,1,1,ok,372
168,1,8,4,user_creatures,user_5,user_creatures,user_creatures: log_only=['forest'] engine_only=[],5,2,0,0,4,2,0,0,2,0,0,0,0,ok,195
169,1,10,4,oppo_hand,oppo_5,oppo_hand,oppo_hand: log=3 engine=4,5,2,1,0,3,3,1,0,1,1,1,0,3,ok,193
170,1,5,3,user_hand,user_4,user_hand oppo_hand,"user_hand: log_only=[""shardmage's rescue""] engine_only=['splitskin doll'] ; oppo_hand: log=6 engine=5",4,2,1,0,3,2,1,0,1,0,1,0,0,ok,78
171,1,7,4,user_life,oppo_5,user_life,user_life: log=8 engine=11,4,3,0,0,4,3,2,0,1,0,2,0,1,ok,212
172,1,10,1,user_creatures,user_2,user_creatures user_hand,"user_creatures: log_only=['nashi, searcher in the dark'] engine_only=[] ; user_hand: log_only=[] engine_only=['nashi, searcher in the dark']",5,0,1,0,1,0,0,0,1,0,0,0,1,ok,240
173,1,8,1,user_hand,user_2,user_hand,user_hand: log_only=['swamp'] engine_only=['patchwork beastie'],3,1,0,0,1,1,0,0,0,0,0,0,0,ok,232
174,1,11,3,user_life,oppo_4,user_life oppo_life user_creatures oppo_hand,user_life: log=12 engine=13 ; oppo_life: log=25 engine=20 ; user_creatures: log_only=[] engine_only=['glimmer seeker'] ; oppo_hand: log=2 engine=3,7,1,2,0,3,1,0,0,2,0,0,0,2,ok,208
175,1,4,2,user_hand,user_3,user_hand,user_hand: log_only=['terramorphic expanse'] engine_only=['mountain'],2,1,0,0,2,1,0,0,1,0,0,0,2,ok,68
176,1,8,3,user_hand,user_4,user_hand,user_hand: log_only=['ghostly dancers'] engine_only=['fear of surveillance'],6,2,0,0,3,2,0,0,1,0,0,0,0,ok,202
177,1,9,5,oppo_hand,oppo_6,oppo_hand,oppo_hand: log=5 engine=3,7,4,0,0,5,4,0,0,1,0,0,0,0,ok,284
178,1,8,4,user_creatures,user_5,user_creatures user_noncreatures,"user_creatures: log_only=['hedge shredder', 'slavering branchsnapper'] engine_only=[] ; user_noncreatures: log_only=[] engine_only=['hedge shredder']",6,3,2,0,4,3,0,1,1,0,0,1,0,ok,320
179,1,10,4,user_noncreatures,oppo_5,user_noncreatures,user_noncreatures: log_only=['trapped in the screen'] engine_only=[],3,2,3,0,4,2,2,0,2,0,2,0,0,ok,223
180,1,9,1,oppo_hand,user_2,oppo_hand,oppo_hand: log=6 engine=5,7,1,0,0,1,1,0,0,0,0,0,0,0,ok,170
181,1,6,2,user_life,user_3,user_life oppo_life user_creatures oppo_hand,user_life: log=21 engine=20 ; oppo_life: log=21 engine=20 ; user_creatures: log_only=[] engine_only=['fear of lost teeth'] ; oppo_hand: log=3 engine=4,6,2,0,0,2,2,1,0,0,0,1,0,1,ok,135
182,1,9,4,user_hand,user_5,user_hand,user_hand: log_only=['monstrous emergence'] engine_only=['island'],6,3,3,1,4,3,3,0,1,0,3,0,0,ok,266
183,1,9,2,oppo_life,user_3,oppo_life,oppo_life: log=20 engine=22,6,1,0,0,2,1,0,0,1,0,0,0,0,ok,201
184,1,8,4,user_life,oppo_5,user_life,user_life: log=14 engine=15,4,3,2,0,5,3,1,0,2,0,1,0,0,ok,220
185,1,7,2,oppo_life,user_3,oppo_life,oppo_life: log=17 engine=18,4,1,1,0,2,1,0,0,1,0,0,0,0,ok,173
186,1,9,1,user_noncreatures,user_2,user_noncreatures user_hand,user_noncreatures: log_only=['overlord of the balemurk'] engine_only=[] ; user_hand: log_only=['resurrected cultist'] engine_only=['overlord of the balemurk'],4,0,2,0,1,0,0,0,1,0,0,0,1,ok,157
187,1,18,5,user_life,oppo_6,user_life,user_life: log=9 engine=10,3,0,5,1,4,1,0,0,4,0,0,0,0,ok,445
188,1,7,5,user_creatures,user_6,user_creatures,user_creatures: log_only=['veteran survivor'] engine_only=[],5,3,3,0,4,4,4,0,1,1,4,0,0,ok,194
189,1,13,2,oppo_life,user_3,oppo_life,oppo_life: log=20 engine=21,4,1,1,0,2,1,1,0,1,0,1,0,0,ok,263
190,1,12,2,oppo_hand,oppo_3,oppo_hand,oppo_hand: log=3 engine=4,8,2,2,0,3,2,0,0,1,0,0,0,1,ok,227
191,1,9,5,user_hand,oppo_6,user_hand,user_hand: log_only=['forest'] engine_only=['drag to the roots'],6,4,1,0,6,4,0,0,2,0,0,0,0,ok,152
192,1,8,3,user_hand,oppo_4,user_hand,"user_hand: log_only=['swamp'] engine_only=[""shardmage's rescue"", 'spectral snatcher']",4,1,1,1,4,1,0,0,3,0,0,0,0,ok,111
193,1,14,4,user_creatures,user_5,user_creatures user_hand,user_creatures: log_only=[] engine_only=['oblivious bookworm'] ; user_hand: log_only=['paranormal analyst'] engine_only=['monstrous emergence'],12,2,1,0,4,3,0,0,2,0,0,0,0,ok,718
194,1,9,4,oppo_life,user_5,oppo_life user_creatures,oppo_life: log=13 engine=11 ; user_creatures: log_only=[] engine_only=['ragged playmate'],4,2,2,0,4,2,1,0,2,0,1,0,0,ok,214
195,1,8,1,user_hand,user_2,user_hand,user_hand: log_only=['abhorrent oculus'] engine_only=['wickerfolk thresher'],6,1,2,0,1,1,0,0,0,0,0,0,0,ok,143
196,1,10,5,user_creatures,oppo_6,user_creatures,"user_creatures: log_only=['tyvar, the pummeler'] engine_only=[]",7,4,2,0,5,4,0,2,1,0,0,2,1,ok,159
197,1,10,4,oppo_hand,oppo_5,oppo_hand,oppo_hand: log=5 engine=1,6,2,0,0,4,2,0,0,2,0,0,0,0,ok,248
198,1,7,4,user_creatures,user_5,user_creatures user_hand,user_creatures: log_only=[] engine_only=['floodpits drowner'] ; user_hand: log_only=['vanish from sight'] engine_only=['forest'],3,2,1,0,4,2,4,0,2,0,4,0,0,ok,118
199,1,10,2,oppo_hand,oppo_3,oppo_hand,oppo_hand: log=4 engine=5,5,1,2,0,3,1,1,0,2,0,1,0,1,ok,854
200,1,11,2,oppo_life,user_3,oppo_life user_creatures,oppo_life: log=15 engine=19 ; user_creatures: log_only=['fear of being hunted'] engine_only=['optimistic scavenger'],3,1,0,0,2,1,0,0,1,0,0,0,0,ok,1690
201,1,12,2,user_hand,user_3,user_hand,user_hand: log_only=['mountain'] engine_only=[],4,1,1,0,2,1,2,0,1,0,2,0,0,ok,1228
202,1,8,3,user_noncreatures,oppo_4,user_noncreatures,user_noncreatures: log_only=[] engine_only=['smoky lounge'],3,1,0,0,3,2,0,0,2,1,0,0,0,ok,338
203,1,8,5,user_life,oppo_6,user_life,user_life: log=5 engine=12,4,2,1,0,4,3,0,0,2,1,0,0,1,ok,492
204,1,9,2,user_creatures,oppo_3,user_creatures,user_creatures: log_only=[] engine_only=['overgrown zealot'],6,1,1,0,2,1,0,0,1,0,0,0,0,ok,442
205,1,8,1,user_hand,user_2,user_hand,user_hand: log_only=['moldering gym'] engine_only=['island'],4,0,2,0,1,0,0,0,1,0,0,0,0,ok,276
206,1,18,3,user_creatures,oppo_4,user_creatures,user_creatures: log_only=[] engine_only=['unsettling twins'],4,2,5,0,4,2,1,0,2,0,1,0,0,ok,608
207,1,10,4,user_life,user_5,user_life oppo_life user_creatures,"user_life: log=16 engine=15 ; oppo_life: log=17 engine=22 ; user_creatures: log_only=['arabella, abandoned doll', 'vicious clown'] engine_only=['lionheart glimmer']",7,3,1,0,4,3,2,1,1,0,2,1,1,ok,324
208,1,14,4,user_lands,user_5,user_lands user_creatures user_hand,user_lands: log_only=['forest'] engine_only=[] ; user_creatures: log_only=['spineseeker centipede'] engine_only=[] ; user_hand: log_only=[] engine_only=['spineseeker centipede'],8,2,2,1,4,3,0,1,2,0,0,1,2,ok,511
209,1,10,2,user_life,oppo_3,user_life,user_life: log=18 engine=19,3,1,3,0,3,1,0,0,2,0,0,0,0,ok,271
210,1,7,3,oppo_hand,user_4,oppo_hand,oppo_hand: log=6 engine=5,6,3,3,0,3,3,3,0,0,0,3,0,0,ok,201
211,1,9,3,oppo_hand,oppo_4,oppo_hand,oppo_hand: log=2 engine=3,5,2,3,0,3,2,1,0,1,0,1,0,2,ok,387
212,1,12,4,user_creatures,user_5,user_creatures user_hand,"user_creatures: log_only=['wickerfolk thresher'] engine_only=['marvin, murderous mimic'] ; user_hand: log_only=['spineseeker centipede'] engine_only=['wickerfolk thresher']",6,3,2,0,4,3,1,0,1,0,1,0,0,ok,473
213,1,7,2,user_creatures,user_3,user_creatures user_noncreatures user_hand,user_creatures: log_only=['most valuable slayer'] engine_only=[] ; user_noncreatures: log_only=[] engine_only=['treasure'] ; user_hand: log_only=[] engine_only=['most valuable slayer'],6,2,1,0,2,2,1,0,0,0,1,0,1,ok,170
214,1,10,3,user_life,oppo_4,user_life user_creatures,user_life: log=24 engine=22 ; user_creatures: log_only=[] engine_only=['fear of infinity'],5,2,4,1,3,3,1,0,1,1,1,0,1,ok,308
215,1,12,3,user_creatures,user_4,user_creatures,user_creatures: log_only=['mountain'] engine_only=['patchwork beastie'],8,2,3,0,3,2,0,0,1,0,0,0,0,ok,342
216,1,6,5,oppo_life,user_6,oppo_life,oppo_life: log=15 engine=2,4,4,2,1,5,6,4,0,1,0,4,0,0,ok,154
217,1,10,2,user_noncreatures,oppo_3,user_noncreatures user_hand,user_noncreatures: log_only=[] engine_only=['keys to the house'] ; user_hand: log_only=['island'] engine_only=[],7,1,0,0,2,1,0,0,1,0,0,0,0,ok,275
218,1,10,5,oppo_life,user_6,oppo_life user_creatures,oppo_life: log=10 engine=11 ; user_creatures: log_only=[] engine_only=['gremlin'],5,4,1,0,5,4,6,0,1,0,6,0,0,ok,370
219,1,7,3,oppo_hand,user_4,oppo_hand,oppo_hand: log=6 engine=5,3,2,0,0,3,2,0,0,1,0,0,0,0,ok,162
220,1,13,2,user_hand,user_3,user_hand,user_hand: log_only=['forest'] engine_only=['plains'],5,0,2,0,2,0,0,0,2,0,0,0,0,ok,442
221,1,8,2,user_creatures,oppo_3,user_creatures,user_creatures: log_only=['flesh burrower'] engine_only=['broodspinner'],6,2,0,0,3,2,0,0,1,0,0,0,0,ok,161
222,1,6,2,oppo_life,oppo_3,oppo_life,oppo_life: log=18 engine=17,1,1,0,0,2,2,1,0,1,1,1,0,0,ok,148
223,1,8,5,oppo_life,user_6,oppo_life user_lands,oppo_life: log=14 engine=13 ; user_lands: log_only=['mountain'] engine_only=[],4,2,2,0,4,3,1,0,2,1,1,0,1,ok,181
224,1,9,2,oppo_life,user_3,oppo_life,oppo_life: log=16 engine=17,7,2,0,0,2,2,2,0,0,0,2,0,0,ok,222
225,1,7,2,oppo_life,user_3,oppo_life user_creatures user_hand,"oppo_life: log=17 engine=18 ; user_creatures: log_only=['kaito, bane of nightmares'] engine_only=['friendly teddy'] ; user_hand: log_only=['friendly teddy', 'withering torment'] engine_only=['kaito, bane of nightmares']",5,1,0,0,2,1,0,0,1,0,0,0,0,ok,158
226,1,9,5,oppo_life,user_6,oppo_life,oppo_life: log=16 engine=17,6,4,1,1,4,6,0,0,0,0,0,0,2,ok,311
227,1,10,1,user_hand,user_2,user_hand,user_hand: log_only=['glimmerburst'] engine_only=['twist reality'],7,0,0,0,1,0,0,0,1,0,0,0,0,ok,351
228,1,9,6,user_creatures,user_7,user_creatures user_hand,user_creatures: log_only=['flesh burrower'] engine_only=[] ; user_hand: log_only=['moldering gym'] engine_only=[],7,5,1,1,6,6,6,0,1,0,6,0,3,ok,255
229,1,13,2,oppo_life,user_3,oppo_life,oppo_life: log=17 engine=20,8,1,2,0,2,1,0,0,1,0,0,0,0,ok,386
230,1,9,1,user_hand,user_2,user_hand,user_hand: log_only=['dissection tools'] engine_only=['forest'],6,0,0,0,1,0,0,0,1,0,0,0,0,ok,210
231,1,9,3,oppo_life,user_4,oppo_life,oppo_life: log=18 engine=19,6,2,2,0,3,2,0,0,1,0,0,0,1,ok,178
232,1,5,3,user_life,oppo_4,user_life,user_life: log=17 engine=20,4,3,1,1,3,3,1,0,0,0,1,0,0,ok,73
233,1,12,3,user_creatures,user_4,user_creatures,user_creatures: log_only=['island'] engine_only=[],6,2,3,0,3,3,0,2,1,0,0,2,1,ok,483
234,1,13,2,user_creatures,user_3,user_creatures user_noncreatures,user_creatures: log_only=['fear of lost teeth'] engine_only=[] ; user_noncreatures: log_only=[] engine_only=['found footage'],6,2,2,0,2,2,0,0,0,0,0,0,1,ok,712
235,1,15,2,user_creatures,oppo_3,user_creatures oppo_hand,user_creatures: log_only=[] engine_only=['plains'] ; oppo_hand: log=5 engine=4,5,0,4,0,3,0,0,0,3,0,0,0,0,ok,684
236,1,8,2,user_creatures,oppo_3,user_creatures,user_creatures: log_only=[] engine_only=['gremlin tamer'],5,2,2,0,3,2,1,0,1,0,1,0,0,ok,118
237,1,13,3,user_creatures,oppo_4,user_creatures user_hand,user_creatures: log_only=['fear of impostors'] engine_only=[] ; user_hand: log_only=[] engine_only=['fear of impostors'],7,1,2,0,3,1,1,0,2,0,1,0,0,ok,240
238,1,10,3,oppo_life,user_4,oppo_life oppo_hand,oppo_life: log=18 engine=19 ; oppo_hand: log=6 engine=5,4,2,0,0,3,2,0,0,1,0,0,0,0,ok,250
239,1,7,3,user_creatures,oppo_4,user_creatures,user_creatures: log_only=[] engine_only=['glimmer'],4,2,1,0,3,2,1,0,1,0,1,0,0,ok,174
240,1,11,2,user_life,oppo_3,user_life user_creatures,user_life: log=16 engine=13 ; user_creatures: log_only=[] engine_only=['twitching doll'],6,1,1,0,2,1,0,0,1,0,0,0,0,ok,134
241,1,9,4,oppo_hand,oppo_5,oppo_hand,oppo_hand: log=4 engine=3,6,3,4,1,5,4,3,0,2,0,3,0,0,ok,280
242,1,8,1,user_hand,user_2,user_hand,user_hand: log_only=['razorkin hordecaller'] engine_only=['mountain'],5,1,1,0,1,1,0,0,0,0,0,0,0,ok,197
243,1,15,3,user_life,oppo_4,user_life user_hand,user_life: log=20 engine=17 ; user_hand: log_only=[] engine_only=['appendage amalgam'],5,2,5,0,4,2,2,0,2,0,2,0,1,ok,266
244,1,7,2,user_hand,oppo_3,user_hand,user_hand: log_only=['trapped in the screen'] engine_only=['enduring innocence'],5,2,1,0,3,2,0,0,1,0,0,0,0,ok,113
245,1,10,3,user_life,oppo_4,user_life user_creatures user_hand,"user_life: log=18 engine=8 ; user_creatures: log_only=[] engine_only=['glimmer'] ; user_hand: log_only=['floodpits drowner', 'say its name'] engine_only=['island', 'moldering gym']",6,1,1,0,3,1,0,0,2,0,0,0,1,ok,196
246,1,15,2,user_creatures,oppo_3,user_creatures,user_creatures: log_only=[] engine_only=['spineseeker centipede'],6,2,1,0,3,2,0,0,1,0,0,0,1,ok,454
247,1,10,4,user_life,oppo_5,user_life,user_life: log=14 engine=17,4,3,2,1,3,5,2,1,0,1,2,1,3,ok,238
248,1,4,4,,,,,2,2,0,0,4,2,0,0,2,0,0,0,0,ok,65
249,1,7,1,user_creatures,user_2,user_creatures,user_creatures: log_only=[] engine_only=['insidious fungus'],5,1,1,0,1,1,0,0,0,0,0,0,0,ok,112
250,1,6,3,user_life,oppo_4,user_life,user_life: log=13 engine=14,4,3,1,0,3,3,2,0,0,0,2,0,0,ok,1338
251,1,17,4,user_life,oppo_5,user_life,user_life: log=17 engine=18,6,3,2,1,5,3,3,0,2,0,3,0,0,ok,1461
252,1,11,1,user_creatures,user_2,user_creatures user_hand,user_creatures: log_only=['fear of surveillance'] engine_only=[] ; user_hand: log_only=[] engine_only=['fear of surveillance'],8,0,4,0,1,0,0,0,1,0,0,0,1,ok,606
253,1,13,2,user_hand,oppo_3,user_hand,user_hand: log_only=['island'] engine_only=['daggermaw megalodon'],4,1,0,0,3,1,0,0,2,0,0,0,0,ok,326
254,1,11,2,user_hand,user_3,user_hand,user_hand: log_only=['forest'] engine_only=['bashful beastie'],6,0,1,0,2,0,0,0,2,0,0,0,0,ok,315
255,1,8,6,user_creatures,user_7,user_creatures user_hand,"user_creatures: log_only=['glimmer', 'tunnel surveyor'] engine_only=[] ; user_hand: log_only=[] engine_only=['tunnel surveyor']",7,5,1,1,6,5,3,0,1,0,3,0,1,ok,244
256,1,12,3,user_creatures,oppo_4,user_creatures user_hand,user_creatures: log_only=['appendage amalgam'] engine_only=[] ; user_hand: log_only=[] engine_only=['appendage amalgam'],7,1,0,0,3,1,1,0,2,0,1,0,0,ok,632
257,1,6,4,oppo_life,user_5,oppo_life,oppo_life: log=15 engine=17,4,3,0,0,4,3,1,0,1,0,1,0,2,ok,118
258,1,9,3,user_creatures,oppo_4,user_creatures oppo_hand,user_creatures: log_only=[] engine_only=['the swarmweaver'] ; oppo_hand: log=6 engine=7,4,1,0,0,4,1,1,0,3,0,1,0,1,ok,398
259,1,9,4,user_creatures,user_5,user_creatures user_noncreatures,"user_creatures: log_only=['arabella, abandoned doll'] engine_only=[] ; user_noncreatures: log_only=['glassworks'] engine_only=[]",5,3,1,0,4,3,2,0,1,0,2,0,2,ok,454
260,1,7,1,user_hand,user_2,user_hand,user_hand: log_only=['the jolly balloon man'] engine_only=[],4,0,1,0,1,0,0,0,1,0,0,0,0,ok,151
261,1,10,3,oppo_life,user_4,oppo_life,oppo_life: log=17 engine=19,5,2,1,1,3,2,1,0,1,0,1,0,0,ok,258
262,1,11,4,user_life,user_5,user_life user_creatures,user_life: log=20 engine=19 ; user_creatures: log_only=[] engine_only=['tunnel surveyor'],5,1,1,0,4,1,1,0,3,0,1,0,0,ok,285
263,1,10,1,oppo_hand,oppo_2,oppo_hand,oppo_hand: log=5 engine=6,6,0,2,0,2,0,0,0,2,0,0,0,0,ok,284
264,1,9,3,user_creatures,oppo_4,user_creatures oppo_hand,user_creatures: log_only=[] engine_only=['wary watchdog'] ; oppo_hand: log=3 engine=4,6,2,0,0,3,2,0,1,1,0,0,1,3,ok,213
265,1,10,5,user_creatures,user_6,user_creatures,user_creatures: log_only=['untimely malfunction'] engine_only=['bashful beastie'],7,4,0,0,5,4,1,0,1,0,1,0,0,ok,327
266,1,9,4,user_hand,oppo_5,user_hand oppo_hand,user_hand: log_only=[] engine_only=['monstrous emergence'] ; oppo_hand: log=3 engine=4,6,4,1,0,5,5,0,0,1,0,0,0,2,ok,272
267,1,9,5,oppo_life,user_6,oppo_life user_creatures,oppo_life: log=14 engine=6 ; user_creatures: log_only=[] engine_only=['fear of being hunted'],5,3,1,0,5,3,4,0,2,0,4,0,2,ok,226
268,1,17,3,oppo_life,user_4,oppo_life user_creatures oppo_hand,oppo_life: log=22 engine=20 ; user_creatures: log_only=['vanish from sight'] engine_only=['fear of surveillance'] ; oppo_hand: log=5 engine=6,6,3,2,0,3,3,1,0,0,0,1,0,1,ok,509
269,1,6,4,oppo_life,user_5,oppo_life,oppo_life: log=7 engine=8,6,4,2,1,4,4,6,0,0,0,6,0,0,ok,143
270,1,8,1,user_creatures,user_2,user_creatures user_hand,user_creatures: log_only=['wary watchdog'] engine_only=[] ; user_hand: log_only=[] engine_only=['clockwork percussionist'],6,1,1,0,1,1,0,0,0,0,0,0,1,ok,192
271,1,8,4,user_creatures,user_5,user_creatures,user_creatures: log_only=['orphans of the wheat'] engine_only=[],4,3,3,0,4,3,1,0,1,0,1,0,0,ok,406
272,1,16,2,oppo_life,user_3,oppo_life,oppo_life: log=20 engine=19,10,1,1,0,2,1,0,0,1,0,0,0,0,ok,644
273,1,5,2,oppo_life,user_3,oppo_life user_hand,oppo_life: log=19 engine=20 ; user_hand: log_only=['threats around every corner'] engine_only=['island'],4,1,1,0,2,1,0,0,1,0,0,0,0,ok,105
274,1,6,2,user_creatures,user_3,user_creatures,user_creatures: log_only=['fear of immobility'] engine_only=[],3,2,0,0,2,2,0,0,0,0,0,0,0,ok,143
275,1,6,2,user_life,oppo_3,user_life,user_life: log=18 engine=20,4,2,1,0,2,2,0,0,0,0,0,0,0,ok,120
276,1,7,1,user_hand,oppo_2,user_hand,user_hand: log_only=['mountain'] engine_only=['bedhead beastie'],3,0,0,0,2,0,0,0,2,0,0,0,0,ok,159
277,1,8,2,oppo_hand,oppo_3,oppo_hand,oppo_hand: log=5 engine=6,5,3,1,0,3,3,4,0,0,0,4,0,3,ok,182
278,1,6,4,user_lands,user_5,user_lands user_creatures user_noncreatures,"user_lands: log_only=['swamp'] engine_only=[] ; user_creatures: log_only=['kaito, bane of nightmares'] engine_only=[] ; user_noncreatures: log_only=[] engine_only=['kaito, bane of nightmares']",2,1,0,0,4,1,1,0,3,0,1,0,1,ok,113
279,1,8,3,user_hand,oppo_4,user_hand,user_hand: log_only=[] engine_only=['horrid vigor'],4,2,1,0,4,2,0,0,2,0,0,0,1,ok,184
280,1,10,3,user_life,oppo_4,user_life oppo_hand,user_life: log=16 engine=19 ; oppo_hand: log=3 engine=4,4,2,2,0,3,3,3,0,1,1,3,0,0,ok,224
281,1,6,1,user_hand,user_2,user_hand,user_hand: log_only=['violent urge'] engine_only=['enduring vitality'],6,1,0,0,1,1,0,0,0,0,0,0,0,ok,175
282,1,10,1,oppo_life,user_2,oppo_life user_creatures user_hand,oppo_life: log=19 engine=18 ; user_creatures: log_only=[] engine_only=['clockwork percussionist'] ; user_hand: log_only=['mountain'] engine_only=[],8,1,0,0,1,1,1,0,0,0,1,0,1,ok,202
283,1,8,3,user_creatures,oppo_4,user_creatures user_noncreatures user_hand,"user_creatures: log_only=['terramorphic expanse'] engine_only=[] ; user_noncreatures: log_only=[""shardmage's rescue""] engine_only=[] ; user_hand: log_only=[] engine_only=[""shardmage's rescue""]",3,1,1,1,3,2,0,0,2,0,0,0,1,ok,151
284,1,7,3,user_hand,user_4,user_hand,user_hand: log_only=['plains'] engine_only=['mountain'],5,2,0,0,3,2,0,1,1,0,0,1,0,ok,132
285,1,7,4,oppo_life,user_5,oppo_life user_creatures,oppo_life: log=14 engine=18 ; user_creatures: log_only=['screaming nemesis'] engine_only=[],5,3,1,0,4,3,1,0,1,0,1,0,0,ok,152
286,1,11,4,user_hand,user_5,user_hand,user_hand: log_only=['moldering gym'] engine_only=['enter the enigma'],7,3,2,1,4,3,0,0,1,0,0,0,1,ok,232
287,1,8,3,user_creatures,user_4,user_creatures user_hand,user_creatures: log_only=[] engine_only=['spineseeker centipede'] ; user_hand: log_only=[] engine_only=['swamp'],6,2,1,0,3,2,1,0,1,0,1,0,1,ok,208
288,1,8,3,user_creatures,user_4,user_creatures user_noncreatures user_hand,user_creatures: log_only=['mountain'] engine_only=[] ; user_noncreatures: log_only=['ticket booth'] engine_only=[] ; user_hand: log_only=['clockwork percussionist'] engine_only=[],6,1,0,0,3,1,0,0,2,0,0,0,1,ok,226
289,1,6,4,user_life,oppo_5,user_life,user_life: log=4 engine=3,2,2,0,0,4,2,0,0,2,0,0,0,0,ok,118
290,1,7,4,oppo_life,user_5,oppo_life,oppo_life: log=13 engine=12,5,3,0,0,4,3,2,0,1,0,2,0,0,ok,176
291,1,9,4,user_creatures,user_5,user_creatures,user_creatures: log_only=['unwilling vessel'] engine_only=[],4,2,1,0,3,3,1,1,1,1,1,1,0,ok,226
292,1,11,3,user_noncreatures,user_4,user_noncreatures user_hand,user_noncreatures: log_only=['moldering gym'] engine_only=[] ; user_hand: log_only=['final vengeance'] engine_only=[],3,2,0,0,3,2,0,0,1,0,0,0,0,ok,181
293,1,6,3,user_life,oppo_4,user_life,user_life: log=15 engine=18,4,2,1,0,3,2,1,0,1,0,1,0,1,ok,127
294,1,7,3,user_noncreatures,user_4,user_noncreatures user_hand,user_noncreatures: log_only=[] engine_only=['found footage'] ; user_hand: log_only=['scrabbling skullcrab'] engine_only=[],3,3,0,0,3,3,0,0,0,0,0,0,0,ok,216
295,1,10,2,user_life,oppo_3,user_life oppo_life,user_life: log=18 engine=17 ; oppo_life: log=17 engine=18,6,2,3,0,3,2,2,0,1,0,2,0,0,ok,206
296,1,6,1,user_hand,user_2,user_hand,"user_hand: log_only=['altanak, the thrice-called'] engine_only=['island']",5,0,1,0,1,0,0,0,1,0,0,0,0,ok,562
297,1,4,3,user_life,oppo_4,user_life user_creatures user_hand,user_life: log=18 engine=16 ; user_creatures: log_only=['entity tracker'] engine_only=[] ; user_hand: log_only=[] engine_only=['entity tracker'],2,1,0,0,3,1,0,0,2,0,0,0,1,ok,69
298,1,8,4,oppo_hand,oppo_5,oppo_hand,oppo_hand: log=4 engine=5,5,3,1,1,4,3,2,0,1,0,2,0,1,ok,129
299,1,6,3,oppo_life,oppo_4,oppo_life oppo_hand,oppo_life: log=19 engine=20 ; oppo_hand: log=4 engine=5,1,1,0,0,3,1,0,0,2,0,0,0,1,ok,72
300,1,11,6,user_life,user_7,user_life oppo_life user_hand,"user_life: log=16 engine=14 ; oppo_life: log=17 engine=14 ; user_hand: log_only=[] engine_only=[""winter's intervention""]",7,3,2,1,4,5,2,1,1,2,2,1,2,ok,1964
301,1,5,2,oppo_hand,oppo_3,oppo_hand,oppo_hand: log=8 engine=7,3,2,0,0,3,2,1,0,1,0,1,0,0,ok,156
302,1,7,4,user_creatures,oppo_5,user_creatures,"user_creatures: log_only=['appendage amalgam', 'appendage amalgam'] engine_only=['broodspinner', 'broodspinner']",1,1,1,1,5,3,2,0,4,0,2,0,1,ok,386
303,1,8,2,user_hand,user_3,user_hand,user_hand: log_only=['scorching dragonfire'] engine_only=['drag to the roots'],6,1,0,0,2,1,0,0,1,0,0,0,0,ok,383
304,1,7,3,oppo_hand,oppo_4,oppo_hand,oppo_hand: log=3 engine=4,5,2,0,0,3,2,0,0,1,0,0,0,1,ok,271
305,1,10,0,oppo_hand,user_1,oppo_hand,oppo_hand: log=5 engine=6,5,0,3,0,0,0,0,0,0,0,0,0,0,ok,364
306,1,9,2,user_creatures,user_3,user_creatures,user_creatures: log_only=[] engine_only=['ragged playmate'],5,1,1,0,2,1,0,0,1,0,0,0,1,ok,393
307,1,6,2,user_life,oppo_3,user_life,user_life: log=18 engine=19,4,2,0,0,3,2,1,0,1,0,1,0,0,ok,244
308,1,12,1,user_hand,user_2,user_hand,user_hand: log_only=['meat locker'] engine_only=['trapped in the screen'],6,0,3,0,1,0,0,0,1,0,0,0,0,ok,455
309,1,7,2,oppo_life,user_3,oppo_life,oppo_life: log=18 engine=16,6,2,0,0,2,2,0,0,0,0,0,0,1,ok,226
310,1,7,0,oppo_hand,oppo_1,oppo_hand,oppo_hand: log=5 engine=6,3,0,0,0,0,0,0,0,0,0,0,0,0,ok,136
311,1,16,2,oppo_life,user_3,oppo_life,oppo_life: log=18 engine=19,5,1,1,0,2,1,0,0,1,0,0,0,0,ok,494
312,1,8,2,oppo_life,user_3,oppo_life user_creatures,oppo_life: log=17 engine=18 ; user_creatures: log_only=['glimmer'] engine_only=[],5,1,4,0,2,1,0,0,1,0,0,0,0,ok,288
313,1,16,3,oppo_life,oppo_4,oppo_life user_creatures oppo_hand,"oppo_life: log=17 engine=18 ; user_creatures: log_only=[] engine_only=['osseous sticktwister', 'resurrected cultist'] ; oppo_hand: log=4 engine=3",9,3,4,1,4,3,2,0,1,0,2,0,1,ok,461
314,1,7,3,user_life,oppo_4,user_life oppo_life,user_life: log=18 engine=20 ; oppo_life: log=22 engine=20,2,1,0,0,2,2,0,1,1,1,0,1,0,ok,136
315,1,6,3,user_hand,user_4,user_hand,user_hand: log_only=[] engine_only=['acrobatic cheerleader'],4,2,1,0,3,2,1,0,1,0,1,0,0,ok,129
316,1,9,4,user_life,oppo_5,user_life,user_life: log=12 engine=10,4,1,2,1,4,1,0,0,3,0,0,0,0,ok,198
317,1,6,2,user_hand,user_3,user_hand,user_hand: log_only=['forest'] engine_only=[],4,1,1,0,2,1,0,0,1,0,0,0,0,ok,238
318,1,7,4,user_creatures,user_5,user_creatures user_noncreatures user_hand,user_creatures: log_only=['glimmer'] engine_only=[] ; user_noncreatures: log_only=['grand entryway'] engine_only=[] ; user_hand: log_only=[] engine_only=['grand entryway'],5,2,0,0,4,2,1,0,2,0,1,0,1,ok,238
319,1,8,1,user_hand,oppo_2,user_hand,user_hand: log_only=[] engine_only=['get out'],2,0,1,0,2,0,0,0,2,0,0,0,1,ok,196
320,1,6,1,user_creatures,user_2,user_creatures oppo_hand,user_creatures: log_only=[] engine_only=['reluctant role model'] ; oppo_hand: log=5 engine=6,4,0,1,0,1,0,0,0,1,0,0,0,1,ok,108
321,1,10,3,user_lands,user_4,user_lands user_hand,user_lands: log_only=['swamp'] engine_only=[] ; user_hand: log_only=[] engine_only=['spectral snatcher'],7,2,1,0,3,2,1,0,1,0,1,0,1,ok,295
322,1,12,4,user_noncreatures,user_5,user_noncreatures,user_noncreatures: log_only=['nowhere to run'] engine_only=[],6,4,0,0,4,4,1,2,0,0,1,0,1,ok,316
323,1,7,1,user_hand,user_2,user_hand,user_hand: log_only=['meat locker'] engine_only=['swamp'],5,0,0,0,1,0,0,0,1,0,0,0,0,ok,196
324,1,5,4,user_life,oppo_5,user_life user_hand,user_life: log=-2 engine=1 ; user_hand: log_only=[] engine_only=['turn inside out'],2,2,1,1,4,2,0,0,2,0,0,0,1,ok,99
325,1,11,3,oppo_hand,oppo_4,oppo_hand,oppo_hand: log=4 engine=5,5,3,3,0,3,5,1,0,0,1,1,0,1,ok,397
326,1,5,1,user_creatures,user_2,user_creatures,user_creatures: log_only=['mountain'] engine_only=['wary watchdog'],5,1,0,0,1,1,0,0,0,0,0,0,0,ok,114
327,1,14,2,oppo_hand,oppo_3,oppo_hand,oppo_hand: log=5 engine=6,6,2,3,1,3,2,1,0,1,0,1,0,2,ok,331
328,1,10,3,user_hand,oppo_4,user_hand,user_hand: log_only=['terramorphic expanse'] engine_only=['peculiar lighthouse'],6,2,1,0,4,2,0,0,2,0,0,0,0,ok,318
329,1,18,3,user_creatures,oppo_4,user_creatures,user_creatures: log_only=['stalked researcher'] engine_only=['cult healer'],5,2,3,0,3,2,0,0,1,0,0,0,1,ok,419
330,1,8,2,oppo_life,user_3,oppo_life user_creatures user_hand,"oppo_life: log=18 engine=20 ; user_creatures: log_only=['oblivious bookworm'] engine_only=[] ; user_hand: log_only=[] engine_only=[""don't make a sound""]",4,1,2,0,2,1,0,0,1,0,0,0,2,ok,200
331,1,7,3,user_hand,oppo_4,user_hand,"user_hand: log_only=['island', 'scorching dragonfire'] engine_only=['unnerving grasp', 'vanish from sight']",5,2,1,0,4,2,3,0,2,0,3,0,0,ok,189
332,1,7,3,user_creatures,user_4,user_creatures,user_creatures: log_only=[] engine_only=['floodpits drowner'],3,1,2,0,3,1,1,0,2,0,1,0,1,ok,119
333,1,9,2,oppo_life,user_3,oppo_life user_creatures,oppo_life: log=20 engine=18 ; user_creatures: log_only=[] engine_only=['flesh burrower'],4,1,3,0,2,1,0,0,1,0,0,0,1,ok,306
334,1,8,3,user_creatures,oppo_4,user_creatures user_noncreatures oppo_hand,user_creatures: log_only=[] engine_only=['piggy bank'] ; user_noncreatures: log_only=['treasure'] engine_only=[] ; oppo_hand: log=4 engine=5,6,3,1,0,3,3,4,0,0,0,4,0,2,ok,196
335,1,12,3,oppo_life,user_4,oppo_life,oppo_life: log=18 engine=20,6,2,1,0,3,2,0,0,1,0,0,0,0,ok,396
336,1,12,2,oppo_life,user_3,oppo_life user_creatures oppo_hand,oppo_life: log=20 engine=18 ; user_creatures: log_only=[] engine_only=['fear of surveillance'] ; oppo_hand: log=3 engine=4,6,1,0,0,2,1,0,0,1,0,0,0,1,ok,348
337,1,7,1,user_hand,user_2,user_hand,user_hand: log_only=['mountain'] engine_only=['plains'],3,0,0,0,1,0,0,0,1,0,0,0,0,ok,91
338,1,9,1,user_noncreatures,user_2,user_noncreatures user_hand,user_noncreatures: log_only=[] engine_only=['keys to the house'] ; user_hand: log_only=['island'] engine_only=[],5,1,1,0,1,1,0,0,0,0,0,0,0,ok,223
339,1,11,4,user_life,oppo_5,user_life user_creatures user_noncreatures user_hand,user_life: log=12 engine=11 ; user_creatures: log_only=[] engine_only=['enduring curiosity'] ; user_noncreatures: log_only=['growing dread'] engine_only=[] ; user_hand: log_only=[] engine_only=['growing dread'],6,3,1,0,4,3,0,0,1,0,0,0,2,ok,279
340,1,8,3,user_hand,user_4,user_hand,user_hand: log_only=['chainsaw'] engine_only=['ticket booth'],4,2,1,0,3,2,0,0,1,0,0,0,0,ok,234
341,1,8,4,user_life,oppo_5,user_life,user_life: log=18 engine=20,4,3,0,0,4,4,3,0,1,1,3,0,0,ok,210
342,1,10,3,oppo_life,user_4,oppo_life,oppo_life: log=22 engine=23,8,2,1,0,3,2,0,0,1,0,0,0,0,ok,179
343,1,14,1,user_creatures,oppo_2,user_creatures,user_creatures: log_only=[] engine_only=['fear of surveillance'],5,1,2,0,2,1,0,0,1,0,0,0,0,ok,290
344,1,7,1,user_noncreatures,user_2,user_noncreatures user_hand,user_noncreatures: log_only=['overlord of the balemurk'] engine_only=[] ; user_hand: log_only=['broodspinner'] engine_only=['overlord of the balemurk'],4,0,0,0,1,0,0,0,1,0,0,0,1,ok,104
345,1,7,2,oppo_life,user_3,oppo_life user_creatures,oppo_life: log=16 engine=13 ; user_creatures: log_only=['vicious clown'] engine_only=[],5,2,1,0,2,2,2,0,0,0,2,0,0,ok,138
346,1,11,3,user_life,oppo_4,user_life,user_life: log=15 engine=16,6,3,0,0,3,3,0,0,0,0,0,0,0,ok,355
347,1,9,5,user_creatures,oppo_6,user_creatures,user_creatures: log_only=['wary watchdog'] engine_only=['bashful beastie'],4,2,1,0,5,2,0,1,3,0,0,1,1,ok,608
348,1,8,1,user_hand,user_2,user_hand,user_hand: log_only=['most valuable slayer'] engine_only=['ragged playmate'],5,0,0,0,1,0,0,0,1,0,0,0,0,ok,117
349,1,9,1,user_creatures,user_2,user_creatures oppo_hand,user_creatures: log_only=[] engine_only=['piranha fly'] ; oppo_hand: log=5 engine=6,7,0,0,0,1,0,0,0,1,0,0,0,1,ok,223
350,1,9,2,user_lands,user_3,user_lands user_hand,user_lands: log_only=['forest'] engine_only=[] ; user_hand: log_only=[] engine_only=['forest'],7,1,1,0,2,1,0,0,1,0,0,0,1,ok,1517
351,1,6,3,oppo_hand,oppo_4,oppo_hand,oppo_hand: log=4 engine=3,5,3,2,2,4,4,2,0,1,0,2,0,0,ok,521
352,1,9,5,oppo_hand,oppo_6,oppo_hand,oppo_hand: log=5 engine=4,4,2,2,0,5,4,4,0,3,1,4,0,0,ok,640
353,1,8,2,user_hand,user_3,user_hand,user_hand: log_only=['cursed windbreaker'] engine_only=['cryptid inspector'],5,1,0,0,2,1,0,0,1,0,0,0,0,ok,379
354,1,11,2,oppo_life,user_3,oppo_life user_creatures,oppo_life: log=20 engine=18 ; user_creatures: log_only=[] engine_only=['ragged playmate'],7,1,2,0,2,1,0,0,1,0,0,0,1,ok,579
355,1,9,3,oppo_hand,oppo_4,oppo_hand,oppo_hand: log=3 engine=2,6,1,0,0,3,1,1,0,2,0,1,0,0,ok,548
356,1,13,1,user_hand,user_2,user_hand,user_hand: log_only=['anthropede'] engine_only=['island'],8,0,0,0,1,0,0,0,1,0,0,0,0,ok,499
357,1,12,3,oppo_hand,oppo_4,oppo_hand,oppo_hand: log=3 engine=4,5,3,2,1,4,3,2,0,1,0,2,0,2,ok,362
358,1,8,3,user_life,user_4,user_life user_lands user_noncreatures user_hand,user_life: log=20 engine=22 ; user_lands: log_only=['swamp'] engine_only=[] ; user_noncreatures: log_only=['unholy annex'] engine_only=[] ; user_hand: log_only=['swamp'] engine_only=[],5,2,1,0,3,2,1,0,1,0,1,0,1,ok,189
359,1,9,4,oppo_hand,oppo_5,oppo_hand,oppo_hand: log=2 engine=3,7,3,0,0,4,3,0,0,1,0,0,0,2,ok,362
360,1,9,2,user_life,oppo_3,user_life,user_life: log=18 engine=20,3,1,2,0,3,1,1,0,2,0,1,0,0,ok,284
361,1,7,3,user_noncreatures,user_4,user_noncreatures,user_noncreatures: log_only=['smoky lounge'] engine_only=[],4,2,1,0,3,3,1,0,1,0,1,0,1,ok,233
362,1,8,3,user_life,oppo_4,user_life,user_life: log=14 engine=15,5,2,2,0,3,2,0,0,1,0,0,0,0,ok,375
363,1,11,3,oppo_life,user_4,oppo_life,oppo_life: log=16 engine=15,7,1,1,0,3,1,1,0,2,0,1,0,0,ok,568
364,1,10,4,user_life,oppo_5,user_life,user_life: log=7 engine=6,6,3,1,0,4,3,0,0,1,0,0,0,0,ok,358
365,1,15,2,oppo_life,user_3,oppo_life user_lands,oppo_life: log=17 engine=18 ; user_lands: log_only=['plains'] engine_only=[],6,2,0,0,2,2,2,0,0,0,2,0,1,ok,392
366,1,8,2,user_creatures,user_3,user_creatures,user_creatures: log_only=['mountain'] engine_only=['ragged playmate'],4,1,1,0,2,1,1,0,1,0,1,0,0,ok,176
367,1,8,2,user_hand,user_3,user_hand,user_hand: log_only=['balustrade wurm'] engine_only=['enduring vitality'],5,1,0,0,2,1,0,0,1,0,0,0,0,ok,196
368,1,9,3,user_life,oppo_4,user_life,user_life: log=15 engine=18,5,1,2,0,3,1,0,0,2,0,0,0,1,ok,321
369,1,7,3,user_life,oppo_4,user_life oppo_life user_hand oppo_hand,user_life: log=20 engine=18 ; oppo_life: log=22 engine=20 ; user_hand: log_only=[] engine_only=['entity tracker'] ; oppo_hand: log=3 engine=4,4,1,0,0,3,1,0,1,2,0,0,1,2,ok,136
370,1,14,6,user_creatures,oppo_7,user_creatures,user_creatures: log_only=['glimmer'] engine_only=[],5,4,5,3,6,5,4,0,2,0,4,0,0,ok,290
371,1,16,1,user_creatures,oppo_2,user_creatures,user_creatures: log_only=[] engine_only=['scrabbling skullcrab'],7,1,3,0,1,1,0,0,0,0,0,0,0,ok,466
372,1,10,5,user_lands,user_6,user_lands user_hand,user_lands: log_only=['island'] engine_only=[] ; user_hand: log_only=[] engine_only=['island'],7,4,1,1,5,6,0,1,1,0,0,1,1,ok,384
373,1,12,3,user_lands,user_4,user_lands,user_lands: log_only=['mountain'] engine_only=[],10,2,1,0,3,2,0,0,1,0,0,0,1,ok,465
374,1,5,1,oppo_life,user_2,oppo_life,oppo_life: log=18 engine=17,4,1,2,0,1,1,0,0,0,0,0,0,0,ok,155
375,1,3,2,oppo_hand,oppo_3,oppo_hand,oppo_hand: log=3 engine=2,1,1,0,0,2,1,0,0,1,0,0,0,0,ok,82
376,1,13,3,oppo_life,user_4,oppo_life,oppo_life: log=16 engine=17,10,2,1,0,3,2,1,0,1,0,1,0,0,ok,475
377,1,9,3,oppo_hand,oppo_4,oppo_hand,oppo_hand: log=4 engine=3,5,1,1,0,3,1,1,0,2,0,1,0,0,ok,428
378,1,9,4,user_lands,user_5,user_lands user_creatures user_hand oppo_hand,user_lands: log_only=['forest'] engine_only=[] ; user_creatures: log_only=['glimmer'] engine_only=[] ; user_hand: log_only=[] engine_only=['forest'] ; oppo_hand: log=4 engine=3,6,3,1,0,4,3,2,0,1,0,2,0,4,ok,327
379,1,8,3,user_life,oppo_4,user_life user_creatures,user_life: log=13 engine=11 ; user_creatures: log_only=[] engine_only=['fear of surveillance'],1,1,1,0,2,2,0,0,1,1,0,0,0,ok,177
380,1,6,4,oppo_hand,oppo_5,oppo_hand,oppo_hand: log=3 engine=4,5,4,0,0,5,4,3,0,1,0,3,0,0,ok,133
381,1,9,2,user_creatures,user_3,user_creatures user_noncreatures user_hand,user_creatures: log_only=['cautious survivor'] engine_only=[] ; user_noncreatures: log_only=[] engine_only=['treasure'] ; user_hand: log_only=[] engine_only=['cautious survivor'],6,1,0,0,2,1,0,0,1,0,0,0,1,ok,242
382,1,11,4,user_life,oppo_5,user_life,user_life: log=15 engine=16,6,4,3,1,4,4,1,0,0,0,1,0,1,ok,305
383,1,9,5,oppo_life,oppo_6,oppo_life,oppo_life: log=21 engine=19,6,3,0,0,4,4,2,1,1,1,2,1,0,ok,229
384,1,12,2,user_hand,user_3,user_hand,user_hand: log_only=['island'] engine_only=['oblivious bookworm'],5,2,1,0,2,2,0,0,0,0,0,0,0,ok,265
385,1,8,1,user_hand,user_2,user_hand,"user_hand: log_only=['twist reality'] engine_only=['altanak, the thrice-called']",4,1,1,0,1,1,0,0,0,0,0,0,0,ok,230
386,1,9,3,user_creatures,user_4,user_creatures user_noncreatures,"user_creatures: log_only=['kaito, bane of nightmares'] engine_only=[] ; user_noncreatures: log_only=[] engine_only=['kaito, bane of nightmares']",6,2,3,0,3,2,1,0,1,0,1,0,0,ok,303
387,1,6,3,user_life,oppo_4,user_life oppo_hand,user_life: log=17 engine=21 ; oppo_hand: log=4 engine=3,5,3,0,0,4,3,2,0,1,0,2,0,3,ok,139
388,1,8,4,user_creatures,user_5,user_creatures user_hand,"user_creatures: log_only=[] engine_only=['insidious fungus'] ; user_hand: log_only=[""winter's intervention""] engine_only=[]",3,3,1,0,4,3,2,1,1,0,2,1,1,ok,559
389,1,8,3,oppo_life,user_4,oppo_life,oppo_life: log=13 engine=16,2,2,1,0,3,2,1,0,1,0,1,0,1,ok,126
390,1,8,2,oppo_life,user_3,oppo_life user_hand,oppo_life: log=18 engine=20 ; user_hand: log_only=['terramorphic expanse'] engine_only=['underwater tunnel'],4,1,1,0,2,1,0,0,1,0,0,0,0,ok,183
391,1,8,1,user_lands,user_2,user_lands user_noncreatures user_hand,user_lands: log_only=['island'] engine_only=[] ; user_noncreatures: log_only=['underwater tunnel'] engine_only=['keys to the house'] ; user_hand: log_only=[] engine_only=['underwater tunnel'],6,1,0,0,1,1,0,0,0,0,0,0,2,ok,113
392,1,12,4,user_hand,user_5,user_hand,user_hand: log_only=['swamp'] engine_only=[],9,3,5,1,4,3,0,1,1,0,0,1,0,ok,228
393,1,6,3,user_lands,user_4,user_lands user_hand,user_lands: log_only=['mountain'] engine_only=[] ; user_hand: log_only=[] engine_only=['mountain'],3,1,1,1,3,1,0,0,2,0,0,0,1,ok,109
394,1,10,2,oppo_life,user_3,oppo_life user_creatures,oppo_life: log=20 engine=18 ; user_creatures: log_only=[] engine_only=['reluctant role model'],6,1,1,0,2,1,0,0,1,0,0,0,1,ok,295
395,1,9,4,oppo_life,oppo_5,oppo_life oppo_hand,oppo_life: log=19 engine=16 ; oppo_hand: log=4 engine=5,6,3,0,0,4,4,2,0,1,0,2,0,1,ok,233
396,1,4,4,,,,,4,4,2,2,4,4,1,1,0,0,1,1,0,ok,96
397,1,13,2,oppo_life,user_3,oppo_life,oppo_life: log=21 engine=20,4,2,0,0,2,2,0,0,0,0,0,0,0,ok,504
398,1,8,2,oppo_life,user_3,oppo_life user_creatures user_noncreatures,oppo_life: log=16 engine=18 ; user_creatures: log_only=['overgrown zealot'] engine_only=[] ; user_noncreatures: log_only=[] engine_only=['moldering gym'],6,1,1,0,2,1,0,0,1,0,0,0,0,ok,191
399,1,12,2,oppo_life,user_3,oppo_life user_creatures oppo_hand,"oppo_life: log=18 engine=19 ; user_creatures: log_only=[""valgavoth's faithful""] engine_only=[] ; oppo_hand: log=5 engine=6",8,1,3,0,2,1,1,0,1,0,1,0,0,ok,311
400,1,8,4,oppo_life,user_5,oppo_life,oppo_life: log=18 engine=19,7,3,1,0,4,3,2,0,1,0,2,0,0,ok,1749
401,1,15,4,user_life,oppo_5,user_life,user_life: log=16 engine=17,8,3,2,0,4,3,3,0,1,0,3,0,0,ok,949
402,1,14,4,user_life,oppo_5,user_life,user_life: log=17 engine=18,6,2,3,0,4,4,2,0,2,1,2,0,1,ok,967
403,1,9,2,oppo_hand,oppo_3,oppo_hand,oppo_hand: log=4 engine=5,7,1,1,0,3,1,0,0,2,0,0,0,1,ok,381
404,1,8,3,user_lands,user_4,user_lands user_hand,user_lands: log_only=['strangled cemetery'] engine_only=[] ; user_hand: log_only=[] engine_only=['strangled cemetery'],5,2,2,0,3,2,0,0,1,0,0,0,1,ok,309
405,1,12,3,user_noncreatures,oppo_4,user_noncreatures,user_noncreatures: log_only=['cracked skull'] engine_only=[],5,2,2,1,3,3,1,1,1,0,1,1,0,ok,282
406,1,8,2,oppo_life,user_3,oppo_life,oppo_life: log=16 engine=17,4,1,0,0,2,1,0,0,1,0,0,0,0,ok,271
407,1,7,2,user_lands,user_3,user_lands user_hand,user_lands: log_only=['island'] engine_only=[] ; user_hand: log_only=[] engine_only=['get out'],4,1,0,0,2,1,0,0,1,0,0,0,1,ok,142
408,1,9,3,user_life,oppo_4,user_life oppo_life,user_life: log=18 engine=16 ; oppo_life: log=20 engine=22,4,1,1,0,3,1,0,0,2,0,0,0,0,ok,371
409,1,12,4,user_creatures,oppo_5,user_creatures oppo_hand,user_creatures: log_only=[] engine_only=['most valuable slayer'] ; oppo_hand: log=3 engine=4,5,2,2,0,4,3,1,1,2,1,1,1,0,ok,443
410,1,10,2,oppo_life,user_3,oppo_life,oppo_life: log=18 engine=19,6,1,0,0,2,1,0,0,1,0,0,0,1,ok,363
411,1,8,3,oppo_life,user_4,oppo_life user_hand,oppo_life: log=13 engine=20 ; user_hand: log_only=[] engine_only=['plains'],4,2,3,0,3,2,1,0,1,0,1,0,1,ok,227
412,1,8,2,user_life,oppo_3,user_life,user_life: log=17 engine=18,5,1,2,1,2,2,0,0,1,0,0,0,1,ok,218
413,1,8,3,oppo_hand,oppo_4,oppo_hand,oppo_hand: log=4 engine=5,5,3,2,0,3,3,2,0,0,0,2,0,1,ok,237
414,1,6,3,user_creatures,user_4,user_creatures,user_creatures: log_only=['island'] engine_only=[],5,3,1,0,3,3,3,0,0,0,3,0,0,ok,200
415,1,7,3,user_life,oppo_4,user_life,user_life: log=14 engine=12,4,1,0,0,4,1,2,0,3,0,2,0,0,ok,253
416,1,7,3,oppo_life,user_4,oppo_life user_creatures oppo_hand,oppo_life: log=17 engine=16 ; user_creatures: log_only=['gremlin'] engine_only=['gremlin tamer'] ; oppo_hand: log=6 engine=7,2,1,3,0,2,2,1,0,1,1,1,0,1,ok,157
417,1,8,2,oppo_life,user_3,oppo_life,oppo_life: log=13 engine=14,6,2,0,0,2,2,2,0,0,0,2,0,0,ok,258
418,1,19,3,user_creatures,oppo_4,user_creatures oppo_hand,user_creatures: log_only=[] engine_only=['creeping peeper'] ; oppo_hand: log=3 engine=4,6,1,5,0,3,1,0,1,2,0,0,1,0,ok,863
419,1,5,5,,,,,3,3,0,0,4,3,4,2,1,0,4,2,0,ok,114
420,1,12,2,user_hand,user_3,user_hand,user_hand: log_only=['fear of failed tests'] engine_only=['island'],7,1,4,1,2,1,0,0,1,0,0,0,0,ok,481
421,1,6,2,user_creatures,user_3,user_creatures,user_creatures: log_only=['optimistic scavenger'] engine_only=[],4,1,2,0,2,1,0,0,1,0,0,0,1,ok,167
422,1,7,7,,,,,4,4,0,0,6,4,0,2,2,0,0,2,0,ok,219
423,1,8,3,user_hand,user_4,user_hand,user_hand: log_only=['mountain'] engine_only=[],5,2,0,0,3,2,1,0,1,0,1,0,0,ok,230
424,1,9,3,user_hand,user_4,user_hand,user_hand: log_only=[] engine_only=['plains'],6,2,0,0,3,2,0,0,1,0,0,0,0,ok,293
425,1,10,2,oppo_life,user_3,oppo_life,oppo_life: log=17 engine=18,6,1,1,0,2,1,0,0,1,0,0,0,0,ok,223
426,1,8,3,user_creatures,oppo_4,user_creatures,user_creatures: log_only=[] engine_only=['gremlin'],6,2,0,0,3,2,0,0,1,0,0,0,0,ok,300
427,1,8,4,user_creatures,user_5,user_creatures user_noncreatures,user_creatures: log_only=['overlord of the hauntwoods'] engine_only=[] ; user_noncreatures: log_only=[] engine_only=['overlord of the hauntwoods'],4,3,3,0,4,4,0,0,1,0,0,0,1,ok,252
428,1,7,4,oppo_life,oppo_5,oppo_life oppo_hand,oppo_life: log=23 engine=22 ; oppo_hand: log=2 engine=3,6,3,0,0,4,3,0,1,1,0,0,1,2,ok,184
429,1,6,1,user_hand,user_2,user_hand,user_hand: log_only=['fear of isolation'] engine_only=['forest'],4,0,0,0,1,0,0,0,1,0,0,0,0,ok,134
430,1,9,5,user_hand,user_6,user_hand,user_hand: log_only=['forest'] engine_only=['enduring curiosity'],8,4,0,0,5,4,3,0,1,0,3,0,0,ok,297
431,1,12,3,user_creatures,user_4,user_creatures oppo_hand,user_creatures: log_only=[] engine_only=['cryptid inspector'] ; oppo_hand: log=5 engine=6,4,2,2,0,3,2,1,0,1,0,1,0,1,ok,356
432,1,8,1,user_lands,user_2,user_lands user_noncreatures user_hand,user_lands: log_only=['island'] engine_only=[] ; user_noncreatures: log_only=[] engine_only=['underwater tunnel'] ; user_hand: log_only=['underwater tunnel'] engine_only=['island'],7,1,0,0,1,1,0,0,0,0,0,0,0,ok,165
433,1,9,7,user_life,user_8,user_life oppo_life user_creatures,user_life: log=15 engine=17 ; oppo_life: log=8 engine=10 ; user_creatures: log_only=['forest'] engine_only=['cautious survivor'],4,3,3,1,5,5,3,1,2,1,3,1,2,ok,194
434,1,7,3,user_creatures,oppo_4,user_creatures,user_creatures: log_only=['forest'] engine_only=['plains'],4,2,1,0,4,2,1,0,2,0,1,0,0,ok,140
435,1,6,1,user_hand,user_2,user_hand,user_hand: log_only=['forest'] engine_only=['slavering branchsnapper'],4,0,0,0,1,0,0,0,1,0,0,0,0,ok,72
436,1,9,2,oppo_life,user_3,oppo_life,oppo_life: log=17 engine=18,5,1,3,0,2,1,0,0,1,0,0,0,0,ok,202
437,1,7,1,user_hand,user_2,user_hand,user_hand: log_only=['wickerfolk thresher'] engine_only=['miasma demon'],5,0,1,0,1,0,0,0,1,0,0,0,0,ok,89
438,1,7,1,oppo_hand,oppo_2,oppo_hand,oppo_hand: log=6 engine=5,4,1,2,0,2,1,0,0,1,0,0,0,0,ok,138
439,1,5,2,oppo_life,user_3,oppo_life user_creatures oppo_hand,oppo_life: log=16 engine=17 ; user_creatures: log_only=['glimmer'] engine_only=[] ; oppo_hand: log=5 engine=6,4,2,1,0,2,2,2,0,0,0,2,0,0,ok,69
440,1,6,3,user_creatures,user_4,user_creatures user_noncreatures user_hand,"user_creatures: log_only=['mountain', 'spineseeker centipede'] engine_only=['grasping longneck'] ; user_noncreatures: log_only=[] engine_only=['treasure'] ; user_hand: log_only=['mountain'] engine_only=['spineseeker centipede']",6,3,0,0,3,3,4,0,0,0,4,0,1,ok,131
441,1,8,3,user_creatures,user_4,user_creatures,user_creatures: log_only=['island'] engine_only=['skullsnap nuisance'],6,2,1,0,3,2,0,1,1,0,0,1,1,ok,203
442,1,7,4,user_lands,user_5,user_lands user_creatures,user_lands: log_only=[] engine_only=['swamp'] ; user_creatures: log_only=['swamp'] engine_only=[],4,2,1,0,4,3,1,0,2,0,1,0,0,ok,127
443,1,8,7,user_creatures,user_8,user_creatures oppo_hand,user_creatures: log_only=[] engine_only=['glimmer'] ; oppo_hand: log=2 engine=3,4,3,2,2,6,3,0,1,3,0,0,1,1,ok,107
444,1,9,2,oppo_hand,oppo_3,oppo_hand,oppo_hand: log=3 engine=4,5,1,1,0,2,1,1,0,1,0,1,0,2,ok,174
445,1,8,3,user_creatures,user_4,user_creatures,user_creatures: log_only=['wary watchdog'] engine_only=[],5,3,2,0,3,3,1,0,0,0,1,0,2,ok,125
446,1,6,5,user_life,oppo_6,user_life user_creatures oppo_hand,user_life: log=-2 engine=5 ; user_creatures: log_only=[] engine_only=['glimmer'] ; oppo_hand: log=3 engine=4,4,4,0,0,5,5,6,0,2,0,6,0,4,ok,131
447,1,8,3,oppo_life,user_4,oppo_life user_creatures oppo_hand,oppo_life: log=18 engine=20 ; user_creatures: log_only=['entity tracker'] engine_only=[] ; oppo_hand: log=6 engine=7,4,0,1,0,3,0,0,0,3,0,0,0,0,ok,101
448,1,12,3,user_creatures,user_4,user_creatures,user_creatures: log_only=[] engine_only=['wickerfolk thresher'],8,2,2,0,3,2,0,0,1,0,0,0,0,ok,767
449,1,9,3,oppo_hand,oppo_4,oppo_hand,oppo_hand: log=4 engine=3,5,3,3,1,4,3,1,0,1,0,1,0,0,ok,158
450,1,6,2,oppo_hand,oppo_3,oppo_hand,oppo_hand: log=5 engine=6,3,1,1,0,3,1,0,0,2,0,0,0,1,ok,1318
451,1,5,2,oppo_life,user_3,oppo_life,oppo_life: log=16 engine=17,3,1,0,0,2,1,0,0,1,0,0,0,0,ok,595
452,1,8,4,oppo_hand,oppo_5,oppo_hand,oppo_hand: log=0 engine=1,2,2,2,1,3,5,4,0,1,2,4,0,1,ok,544
453,1,15,3,user_hand,user_4,user_hand,user_hand: log_only=['swamp'] engine_only=['shroudstomper'],6,2,3,0,3,2,0,0,1,0,0,0,1,ok,874
454,1,5,3,oppo_life,user_4,oppo_life,oppo_life: log=17 engine=20,3,2,0,0,3,2,0,0,1,0,0,0,1,ok,234
455,1,7,4,oppo_life,user_5,oppo_life,oppo_life: log=10 engine=12,4,3,1,1,4,4,3,0,1,0,3,0,0,ok,231
456,1,12,2,oppo_life,user_3,oppo_life,oppo_life: log=17 engine=18,4,1,1,0,2,1,0,0,1,0,0,0,0,ok,547
457,1,9,3,oppo_hand,oppo_4,oppo_hand,oppo_hand: log=5 engine=4,7,3,1,0,3,3,2,1,0,0,2,1,0,ok,449
458,1,6,4,user_creatures,user_5,user_creatures,user_creatures: log_only=['break down the door'] engine_only=[],2,2,0,0,3,3,0,0,1,1,0,0,3,ok,172
459,1,10,3,oppo_hand,oppo_4,oppo_hand,oppo_hand: log=6 engine=5,5,0,2,0,2,0,0,0,2,0,0,0,1,ok,340
460,1,7,2,user_lands,user_3,user_lands user_hand,user_lands: log_only=['forest'] engine_only=[] ; user_hand: log_only=[] engine_only=['slavering branchsnapper'],4,1,1,0,2,1,0,0,1,0,0,0,1,ok,167
461,1,8,2,user_creatures,oppo_3,user_creatures,user_creatures: log_only=[] engine_only=['wildfire wickerfolk'],5,1,1,0,2,1,1,0,1,0,1,0,0,ok,310
462,1,9,2,oppo_life,user_3,oppo_life,oppo_life: log=16 engine=17,5,2,2,0,2,2,2,0,0,0,2,0,0,ok,377
463,1,7,3,user_life,oppo_4,user_life,user_life: log=16 engine=18,2,1,2,1,2,2,1,0,1,0,1,0,1,ok,154
464,1,6,2,user_life,oppo_3,user_life,user_life: log=18 engine=17,4,1,1,0,2,1,0,0,1,0,0,0,0,ok,180
465,1,8,0,oppo_hand,user_1,oppo_hand,oppo_hand: log=5 engine=6,7,0,1,0,0,0,0,0,0,0,0,0,0,ok,318
466,1,9,4,user_hand,oppo_5,user_hand,"user_hand: log_only=['emerge from the cocoon', 'swamp'] engine_only=['fear of abduction', 'plains']",6,3,2,1,4,3,1,0,1,0,1,0,0,ok,290
467,1,7,2,user_hand,oppo_3,user_hand,user_hand: log_only=['forest'] engine_only=['slavering branchsnapper'],4,0,0,0,2,0,0,0,2,0,0,0,0,ok,147
468,1,9,4,oppo_hand,oppo_5,oppo_hand,oppo_hand: log=4 engine=3,6,3,1,0,4,3,0,0,1,0,0,0,2,ok,451
469,1,9,3,user_lands,user_4,user_lands user_creatures,"user_lands: log_only=['plains'] engine_only=[] ; user_creatures: log_only=['rip, spawn hunter'] engine_only=[]",5,2,2,0,3,2,2,0,1,0,2,0,1,ok,179
470,1,13,4,user_creatures,user_5,user_creatures user_hand,user_creatures: log_only=['mirror room'] engine_only=['moldering gym'] ; user_hand: log_only=['moldering gym'] engine_only=['tunnel surveyor'],7,3,1,0,4,3,1,2,1,0,1,2,0,ok,338
471,1,9,1,user_hand,oppo_2,user_hand,user_hand: log_only=['island'] engine_only=['daggermaw megalodon'],6,0,1,0,2,0,0,0,2,0,0,0,0,ok,169
472,1,12,2,user_creatures,oppo_3,user_creatures oppo_hand,user_creatures: log_only=[] engine_only=['twitching doll'] ; oppo_hand: log=3 engine=4,7,1,1,0,2,1,0,0,1,0,0,0,1,ok,251
473,1,9,4,oppo_life,oppo_5,oppo_life user_noncreatures,oppo_life: log=20 engine=18 ; user_noncreatures: log_only=[] engine_only=['cracked skull'],7,4,2,1,4,6,3,0,0,0,3,0,0,ok,230
474,1,6,3,user_lands,user_4,user_lands user_creatures user_hand,user_lands: log_only=['plains'] engine_only=[] ; user_creatures: log_only=['splitskin doll'] engine_only=[] ; user_hand: log_only=[] engine_only=['splitskin doll'],5,2,0,0,3,2,1,0,1,0,1,0,2,ok,224
475,1,11,5,user_creatures,oppo_6,user_creatures,user_creatures: log_only=[] engine_only=['oblivious bookworm'],6,3,2,0,5,3,0,1,2,0,0,1,0,ok,429
476,1,8,3,oppo_life,user_4,oppo_life user_hand,oppo_life: log=16 engine=14 ; user_hand: log_only=[] engine_only=['ragged playmate'],5,2,1,0,3,2,1,0,1,0,1,0,4,ok,229
477,1,8,1,user_hand,user_2,user_hand,user_hand: log_only=['the swarmweaver'] engine_only=['mountain'],6,0,0,0,1,0,0,0,1,0,0,0,0,ok,141
478,1,8,2,oppo_hand,oppo_3,oppo_hand,oppo_hand: log=4 engine=3,6,2,0,0,3,2,0,1,1,0,0,1,0,ok,219
479,1,9,6,user_life,oppo_7,user_life user_hand oppo_hand,user_life: log=12 engine=9 ; user_hand: log_only=[] engine_only=['drag to the roots'] ; oppo_hand: log=1 engine=3,4,4,3,1,6,5,0,1,2,0,0,1,5,ok,232
480,1,8,2,user_creatures,user_3,user_creatures,user_creatures: log_only=['mountain'] engine_only=['central elevator'],2,0,1,0,2,0,0,0,2,0,0,0,0,ok,139
481,1,13,2,user_hand,oppo_3,user_hand,user_hand: log_only=['swamp'] engine_only=['spectral snatcher'],8,0,0,0,2,0,0,0,2,0,0,0,0,ok,275
482,1,10,1,user_hand,user_2,user_hand,user_hand: log_only=['mountain'] engine_only=['plains'],8,1,0,0,1,1,1,0,0,0,1,0,0,ok,130
483,1,8,4,user_creatures,user_5,user_creatures user_noncreatures user_hand,user_creatures: log_only=['overlord of the floodpits'] engine_only=[] ; user_noncreatures: log_only=[] engine_only=['overlord of the floodpits'] ; user_hand: log_only=['moldering gym'] engine_only=['lakeside shack'],5,2,3,0,4,2,0,2,2,0,0,2,0,ok,123
484,1,6,2,user_lands,user_3,user_lands user_hand,user_lands: log_only=['forest'] engine_only=[] ; user_hand: log_only=[] engine_only=['slavering branchsnapper'],3,1,0,0,2,1,0,0,1,0,0,0,1,ok,92
485,1,7,2,user_hand,user_3,user_hand,user_hand: log_only=['under the skin'] engine_only=['growing dread'],5,1,0,0,2,1,0,0,1,0,0,0,0,ok,155
486,1,6,4,oppo_hand,oppo_5,oppo_hand,oppo_hand: log=2 engine=4,5,4,2,2,5,5,5,0,1,0,5,0,5,ok,99
487,1,7,2,user_creatures,user_3,user_creatures,user_creatures: log_only=['innocuous rat'] engine_only=['piggy bank'],6,1,1,0,2,1,0,0,1,0,0,0,0,ok,145
488,1,9,4,user_creatures,oppo_5,user_creatures user_hand oppo_hand,user_creatures: log_only=['floodpits drowner'] engine_only=['stalked researcher'] ; user_hand: log_only=[] engine_only=['floodpits drowner'] ; oppo_hand: log=2 engine=3,7,3,1,1,4,3,0,0,1,0,0,0,3,ok,213
489,1,12,2,user_life,oppo_3,user_life,user_life: log=18 engine=19,5,1,2,0,2,1,0,0,1,0,0,0,0,ok,378
490,1,11,3,user_creatures,user_4,user_creatures user_hand,user_creatures: log_only=['patchwork beastie'] engine_only=[] ; user_hand: log_only=['insidious fungus'] engine_only=['fear of being hunted'],7,2,2,0,3,2,4,0,1,0,4,0,1,ok,275
491,1,10,7,user_creatures,user_8,user_creatures,user_creatures: log_only=['fear of surveillance'] engine_only=['acrobatic cheerleader'],6,4,1,1,4,6,6,0,1,1,6,0,1,ok,277
492,1,6,2,oppo_life,user_3,oppo_life,oppo_life: log=9 engine=18,3,1,1,0,2,1,0,1,1,0,0,1,0,ok,98
493,1,11,6,user_creatures,oppo_7,user_creatures oppo_hand,user_creatures: log_only=[] engine_only=['omnivorous flytrap'] ; oppo_hand: log=3 engine=4,6,4,2,1,6,4,0,0,2,0,0,0,4,ok,284
494,1,9,4,user_creatures,oppo_5,user_creatures user_hand,"user_creatures: log_only=[] engine_only=['glimmer'] ; user_hand: log_only=['most valuable slayer', 'plains'] engine_only=['forest', 'island']",5,2,2,0,4,2,0,1,2,0,0,1,1,ok,193
495,1,8,3,oppo_life,user_4,oppo_life user_creatures user_hand,"oppo_life: log=20 engine=22 ; user_creatures: log_only=['gremlin', 'razorkin hordecaller'] engine_only=[] ; user_hand: log_only=[] engine_only=['razorkin hordecaller']",5,2,1,0,3,2,0,0,1,0,0,0,3,ok,151
496,1,7,4,user_life,oppo_5,user_life,user_life: log=10 engine=11,6,4,1,0,4,4,4,0,0,0,4,0,0,ok,192
497,1,9,4,user_lands,user_5,user_lands user_hand,user_lands: log_only=['plains'] engine_only=[] ; user_hand: log_only=[] engine_only=['shepherding spirits'],6,3,2,1,4,3,1,0,1,0,1,0,2,ok,162
498,1,6,4,user_life,oppo_5,user_life oppo_life,user_life: log=9 engine=11 ; oppo_life: log=20 engine=16,2,2,0,0,3,2,0,0,1,0,0,0,0,ok,78
499,1,8,5,oppo_hand,oppo_6,oppo_hand,oppo_hand: log=2 engine=3,5,4,1,0,5,5,0,0,1,0,0,0,2,ok,212
500,1,5,4,user_hand,user_5,user_hand,user_hand: log_only=['island'] engine_only=['bleeding woods'],4,3,0,0,4,3,3,0,1,0,3,0,0,ok,1198
501,1,9,4,user_creatures,user_5,user_creatures,user_creatures: log_only=['glimmer'] engine_only=[],7,4,0,0,4,5,4,0,0,0,4,0,0,ok,863
502,1,10,3,oppo_hand,oppo_4,oppo_hand,oppo_hand: log=2 engine=3,5,2,0,0,3,3,1,0,1,0,1,0,1,ok,786
503,1,8,1,user_hand,user_2,user_hand,user_hand: log_only=['growing dread'] engine_only=['vanish from sight'],5,1,1,0,1,1,0,0,0,0,0,0,0,ok,347
504,1,14,3,oppo_life,user_4,oppo_life,oppo_life: log=17 engine=16,7,2,4,1,3,3,1,0,1,0,1,0,0,ok,839
505,1,7,1,oppo_life,user_2,oppo_life user_hand,oppo_life: log=17 engine=20 ; user_hand: log_only=['spineseeker centipede'] engine_only=['terramorphic expanse'],6,1,1,0,1,1,0,0,0,0,0,0,1,ok,236
506,1,6,1,user_hand,user_2,user_hand,user_hand: log_only=['fanatic of the harrowing'] engine_only=['shroudstomper'],4,0,2,0,1,0,0,0,1,0,0,0,0,ok,133
507,1,7,5,user_life,oppo_6,user_life oppo_hand,user_life: log=10 engine=12 ; oppo_hand: log=3 engine=4,3,3,0,0,4,3,0,0,1,0,0,0,1,ok,184
508,1,6,2,user_creatures,oppo_3,user_creatures user_noncreatures user_hand,user_creatures: log_only=['cryptid inspector'] engine_only=[] ; user_noncreatures: log_only=['growing dread'] engine_only=[] ; user_hand: log_only=[] engine_only=['growing dread'],2,1,0,0,2,1,0,0,1,0,0,0,0,ok,126
509,1,9,2,user_hand,oppo_3,user_hand,user_hand: log_only=['mountain'] engine_only=['bedhead beastie'],4,0,1,0,2,0,0,0,2,0,0,0,0,ok,319
510,1,10,0,oppo_hand,user_1,oppo_hand,oppo_hand: log=5 engine=6,5,0,5,0,0,0,0,0,0,0,0,0,0,ok,332
511,1,8,2,user_hand,user_3,user_hand,user_hand: log_only=['mountain'] engine_only=['raucous carnival'],6,1,0,0,2,1,0,0,1,0,0,0,0,ok,308
512,1,15,1,user_hand,oppo_2,user_hand,user_hand: log_only=['forest'] engine_only=['slavering branchsnapper'],6,0,1,0,2,0,0,0,2,0,0,0,0,ok,209
513,1,9,2,user_life,oppo_3,user_life,user_life: log=17 engine=18,8,2,0,0,2,2,1,0,0,0,1,0,0,ok,165
514,1,9,4,user_noncreatures,user_5,user_noncreatures,user_noncreatures: log_only=['glassworks'] engine_only=['nowhere to run'],8,4,0,0,4,4,3,0,0,0,3,0,1,ok,332
515,1,10,4,user_creatures,user_5,user_creatures oppo_hand,user_creatures: log_only=[] engine_only=['irreverent gremlin'] ; oppo_hand: log=2 engine=3,5,2,0,0,3,3,1,0,1,1,1,0,0,ok,247
516,1,10,3,user_creatures,user_4,user_creatures,user_creatures: log_only=['wary watchdog'] engine_only=['flesh burrower'],5,2,1,1,3,2,0,0,1,0,0,0,0,ok,249
517,1,11,3,user_hand,oppo_4,user_hand,"user_hand: log_only=['forest', 'seized from slumber'] engine_only=['plains', 'stay hidden, stay silent']",3,0,2,0,4,0,0,0,4,0,0,0,0,ok,324
518,1,8,6,oppo_life,user_7,oppo_life,oppo_life: log=5 engine=6,5,4,2,1,5,5,4,0,1,1,4,0,1,ok,185
519,1,5,4,oppo_hand,oppo_5,oppo_hand,oppo_hand: log=8 engine=7,3,3,0,0,4,3,2,0,1,0,2,0,0,ok,94
520,1,10,1,user_hand,user_2,user_hand,user_hand: log_only=['meat locker'] engine_only=['vanish from sight'],8,1,0,0,1,1,0,0,0,0,0,0,0,ok,339
521,1,6,2,user_hand,user_3,user_hand,user_hand: log_only=['island'] engine_only=['forest'],4,0,1,0,2,0,0,0,2,0,0,0,0,ok,182
522,1,3,1,oppo_life,user_2,oppo_life,oppo_life: log=18 engine=19,3,1,0,0,1,1,0,0,0,0,0,0,0,ok,79
523,1,7,4,user_life,oppo_5,user_life,user_life: log=16 engine=14,5,3,2,0,4,3,0,1,1,0,0,1,0,ok,190
524,1,11,2,user_hand,user_3,user_hand,user_hand: log_only=['plains'] engine_only=['vanish from sight'],4,1,2,0,2,1,0,0,1,0,0,0,0,ok,292
525,1,6,3,user_lands,user_4,user_lands user_hand,"user_lands: log_only=['plains'] engine_only=[] ; user_hand: log_only=['arabella, abandoned doll'] engine_only=['impossible inferno', 'plains']",5,2,0,0,3,2,1,0,1,0,1,0,1,ok,88
526,1,7,5,user_life,oppo_6,user_life,user_life: log=2 engine=5,4,3,0,0,4,4,1,0,2,0,1,0,2,ok,165
527,1,8,4,user_hand,user_5,user_hand,user_hand: log_only=['plains'] engine_only=[],5,4,1,0,4,5,2,1,0,0,2,1,0,ok,240
528,1,10,3,user_life,user_4,user_life,user_life: log=20 engine=22,4,1,1,0,2,2,1,0,1,1,1,0,0,ok,271
529,1,8,2,user_hand,oppo_3,user_hand oppo_hand,user_hand: log_only=['island'] engine_only=['daggermaw megalodon'] ; oppo_hand: log=4 engine=5,6,1,0,0,3,1,0,0,2,0,0,0,0,ok,236
530,1,5,2,user_hand,user_3,user_hand,user_hand: log_only=['defiant survivor'] engine_only=['bashful beastie'],2,1,0,0,2,1,0,0,1,0,0,0,0,ok,82
531,1,7,1,user_hand,user_2,user_hand,"user_hand: log_only=['meat locker'] engine_only=['forest', 'monstrous emergence']",6,1,1,0,1,1,0,0,0,0,0,0,0,ok,214
532,1,6,4,user_life,oppo_5,user_life user_creatures user_hand oppo_hand,user_life: log=6 engine=8 ; user_creatures: log_only=[] engine_only=['irreverent gremlin'] ; user_hand: log_only=['irreverent gremlin'] engine_only=[] ; oppo_hand: log=5 engine=3,4,3,0,0,4,4,1,0,1,0,1,0,4,ok,261
533,1,5,3,user_life,oppo_4,user_life,user_life: log=16 engine=18,1,1,0,0,3,2,0,0,2,1,0,0,0,ok,93
534,1,8,2,oppo_life,user_3,oppo_life,oppo_life: log=18 engine=19,5,1,0,0,2,1,0,0,1,0,0,0,0,ok,239
535,1,9,4,oppo_hand,oppo_5,oppo_hand,oppo_hand: log=3 engine=4,6,3,1,1,4,4,5,0,1,0,5,0,6,ok,229
536,1,10,2,oppo_life,user_3,oppo_life user_creatures,"oppo_life: log=16 engine=18 ; user_creatures: log_only=['norin, swift survivalist'] engine_only=[]",5,1,2,0,2,1,1,0,1,0,1,0,0,ok,171
537,1,7,2,user_lands,user_3,user_lands user_hand,"user_lands: log_only=['mountain'] engine_only=[] ; user_hand: log_only=['glassworks'] engine_only=['mountain', 'unsettling twins']",5,1,0,0,2,1,0,0,1,0,0,0,1,ok,147
538,1,12,4,user_creatures,user_5,user_creatures,user_creatures: log_only=[] engine_only=['floodpits drowner'],6,2,2,0,4,2,1,0,2,0,1,0,0,ok,385
539,1,6,5,user_creatures,oppo_6,user_creatures user_hand,"user_creatures: log_only=['unsettling twins'] engine_only=[] ; user_hand: log_only=['fear of burning alive', 'jump scare', 'violent urge'] engine_only=[]",3,3,2,1,5,3,2,0,2,0,2,0,0,ok,124
540,1,10,2,oppo_hand,user_3,oppo_hand,oppo_hand: log=5 engine=4,4,1,1,0,2,1,0,0,1,0,0,0,0,ok,174
541,1,5,5,,,,,3,3,1,1,5,3,4,0,2,0,4,0,0,ok,85
542,1,7,4,user_creatures,user_5,user_creatures,user_creatures: log_only=['dashing bloodsucker'] engine_only=[],4,3,2,1,4,3,0,0,1,0,0,0,0,ok,142
543,1,9,2,oppo_life,user_3,oppo_life,oppo_life: log=17 engine=18,4,1,0,0,2,1,0,0,1,0,0,0,0,ok,288
544,1,9,5,user_creatures,oppo_6,user_creatures user_noncreatures user_hand oppo_hand,"user_creatures: log_only=['gremlin'] engine_only=[] ; user_noncreatures: log_only=[""shardmage's rescue""] engine_only=[] ; user_hand: log_only=[] engine_only=[""shardmage's rescue""] ; oppo_hand: log=0 engine=1",7,4,0,0,5,4,0,1,1,0,0,1,1,ok,276
545,1,9,3,user_life,user_4,user_life oppo_life user_creatures,"user_life: log=23 engine=20 ; oppo_life: log=15 engine=18 ; user_creatures: log_only=['gremlin', 'gremlin', 'gremlin'] engine_only=[]",5,2,2,1,3,3,1,0,1,0,1,0,1,ok,152
546,1,6,4,oppo_life,user_5,oppo_life user_lands user_creatures user_noncreatures,oppo_life: log=13 engine=18 ; user_lands: log_only=['swamp'] engine_only=[] ; user_creatures: log_only=['hedge shredder'] engine_only=[] ; user_noncreatures: log_only=[] engine_only=['hedge shredder'],5,3,1,0,4,3,2,0,1,0,2,0,1,ok,106
547,1,9,6,oppo_hand,oppo_7,oppo_hand,oppo_hand: log=3 engine=1,4,2,2,0,4,4,3,3,2,2,3,3,1,ok,177
548,1,11,3,user_creatures,user_4,user_creatures,"user_creatures: log_only=['defiant survivor', 'patchwork beastie'] engine_only=[]",6,3,2,0,3,3,1,0,0,0,1,0,2,ok,640
549,1,7,1,user_creatures,oppo_2,user_creatures,user_creatures: log_only=[] engine_only=['hand that feeds'],4,1,0,0,2,1,0,0,1,0,0,0,0,ok,162
550,1,12,3,user_life,oppo_4,user_life,user_life: log=14 engine=15,8,2,2,1,4,2,0,0,2,0,0,0,0,ok,1743
551,1,9,6,user_creatures,user_7,user_creatures,user_creatures: log_only=['resurrected cultist'] engine_only=[],5,4,0,0,5,6,3,2,1,1,3,2,1,ok,457
552,1,10,3,oppo_hand,oppo_4,oppo_hand,oppo_hand: log=2 engine=4,4,2,1,0,3,2,0,0,1,0,0,0,3,ok,363
553,1,7,2,user_creatures,user_3,user_creatures,"user_creatures: log_only=['norin, swift survivalist'] engine_only=[]",5,2,1,0,2,2,1,0,0,0,1,0,1,ok,383
554,1,7,4,oppo_life,user_5,oppo_life user_creatures user_hand,oppo_life: log=20 engine=18 ; user_creatures: log_only=['patched plaything'] engine_only=['tunnel surveyor'] ; user_hand: log_only=[] engine_only=['patched plaything'],5,4,0,0,4,5,1,0,0,0,1,0,2,ok,305
555,1,12,2,user_lands,user_3,user_lands user_noncreatures user_hand,user_lands: log_only=['forest'] engine_only=[] ; user_noncreatures: log_only=[] engine_only=['growing dread'] ; user_hand: log_only=['growing dread'] engine_only=['forest'],6,0,0,0,2,0,0,0,2,0,0,0,0,ok,848
556,1,10,1,user_creatures,user_2,user_creatures oppo_hand,user_creatures: log_only=[] engine_only=['wildfire wickerfolk'] ; oppo_hand: log=5 engine=6,5,0,2,0,1,0,0,0,1,0,0,0,1,ok,279
557,1,7,3,user_life,oppo_4,user_life,user_life: log=14 engine=16,3,1,0,0,2,2,0,0,1,1,0,0,0,ok,235
558,1,11,3,user_creatures,user_4,user_creatures,user_creatures: log_only=['spineseeker centipede'] engine_only=[],6,2,5,0,3,2,1,0,1,0,1,0,0,ok,355
559,1,10,1,oppo_hand,user_2,oppo_hand,oppo_hand: log=6 engine=5,6,0,0,0,1,0,0,0,1,0,0,0,0,ok,415
560,1,9,2,oppo_life,user_3,oppo_life user_creatures,oppo_life: log=17 engine=15 ; user_creatures: log_only=['clockwork percussionist'] engine_only=['wary watchdog'],6,2,2,0,2,2,2,0,0,0,2,0,1,ok,286
561,1,8,2,user_hand,oppo_3,user_hand,user_hand: log_only=['swamp'] engine_only=['spectral snatcher'],5,1,1,0,2,1,2,0,1,0,2,0,0,ok,199
562,1,7,2,user_creatures,user_3,user_creatures user_hand oppo_hand,user_creatures: log_only=['mountain'] engine_only=[] ; user_hand: log_only=[] engine_only=['unnerving grasp'] ; oppo_hand: log=5 engine=4,5,1,0,0,2,1,0,0,1,0,0,0,1,ok,205
563,1,10,3,user_creatures,oppo_4,user_creatures,"user_creatures: log_only=[] engine_only=[""valgavoth's lair""]",5,1,2,0,3,1,1,0,2,0,1,0,0,ok,376
564,1,8,3,user_creatures,oppo_4,user_creatures,user_creatures: log_only=['fear of surveillance'] engine_only=['living phone'],4,2,0,0,3,2,1,0,1,0,1,0,0,ok,381
565,1,6,3,user_life,oppo_4,user_life oppo_hand,user_life: log=17 engine=20 ; oppo_hand: log=4 engine=3,4,2,0,0,3,2,0,0,1,0,0,0,0,ok,148
566,1,8,2,user_lands,oppo_3,user_lands user_hand,user_lands: log_only=['bleeding woods'] engine_only=[] ; user_hand: log_only=['bashful beastie'] engine_only=['bleeding woods'],5,1,0,0,2,1,0,0,1,0,0,0,0,ok,164
567,1,11,3,user_creatures,oppo_4,user_creatures oppo_hand,user_creatures: log_only=[] engine_only=['glimmer'] ; oppo_hand: log=2 engine=3,5,3,3,1,4,3,1,0,1,0,1,0,2,ok,436
568,1,9,2,user_hand,user_3,user_hand,user_hand: log_only=['turn inside out'] engine_only=['ticket booth'],6,1,1,0,2,1,0,0,1,0,0,0,0,ok,313
569,1,9,2,user_hand,oppo_3,user_hand,"user_hand: log_only=[""duskmourn's domination""] engine_only=['vanish from sight']",5,2,0,0,3,2,1,0,1,0,1,0,0,ok,303
570,1,8,2,user_lands,user_3,user_lands user_hand,user_lands: log_only=['plains'] engine_only=[] ; user_hand: log_only=[] engine_only=['shepherding spirits'],4,1,2,0,2,1,0,0,1,0,0,0,1,ok,185
571,1,9,4,user_hand,oppo_5,user_hand,"user_hand: log_only=['stay hidden, stay silent'] engine_only=['flesh burrower']",7,3,1,0,4,3,0,0,1,0,0,0,0,ok,470
572,1,9,4,oppo_life,user_5,oppo_life,oppo_life: log=11 engine=10,6,4,1,0,4,4,8,0,0,0,8,0,0,ok,184
573,1,9,4,oppo_hand,oppo_5,oppo_hand,oppo_hand: log=7 engine=5,8,3,1,0,4,3,1,0,1,0,1,0,1,ok,236
574,1,11,1,user_noncreatures,user_2,user_noncreatures user_hand,user_noncreatures: log_only=['overlord of the balemurk'] engine_only=[] ; user_hand: log_only=['fear of isolation'] engine_only=['overlord of the balemurk'],6,0,1,0,1,0,0,0,1,0,0,0,1,ok,228
575,1,7,3,user_noncreatures,oppo_4,user_noncreatures user_hand,user_noncreatures: log_only=[] engine_only=['keys to the house'] ; user_hand: log_only=['plains'] engine_only=[],5,2,1,0,3,2,0,0,1,0,0,0,1,ok,189
576,1,11,6,user_creatures,user_7,user_creatures user_noncreatures,user_creatures: log_only=['gremlin'] engine_only=[] ; user_noncreatures: log_only=['unidentified hovership'] engine_only=[],4,3,2,0,6,3,3,0,3,0,3,0,1,ok,255
577,1,8,2,user_creatures,oppo_3,user_creatures user_hand,"user_creatures: log_only=['glimmer'] engine_only=[] ; user_hand: log_only=['island', 'mountain'] engine_only=['glimmerburst']",6,2,2,0,3,2,1,0,1,0,1,0,1,ok,190
578,1,6,3,oppo_life,user_4,oppo_life user_lands,oppo_life: log=7 engine=8 ; user_lands: log_only=['swamp'] engine_only=[],4,2,2,0,3,2,2,0,1,0,2,0,2,ok,88
579,1,14,2,user_hand,user_3,user_hand,user_hand: log_only=['scorching dragonfire'] engine_only=['mountain'],7,1,4,1,2,1,0,0,1,0,0,0,0,ok,541
580,1,8,2,user_lands,user_3,user_lands user_creatures user_hand,user_lands: log_only=['plains'] engine_only=[] ; user_creatures: log_only=[] engine_only=['veteran survivor'] ; user_hand: log_only=['veteran survivor'] engine_only=['plains'],5,1,0,0,2,1,0,0,1,0,0,0,1,ok,218
581,1,7,2,oppo_life,user_3,oppo_life,oppo_life: log=16 engine=18,3,1,0,0,2,1,0,0,1,0,0,0,0,ok,119
582,1,10,1,user_noncreatures,user_2,user_noncreatures user_hand,user_noncreatures: log_only=['overlord of the balemurk'] engine_only=[] ; user_hand: log_only=['tunnel surveyor'] engine_only=['overlord of the balemurk'],5,0,0,0,1,0,0,0,1,0,0,0,1,ok,327
583,1,9,2,user_hand,user_3,user_hand,user_hand: log_only=['unable to scream'] engine_only=['floodpits drowner'],8,1,0,0,2,1,0,0,1,0,0,0,0,ok,229
584,1,6,4,oppo_hand,oppo_5,oppo_hand,oppo_hand: log=8 engine=7,4,3,0,0,4,3,2,0,1,0,2,0,0,ok,57
585,1,10,3,oppo_life,user_4,oppo_life,oppo_life: log=14 engine=13,4,2,4,1,3,2,1,0,1,0,1,0,0,ok,377
586,1,7,1,user_hand,user_2,user_hand,user_hand: log_only=['fear of exposure'] engine_only=['cryptid inspector'],6,0,1,0,1,0,0,0,1,0,0,0,0,ok,146
587,1,7,3,user_life,oppo_4,user_life,user_life: log=16 engine=17,6,3,0,0,3,3,1,0,0,0,1,0,0,ok,144
588,1,11,5,user_creatures,oppo_6,user_creatures user_hand oppo_hand,"user_creatures: log_only=[] engine_only=['glimmer'] ; user_hand: log_only=['break down the door', 'vile mutilator'] engine_only=['drag to the roots', 'murky sewer'] ; oppo_hand: log=3 engine=2",6,3,1,0,5,4,0,1,2,0,0,0,1,ok,383
589,1,6,5,oppo_hand,oppo_6,oppo_hand,oppo_hand: log=0 engine=1,2,2,0,0,4,3,0,0,2,1,0,0,2,ok,124
590,1,11,3,user_noncreatures,user_4,user_noncreatures user_hand,user_noncreatures: log_only=['roaring furnace'] engine_only=[] ; user_hand: log_only=['balustrade wurm'] engine_only=['roaring furnace'],8,2,1,0,3,2,0,0,1,0,0,0,2,ok,305
591,1,7,4,oppo_life,oppo_5,oppo_life oppo_hand,oppo_life: log=17 engine=14 ; oppo_hand: log=3 engine=4,5,4,0,0,4,4,3,0,0,0,3,0,2,ok,149
592,1,9,2,oppo_life,user_3,oppo_life user_creatures,oppo_life: log=20 engine=16 ; user_creatures: log_only=[] engine_only=['fear of being hunted'],6,0,3,0,2,0,0,0,2,0,0,0,1,ok,152
593,1,7,4,oppo_life,user_5,oppo_life,oppo_life: log=11 engine=12,4,3,1,0,4,4,0,0,1,0,0,0,0,ok,150
594,1,9,4,user_life,user_5,user_life,user_life: log=22 engine=20,6,3,3,1,4,4,1,0,1,0,1,0,1,ok,201
595,1,8,4,user_noncreatures,user_5,user_noncreatures,user_noncreatures: log_only=['unable to scream'] engine_only=[],2,1,1,0,4,1,0,0,3,0,0,0,0,ok,152
596,1,9,3,user_life,oppo_4,user_life user_creatures,user_life: log=14 engine=15 ; user_creatures: log_only=[] engine_only=['acrobatic cheerleader'],2,2,0,0,3,2,1,0,1,0,1,0,0,ok,694
597,1,7,2,user_lands,user_3,user_lands user_hand,user_lands: log_only=['mountain'] engine_only=[] ; user_hand: log_only=[] engine_only=['bedhead beastie'],4,2,1,0,2,2,1,0,0,0,1,0,1,ok,135
598,1,14,3,user_hand,user_4,user_hand oppo_hand,user_hand: log_only=['vanish from sight'] engine_only=[] ; oppo_hand: log=4 engine=5,8,1,2,0,3,1,0,0,2,0,0,0,2,ok,450
599,1,10,5,oppo_life,oppo_6,oppo_life user_creatures,oppo_life: log=23 engine=20 ; user_creatures: log_only=['glimmer'] engine_only=['splitskin doll'],7,3,0,0,5,4,0,0,2,0,0,0,1,ok,382
600,1,5,4,user_creatures,user_5,user_creatures,user_creatures: log_only=['ghostly dancers'] engine_only=[],3,3,0,0,4,3,2,0,1,0,2,0,0,ok,1132
601,1,9,2,user_creatures,user_3,user_creatures user_hand,user_creatures: log_only=['wary watchdog'] engine_only=[] ; user_hand: log_only=[] engine_only=['wary watchdog'],5,1,1,0,2,1,0,0,1,0,0,0,1,ok,705
602,1,7,3,oppo_life,user_4,oppo_life user_creatures,oppo_life: log=20 engine=17 ; user_creatures: log_only=[] engine_only=['fear of impostors'],3,1,0,0,3,1,0,0,2,0,0,0,1,ok,512
603,1,12,5,user_life,oppo_6,user_life user_creatures user_hand,user_life: log=16 engine=12 ; user_creatures: log_only=['appendage amalgam'] engine_only=[] ; user_hand: log_only=[] engine_only=['appendage amalgam'],4,2,2,1,5,3,0,2,3,0,0,2,0,ok,546
604,1,9,2,user_life,oppo_3,user_life,user_life: log=17 engine=20,5,2,1,0,3,2,0,0,1,0,0,0,0,ok,427
605,1,7,1,user_creatures,user_2,user_creatures,user_creatures: log_only=['forest'] engine_only=['tunnel surveyor'],4,0,1,0,1,0,0,0,1,0,0,0,0,ok,378
606,1,5,3,oppo_hand,oppo_4,oppo_hand,oppo_hand: log=1 engine=2,4,2,2,0,3,2,1,0,1,0,1,0,1,ok,191
607,1,8,4,user_creatures,oppo_5,user_creatures,user_creatures: log_only=[] engine_only=['insidious fungus'],4,2,2,2,4,3,0,0,2,0,0,0,0,ok,269
608,1,7,3,oppo_life,user_4,oppo_life,oppo_life: log=16 engine=17,6,3,0,0,3,3,1,0,0,0,1,0,0,ok,226
609,1,8,3,oppo_life,user_4,oppo_life,oppo_life: log=14 engine=13,5,3,1,0,3,3,2,0,0,0,2,0,0,ok,400
610,1,15,2,user_hand,oppo_3,user_hand,user_hand: log_only=[] engine_only=['get out'],2,0,3,0,2,0,0,0,2,0,0,0,1,ok,489
611,1,6,2,user_hand,user_3,user_hand,user_hand: log_only=['mountain'] engine_only=[],4,1,2,1,2,2,2,0,1,0,2,0,0,ok,146
612,1,12,2,user_lands,user_3,user_lands user_hand,user_lands: log_only=['mountain'] engine_only=[] ; user_hand: log_only=[] engine_only=['mountain'],7,1,2,0,2,1,0,0,1,0,0,0,1,ok,414
613,1,10,5,oppo_life,user_6,oppo_life,oppo_life: log=12 engine=13,6,4,1,0,5,4,5,0,1,0,5,0,0,ok,296
614,1,6,3,user_creatures,user_4,user_creatures,user_creatures: log_only=['wary watchdog'] engine_only=['mountain'],4,2,0,0,3,2,1,0,1,0,1,0,0,ok,154
615,1,12,4,user_lands,user_5,user_lands user_hand,"user_lands: log_only=['mountain'] engine_only=[] ; user_hand: log_only=[] engine_only=['impossible inferno', 'scorching dragonfire']",7,3,0,0,4,3,3,0,1,0,3,0,2,ok,310
616,1,7,4,user_lands,user_5,user_lands user_hand,user_lands: log_only=['forest'] engine_only=[] ; user_hand: log_only=[] engine_only=['slavering branchsnapper'],5,3,1,0,4,3,1,0,1,0,1,0,1,ok,209
617,1,9,3,oppo_life,user_4,oppo_life,oppo_life: log=16 engine=17,5,2,0,0,3,2,1,0,1,0,1,0,0,ok,282
618,1,13,2,user_hand,user_3,user_hand,user_hand: log_only=['slavering branchsnapper'] engine_only=['swamp'],7,1,2,0,2,1,0,0,1,0,0,0,0,ok,380
619,1,13,2,user_hand,oppo_3,user_hand,user_hand: log_only=['forest'] engine_only=['slavering branchsnapper'],5,0,4,0,2,0,0,0,2,0,0,0,0,ok,340
620,1,8,2,user_creatures,oppo_3,user_creatures user_hand,user_creatures: log_only=['piggy bank'] engine_only=['erratic apparition'] ; user_hand: log_only=['erratic apparition'] engine_only=['piggy bank'],6,2,0,0,3,2,1,0,1,0,1,0,0,ok,186
621,1,10,3,user_hand,user_4,user_hand,user_hand: log_only=['forest'] engine_only=['spectral snatcher'],4,1,0,0,3,1,0,0,2,0,0,0,0,ok,352
622,1,11,1,user_hand,user_2,user_hand,user_hand: log_only=['emerge from the cocoon'] engine_only=['conductive machete'],6,0,1,0,1,0,0,0,1,0,0,0,0,ok,297
623,1,11,5,oppo_hand,oppo_6,oppo_hand,oppo_hand: log=2 engine=3,4,2,1,1,4,5,9,0,2,2,9,0,1,ok,244
624,1,7,2,user_creatures,user_3,user_creatures user_noncreatures user_hand,"user_creatures: log_only=['popular egotist', 'swamp'] engine_only=[] ; user_noncreatures: log_only=[] engine_only=['disturbing mirth'] ; user_hand: log_only=['mountain', 'popular egotist'] engine_only=['clockwork percussionist', 'spectral snatcher']",5,1,1,0,2,1,0,0,1,0,0,0,0,ok,259
625,1,10,3,oppo_life,user_4,oppo_life user_noncreatures,oppo_life: log=14 engine=13 ; user_noncreatures: log_only=[] engine_only=['sporogenic infection'],6,3,2,1,3,3,3,0,0,0,3,0,0,ok,261
626,1,9,1,user_lands,user_2,user_lands user_noncreatures user_hand,user_lands: log_only=['island'] engine_only=[] ; user_noncreatures: log_only=[] engine_only=['underwater tunnel'] ; user_hand: log_only=['underwater tunnel'] engine_only=['island'],7,1,0,0,1,1,0,0,0,0,0,0,0,ok,226
627,1,7,4,oppo_life,user_5,oppo_life user_lands user_creatures user_noncreatures,oppo_life: log=9 engine=8 ; user_lands: log_only=[] engine_only=['forest'] ; user_creatures: log_only=['forest'] engine_only=[] ; user_noncreatures: log_only=[] engine_only=['baseball bat'],5,3,1,1,4,4,2,0,1,0,2,0,0,ok,192
628,1,8,4,oppo_life,user_5,oppo_life oppo_hand,oppo_life: log=12 engine=16 ; oppo_hand: log=4 engine=5,6,3,1,0,4,3,0,1,1,0,0,1,3,ok,239
629,1,9,4,user_hand,oppo_5,user_hand,user_hand: log_only=['fear of immobility'] engine_only=['island'],5,3,0,0,4,3,1,1,1,0,1,1,0,ok,252
630,1,12,2,user_hand,oppo_3,user_hand oppo_hand,user_hand: log_only=['mountain'] engine_only=['bedhead beastie'] ; oppo_hand: log=3 engine=4,8,1,2,0,2,1,2,0,1,0,2,0,1,ok,277
631,1,8,3,oppo_life,user_4,oppo_life user_creatures,"oppo_life: log=17 engine=18 ; user_creatures: log_only=[] engine_only=['zimone, all-questioning']",5,2,1,0,3,2,1,0,1,0,1,0,4,ok,260
632,1,12,2,user_life,oppo_3,user_life,user_life: log=18 engine=19,7,2,1,0,2,2,2,0,0,0,2,0,0,ok,258
633,1,10,3,oppo_hand,oppo_4,oppo_hand,oppo_hand: log=4 engine=3,7,2,1,1,3,2,0,0,1,0,0,0,1,ok,338
634,1,9,2,user_hand,user_3,user_hand,user_hand: log_only=['mountain'] engine_only=['bashful beastie'],4,1,3,0,2,1,0,0,1,0,0,0,0,ok,168
635,1,10,2,oppo_hand,user_3,oppo_hand,oppo_hand: log=5 engine=6,7,1,3,0,2,1,0,0,1,0,0,0,0,ok,170
636,1,10,4,user_creatures,oppo_5,user_creatures user_hand,"user_creatures: log_only=[] engine_only=['glimmer'] ; user_hand: log_only=['bottomless pool', 'fear of surveillance'] engine_only=['island', 'terramorphic expanse']",5,3,1,0,5,3,1,0,2,0,1,0,1,ok,188
637,1,6,4,oppo_life,user_5,oppo_life user_creatures user_hand,"oppo_life: log=12 engine=13 ; user_creatures: log_only=['island'] engine_only=['rip, spawn hunter'] ; user_hand: log_only=['unsettling twins'] engine_only=['threats around every corner']",3,3,0,0,4,3,2,4,1,0,2,0,0,ok,127
638,1,7,4,user_creatures,user_5,user_creatures,user_creatures: log_only=['spirit'] engine_only=[],4,2,2,0,4,2,1,0,2,0,1,0,0,ok,147
639,1,8,4,oppo_hand,oppo_5,oppo_hand,oppo_hand: log=5 engine=4,3,2,0,0,5,2,3,0,3,0,3,0,2,ok,244
640,1,10,3,oppo_life,user_4,oppo_life,oppo_life: log=14 engine=12,7,2,0,0,3,2,1,0,1,0,1,0,0,ok,444
641,1,9,4,user_creatures,oppo_5,user_creatures,user_creatures: log_only=['unsettling twins'] engine_only=['fear of surveillance'],5,3,1,0,4,4,0,0,1,0,0,0,0,ok,170
642,1,9,4,user_hand,user_5,user_hand,user_hand: log_only=['roaring furnace'] engine_only=[],6,3,1,0,4,4,2,0,1,0,2,0,0,ok,706
643,1,10,4,oppo_life,user_5,oppo_life,oppo_life: log=17 engine=20,6,3,1,0,4,3,0,1,1,0,0,1,0,ok,372
644,1,8,2,user_creatures,oppo_3,user_creatures oppo_hand,user_creatures: log_only=[] engine_only=['piranha fly'] ; oppo_hand: log=3 engine=4,4,2,1,0,3,2,1,0,1,0,1,0,1,ok,131
645,1,6,3,oppo_life,user_4,oppo_life user_creatures oppo_hand,oppo_life: log=14 engine=11 ; user_creatures: log_only=[] engine_only=['shrewd storyteller'] ; oppo_hand: log=4 engine=5,5,3,0,0,3,3,1,0,0,0,1,0,1,ok,80
646,1,8,3,user_creatures,user_4,user_creatures,user_creatures: log_only=['murky sewer'] engine_only=[],4,3,0,0,3,3,0,0,0,0,0,0,2,ok,128
647,1,11,3,user_creatures,user_4,user_creatures,user_creatures: log_only=['plains'] engine_only=['savior of the small'],6,2,3,1,3,2,0,1,1,0,0,1,1,ok,276
648,1,8,3,oppo_life,oppo_4,oppo_life user_creatures,oppo_life: log=26 engine=24 ; user_creatures: log_only=[] engine_only=['hardened escort'],4,2,1,0,3,2,0,0,1,0,0,0,0,ok,188
649,1,9,3,user_creatures,user_4,user_creatures,user_creatures: log_only=['splitskin doll'] engine_only=[],5,2,2,1,3,3,1,0,1,0,1,0,0,ok,269
650,1,8,2,user_lands,user_3,user_lands user_hand,"user_lands: log_only=['mountain'] engine_only=[] ; user_hand: log_only=['turn inside out'] engine_only=['bashful beastie', 'mountain']",4,1,1,0,2,1,0,0,1,0,0,0,1,ok,1372
651,1,8,3,oppo_life,user_4,oppo_life user_creatures oppo_hand,oppo_life: log=14 engine=11 ; user_creatures: log_only=[] engine_only=['unwilling vessel'] ; oppo_hand: log=4 engine=5,5,2,1,0,3,2,2,0,1,0,2,0,2,ok,975
652,1,15,4,user_creatures,user_5,user_creatures user_hand,user_creatures: log_only=['innocuous rat'] engine_only=[] ; user_hand: log_only=[] engine_only=['slavering branchsnapper'],8,2,2,1,4,3,0,0,2,0,0,0,1,ok,982
653,1,8,4,oppo_life,user_5,oppo_life user_creatures,oppo_life: log=16 engine=17 ; user_creatures: log_only=['spirit'] engine_only=[],5,3,0,0,4,3,1,0,1,0,1,0,0,ok,280
654,1,7,1,user_life,oppo_2,user_life,user_life: log=18 engine=19,4,0,0,0,1,0,0,0,1,0,0,0,0,ok,351
655,1,6,3,user_life,oppo_4,user_life,user_life: log=18 engine=20,3,3,1,0,4,3,0,1,1,0,0,1,0,ok,223
656,1,11,2,user_lands,user_3,user_lands user_hand,user_lands: log_only=['forest'] engine_only=[] ; user_hand: log_only=[] engine_only=['wickerfolk thresher'],5,1,2,0,2,1,0,0,1,0,0,0,1,ok,507
657,1,10,5,oppo_life,user_6,oppo_life,oppo_life: log=9 engine=12,5,4,0,0,5,5,4,0,1,0,4,0,0,ok,392
658,1,11,7,user_creatures,oppo_8,user_creatures user_noncreatures,user_creatures: log_only=['glimmer'] engine_only=[] ; user_noncreatures: log_only=[] engine_only=['glassworks'],6,5,3,1,7,6,2,2,2,0,2,2,0,ok,365
659,1,9,6,user_lands,user_7,user_lands user_creatures user_noncreatures,"user_lands: log_only=['forest'] engine_only=[] ; user_creatures: log_only=['defiant survivor', 'patchwork beastie'] engine_only=[] ; user_noncreatures: log_only=[] engine_only=['sporogenic infection']",6,3,2,1,4,5,0,0,2,1,0,0,1,ok,285
660,1,10,3,user_creatures,oppo_4,user_creatures oppo_hand,user_creatures: log_only=[] engine_only=['fear of surveillance'] ; oppo_hand: log=5 engine=6,6,3,1,1,4,4,3,0,1,0,3,0,1,ok,342
661,1,12,2,oppo_life,user_3,oppo_life,oppo_life: log=17 engine=18,7,1,3,0,2,1,0,0,1,0,0,0,0,ok,440
662,1,10,2,user_hand,user_3,user_hand,user_hand: log_only=['get out'] engine_only=[],9,1,2,0,2,1,0,0,1,0,0,0,0,ok,333
663,1,8,2,oppo_hand,oppo_3,oppo_hand,oppo_hand: log=4 engine=5,6,1,1,0,2,1,1,0,1,0,1,0,0,ok,195
664,1,12,3,user_creatures,oppo_4,user_creatures,user_creatures: log_only=[] engine_only=['rampaging soulrager'],8,2,0,0,3,2,0,1,1,0,0,1,0,ok,601
665,1,6,3,oppo_life,user_4,oppo_life,oppo_life: log=15 engine=16,5,2,1,0,3,2,1,0,1,0,1,0,0,ok,162
666,1,11,3,user_hand,oppo_4,user_hand,user_hand: log_only=['bashful beastie'] engine_only=['manifest dread'],3,1,2,0,3,1,0,0,2,0,0,0,0,ok,211
667,1,13,4,user_creatures,oppo_5,user_creatures,"user_creatures: log_only=[] engine_only=['fear of surveillance', 'glimmer']",5,3,2,0,4,4,0,0,1,1,0,0,1,ok,387
668,1,7,3,user_noncreatures,user_4,user_noncreatures user_hand,user_noncreatures: log_only=['overlord of the boilerbilges'] engine_only=[] ; user_hand: log_only=[] engine_only=['overlord of the boilerbilges'],4,1,1,0,3,1,1,0,2,0,1,0,1,ok,117
669,1,12,4,user_creatures,oppo_5,user_creatures user_hand,user_creatures: log_only=['appendage amalgam'] engine_only=[] ; user_hand: log_only=[] engine_only=['appendage amalgam'],6,3,2,0,4,3,3,0,1,0,3,0,0,ok,417
670,1,10,5,user_life,oppo_6,user_life user_creatures,"user_life: log=14 engine=13 ; user_creatures: log_only=[] engine_only=['daggermaw megalodon', 'glimmer']",5,3,1,0,5,4,1,0,2,0,1,0,0,ok,366
671,1,8,4,oppo_life,user_5,oppo_life user_creatures user_noncreatures user_hand oppo_hand,oppo_life: log=11 engine=13 ; user_creatures: log_only=['swamp'] engine_only=['innocuous rat'] ; user_noncreatures: log_only=[] engine_only=['disturbing mirth'] ; user_hand: log_only=[] engine_only=['final vengeance'] ; oppo_hand: log=2 engine=3,7,3,1,0,4,3,2,0,1,0,2,0,3,ok,282
672,1,7,4,user_hand,user_5,user_hand,user_hand: log_only=['meat locker'] engine_only=['forest'],5,2,1,0,4,2,1,2,2,0,1,2,0,ok,272
673,1,10,5,user_hand,user_6,user_hand,user_hand: log_only=['peer past the veil'] engine_only=[],5,1,2,0,3,1,3,0,2,0,3,0,1,ok,207
674,1,7,2,oppo_life,user_3,oppo_life,oppo_life: log=17 engine=16,4,1,2,0,2,1,0,0,1,0,0,0,0,ok,163
675,1,5,3,user_noncreatures,user_4,user_noncreatures user_hand,user_noncreatures: log_only=['overlord of the floodpits'] engine_only=[] ; user_hand: log_only=['island'] engine_only=['overlord of the floodpits'],3,2,0,0,3,2,1,0,1,0,1,0,1,ok,75
676,1,7,1,user_creatures,user_2,user_creatures,user_creatures: log_only=['plains'] engine_only=['shrewd storyteller'],4,0,0,0,1,0,0,0,1,0,0,0,0,ok,152
677,1,7,3,oppo_life,user_4,oppo_life user_lands user_hand,oppo_life: log=20 engine=19 ; user_lands: log_only=['forest'] engine_only=[] ; user_hand: log_only=[] engine_only=['omnivorous flytrap'],3,1,2,0,3,1,0,0,2,0,0,0,1,ok,151
678,1,7,2,oppo_hand,oppo_3,oppo_hand,oppo_hand: log=4 engine=3,4,1,0,0,2,1,0,0,1,0,0,0,0,ok,236
679,1,15,2,oppo_life,user_3,oppo_life user_hand oppo_hand,oppo_life: log=19 engine=20 ; user_hand: log_only=['forest'] engine_only=[] ; oppo_hand: log=4 engine=3,8,2,6,0,2,2,0,0,0,0,0,0,1,ok,576
680,1,6,5,user_life,oppo_6,user_life oppo_life user_creatures user_noncreatures oppo_hand,user_life: log=21 engine=20 ; oppo_life: log=11 engine=12 ; user_creatures: log_only=['mountain'] engine_only=[] ; user_noncreatures: log_only=[] engine_only=['disturbing mirth'] ; oppo_hand: log=3 engine=4,4,4,1,1,5,5,4,0,1,0,4,0,1,ok,106
681,1,8,3,oppo_life,user_4,oppo_life user_creatures user_hand,"oppo_life: log=20 engine=18 ; user_creatures: log_only=['beastie beatdown'] engine_only=['mountain'] ; user_hand: log_only=['mountain'] engine_only=['zimone, all-questioning']",5,1,1,0,3,1,0,0,2,0,0,0,1,ok,285
682,1,8,3,user_creatures,oppo_4,user_creatures,user_creatures: log_only=[] engine_only=['tunnel surveyor'],6,4,1,0,4,4,2,0,0,0,2,0,2,ok,210
683,1,7,5,user_creatures,user_6,user_creatures,user_creatures: log_only=['swamp'] engine_only=[],3,3,0,0,5,3,3,0,2,0,3,0,0,ok,153
684,1,10,2,oppo_life,user_3,oppo_life,oppo_life: log=16 engine=17,7,2,4,0,2,2,1,0,0,0,1,0,0,ok,314
685,1,8,4,user_life,oppo_5,user_life oppo_hand,user_life: log=14 engine=16 ; oppo_hand: log=2 engine=3,5,3,1,0,4,4,2,2,1,1,2,2,2,ok,178
686,1,6,2,user_hand,user_3,user_hand,user_hand: log_only=['sawblade skinripper'] engine_only=['vengeful possession'],5,2,1,0,2,2,1,0,0,0,1,0,0,ok,102
687,1,5,4,oppo_hand,oppo_5,oppo_hand,oppo_hand: log=4 engine=2,1,1,0,0,4,1,0,0,3,0,0,0,0,ok,76
688,1,9,3,user_life,user_4,user_life,user_life: log=20 engine=22,6,2,3,1,3,2,1,0,1,0,1,0,0,ok,210
689,1,7,1,user_hand,user_2,user_hand,user_hand: log_only=['vanish from sight'] engine_only=['forest'],4,0,3,0,1,0,0,0,1,0,0,0,0,ok,169
690,1,6,3,user_creatures,user_4,user_creatures,user_creatures: log_only=['plains'] engine_only=['fear of falling'],4,2,0,0,3,2,1,0,1,0,1,0,0,ok,203
691,1,5,2,user_lands,oppo_3,user_lands user_creatures user_hand,user_lands: log_only=['swamp'] engine_only=[] ; user_creatures: log_only=[] engine_only=['insidious fungus'] ; user_hand: log_only=['malevolent chandelier'] engine_only=['swamp'],4,1,0,0,2,1,0,0,1,0,0,0,0,ok,89
692,1,6,2,user_hand,user_3,user_hand,user_hand: log_only=['attack-in-the-box'] engine_only=[],1,0,0,0,2,0,0,0,2,0,0,0,0,ok,91
693,1,11,3,user_hand,user_4,user_hand,"user_hand: log_only=[""valgavoth's onslaught""] engine_only=['ragged playmate']",4,2,2,1,3,2,1,0,1,0,1,0,0,ok,130
694,1,10,4,oppo_life,oppo_5,oppo_life user_creatures user_hand,oppo_life: log=15 engine=16 ; user_creatures: log_only=['balemurk leech'] engine_only=[] ; user_hand: log_only=[] engine_only=['fear of impostors'],6,2,1,0,4,2,2,0,2,0,2,0,1,ok,171
695,1,11,3,user_creatures,user_4,user_creatures,user_creatures: log_only=[] engine_only=['floodpits drowner'],4,1,2,0,3,1,0,0,2,0,0,0,0,ok,263
696,1,4,3,oppo_life,user_4,oppo_life,oppo_life: log=16 engine=18,3,2,0,0,3,2,1,0,1,0,1,0,0,ok,69
697,1,10,2,oppo_life,user_3,oppo_life,oppo_life: log=17 engine=18,4,1,0,0,2,1,0,0,1,0,0,0,0,ok,198
698,1,7,4,user_creatures,user_5,user_creatures,user_creatures: log_only=[] engine_only=['balemurk leech'],4,1,2,0,4,1,3,0,3,0,3,0,0,ok,144
699,1,9,1,user_hand,user_2,user_hand,user_hand: log_only=['broodspinner'] engine_only=['defiant survivor'],6,0,1,0,1,0,0,0,1,0,0,0,0,ok,227
700,1,9,4,user_hand,user_5,user_hand,user_hand: log_only=['wickerfolk thresher'] engine_only=['bashful beastie'],6,4,1,0,4,4,1,1,0,0,1,1,0,ok,1551
701,1,7,1,user_creatures,oppo_2,user_creatures,user_creatures: log_only=[] engine_only=['insidious fungus'],5,1,1,0,1,1,0,0,0,0,0,0,0,ok,415
702,1,9,3,user_lands,user_4,user_lands user_hand,user_lands: log_only=['mountain'] engine_only=[] ; user_hand: log_only=[] engine_only=['mountain'],5,1,2,0,3,1,0,0,2,0,0,0,1,ok,641
703,1,6,2,user_creatures,user_3,user_creatures user_hand oppo_hand,user_creatures: log_only=[] engine_only=['spineseeker centipede'] ; user_hand: log_only=[] engine_only=['mountain'] ; oppo_hand: log=4 engine=5,4,1,0,0,2,1,0,0,1,0,0,0,2,ok,225
704,1,14,2,oppo_hand,oppo_3,oppo_hand,oppo_hand: log=5 engine=4,6,1,3,0,2,1,0,0,1,0,0,0,0,ok,793
705,1,8,5,user_life,oppo_6,user_life user_creatures user_hand,user_life: log=6 engine=12 ; user_creatures: log_only=['razorkin hordecaller'] engine_only=['wildfire wickerfolk'] ; user_hand: log_only=['wildfire wickerfolk'] engine_only=['razorkin hordecaller'],5,4,1,0,6,5,2,2,2,0,2,2,0,ok,477
706,1,5,3,user_creatures,oppo_4,user_creatures user_hand oppo_hand,user_creatures: log_only=['entity tracker'] engine_only=[] ; user_hand: log_only=[] engine_only=['entity tracker'] ; oppo_hand: log=8 engine=7,2,1,0,0,3,1,0,0,2,0,0,0,0,ok,110
707,1,6,4,user_lands,user_5,user_lands user_hand oppo_hand,"user_lands: log_only=['plains'] engine_only=[] ; user_hand: log_only=['turn inside out'] engine_only=['fear of burning alive', 'plains'] ; oppo_hand: log=5 engine=4",3,2,2,1,3,3,3,0,1,1,3,0,1,ok,181
708,1,7,3,user_creatures,user_4,user_creatures oppo_hand,user_creatures: log_only=['swamp'] engine_only=['sawblade skinripper'] ; oppo_hand: log=5 engine=6,3,1,1,0,3,1,0,0,2,0,0,0,1,ok,231
709,1,6,5,user_creatures,oppo_6,user_creatures oppo_hand,user_creatures: log_only=[] engine_only=['cautious survivor'] ; oppo_hand: log=2 engine=3,4,4,0,0,5,6,6,0,1,0,6,0,1,ok,184
710,1,6,5,oppo_life,oppo_6,oppo_life oppo_hand,oppo_life: log=4 engine=2 ; oppo_hand: log=5 engine=6,4,4,0,0,4,6,7,0,1,1,7,0,0,ok,166
711,1,7,4,user_creatures,user_5,user_creatures user_hand,user_creatures: log_only=['forest'] engine_only=[] ; user_hand: log_only=[] engine_only=['turn inside out'],4,2,1,1,3,3,2,1,1,0,2,1,1,ok,156
712,1,8,3,oppo_hand,oppo_4,oppo_hand,oppo_hand: log=4 engine=5,4,1,2,0,3,1,0,0,2,0,0,0,1,ok,324
713,1,12,1,oppo_hand,oppo_2,oppo_hand,oppo_hand: log=3 engine=4,6,0,3,0,1,0,0,0,1,0,0,0,1,ok,500
714,1,9,1,user_hand,user_2,user_hand,user_hand: log_only=['fear of immobility'] engine_only=['mountain'],5,0,0,0,1,0,0,0,1,0,0,0,0,ok,307
715,1,14,4,oppo_life,user_5,oppo_life user_creatures,oppo_life: log=17 engine=14 ; user_creatures: log_only=[] engine_only=['appendage amalgam'],5,2,1,0,4,2,1,0,2,0,1,0,2,ok,505
716,1,11,3,user_creatures,user_4,user_creatures,user_creatures: log_only=[] engine_only=['insidious fungus'],7,2,2,0,3,2,0,0,1,0,0,0,2,ok,285
717,1,10,1,user_hand,user_2,user_hand,user_hand: log_only=['fear of being hunted'] engine_only=['swamp'],7,1,1,0,1,1,0,0,0,0,0,0,0,ok,286
718,1,9,6,oppo_hand,oppo_7,oppo_hand,oppo_hand: log=0 engine=1,6,4,2,1,5,6,0,1,2,0,0,1,1,ok,301
719,1,8,4,user_creatures,user_5,user_creatures,user_creatures: log_only=[] engine_only=['stalked researcher'],6,2,0,0,4,2,2,0,2,0,2,0,2,ok,226
720,1,6,4,user_creatures,user_5,user_creatures user_noncreatures user_hand,user_creatures: log_only=['defiant survivor'] engine_only=[] ; user_noncreatures: log_only=['overlord of the balemurk'] engine_only=[] ; user_hand: log_only=[] engine_only=['overlord of the balemurk'],4,3,2,1,4,4,4,0,1,0,4,0,2,ok,125
721,1,12,2,oppo_life,user_3,oppo_life,oppo_life: log=18 engine=20,6,1,2,0,2,1,0,0,1,0,0,0,0,ok,374
722,1,12,3,oppo_life,oppo_4,oppo_life user_creatures user_noncreatures oppo_hand,oppo_life: log=16 engine=14 ; user_creatures: log_only=[] engine_only=['insidious fungus'] ; user_noncreatures: log_only=[] engine_only=['sheltered by ghosts'] ; oppo_hand: log=4 engine=5,7,3,4,1,3,3,2,0,0,0,2,0,1,ok,378
723,1,8,2,oppo_life,user_3,oppo_life,oppo_life: log=18 engine=19,4,1,1,0,2,1,0,0,1,0,0,0,0,ok,237
724,1,8,2,oppo_life,user_3,oppo_life user_creatures user_noncreatures,oppo_life: log=18 engine=17 ; user_creatures: log_only=[] engine_only=['gremlin'] ; user_noncreatures: log_only=[] engine_only=['underwater tunnel'],5,1,1,0,2,1,0,0,1,0,0,0,0,ok,200
725,1,9,3,user_life,oppo_4,user_life user_noncreatures oppo_hand,user_life: log=14 engine=17 ; user_noncreatures: log_only=[] engine_only=['unidentified hovership'] ; oppo_hand: log=3 engine=4,4,2,2,0,3,2,1,0,1,0,1,0,3,ok,243
726,1,6,3,oppo_hand,oppo_4,oppo_hand,oppo_hand: log=3 engine=4,5,2,1,0,3,2,1,0,1,0,1,0,2,ok,216
727,1,14,3,user_creatures,oppo_4,user_creatures,user_creatures: log_only=['murder'] engine_only=['swamp'],7,2,2,0,3,2,1,0,1,0,1,0,0,ok,358
728,1,10,3,user_lands,user_4,user_lands user_hand,user_lands: log_only=['swamp'] engine_only=[] ; user_hand: log_only=[] engine_only=['spectral snatcher'],7,2,1,0,3,2,0,1,1,0,0,1,1,ok,232
729,1,8,1,user_creatures,user_2,user_creatures oppo_hand,user_creatures: log_only=[] engine_only=['piggy bank'] ; oppo_hand: log=5 engine=6,4,1,1,0,1,1,1,0,0,0,1,0,1,ok,236
730,1,8,3,oppo_hand,user_4,oppo_hand,oppo_hand: log=7 engine=6,4,0,0,0,3,0,0,0,3,0,0,0,0,ok,150
731,1,14,2,user_hand,user_3,user_hand,user_hand: log_only=['dissection tools'] engine_only=['unnerving grasp'],6,1,6,0,2,1,0,0,1,0,0,0,0,ok,376
732,1,8,3,user_lands,user_4,user_lands user_creatures user_noncreatures user_hand,"user_lands: log_only=['forest'] engine_only=[] ; user_creatures: log_only=['under the skin'] engine_only=[] ; user_noncreatures: log_only=['conductive machete'] engine_only=[] ; user_hand: log_only=['turn inside out'] engine_only=['conductive machete', 'fear of missing out']",5,2,0,0,3,2,2,0,1,0,2,0,3,ok,183
733,1,6,2,user_lands,user_3,user_lands user_hand,user_lands: log_only=['forest'] engine_only=[] ; user_hand: log_only=[] engine_only=['forest'],4,1,0,0,2,1,0,0,1,0,0,0,1,ok,52
734,1,7,4,user_life,oppo_5,user_life user_creatures user_hand oppo_hand,user_life: log=12 engine=17 ; user_creatures: log_only=[] engine_only=['wary watchdog'] ; user_hand: log_only=['wary watchdog'] engine_only=[] ; oppo_hand: log=2 engine=3,2,1,2,1,4,2,1,0,3,0,1,0,2,ok,161
735,1,13,5,user_life,oppo_6,user_life user_noncreatures user_hand,user_life: log=10 engine=7 ; user_noncreatures: log_only=['nowhere to run'] engine_only=[] ; user_hand: log_only=[] engine_only=['nowhere to run'],9,3,4,1,4,3,1,0,1,0,1,0,0,ok,373
736,1,12,4,user_life,oppo_5,user_life,user_life: log=18 engine=16,5,3,1,0,4,3,0,0,1,0,0,0,0,ok,343
737,1,5,3,oppo_hand,oppo_4,oppo_hand,oppo_hand: log=3 engine=1,3,2,1,1,3,2,0,0,1,0,0,0,0,ok,129
738,1,10,3,user_hand,oppo_4,user_hand,user_hand: log_only=['unnerving grasp'] engine_only=['piranha fly'],3,1,2,0,4,1,1,1,3,0,1,1,0,ok,177
739,1,7,1,user_hand,user_2,user_hand,user_hand: log_only=['live or die'] engine_only=['ragged playmate'],4,1,1,0,1,1,0,0,0,0,0,0,0,ok,125
740,1,12,8,oppo_life,user_9,oppo_life user_creatures,oppo_life: log=9 engine=7 ; user_creatures: log_only=['osseous sticktwister'] engine_only=['slavering branchsnapper'],4,4,4,4,6,7,4,0,2,0,4,0,1,ok,313
741,1,7,2,user_creatures,oppo_3,user_creatures,user_creatures: log_only=[] engine_only=['wildfire wickerfolk'],5,2,0,0,3,2,2,0,1,0,2,0,0,ok,102
742,1,15,4,oppo_hand,oppo_5,oppo_hand,oppo_hand: log=2 engine=3,7,3,2,0,4,3,0,0,1,0,0,0,2,ok,391
743,1,11,4,oppo_hand,oppo_5,oppo_hand,oppo_hand: log=3 engine=2,9,3,0,0,4,3,0,0,1,0,0,0,0,ok,246
744,1,9,4,user_hand,oppo_5,user_hand,user_hand: log_only=['the swarmweaver'] engine_only=['forest'],6,3,1,1,4,3,0,0,1,0,0,0,0,ok,222
745,1,9,1,user_creatures,user_2,user_creatures user_noncreatures user_hand,user_creatures: log_only=['glimmer'] engine_only=[] ; user_noncreatures: log_only=['glimmerlight'] engine_only=[] ; user_hand: log_only=[] engine_only=['irreverent gremlin'],5,1,0,0,1,1,0,0,0,0,0,0,1,ok,179
746,1,7,5,user_hand,oppo_6,user_hand oppo_hand,"user_hand: log_only=[] engine_only=[""don't make a sound""] ; oppo_hand: log=2 engine=3",4,4,0,0,5,4,0,0,1,0,0,0,3,ok,135
747,1,9,1,user_noncreatures,user_2,user_noncreatures user_hand,user_noncreatures: log_only=[] engine_only=['found footage'] ; user_hand: log_only=['island'] engine_only=[],5,1,1,0,1,1,0,0,0,0,0,0,0,ok,161
748,1,9,2,user_hand,oppo_3,user_hand,user_hand: log_only=['swamp'] engine_only=['spectral snatcher'],5,1,2,0,3,1,1,0,2,0,1,0,0,ok,207
749,1,8,2,oppo_hand,user_3,oppo_hand,oppo_hand: log=6 engine=5,3,1,1,0,2,1,0,0,1,0,0,0,0,ok,178
750,1,8,3,oppo_life,user_4,oppo_life,oppo_life: log=13 engine=15,6,2,0,0,3,2,1,0,1,0,1,0,0,ok,1588
751,1,6,2,oppo_hand,oppo_3,oppo_hand,oppo_hand: log=6 engine=7,4,2,1,0,3,2,1,0,1,0,1,0,0,ok,410
752,1,10,1,user_hand,user_2,user_hand,user_hand: log_only=['flesh burrower'] engine_only=['mountain'],7,1,0,0,1,1,0,0,0,0,0,0,0,ok,592
753,1,9,2,user_hand,user_3,user_hand,user_hand: log_only=['tunnel surveyor'] engine_only=['forest'],6,1,1,0,2,1,0,0,1,0,0,0,0,ok,478
754,1,11,3,oppo_life,user_4,oppo_life,oppo_life: log=20 engine=21,6,2,1,0,3,2,0,0,1,0,0,0,0,ok,393
755,1,9,3,user_creatures,user_4,user_creatures user_hand,user_creatures: log_only=['wary watchdog'] engine_only=[] ; user_hand: log_only=[] engine_only=['fanatic of the harrowing'],8,2,0,0,3,2,1,0,1,0,1,0,1,ok,371
756,1,9,3,oppo_life,user_4,oppo_life,oppo_life: log=17 engine=20,4,2,2,0,3,2,0,0,1,0,0,0,0,ok,436
757,1,8,1,user_hand,user_2,user_hand,user_hand: log_only=['rootwise survivor'] engine_only=['hardened escort'],6,0,0,0,1,0,0,0,1,0,0,0,0,ok,274
758,1,8,2,user_hand,user_3,user_hand,user_hand: log_only=['forest'] engine_only=['fear of isolation'],6,2,0,0,2,2,0,0,0,0,0,0,1,ok,268
759,1,7,3,user_lands,user_4,user_lands user_hand,"user_lands: log_only=['terramorphic expanse'] engine_only=[] ; user_hand: log_only=['clockwork percussionist'] engine_only=['glimmerlight', 'terramorphic expanse']",4,1,0,0,2,2,0,0,1,1,0,0,2,ok,134
760,1,9,3,user_life,oppo_4,user_life,user_life: log=18 engine=20,6,1,4,0,3,1,1,0,2,0,1,0,0,ok,375
761,1,8,3,oppo_hand,oppo_4,oppo_hand,oppo_hand: log=4 engine=5,5,2,1,0,3,2,1,0,1,0,1,0,1,ok,292
762,1,11,4,user_hand,user_5,user_hand,user_hand: log_only=['overlord of the hauntwoods'] engine_only=['wary watchdog'],9,3,1,0,4,3,2,0,1,0,2,0,0,ok,477
763,1,5,2,user_creatures,oppo_3,user_creatures,"user_creatures: log_only=['zimone, all-questioning'] engine_only=['primo, the indivisible']",4,2,1,1,3,3,0,0,1,0,0,0,0,ok,132
764,1,13,4,user_hand,oppo_5,user_hand,user_hand: log_only=['tunnel surveyor'] engine_only=['island'],7,2,2,0,4,2,0,1,2,0,0,1,0,ok,324
765,1,12,1,user_life,oppo_2,user_life,user_life: log=18 engine=20,7,2,0,0,2,2,3,0,0,0,3,0,0,ok,202
766,1,7,4,oppo_life,user_5,oppo_life,oppo_life: log=13 engine=15,4,3,1,0,4,4,3,0,1,0,3,0,1,ok,159
767,1,7,3,user_hand,oppo_4,user_hand,user_hand: log_only=['fear of immobility'] engine_only=['forest'],3,1,1,0,4,1,1,0,3,0,1,0,0,ok,133
768,1,6,3,oppo_life,user_4,oppo_life,oppo_life: log=13 engine=14,5,3,0,0,3,4,3,0,0,0,3,0,0,ok,132
769,1,6,4,user_creatures,user_5,user_creatures user_noncreatures user_hand,user_creatures: log_only=['glimmer'] engine_only=[] ; user_noncreatures: log_only=['glimmerlight'] engine_only=[] ; user_hand: log_only=[] engine_only=['broodspinner'],4,3,1,1,4,4,0,1,1,0,0,1,2,ok,172
770,1,7,4,user_lands,user_5,user_lands user_hand,user_lands: log_only=['plains'] engine_only=[] ; user_hand: log_only=[] engine_only=['plains'],6,3,3,1,4,3,1,0,1,0,1,0,1,ok,196
771,1,6,4,user_life,user_5,user_life oppo_life user_creatures user_noncreatures,user_life: log=25 engine=16 ; oppo_life: log=13 engine=18 ; user_creatures: log_only=['cautious survivor'] engine_only=[] ; user_noncreatures: log_only=['sheltered by ghosts'] engine_only=[],4,3,2,0,4,3,2,0,1,0,2,0,0,ok,146
772,1,7,5,oppo_life,user_6,oppo_life,oppo_life: log=5 engine=7,5,3,0,0,4,5,3,0,1,1,3,0,0,ok,214
773,1,12,5,user_life,user_6,user_life oppo_life,user_life: log=18 engine=16 ; oppo_life: log=18 engine=20,7,3,2,0,4,4,0,0,1,1,0,0,0,ok,370
774,1,4,1,user_life,oppo_2,user_life,user_life: log=16 engine=17,3,1,0,0,2,1,0,0,1,0,0,0,0,ok,114
775,1,8,4,oppo_life,user_5,oppo_life,oppo_life: log=14 engine=15,3,3,0,0,4,3,1,0,1,0,1,0,0,ok,255
776,1,6,2,user_life,oppo_3,user_life oppo_life,user_life: log=18 engine=17 ; oppo_life: log=21 engine=22,4,1,0,0,3,1,0,0,2,0,0,0,0,ok,126
777,1,11,2,user_life,oppo_3,user_life user_hand,user_life: log=20 engine=18 ; user_hand: log_only=[] engine_only=['floodpits drowner'],3,0,3,0,2,0,0,0,2,0,0,0,1,ok,267
778,1,14,6,user_life,oppo_7,user_life oppo_hand,user_life: log=11 engine=12 ; oppo_hand: log=3 engine=2,5,2,5,3,5,6,2,0,3,2,2,0,0,ok,428
779,1,10,2,oppo_life,user_3,oppo_life,oppo_life: log=17 engine=18,4,1,0,0,2,1,0,0,1,0,0,0,0,ok,156
780,1,8,1,user_lands,user_2,user_lands user_noncreatures user_hand,user_lands: log_only=['island'] engine_only=[] ; user_noncreatures: log_only=[] engine_only=['underwater tunnel'] ; user_hand: log_only=['underwater tunnel'] engine_only=['island'],6,1,1,0,1,1,0,0,0,0,0,0,1,ok,250
781,1,9,1,user_hand,user_2,user_hand,"user_hand: log_only=['wary watchdog'] engine_only=[""winter's intervention""]",4,1,3,0,1,1,0,0,0,0,0,0,0,ok,173
782,1,9,2,user_hand,user_3,user_hand,user_hand: log_only=['most valuable slayer'] engine_only=['clockwork percussionist'],6,1,3,1,2,1,0,0,1,0,0,0,0,ok,212
783,1,6,3,user_life,oppo_4,user_life,user_life: log=15 engine=16,3,2,0,0,4,2,1,0,2,0,1,0,2,ok,134
784,1,10,6,user_life,oppo_7,user_life user_creatures,user_life: log=8 engine=2 ; user_creatures: log_only=['cautious survivor'] engine_only=['bashful beastie'],5,4,0,0,6,5,0,0,2,0,0,0,2,ok,233
785,1,7,3,user_hand,user_4,user_hand,"user_hand: log_only=['bashful beastie', 'glimmerburst'] engine_only=[]",5,2,2,0,3,2,1,0,1,0,1,0,0,ok,209
786,1,6,2,user_life,user_3,user_life user_creatures,user_life: log=19 engine=18 ; user_creatures: log_only=[] engine_only=['fear of surveillance'],4,1,0,0,2,1,0,0,1,0,0,0,0,ok,104
787,1,8,2,user_hand,oppo_3,user_hand,user_hand: log_only=['forest'] engine_only=['slavering branchsnapper'],3,0,1,0,2,0,0,0,2,0,0,0,0,ok,257
788,1,9,3,oppo_hand,oppo_4,oppo_hand,oppo_hand: log=5 engine=6,6,2,1,0,3,2,0,0,1,0,0,0,0,ok,239
789,1,7,5,oppo_hand,oppo_6,oppo_hand,oppo_hand: log=2 engine=3,3,3,0,0,5,3,4,0,2,0,4,0,2,ok,120
790,1,10,4,user_lands,user_5,user_lands user_hand,"user_lands: log_only=['plains'] engine_only=[] ; user_hand: log_only=['emerge from the cocoon'] engine_only=['plains', ""winter's intervention""]",6,3,0,0,4,3,2,0,1,0,2,0,2,ok,199
791,1,6,3,user_lands,user_4,user_lands,user_lands: log_only=['mountain'] engine_only=[],5,3,0,0,3,3,4,0,0,0,4,0,1,ok,127
792,1,6,1,user_creatures,user_2,user_creatures user_hand,user_creatures: log_only=['gremlin tamer'] engine_only=[] ; user_hand: log_only=[] engine_only=['gremlin tamer'],3,0,1,0,1,0,0,0,1,0,0,0,1,ok,151
793,1,11,1,user_hand,user_2,user_hand,user_hand: log_only=['impossible inferno'] engine_only=['mountain'],5,0,0,0,1,0,0,0,1,0,0,0,0,ok,167
794,1,11,3,oppo_life,user_4,oppo_life,oppo_life: log=13 engine=14,6,2,1,0,3,2,1,0,1,0,1,0,0,ok,295
795,1,7,2,oppo_life,user_3,oppo_life,oppo_life: log=17 engine=18,3,2,1,0,2,2,0,0,0,0,0,0,0,ok,148
796,1,7,2,user_life,oppo_3,user_life,user_life: log=18 engine=20,5,2,1,1,2,2,0,0,0,0,0,0,0,ok,196
797,1,13,3,user_creatures,user_4,user_creatures,user_creatures: log_only=['floodpits drowner'] engine_only=['glimmer'],3,1,1,1,3,2,0,0,2,0,0,0,0,ok,234
798,1,8,2,oppo_life,user_3,oppo_life,oppo_life: log=17 engine=19,6,1,2,0,2,1,0,0,1,0,0,0,0,ok,627
799,1,10,3,user_creatures,user_4,user_creatures,user_creatures: log_only=['forest'] engine_only=['get out'],5,2,2,0,3,2,1,0,1,0,1,0,0,ok,218
800,1,11,3,user_creatures,user_4,user_creatures,user_creatures: log_only=[] engine_only=['conductive machete'],7,2,2,0,3,2,0,0,1,0,0,0,0,ok,1896
801,1,12,2,user_creatures,oppo_3,user_creatures user_noncreatures,user_creatures: log_only=['fear of surveillance'] engine_only=[] ; user_noncreatures: log_only=[] engine_only=['unidentified hovership'],5,2,1,0,3,2,1,0,1,0,1,0,0,ok,717
802,1,7,4,oppo_life,user_5,oppo_life user_creatures,oppo_life: log=5 engine=7 ; user_creatures: log_only=['fear of lost teeth'] engine_only=[],4,3,2,0,4,3,5,0,1,0,5,0,1,ok,241
803,1,9,2,user_creatures,user_3,user_creatures user_hand,user_creatures: log_only=['forest'] engine_only=['untimely malfunction'] ; user_hand: log_only=['patchwork beastie'] engine_only=['forest'],4,1,1,0,2,1,0,0,1,0,0,0,0,ok,484
804,1,10,2,user_life,oppo_3,user_life,user_life: log=18 engine=19,6,1,1,0,2,1,0,0,1,0,0,0,0,ok,513
805,1,7,3,user_life,oppo_4,user_life user_creatures oppo_hand,user_life: log=13 engine=16 ; user_creatures: log_only=[] engine_only=['hardened escort'] ; oppo_hand: log=4 engine=5,5,3,0,0,4,3,0,0,1,0,0,0,4,ok,243
806,1,11,4,user_creatures,user_5,user_creatures user_hand,user_creatures: log_only=['forest'] engine_only=[] ; user_hand: log_only=['manifest dread'] engine_only=[],8,3,2,1,4,4,0,2,1,0,0,2,0,ok,395
807,1,9,4,user_creatures,user_5,user_creatures user_hand,user_creatures: log_only=['mountain'] engine_only=['overlord of the hauntwoods'] ; user_hand: log_only=['mountain'] engine_only=['wildfire wickerfolk'],5,3,0,0,4,3,1,0,1,0,1,0,0,ok,334
808,1,11,4,user_life,user_5,user_life oppo_life user_noncreatures,user_life: log=15 engine=16 ; oppo_life: log=23 engine=22 ; user_noncreatures: log_only=[] engine_only=['unable to scream'],5,3,3,2,4,4,0,0,1,0,0,0,0,ok,508
809,1,9,3,oppo_hand,oppo_4,oppo_hand,oppo_hand: log=6 engine=5,7,2,0,0,3,3,0,0,1,0,0,0,0,ok,296
810,1,15,3,user_life,oppo_4,user_life,user_life: log=19 engine=20,9,2,5,0,3,2,0,0,1,0,0,0,1,ok,529
811,1,10,2,user_hand,user_3,user_hand,user_hand: log_only=['spineseeker centipede'] engine_only=['roaring furnace'],7,1,1,0,2,1,0,0,1,0,0,0,0,ok,293
812,1,6,2,user_creatures,user_3,user_creatures user_hand,user_creatures: log_only=['oblivious bookworm'] engine_only=[] ; user_hand: log_only=['forest'] engine_only=['oblivious bookworm'],5,1,1,0,2,1,0,0,1,0,0,0,1,ok,129
813,1,13,3,oppo_hand,oppo_4,oppo_hand,oppo_hand: log=1 engine=2,6,2,2,0,3,2,0,0,1,0,0,0,2,ok,426
814,1,6,2,user_lands,user_3,user_lands user_hand,user_lands: log_only=['forest'] engine_only=[] ; user_hand: log_only=[] engine_only=['slavering branchsnapper'],2,1,0,0,2,1,0,0,1,0,0,0,1,ok,96
815,1,11,1,user_hand,oppo_2,user_hand,user_hand: log_only=['mountain'] engine_only=['bedhead beastie'],5,0,1,0,2,0,0,0,2,0,0,0,0,ok,243
816,1,6,1,user_hand,user_2,user_hand,user_hand: log_only=['omnivorous flytrap'] engine_only=['twitching doll'],5,1,2,0,1,1,0,0,0,0,0,0,0,ok,120
817,1,7,3,user_creatures,user_4,user_creatures oppo_hand,user_creatures: log_only=[] engine_only=['vicious clown'] ; oppo_hand: log=5 engine=6,4,2,2,0,3,2,1,0,1,0,1,0,0,ok,157
818,1,9,4,user_creatures,oppo_5,user_creatures,user_creatures: log_only=[] engine_only=['cautious survivor'],4,1,2,0,4,1,1,0,3,0,1,0,0,ok,230
819,1,16,3,oppo_life,user_4,oppo_life user_hand,oppo_life: log=17 engine=20 ; user_hand: log_only=['forest'] engine_only=['enduring tenacity'],4,0,1,0,3,0,0,0,3,0,0,0,0,ok,260
820,1,10,3,user_creatures,oppo_4,user_creatures user_noncreatures user_hand,"user_creatures: log_only=[] engine_only=['skullsnap nuisance'] ; user_noncreatures: log_only=[] engine_only=['found footage'] ; user_hand: log_only=['derelict attic', 'island'] engine_only=['overlord of the floodpits']",7,3,0,0,4,3,0,1,1,0,0,1,0,ok,278
821,1,6,6,,,,,3,3,0,0,4,5,2,0,1,2,2,0,0,ok,109
822,1,8,5,oppo_life,user_6,oppo_life user_creatures,"oppo_life: log=8 engine=6 ; user_creatures: log_only=[] engine_only=[""duskmourn's domination""]",5,3,2,2,5,3,6,0,2,0,6,0,2,ok,164
823,1,9,4,user_creatures,user_5,user_creatures user_hand,"user_creatures: log_only=['fear of impostors'] engine_only=[""shardmage's rescue""] ; user_hand: log_only=[""shardmage's rescue""] engine_only=['stalked researcher']",5,3,0,0,4,3,1,0,1,0,1,0,0,ok,163
824,1,14,3,oppo_life,user_4,oppo_life user_creatures,oppo_life: log=22 engine=20 ; user_creatures: log_only=[] engine_only=['stalked researcher'],7,2,4,1,3,2,0,0,1,0,0,0,0,ok,343
825,1,7,1,user_life,oppo_2,user_life,user_life: log=18 engine=19,4,0,1,0,1,0,0,0,1,0,0,0,0,ok,116
826,1,8,3,oppo_life,user_4,oppo_life user_lands user_hand,oppo_life: log=15 engine=16 ; user_lands: log_only=['island'] engine_only=[] ; user_hand: log_only=[] engine_only=['island'],3,2,2,0,3,2,1,0,1,0,1,0,1,ok,88
827,1,11,4,user_creatures,user_5,user_creatures user_hand,"user_creatures: log_only=['bashful beastie', 'oblivious bookworm'] engine_only=[] ; user_hand: log_only=[] engine_only=[""valgavoth's onslaught""]",6,3,1,0,4,3,2,0,1,0,2,0,1,ok,135
828,1,11,4,user_lands,user_5,user_lands user_hand,user_lands: log_only=['swamp'] engine_only=[] ; user_hand: log_only=[] engine_only=['swamp'],6,3,2,1,4,3,0,0,1,0,0,0,1,ok,255
829,1,11,2,user_hand,user_3,user_hand,user_hand: log_only=['island'] engine_only=['cautious survivor'],3,1,3,0,2,1,0,0,1,0,0,0,0,ok,160
830,1,12,4,user_creatures,oppo_5,user_creatures,user_creatures: log_only=[] engine_only=['erratic apparition'],4,2,2,0,4,3,0,0,2,0,0,0,0,ok,264
831,1,8,3,user_noncreatures,oppo_4,user_noncreatures user_hand,user_noncreatures: log_only=[] engine_only=['found footage'] ; user_hand: log_only=['bashful beastie'] engine_only=[],6,2,1,0,3,2,1,0,1,0,1,0,0,ok,322
832,1,8,4,user_hand,oppo_5,user_hand,"user_hand: log_only=['abandoned campground', 'plains'] engine_only=['glimmerburst', ""shardmage's rescue""]",5,1,0,0,4,1,0,0,3,0,0,0,1,ok,219
833,1,10,3,user_creatures,oppo_4,user_creatures,user_creatures: log_only=['unwilling vessel'] engine_only=['inquisitive glimmer'],6,3,1,0,4,3,3,0,1,0,3,0,0,ok,284
834,1,11,3,user_hand,user_4,user_hand,user_hand: log_only=['house cartographer'] engine_only=['swamp'],5,2,1,0,3,2,0,0,1,0,0,0,0,ok,180
835,1,7,2,user_life,oppo_3,user_life,user_life: log=18 engine=19,2,1,0,0,3,1,0,0,2,0,0,0,0,ok,147
836,1,8,3,oppo_life,user_4,oppo_life,oppo_life: log=18 engine=19,5,2,2,0,3,2,0,1,1,0,0,1,0,ok,149
837,1,9,1,user_hand,user_2,user_hand,user_hand: log_only=['cult healer'] engine_only=['splitskin doll'],6,0,1,0,1,0,0,0,1,0,0,0,0,ok,110
838,1,11,4,user_creatures,user_5,user_creatures,user_creatures: log_only=[] engine_only=['insidious fungus'],7,3,1,0,4,4,1,1,1,0,1,1,0,ok,202
839,1,7,4,oppo_life,user_5,oppo_life user_hand,oppo_life: log=16 engine=18 ; user_hand: log_only=['splitskin doll'] engine_only=[],6,3,0,0,4,4,0,3,1,0,0,3,0,ok,149
840,1,8,3,user_hand,oppo_4,user_hand,user_hand: log_only=['swamp'] engine_only=['spectral snatcher'],5,3,2,0,4,3,3,0,1,0,3,0,0,ok,147
841,1,7,2,user_hand,user_3,user_hand,user_hand: log_only=['forest'] engine_only=['peculiar lighthouse'],6,1,1,0,2,1,0,0,1,0,0,0,0,ok,140
842,1,7,1,user_life,oppo_2,user_life,user_life: log=19 engine=18,3,0,1,0,1,0,0,0,1,0,0,0,0,ok,175
843,1,13,2,user_noncreatures,oppo_3,user_noncreatures user_hand,user_noncreatures: log_only=[] engine_only=['keys to the house'] ; user_hand: log_only=['plains'] engine_only=[],9,1,0,0,2,1,0,0,1,0,0,0,1,ok,771
844,1,7,1,user_hand,oppo_2,user_hand,user_hand: log_only=['mountain'] engine_only=['bedhead beastie'],3,0,2,0,2,0,0,0,2,0,0,0,0,ok,105
845,1,6,5,user_life,user_6,user_life oppo_life,user_life: log=14 engine=13 ; oppo_life: log=11 engine=15,5,4,2,1,5,5,6,0,1,0,6,0,1,ok,113
846,1,10,3,oppo_hand,oppo_4,oppo_hand,oppo_hand: log=3 engine=4,7,2,3,0,3,2,0,0,1,0,0,0,2,ok,376
847,1,10,4,user_creatures,oppo_5,user_creatures,user_creatures: log_only=['vile mutilator'] engine_only=[],5,2,3,2,3,3,3,0,1,0,3,0,0,ok,150
848,1,8,1,user_hand,user_2,user_hand,user_hand: log_only=['threats around every corner'] engine_only=['malevolent chandelier'],6,0,3,0,1,0,0,0,1,0,0,0,0,ok,131
849,1,9,1,user_life,oppo_2,user_life user_hand,user_life: log=19 engine=18 ; user_hand: log_only=[] engine_only=['get out'],5,0,0,0,2,0,0,0,2,0,0,0,1,ok,166
850,1,7,1,user_hand,user_2,user_hand,user_hand: log_only=['meat locker'] engine_only=['forest'],4,0,2,0,1,0,0,0,1,0,0,0,0,ok,1799
851,1,8,2,oppo_life,user_3,oppo_life,oppo_life: log=18 engine=19,5,1,2,0,2,1,0,0,1,0,0,0,0,ok,791
852,1,9,1,user_creatures,user_2,user_creatures,user_creatures: log_only=['plains'] engine_only=['overlord of the mistmoors'],5,0,1,0,1,0,0,0,1,0,0,0,0,ok,976
853,1,8,1,user_hand,user_2,user_hand,user_hand: log_only=['grand entryway'] engine_only=['unsettling twins'],5,0,2,0,1,0,0,0,1,0,0,0,0,ok,323
854,1,6,2,user_creatures,oppo_3,user_creatures,user_creatures: log_only=[] engine_only=['flesh burrower'],4,2,1,0,3,3,0,0,1,0,0,0,0,ok,415
855,1,7,4,user_life,oppo_5,user_life,user_life: log=13 engine=11,4,3,2,1,4,3,0,0,1,0,0,0,0,ok,380
856,1,5,2,user_life,oppo_3,user_life,user_life: log=16 engine=15,1,1,0,0,2,1,0,0,1,0,0,0,0,ok,195
857,1,9,3,oppo_life,user_4,oppo_life user_creatures,oppo_life: log=16 engine=15 ; user_creatures: log_only=['undead sprinter'] engine_only=[],7,3,2,1,3,3,4,0,0,0,4,0,1,ok,362
858,1,6,2,oppo_hand,oppo_3,oppo_hand,oppo_hand: log=4 engine=5,4,2,1,0,3,2,1,0,1,0,1,0,1,ok,213
859,1,7,1,oppo_hand,oppo_2,oppo_hand,oppo_hand: log=5 engine=4,3,1,3,0,1,1,0,0,0,0,0,0,0,ok,347
860,1,12,4,user_life,oppo_5,user_life oppo_life,user_life: log=14 engine=16 ; oppo_life: log=20 engine=16,7,2,2,0,3,3,0,0,1,1,0,0,0,ok,671
861,1,7,3,oppo_life,oppo_4,oppo_life user_noncreatures,oppo_life: log=26 engine=25 ; user_noncreatures: log_only=['cracked skull'] engine_only=[],5,3,1,1,4,3,0,0,1,0,0,0,0,ok,282
862,1,7,2,user_noncreatures,user_3,user_noncreatures user_hand,user_noncreatures: log_only=['glassworks'] engine_only=[] ; user_hand: log_only=['midnight mayhem'] engine_only=['mountain'],5,2,1,0,2,2,2,0,0,0,2,0,2,ok,237
863,1,6,4,oppo_hand,oppo_5,oppo_hand,oppo_hand: log=3 engine=4,3,3,1,1,4,4,2,0,1,0,2,0,2,ok,168
864,1,12,3,oppo_life,user_4,oppo_life,oppo_life: log=16 engine=17,7,2,4,1,3,2,1,0,1,0,1,0,0,ok,617
865,1,14,3,oppo_hand,oppo_4,oppo_hand,oppo_hand: log=3 engine=4,8,1,5,1,3,1,0,0,2,0,0,0,2,ok,563
866,1,9,4,user_life,oppo_5,user_life,user_life: log=11 engine=14,5,2,1,0,4,2,0,0,2,0,0,0,3,ok,280
867,1,6,5,user_life,user_6,user_life oppo_hand,user_life: log=23 engine=25 ; oppo_hand: log=4 engine=0,4,3,2,0,5,3,7,0,2,0,7,0,1,ok,153
868,1,15,1,oppo_life,user_2,oppo_life,oppo_life: log=18 engine=19,10,1,1,0,1,1,1,0,0,0,1,0,0,ok,666
869,1,9,2,user_creatures,oppo_3,user_creatures user_hand,user_creatures: log_only=['floodpits drowner'] engine_only=[] ; user_hand: log_only=[] engine_only=['floodpits drowner'],6,0,0,0,2,0,0,0,2,0,0,0,0,ok,355
870,1,8,2,oppo_life,user_3,oppo_life,oppo_life: log=20 engine=22,5,1,1,0,2,1,0,0,1,0,0,0,0,ok,200
871,1,7,3,oppo_life,user_4,oppo_life user_creatures user_noncreatures,oppo_life: log=14 engine=16 ; user_creatures: log_only=['unidentified hovership'] engine_only=[] ; user_noncreatures: log_only=[] engine_only=['unidentified hovership'],3,2,1,0,3,2,1,0,1,0,1,0,1,ok,183
872,1,8,3,user_creatures,user_4,user_creatures,user_creatures: log_only=['forest'] engine_only=['live or die'],5,2,0,0,3,2,0,0,1,0,0,0,1,ok,274
873,1,8,1,user_lands,user_2,user_lands user_noncreatures user_hand,user_lands: log_only=['island'] engine_only=[] ; user_noncreatures: log_only=[] engine_only=['bear trap'] ; user_hand: log_only=['bear trap'] engine_only=['island'],5,1,0,0,1,1,0,0,0,0,0,0,1,ok,253
874,1,9,1,user_life,oppo_2,user_life user_hand,user_life: log=18 engine=20 ; user_hand: log_only=['island'] engine_only=['daggermaw megalodon'],4,0,0,0,2,0,0,0,2,0,0,0,0,ok,358
875,1,8,2,user_life,user_3,user_life oppo_life,user_life: log=23 engine=24 ; oppo_life: log=17 engine=16,5,1,2,0,2,1,0,0,1,0,0,0,0,ok,207
876,1,5,5,,,,,0,0,1,1,3,1,0,0,3,0,0,0,0,ok,117
877,1,8,1,user_hand,oppo_2,user_hand,user_hand: log_only=['mountain'] engine_only=['bedhead beastie'],2,0,0,0,2,0,0,0,2,0,0,0,0,ok,176
878,1,10,1,user_life,user_2,user_life oppo_life,user_life: log=22 engine=20 ; oppo_life: log=18 engine=20,6,0,1,0,1,0,0,0,1,0,0,0,0,ok,413
879,1,9,4,user_life,oppo_5,user_life user_creatures,user_life: log=14 engine=16 ; user_creatures: log_only=['glimmer'] engine_only=[],7,3,2,0,5,3,1,0,2,0,1,0,1,ok,363
880,1,6,3,oppo_life,user_4,oppo_life user_creatures,oppo_life: log=17 engine=16 ; user_creatures: log_only=[] engine_only=['clockwork percussionist'],5,2,0,0,3,2,3,0,1,0,3,0,1,ok,98
881,1,5,2,oppo_life,user_3,oppo_life user_lands user_hand,oppo_life: log=14 engine=13 ; user_lands: log_only=['mountain'] engine_only=[] ; user_hand: log_only=[] engine_only=['bedhead beastie'],3,1,1,0,2,1,1,0,1,0,1,0,1,ok,91
882,1,7,1,user_lands,user_2,user_lands user_noncreatures user_hand,user_lands: log_only=['island'] engine_only=[] ; user_noncreatures: log_only=[] engine_only=['underwater tunnel'] ; user_hand: log_only=['underwater tunnel'] engine_only=['island'],5,1,1,0,1,1,0,0,0,0,0,0,0,ok,224
883,1,12,2,user_hand,user_3,user_hand,"user_hand: log_only=['say its name'] engine_only=['toby, beastie befriender']",10,1,1,0,2,1,0,0,1,0,0,0,0,ok,926
884,1,4,3,user_lands,user_4,user_lands user_noncreatures user_hand,user_lands: log_only=['island'] engine_only=[] ; user_noncreatures: log_only=[] engine_only=['grand entryway'] ; user_hand: log_only=['grand entryway'] engine_only=['island'],2,1,0,0,3,1,0,0,2,0,0,0,0,ok,82
885,1,8,2,oppo_life,oppo_3,oppo_life user_noncreatures user_hand,oppo_life: log=18 engine=20 ; user_noncreatures: log_only=[] engine_only=['found footage'] ; user_hand: log_only=['break down the door'] engine_only=[],6,1,2,0,2,1,0,0,1,0,0,0,1,ok,263
886,1,9,3,oppo_life,user_4,oppo_life user_creatures oppo_hand,oppo_life: log=16 engine=18 ; user_creatures: log_only=['creeping peeper'] engine_only=[] ; oppo_hand: log=4 engine=5,8,2,2,0,3,2,1,0,1,0,1,0,0,ok,329
887,1,12,4,user_creatures,user_5,user_creatures,user_creatures: log_only=['patched plaything'] engine_only=[],5,3,4,1,4,3,2,0,1,0,2,0,0,ok,267
888,1,7,1,user_creatures,user_2,user_creatures user_hand,user_creatures: log_only=['ragged playmate'] engine_only=[] ; user_hand: log_only=[] engine_only=['ragged playmate'],5,0,1,0,1,0,0,0,1,0,0,0,1,ok,186
889,1,12,2,user_noncreatures,oppo_3,user_noncreatures user_hand,user_noncreatures: log_only=['nowhere to run'] engine_only=[] ; user_hand: log_only=[] engine_only=['nowhere to run'],5,1,1,0,2,1,1,0,1,0,1,0,0,ok,352
890,1,4,3,oppo_hand,oppo_4,oppo_hand,oppo_hand: log=8 engine=7,3,3,0,0,4,3,4,0,1,0,4,0,0,ok,59
891,1,9,3,user_hand,oppo_4,user_hand,"user_hand: log_only=['forest', 'sheltered by ghosts'] engine_only=['spineseeker centipede', 'swamp']",6,3,1,0,4,3,1,0,1,0,1,0,0,ok,267
892,1,8,0,oppo_hand,user_1,oppo_hand,oppo_hand: log=6 engine=7,6,0,0,0,0,0,0,0,0,0,0,0,0,ok,225
893,1,6,4,user_hand,oppo_5,user_hand,"user_hand: log_only=['broodspinner', 'final vengeance'] engine_only=['forest', 'seized from slumber']",3,2,2,2,4,2,0,0,2,0,0,0,0,ok,138
894,1,10,5,user_hand,user_6,user_hand oppo_hand,"user_hand: log_only=['terramorphic expanse'] engine_only=['glassworks', 'unnerving grasp'] ; oppo_hand: log=2 engine=3",7,4,1,0,5,4,1,0,1,0,1,0,2,ok,749
895,1,4,2,user_life,oppo_3,user_life,user_life: log=18 engine=20,2,1,1,1,2,1,0,0,1,0,0,0,0,ok,56
896,1,8,4,user_creatures,user_5,user_creatures user_hand,"user_creatures: log_only=['forest', 'sheltered by ghosts'] engine_only=[] ; user_hand: log_only=[] engine_only=[""valgavoth's onslaught""]",6,4,1,1,4,4,3,0,0,0,3,0,1,ok,263
897,1,11,5,user_lands,user_6,user_lands user_hand,user_lands: log_only=[] engine_only=['swamp'] ; user_hand: log_only=['swamp'] engine_only=[],8,5,2,1,5,6,6,1,0,0,6,1,0,ok,316
898,1,8,5,oppo_hand,oppo_6,oppo_hand,oppo_hand: log=0 engine=1,3,2,2,1,6,3,0,0,4,0,0,0,2,ok,155
899,1,7,3,user_creatures,user_4,user_creatures oppo_hand,user_creatures: log_only=['hand that feeds'] engine_only=[] ; oppo_hand: log=5 engine=6,1,1,1,0,2,1,0,0,1,0,0,0,0,ok,85
900,1,11,2,oppo_life,user_3,oppo_life,oppo_life: log=19 engine=20,5,1,1,0,2,1,0,0,1,0,0,0,0,ok,2170
901,1,8,3,user_creatures,user_4,user_creatures user_hand,user_creatures: log_only=['razorkin hordecaller'] engine_only=[] ; user_hand: log_only=['spineseeker centipede'] engine_only=['under the skin'],4,2,1,0,3,2,1,0,1,0,1,0,1,ok,545
902,1,9,1,user_hand,user_2,user_hand,user_hand: log_only=['fear of burning alive'] engine_only=['grab the prize'],5,0,2,0,1,0,0,0,1,0,0,0,0,ok,408
903,1,8,6,user_life,oppo_7,user_life user_creatures,user_life: log=2 engine=4 ; user_creatures: log_only=['stalked researcher'] engine_only=[],3,2,1,1,3,5,0,1,1,3,0,1,2,ok,419
904,1,8,3,user_life,oppo_4,user_life user_creatures user_noncreatures user_hand oppo_hand,"user_life: log=17 engine=15 ; user_creatures: log_only=['gremlin tamer'] engine_only=[] ; user_noncreatures: log_only=[""shardmage's rescue""] engine_only=[] ; user_hand: log_only=[] engine_only=[""shardmage's rescue""] ; oppo_hand: log=3 engine=2",4,2,1,0,3,2,0,0,1,0,0,0,1,ok,319
905,1,9,3,oppo_life,user_4,oppo_life,oppo_life: log=14 engine=16,4,2,1,0,3,3,1,0,1,0,1,0,0,ok,456
906,1,13,4,oppo_life,user_5,oppo_life user_lands user_creatures user_hand,oppo_life: log=14 engine=15 ; user_lands: log_only=['swamp'] engine_only=[] ; user_creatures: log_only=['clockwork percussionist'] engine_only=[] ; user_hand: log_only=['swamp'] engine_only=['disturbing mirth'],7,2,1,0,4,2,3,0,2,0,3,0,2,ok,396
907,1,11,4,oppo_hand,user_5,oppo_hand,oppo_hand: log=3 engine=4,5,2,1,0,3,3,1,0,1,1,1,0,1,ok,397
908,1,11,4,user_hand,user_5,user_hand,user_hand: log_only=['underwater tunnel'] engine_only=['island'],8,3,2,1,4,4,0,1,1,0,0,1,2,ok,585
909,1,11,4,user_noncreatures,user_5,user_noncreatures user_hand,"user_noncreatures: log_only=['unable to scream'] engine_only=[] ; user_hand: log_only=[] engine_only=['zimone, all-questioning']",7,4,1,0,4,4,2,0,0,0,2,0,1,ok,535
910,1,7,5,user_creatures,user_6,user_creatures user_hand,user_creatures: log_only=['abhorrent oculus'] engine_only=[] ; user_hand: log_only=[] engine_only=['abhorrent oculus'],5,4,1,1,5,5,1,0,1,0,1,0,5,ok,184
911,1,5,2,oppo_life,user_3,oppo_life,oppo_life: log=16 engine=18,3,1,0,0,2,1,0,0,1,0,0,0,0,ok,128
912,1,12,4,oppo_hand,oppo_5,oppo_hand,oppo_hand: log=2 engine=3,4,4,4,1,5,5,6,0,1,0,6,0,3,ok,340
913,1,9,2,oppo_life,user_3,oppo_life user_creatures,oppo_life: log=20 engine=18 ; user_creatures: log_only=[] engine_only=['acrobatic cheerleader'],6,1,0,0,2,1,0,0,1,0,0,0,1,ok,342
914,1,10,2,user_life,oppo_3,user_life,user_life: log=17 engine=18,5,2,0,0,3,2,2,0,1,0,2,0,0,ok,282
915,1,7,3,user_life,user_4,user_life oppo_life,user_life: log=15 engine=12 ; oppo_life: log=17 engine=20,4,2,2,0,3,2,0,0,1,0,0,0,1,ok,192
916,1,7,3,user_creatures,user_4,user_creatures,user_creatures: log_only=['smoky lounge'] engine_only=['intruding soulrager'],4,2,0,0,3,2,1,0,1,0,1,0,1,ok,213
917,1,5,3,user_creatures,user_4,user_creatures,user_creatures: log_only=['forest'] engine_only=['drag to the roots'],4,3,2,1,3,3,4,0,0,0,4,0,0,ok,100
918,1,10,3,oppo_life,user_4,oppo_life user_creatures,oppo_life: log=17 engine=16 ; user_creatures: log_only=[] engine_only=['most valuable slayer'],5,2,2,0,3,2,0,1,1,0,0,1,1,ok,339
919,1,6,4,oppo_life,user_5,oppo_life,oppo_life: log=14 engine=16,2,2,1,1,3,3,1,0,1,1,1,0,1,ok,137
920,1,8,2,oppo_life,user_3,oppo_life,oppo_life: log=16 engine=17,6,1,0,0,2,1,0,0,1,0,0,0,0,ok,212
921,1,6,2,user_lands,user_3,user_lands user_creatures user_noncreatures user_hand,user_lands: log_only=['forest'] engine_only=[] ; user_creatures: log_only=['scorching dragonfire'] engine_only=[] ; user_noncreatures: log_only=['threats around every corner'] engine_only=[] ; user_hand: log_only=[] engine_only=['threats around every corner'],4,1,0,0,2,1,0,0,1,0,0,0,1,ok,146
922,1,8,5,user_lands,user_6,user_lands user_creatures user_hand,user_lands: log_only=['mountain'] engine_only=[] ; user_creatures: log_only=['spineseeker centipede'] engine_only=[] ; user_hand: log_only=[] engine_only=['spineseeker centipede'],3,2,0,0,5,2,1,1,3,0,1,1,2,ok,181
923,1,6,3,oppo_life,user_4,oppo_life user_creatures,oppo_life: log=15 engine=13 ; user_creatures: log_only=[] engine_only=['fear of surveillance'],4,2,1,0,3,2,1,0,1,0,1,0,1,ok,148
924,1,7,5,user_lands,user_6,user_lands,user_lands: log_only=['swamp'] engine_only=[],4,2,2,1,5,3,1,1,3,0,1,1,1,ok,148
925,1,11,2,user_life,oppo_3,user_life user_noncreatures user_hand,user_life: log=20 engine=17 ; user_noncreatures: log_only=['growing dread'] engine_only=[] ; user_hand: log_only=[] engine_only=['growing dread'],4,0,1,0,2,0,0,0,2,0,0,0,1,ok,270
926,1,9,4,user_lands,user_5,user_lands user_hand,user_lands: log_only=['swamp'] engine_only=[] ; user_hand: log_only=[] engine_only=['swamp'],5,2,1,0,3,2,2,0,1,0,2,0,3,ok,241
927,1,12,3,oppo_life,user_4,oppo_life user_creatures user_noncreatures user_hand,"oppo_life: log=17 engine=20 ; user_creatures: log_only=['cynical loner', 'enduring vitality'] engine_only=['glimmer'] ; user_noncreatures: log_only=[] engine_only=['enduring vitality'] ; user_hand: log_only=[] engine_only=['cynical loner']",5,1,5,0,3,1,0,0,2,0,0,0,1,ok,398
928,1,7,1,user_hand,user_2,user_hand,user_hand: log_only=['moldering gym'] engine_only=['twist reality'],4,0,0,0,1,0,0,0,1,0,0,0,0,ok,128
929,1,7,3,user_creatures,oppo_4,user_creatures user_hand,user_creatures: log_only=['grasping longneck'] engine_only=['most valuable slayer'] ; user_hand: log_only=['most valuable slayer'] engine_only=['grasping longneck'],4,2,0,0,4,2,1,0,2,0,1,0,0,ok,180
930,1,10,1,user_hand,user_2,user_hand,user_hand: log_only=['swamp'] engine_only=['cathartic parting'],6,1,1,0,1,1,0,0,0,0,0,0,0,ok,237
931,1,6,3,user_life,oppo_4,user_life,user_life: log=15 engine=16,4,2,1,0,3,2,0,0,1,0,0,0,0,ok,195
932,1,7,5,oppo_life,user_6,oppo_life,oppo_life: log=8 engine=10,4,3,0,0,5,4,1,1,2,0,1,1,0,ok,109
933,1,8,2,user_creatures,user_3,user_creatures,user_creatures: log_only=['wary watchdog'] engine_only=[],7,2,3,1,2,2,2,0,0,0,2,0,0,ok,155
934,1,7,2,user_creatures,user_3,user_creatures user_hand,user_creatures: log_only=['inquisitive glimmer'] engine_only=[] ; user_hand: log_only=[] engine_only=['inquisitive glimmer'],5,1,0,0,2,1,0,0,1,0,0,0,2,ok,249
935,1,9,5,user_lands,user_6,user_lands user_creatures user_hand,"user_lands: log_only=['plains'] engine_only=[] ; user_creatures: log_only=['horror'] engine_only=[] ; user_hand: log_only=['splitskin doll', 'the jolly balloon man'] engine_only=['miasma demon', 'plains']",7,3,1,0,5,3,1,2,2,0,1,2,2,ok,186
936,1,10,3,user_life,oppo_4,user_life,user_life: log=16 engine=18,5,2,2,1,4,2,0,0,2,0,0,0,3,ok,315
937,1,11,2,user_creatures,oppo_3,user_creatures,user_creatures: log_only=['undead sprinter'] engine_only=[],5,2,2,0,3,2,3,0,1,0,3,0,0,ok,171
938,1,8,3,user_life,oppo_4,user_life,user_life: log=19 engine=20,6,2,2,1,3,2,1,0,1,0,1,0,1,ok,239
939,1,9,1,oppo_hand,oppo_2,oppo_hand,oppo_hand: log=6 engine=5,7,0,0,0,1,0,0,0,1,0,0,0,0,ok,255
940,1,6,3,oppo_life,user_4,oppo_life user_creatures,oppo_life: log=9 engine=7 ; user_creatures: log_only=['veteran survivor'] engine_only=[],6,3,1,0,3,3,3,0,0,0,3,0,0,ok,163
941,1,10,3,oppo_hand,oppo_4,oppo_hand,oppo_hand: log=5 engine=4,7,2,3,1,3,2,1,0,1,0,1,0,0,ok,299
942,1,10,3,user_life,oppo_4,user_life,user_life: log=12 engine=16,6,2,2,0,3,2,0,1,1,0,0,1,0,ok,172
943,1,13,1,user_hand,user_2,user_hand,user_hand: log_only=['defiled crypt'] engine_only=['cynical loner'],7,0,0,0,1,0,0,0,1,0,0,0,0,ok,154
944,1,16,3,user_creatures,user_4,user_creatures,user_creatures: log_only=['island'] engine_only=['daggermaw megalodon'],8,1,0,0,3,1,0,0,2,0,0,0,0,ok,499
945,1,7,5,user_life,oppo_6,user_life user_creatures oppo_hand,user_life: log=7 engine=10 ; user_creatures: log_only=[] engine_only=['cryptid inspector'] ; oppo_hand: log=3 engine=2,4,3,0,0,5,3,2,0,2,0,2,0,1,ok,171
946,1,5,4,user_hand,user_5,user_hand,user_hand: log_only=['vanish from sight'] engine_only=[],4,4,0,0,4,4,6,0,0,0,6,0,0,ok,104
947,1,12,3,user_life,oppo_4,user_life,user_life: log=16 engine=17,7,3,4,0,4,3,1,1,1,0,1,1,0,ok,269
948,1,8,3,user_creatures,oppo_4,user_creatures user_noncreatures user_hand,"user_creatures: log_only=['hedge shredder', 'wary watchdog'] engine_only=['bashful beastie'] ; user_noncreatures: log_only=[] engine_only=['hedge shredder'] ; user_hand: log_only=['bashful beastie'] engine_only=['wary watchdog']",5,3,1,0,4,3,2,0,1,0,2,0,1,ok,204
949,1,14,1,user_hand,user_2,user_hand,user_hand: log_only=['defiant survivor'] engine_only=['swamp'],5,0,3,0,1,0,0,0,1,0,0,0,0,ok,226
950,1,13,4,oppo_hand,oppo_5,oppo_hand,oppo_hand: log=4 engine=5,9,3,2,1,4,3,3,0,1,0,3,0,2,ok,1835
951,1,12,5,user_noncreatures,oppo_6,user_noncreatures,user_noncreatures: log_only=['unable to scream'] engine_only=[],4,2,4,1,6,3,5,0,4,0,5,0,0,ok,687
952,1,7,2,user_creatures,user_3,user_creatures,user_creatures: log_only=['glassworks'] engine_only=['grasping longneck'],5,2,2,0,2,2,2,0,0,0,2,0,0,ok,487
953,1,12,3,user_creatures,user_4,user_creatures,user_creatures: log_only=['mountain'] engine_only=['turn inside out'],4,0,4,0,3,0,0,0,3,0,0,0,0,ok,713
954,1,7,2,user_creatures,oppo_3,user_creatures,user_creatures: log_only=[] engine_only=['spineseeker centipede'],4,2,1,0,3,2,1,0,1,0,1,0,0,ok,381
955,1,10,3,user_creatures,user_4,user_creatures,user_creatures: log_only=[] engine_only=['glimmer'],5,3,1,0,3,4,0,0,0,0,0,0,4,ok,594
956,1,9,3,user_hand,user_4,user_hand,"user_hand: log_only=['roaring furnace', 'trapped in the screen'] engine_only=['island']",4,1,2,0,3,1,0,0,2,0,0,0,0,ok,332
957,1,9,1,user_hand,oppo_2,user_hand,user_hand: log_only=['plains'] engine_only=['shepherding spirits'],6,0,2,0,2,0,0,0,2,0,0,0,0,ok,452
958,1,11,4,user_hand,user_5,user_hand,user_hand: log_only=['plains'] engine_only=[],6,3,1,0,4,3,1,1,1,0,1,1,1,ok,443
959,1,11,4,user_hand,oppo_5,user_hand,"user_hand: log_only=['roaring furnace', 'stalked researcher'] engine_only=['island', 'mountain']",4,0,4,1,4,1,0,0,4,0,0,0,0,ok,398
960,1,9,1,user_hand,user_2,user_hand,user_hand: log_only=['island'] engine_only=['terramorphic expanse'],7,0,1,0,1,0,0,0,1,0,0,0,0,ok,307
961,1,9,3,oppo_hand,oppo_4,oppo_hand,oppo_hand: log=4 engine=5,6,2,1,0,3,2,1,0,1,0,1,0,1,ok,256
962,1,9,1,user_creatures,oppo_2,user_creatures,user_creatures: log_only=[] engine_only=['flesh burrower'],7,2,0,0,2,2,0,0,0,0,0,0,0,ok,275
963,1,8,4,user_lands,user_5,user_lands user_creatures user_hand,user_lands: log_only=['swamp'] engine_only=[] ; user_creatures: log_only=['spineseeker centipede'] engine_only=[] ; user_hand: log_only=[] engine_only=['spineseeker centipede'],5,2,2,0,4,3,0,1,2,0,0,1,2,ok,328
964,1,9,2,user_hand,oppo_3,user_hand,user_hand: log_only=[] engine_only=['glimmerburst'],5,1,0,0,3,1,1,0,2,0,1,0,0,ok,273
965,1,12,2,user_creatures,oppo_3,user_creatures user_noncreatures user_hand,user_creatures: log_only=['break down the door'] engine_only=[] ; user_noncreatures: log_only=['growing dread'] engine_only=[] ; user_hand: log_only=[] engine_only=['growing dread'],7,0,3,0,2,0,0,0,2,0,0,0,0,ok,491
966,1,8,2,user_hand,user_3,user_hand,user_hand: log_only=['strangled cemetery'] engine_only=['spectral snatcher'],5,1,1,0,2,1,0,0,1,0,0,0,0,ok,120
967,1,9,3,oppo_hand,oppo_4,oppo_hand,oppo_hand: log=2 engine=1,6,2,0,0,3,2,0,0,1,0,0,0,0,ok,212
968,1,8,3,user_life,user_4,user_life oppo_life user_hand,user_life: log=24 engine=22 ; oppo_life: log=16 engine=18 ; user_hand: log_only=['razortrap gorge'] engine_only=['swamp'],4,2,1,0,3,2,1,0,1,0,1,0,0,ok,188
969,1,14,2,user_creatures,user_3,user_creatures user_hand,user_creatures: log_only=['spineseeker centipede'] engine_only=[] ; user_hand: log_only=['swamp'] engine_only=['spineseeker centipede'],6,1,1,0,2,1,0,0,1,0,0,0,1,ok,406
970,1,7,5,oppo_life,user_6,oppo_life user_lands user_creatures user_hand,oppo_life: log=8 engine=12 ; user_lands: log_only=['forest'] engine_only=[] ; user_creatures: log_only=[] engine_only=['drag to the roots'] ; user_hand: log_only=['drag to the roots'] engine_only=['forest'],5,4,1,0,5,4,3,0,1,0,3,0,0,ok,155
971,1,10,2,user_hand,user_3,user_hand,user_hand: log_only=['emerge from the cocoon'] engine_only=['swamp'],6,2,1,0,2,2,1,0,0,0,1,0,0,ok,233
972,1,4,1,oppo_life,user_2,oppo_life user_creatures user_hand,oppo_life: log=17 engine=20 ; user_creatures: log_only=['broodspinner'] engine_only=[] ; user_hand: log_only=[] engine_only=['forest'],4,1,1,0,1,1,0,0,0,0,0,0,1,ok,86
973,1,5,0,oppo_hand,oppo_1,oppo_hand,oppo_hand: log=5 engine=6,5,0,0,0,0,0,0,0,0,0,0,0,0,ok,145
974,1,12,2,user_life,oppo_3,user_life user_hand,user_life: log=20 engine=19 ; user_hand: log_only=[] engine_only=['seized from slumber'],6,0,2,0,2,0,0,0,2,0,0,0,1,ok,351
975,1,5,4,user_life,oppo_5,user_life user_hand,"user_life: log=20 engine=18 ; user_hand: log_only=['unable to scream', 'underwater tunnel'] engine_only=['mountain', 'stalked researcher']",2,2,0,0,5,2,0,0,3,0,0,0,0,ok,100
976,1,8,3,user_noncreatures,user_4,user_noncreatures,user_noncreatures: log_only=[] engine_only=['bear trap'],5,3,1,0,3,3,1,0,0,0,1,0,0,ok,207
977,1,10,4,user_lands,user_5,user_lands user_hand,user_lands: log_only=['island'] engine_only=[] ; user_hand: log_only=[] engine_only=['island'],7,2,0,0,4,2,0,0,2,0,0,0,1,ok,287
978,1,7,4,user_life,oppo_5,user_life,user_life: log=13 engine=14,4,2,1,0,4,2,0,0,2,0,0,0,0,ok,195
979,1,12,3,user_creatures,user_4,user_creatures,user_creatures: log_only=['swamp'] engine_only=['sheltered by ghosts'],4,1,3,1,3,1,0,0,2,0,0,0,0,ok,365
980,1,11,4,user_lands,user_5,user_lands user_hand,user_lands: log_only=['raucous carnival'] engine_only=[] ; user_hand: log_only=[] engine_only=['raucous carnival'],5,2,2,0,3,3,1,0,1,1,1,0,1,ok,197
981,1,7,4,user_life,user_5,user_life user_creatures user_hand oppo_hand,user_life: log=18 engine=17 ; user_creatures: log_only=['stalked researcher'] engine_only=[] ; user_hand: log_only=['glassworks'] engine_only=['mountain'] ; oppo_hand: log=1 engine=0,6,4,0,0,4,4,1,0,0,0,1,0,1,ok,193
982,1,9,4,user_hand,oppo_5,user_hand,"user_hand: log_only=['infernal phantom', 'trial of agony'] engine_only=['mountain', 'tunnel surveyor']",5,2,0,0,5,3,0,0,3,0,0,0,0,ok,237
983,1,7,2,user_life,user_3,user_life user_creatures user_hand,user_life: log=18 engine=19 ; user_creatures: log_only=['insidious fungus'] engine_only=[] ; user_hand: log_only=[] engine_only=['insidious fungus'],4,0,0,0,2,0,0,0,2,0,0,0,1,ok,178
984,1,8,2,user_hand,user_3,user_hand,user_hand: log_only=['neglected manor'] engine_only=[],6,2,3,0,2,2,0,0,0,0,0,0,0,ok,300
985,1,8,8,,,,,5,5,0,0,8,5,7,0,3,0,7,0,0,ok,196
986,1,9,3,oppo_life,user_4,oppo_life user_creatures,oppo_life: log=16 engine=17 ; user_creatures: log_only=['beast'] engine_only=['optimistic scavenger'],4,3,1,0,3,3,0,0,0,0,0,0,0,ok,194
987,1,16,4,user_creatures,oppo_5,user_creatures user_noncreatures,user_creatures: log_only=['erratic apparition'] engine_only=[] ; user_noncreatures: log_only=[] engine_only=['charred foyer'],10,2,4,0,4,2,1,0,2,0,1,0,0,ok,437
988,1,8,3,oppo_life,user_4,oppo_life user_creatures,oppo_life: log=16 engine=14 ; user_creatures: log_only=['reluctant role model'] engine_only=[],4,2,1,0,3,2,1,0,1,0,1,0,0,ok,202
989,1,17,2,user_hand,oppo_3,user_hand,user_hand: log_only=[] engine_only=['get out'],6,0,3,0,3,0,0,0,3,0,0,0,1,ok,337
990,1,6,4,oppo_life,user_5,oppo_life,oppo_life: log=12 engine=13,5,4,1,0,4,4,3,0,0,0,3,0,0,ok,124
991,1,7,2,oppo_hand,oppo_3,oppo_hand,oppo_hand: log=3 engine=4,4,1,0,0,2,1,0,0,1,0,0,0,0,ok,690
992,1,10,3,user_lands,user_4,user_lands user_hand,user_lands: log_only=['forest'] engine_only=[] ; user_hand: log_only=[] engine_only=['forest'],7,2,2,1,3,2,1,0,1,0,1,0,1,ok,332
993,1,8,3,user_creatures,oppo_4,user_creatures,user_creatures: log_only=[] engine_only=['entity tracker'],6,2,4,0,4,2,1,0,2,0,1,0,0,ok,197
994,1,5,4,oppo_life,user_5,oppo_life,oppo_life: log=12 engine=10,3,3,0,0,4,4,3,0,1,0,3,0,1,ok,111
995,1,12,2,user_hand,oppo_3,user_hand,"user_hand: log_only=[] engine_only=[""don't make a sound""]",5,0,3,0,2,0,0,0,2,0,0,0,1,ok,327
996,1,12,4,user_lands,user_5,user_lands user_creatures,user_lands: log_only=[] engine_only=['swamp'] ; user_creatures: log_only=['swamp'] engine_only=[],7,3,2,2,4,4,0,2,1,0,0,2,1,ok,301
997,1,9,3,oppo_hand,oppo_4,oppo_hand,oppo_hand: log=4 engine=3,3,1,2,0,2,2,0,1,1,1,0,1,0,ok,223
998,1,8,3,oppo_life,user_4,oppo_life user_creatures,oppo_life: log=11 engine=12 ; user_creatures: log_only=['clockwork percussionist'] engine_only=[],4,2,1,0,3,2,2,0,1,0,2,0,1,ok,166
999,1,14,2,user_life,oppo_3,user_life,user_life: log=16 engine=17,11,2,5,0,2,2,1,0,0,0,1,0,0,ok,370
1000,1,19,1,user_hand,oppo_2,user_hand,user_hand: log_only=['forest'] engine_only=['slavering branchsnapper'],9,0,4,0,2,0,0,0,2,0,0,0,0,ok,2254
1001,1,7,4,oppo_life,user_5,oppo_life user_creatures user_hand,oppo_life: log=15 engine=16 ; user_creatures: log_only=['fear of surveillance'] engine_only=[] ; user_hand: log_only=[] engine_only=['fear of surveillance'],5,3,0,0,4,4,0,0,1,0,0,0,1,ok,546
1002,1,9,3,user_life,oppo_4,user_life user_creatures user_noncreatures,"user_life: log=20 engine=18 ; user_creatures: log_only=[] engine_only=['clockwork percussionist'] ; user_noncreatures: log_only=[""dollmaker's shop""] engine_only=[]",3,2,1,0,4,3,1,0,2,0,1,0,0,ok,500
1003,1,8,4,user_creatures,oppo_5,user_creatures,user_creatures: log_only=[] engine_only=['ragged playmate'],5,4,2,1,4,4,1,1,0,0,1,1,2,ok,284
1004,1,7,1,user_hand,user_2,user_hand,user_hand: log_only=['slavering branchsnapper'] engine_only=['forest'],5,0,0,0,1,0,0,0,1,0,0,0,0,ok,343
1005,1,6,1,user_hand,user_2,user_hand,user_hand: log_only=['lakeside shack'] engine_only=['stalked researcher'],4,0,1,0,1,0,0,0,1,0,0,0,0,ok,191
1006,1,8,1,user_creatures,oppo_2,user_creatures,user_creatures: log_only=[] engine_only=['flesh burrower'],7,2,0,0,2,2,0,0,0,0,0,0,0,ok,260
1007,1,9,3,user_life,oppo_4,user_life,user_life: log=16 engine=20,6,3,0,0,3,3,0,0,0,0,0,0,1,ok,378
1008,1,10,3,user_lands,user_4,user_lands user_hand,user_lands: log_only=['neglected manor'] engine_only=[] ; user_hand: log_only=[] engine_only=['neglected manor'],8,2,2,1,3,2,1,0,1,0,1,0,1,ok,533
1009,1,12,4,user_life,oppo_5,user_life oppo_life user_creatures user_noncreatures,user_life: log=21 engine=20 ; oppo_life: log=18 engine=19 ; user_creatures: log_only=['diversion specialist'] engine_only=[] ; user_noncreatures: log_only=[] engine_only=['disturbing mirth'],6,3,4,1,5,3,1,0,2,0,1,0,0,ok,449
1010,1,12,1,user_hand,user_2,user_hand,user_hand: log_only=['swamp'] engine_only=['broodspinner'],9,0,1,0,1,0,0,0,1,0,0,0,0,ok,244
1011,1,11,3,user_life,oppo_4,user_life user_creatures,user_life: log=20 engine=17 ; user_creatures: log_only=[] engine_only=['unstoppable slasher'],9,2,1,0,3,2,0,0,1,0,0,0,1,ok,351
1012,1,9,2,oppo_life,user_3,oppo_life,oppo_life: log=17 engine=18,4,1,2,0,2,1,0,0,1,0,0,0,1,ok,281
1013,1,8,3,oppo_life,user_4,oppo_life user_creatures oppo_hand,oppo_life: log=18 engine=20 ; user_creatures: log_only=[] engine_only=['fear of exposure'] ; oppo_hand: log=2 engine=3,6,2,1,0,3,2,0,0,1,0,0,0,1,ok,246
1014,1,12,3,oppo_life,user_4,oppo_life oppo_hand,oppo_life: log=20 engine=9 ; oppo_hand: log=3 engine=4,8,2,2,0,3,2,0,0,1,0,0,0,2,ok,310
1015,1,9,3,user_lands,user_4,user_lands user_hand,user_lands: log_only=['swamp'] engine_only=[] ; user_hand: log_only=[] engine_only=['spectral snatcher'],7,3,2,1,3,3,3,0,0,0,3,0,1,ok,206
1016,1,12,2,user_hand,user_3,user_hand,user_hand: log_only=['nowhere to run'] engine_only=['swamp'],6,1,1,0,2,1,0,0,1,0,0,0,0,ok,392
1017,1,11,3,user_life,oppo_4,user_life user_hand,"user_life: log=16 engine=15 ; user_hand: log_only=[] engine_only=[""don't make a sound""]",7,0,1,0,3,0,0,0,3,0,0,0,1,ok,485
1018,1,7,5,user_creatures,oppo_6,user_creatures oppo_hand,user_creatures: log_only=[] engine_only=['insect'] ; oppo_hand: log=2 engine=3,4,4,1,1,5,5,8,0,2,0,8,0,2,ok,195
1019,1,7,3,user_life,oppo_4,user_life oppo_hand,user_life: log=16 engine=19 ; oppo_hand: log=3 engine=4,6,2,1,1,3,3,1,0,1,0,1,0,3,ok,204
1020,1,9,2,user_hand,oppo_3,user_hand,"user_hand: log_only=[] engine_only=[""don't make a sound""]",4,0,1,0,2,0,0,0,2,0,0,0,1,ok,186
1021,1,6,1,user_hand,user_2,user_hand,user_hand: log_only=['unstoppable slasher'] engine_only=['slavering branchsnapper'],3,0,1,0,1,0,0,0,1,0,0,0,0,ok,135
1022,1,10,2,user_lands,user_3,user_lands user_noncreatures user_hand,"user_lands: log_only=['island'] engine_only=[] ; user_noncreatures: log_only=['unable to scream'] engine_only=[] ; user_hand: log_only=[] engine_only=['daggermaw megalodon', 'unable to scream']",5,2,0,0,2,2,0,0,0,0,0,0,2,ok,188
1023,1,9,2,user_creatures,oppo_3,user_creatures,user_creatures: log_only=['clockwork percussionist'] engine_only=['sawblade skinripper'],7,3,0,0,3,3,2,0,0,0,2,0,0,ok,223
1024,1,8,5,oppo_life,user_6,oppo_life,oppo_life: log=9 engine=5,4,4,2,1,5,5,4,1,1,0,4,1,1,ok,180
1025,1,12,2,user_life,oppo_3,user_life user_noncreatures user_hand oppo_hand,user_life: log=20 engine=18 ; user_noncreatures: log_only=['growing dread'] engine_only=[] ; user_hand: log_only=[] engine_only=['growing dread'] ; oppo_hand: log=5 engine=6,5,0,1,0,2,0,0,0,2,0,0,0,1,ok,232
1026,1,9,2,user_creatures,user_3,user_creatures,user_creatures: log_only=[] engine_only=['floodpits drowner'],5,0,3,0,2,0,0,0,2,0,0,0,0,ok,254
1027,1,8,2,user_life,oppo_3,user_life,user_life: log=17 engine=18,5,1,1,0,2,1,0,0,1,0,0,0,0,ok,269
1028,1,9,4,user_lands,user_5,user_lands user_creatures,user_lands: log_only=[] engine_only=['swamp'] ; user_creatures: log_only=['swamp'] engine_only=[],6,3,1,0,4,3,1,1,1,0,1,1,0,ok,301
1029,1,8,3,oppo_hand,oppo_4,oppo_hand,oppo_hand: log=6 engine=5,5,2,0,0,3,3,0,0,1,1,0,0,0,ok,179
1030,1,5,2,oppo_life,user_3,oppo_life,oppo_life: log=16 engine=17,4,1,0,0,2,1,0,0,1,0,0,0,0,ok,72
1031,1,7,2,oppo_hand,oppo_3,oppo_hand,oppo_hand: log=5 engine=6,4,1,3,1,3,2,3,0,2,0,3,0,1,ok,93
1032,1,9,3,user_life,oppo_4,user_life user_hand,"user_life: log=18 engine=14 ; user_hand: log_only=['island', 'silent hallcreeper'] engine_only=['inquisitive glimmer', 'plains']",5,1,0,0,4,1,0,0,3,0,0,0,0,ok,230
1033,1,9,2,user_noncreatures,user_3,user_noncreatures,user_noncreatures: log_only=['treasure'] engine_only=[],5,1,3,0,2,1,0,1,1,0,0,1,0,ok,181
1034,1,14,2,user_creatures,oppo_3,user_creatures,user_creatures: log_only=[] engine_only=['piranha fly'],6,1,6,0,2,1,0,0,1,0,0,0,0,ok,620
1035,1,11,3,user_creatures,oppo_4,user_creatures user_hand,user_creatures: log_only=['appendage amalgam'] engine_only=[] ; user_hand: log_only=[] engine_only=['appendage amalgam'],6,1,2,0,3,1,0,0,2,0,0,0,0,ok,258
1036,1,9,2,user_hand,oppo_3,user_hand,"user_hand: log_only=[] engine_only=[""don't make a sound""]",6,1,1,0,2,1,0,0,1,0,0,0,1,ok,260
1037,1,8,5,user_creatures,oppo_6,user_creatures,user_creatures: log_only=[] engine_only=['fear of burning alive'],3,3,1,1,6,4,0,0,3,0,0,0,1,ok,187
1038,1,6,3,user_creatures,user_4,user_creatures user_hand,user_creatures: log_only=['hand that feeds'] engine_only=[] ; user_hand: log_only=[] engine_only=['vicious clown'],4,2,0,0,3,2,0,0,1,0,0,0,1,ok,93
1039,1,10,3,user_hand,user_4,user_hand,user_hand: log_only=['mountain'] engine_only=['plains'],7,2,2,0,3,2,0,0,1,0,0,0,0,ok,306
1040,1,17,3,user_hand,user_4,user_hand,user_hand: log_only=['sporogenic infection'] engine_only=['osseous sticktwister'],5,2,3,1,3,2,0,0,1,0,0,0,1,ok,206
1041,1,10,4,user_lands,user_5,user_lands user_hand,user_lands: log_only=['island'] engine_only=[] ; user_hand: log_only=[] engine_only=['daggermaw megalodon'],8,3,2,1,4,3,1,0,1,0,1,0,3,ok,195
1042,1,7,1,user_hand,user_2,user_hand,user_hand: log_only=['meat locker'] engine_only=['forest'],5,0,1,0,1,0,0,0,1,0,0,0,0,ok,177
1043,1,14,3,user_hand,user_4,user_hand,"user_hand: log_only=['altanak, the thrice-called'] engine_only=['defiant survivor']",5,1,1,1,3,2,1,0,2,0,1,0,1,ok,170
1044,1,7,3,user_lands,user_4,user_lands user_hand,user_lands: log_only=['mountain'] engine_only=[] ; user_hand: log_only=[] engine_only=['bedhead beastie'],4,3,0,0,3,3,3,0,0,0,3,0,1,ok,140
1045,1,12,5,user_life,oppo_6,user_life user_creatures user_hand,user_life: log=17 engine=15 ; user_creatures: log_only=['enduring curiosity'] engine_only=[] ; user_hand: log_only=[] engine_only=['enduring curiosity'],7,3,1,0,5,3,0,1,2,0,0,1,2,ok,385
1046,1,13,1,user_hand,user_2,user_hand,user_hand: log_only=['swamp'] engine_only=['forest'],5,1,1,0,1,1,0,0,0,0,0,0,0,ok,772
1047,1,10,3,user_noncreatures,user_4,user_noncreatures,user_noncreatures: log_only=[] engine_only=['unable to scream'],6,2,3,2,3,3,0,0,1,0,0,0,0,ok,348
1048,1,12,2,user_noncreatures,oppo_3,user_noncreatures user_hand,user_noncreatures: log_only=['nowhere to run'] engine_only=[] ; user_hand: log_only=[] engine_only=['nowhere to run'],5,1,0,0,2,1,1,0,1,0,1,0,0,ok,421
1049,1,12,5,user_hand,oppo_6,user_hand oppo_hand,user_hand: log_only=['unnerving grasp'] engine_only=['meat locker'] ; oppo_hand: log=1 engine=3,6,2,1,0,4,4,0,0,2,2,0,0,2,ok,506
1050,1,10,4,user_creatures,oppo_5,user_creatures,user_creatures: log_only=[] engine_only=['bottomless pool'],5,2,1,0,4,2,0,0,2,0,0,0,1,ok,1939
1051,1,4,3,user_life,oppo_4,user_life oppo_hand,user_life: log=14 engine=17 ; oppo_hand: log=3 engine=4,2,2,0,0,3,2,0,0,1,0,0,0,3,ok,190
1052,1,6,2,user_creatures,oppo_3,user_creatures user_hand,user_creatures: log_only=['wildfire wickerfolk'] engine_only=['irreverent gremlin'] ; user_hand: log_only=['irreverent gremlin'] engine_only=['wildfire wickerfolk'],5,2,1,0,3,2,2,0,1,0,2,0,0,ok,273
1053,1,11,2,user_life,oppo_3,user_life,user_life: log=16 engine=17,6,0,3,0,2,0,0,0,2,0,0,0,0,ok,584
1054,1,11,3,user_creatures,user_4,user_creatures,user_creatures: log_only=['fear of surveillance'] engine_only=[],7,2,3,0,3,3,1,0,1,0,1,0,0,ok,808
1055,1,14,5,oppo_hand,oppo_6,oppo_hand,oppo_hand: log=2 engine=3,7,3,3,0,4,4,0,0,1,1,0,0,2,ok,627
1056,1,9,4,user_life,oppo_5,user_life user_creatures user_hand oppo_hand,"user_life: log=17 engine=18 ; user_creatures: log_only=[] engine_only=['erratic apparition'] ; user_hand: log_only=['island', 'swamp'] engine_only=['murder', ""winter's intervention""] ; oppo_hand: log=4 engine=5",6,3,2,0,4,3,4,0,1,0,4,0,2,ok,369
1057,1,11,2,oppo_hand,oppo_3,oppo_hand,oppo_hand: log=4 engine=5,6,1,2,0,2,1,0,0,1,0,0,0,1,ok,348
1058,1,7,2,oppo_life,user_3,oppo_life user_hand,oppo_life: log=17 engine=18 ; user_hand: log_only=['forest'] engine_only=[],3,0,3,0,2,0,0,0,2,0,0,0,0,ok,160
1059,1,7,3,user_creatures,oppo_4,user_creatures user_hand,user_creatures: log_only=['glimmer'] engine_only=[] ; user_hand: log_only=['grand entryway'] engine_only=[],5,2,2,0,4,2,1,0,2,0,1,0,1,ok,204
1060,1,9,1,user_noncreatures,user_2,user_noncreatures user_hand,user_noncreatures: log_only=['overlord of the balemurk'] engine_only=[] ; user_hand: log_only=['patched plaything'] engine_only=['overlord of the balemurk'],8,0,2,0,1,0,0,0,1,0,0,0,1,ok,294
1061,1,9,1,user_hand,oppo_2,user_hand,"user_hand: log_only=[] engine_only=[""don't make a sound""]",4,0,0,0,2,0,0,0,2,0,0,0,1,ok,314
1062,1,8,2,user_hand,oppo_3,user_hand,user_hand: log_only=['forest'] engine_only=['slavering branchsnapper'],4,0,2,0,2,0,0,0,2,0,0,0,0,ok,285
1063,1,10,3,user_creatures,user_4,user_creatures user_hand,user_creatures: log_only=['plains'] engine_only=[] ; user_hand: log_only=[] engine_only=['manifest dread'],4,2,1,0,3,2,0,0,1,0,0,0,2,ok,313
1064,1,8,4,user_life,oppo_5,user_life user_creatures user_hand,"user_life: log=17 engine=15 ; user_creatures: log_only=[] engine_only=['glimmer'] ; user_hand: log_only=['fear of surveillance', 'island'] engine_only=['etched cornfield', 'plains']",6,3,0,0,4,3,2,0,1,0,2,0,1,ok,280
1065,1,8,2,oppo_life,user_3,oppo_life,oppo_life: log=16 engine=17,6,2,1,0,2,2,2,0,0,0,2,0,0,ok,286
1066,1,13,4,oppo_hand,oppo_5,oppo_hand,oppo_hand: log=4 engine=5,7,3,4,1,4,3,1,0,1,0,1,0,1,ok,356
1067,1,7,3,user_creatures,oppo_4,user_creatures,user_creatures: log_only=[] engine_only=['glimmerlight'],3,1,1,0,3,1,0,0,2,0,0,0,1,ok,161
1068,1,11,2,user_hand,user_3,user_hand,user_hand: log_only=['grasping longneck'] engine_only=['fear of burning alive'],6,1,0,0,2,1,0,1,1,0,0,1,0,ok,370
1069,1,12,5,oppo_hand,oppo_6,oppo_hand,oppo_hand: log=4 engine=2,6,4,2,0,4,5,1,1,1,0,1,1,0,ok,371
1070,1,4,3,user_hand,user_4,user_hand,user_hand: log_only=['smoky lounge'] engine_only=[],0,0,0,0,3,0,0,0,3,0,0,0,0,ok,82
1071,1,8,3,oppo_hand,oppo_4,oppo_hand,oppo_hand: log=5 engine=6,5,2,3,0,3,2,1,0,1,0,1,0,2,ok,168
1072,1,8,2,oppo_hand,user_3,oppo_hand,oppo_hand: log=4 engine=5,5,1,0,0,2,1,0,0,1,0,0,0,0,ok,238
1073,1,9,4,oppo_life,user_5,oppo_life user_creatures,oppo_life: log=16 engine=17 ; user_creatures: log_only=['razorkin needlehead'] engine_only=[],5,3,2,0,4,3,1,0,1,0,1,0,0,ok,275
1074,1,6,5,oppo_hand,oppo_6,oppo_hand,oppo_hand: log=8 engine=7,2,2,0,0,4,3,9,0,2,1,9,0,0,ok,107
1075,1,8,3,user_life,user_4,user_life oppo_life user_creatures,"user_life: log=21 engine=20 ; oppo_life: log=19 engine=20 ; user_creatures: log_only=[""betrayer's bargain"", 'popular egotist'] engine_only=['innocuous rat']",4,2,1,0,3,2,0,0,1,0,0,0,0,ok,222
1076,1,10,3,user_lands,user_4,user_lands user_hand,user_lands: log_only=['island'] engine_only=[] ; user_hand: log_only=[] engine_only=['island'],6,2,2,1,3,2,0,0,1,0,0,0,1,ok,305
1077,1,5,1,oppo_hand,oppo_2,oppo_hand,oppo_hand: log=6 engine=7,1,1,1,0,2,1,2,0,1,0,2,0,1,ok,52
1078,1,9,3,user_life,oppo_4,user_life,user_life: log=14 engine=16,4,2,1,0,3,2,0,0,1,0,0,0,0,ok,254
1079,1,15,2,user_lands,user_3,user_lands user_noncreatures user_hand,user_lands: log_only=['forest'] engine_only=[] ; user_noncreatures: log_only=[] engine_only=['glimmerlight'] ; user_hand: log_only=['glimmerlight'] engine_only=['forest'],9,1,2,0,2,1,0,0,1,0,0,0,0,ok,440
1080,1,7,2,user_lands,user_3,user_lands user_noncreatures user_hand,user_lands: log_only=['forest'] engine_only=[] ; user_noncreatures: log_only=['treasure'] engine_only=[] ; user_hand: log_only=[] engine_only=['slavering branchsnapper'],4,2,1,0,2,2,1,0,0,0,1,0,1,ok,260
1081,1,8,5,user_life,user_6,user_life oppo_life user_lands user_hand,user_life: log=18 engine=16 ; oppo_life: log=16 engine=18 ; user_lands: log_only=['island'] engine_only=[] ; user_hand: log_only=['moldering gym'] engine_only=['island'],6,4,1,0,5,4,1,1,1,0,1,1,2,ok,224
1082,1,9,3,user_creatures,oppo_4,user_creatures,user_creatures: log_only=['glimmer'] engine_only=['unsettling twins'],4,2,2,0,4,2,2,0,2,0,2,0,0,ok,227
1083,1,13,4,oppo_life,user_5,oppo_life user_creatures user_noncreatures user_hand oppo_hand,"oppo_life: log=15 engine=17 ; user_creatures: log_only=['clockwork percussionist'] engine_only=[] ; user_noncreatures: log_only=[] engine_only=['disturbing mirth'] ; user_hand: log_only=[] engine_only=['cynical loner', ""painter's studio""] ; oppo_hand: log=5 engine=6",6,2,1,0,4,2,3,0,2,0,3,0,2,ok,209
1084,1,8,2,user_lands,user_3,user_lands user_creatures user_hand,"user_lands: log_only=['forest'] engine_only=[] ; user_creatures: log_only=['cryptid inspector'] engine_only=[] ; user_hand: log_only=[] engine_only=['forest', 'manifest dread']",5,1,2,0,2,1,0,0,1,0,0,0,2,ok,94
1085,1,7,2,user_creatures,oppo_3,user_creatures user_hand,user_creatures: log_only=['fear of surveillance'] engine_only=['irreverent gremlin'] ; user_hand: log_only=['irreverent gremlin'] engine_only=['fear of surveillance'],5,2,1,0,3,2,1,0,1,0,1,0,0,ok,138
1086,1,10,2,user_hand,oppo_3,user_hand,user_hand: log_only=['island'] engine_only=['daggermaw megalodon'],4,0,0,0,2,0,0,0,2,0,0,0,0,ok,76
1087,1,8,3,user_life,oppo_4,user_life oppo_hand,user_life: log=14 engine=18 ; oppo_hand: log=2 engine=3,5,2,2,1,3,2,0,0,1,0,0,0,2,ok,145
1088,1,7,4,oppo_life,user_5,oppo_life,oppo_life: log=10 engine=12,5,3,2,1,4,4,2,0,1,0,2,0,1,ok,139
1089,1,6,5,user_creatures,oppo_6,user_creatures user_noncreatures oppo_hand,"user_creatures: log_only=['the mindskinner'] engine_only=[] ; user_noncreatures: log_only=[""shardmage's rescue""] engine_only=[] ; oppo_hand: log=1 engine=2",4,4,1,1,6,4,3,0,2,0,3,0,2,ok,120
1090,1,7,5,user_creatures,user_6,user_creatures,"user_creatures: log_only=[] engine_only=['defiant survivor', 'wildfire wickerfolk']",5,3,1,1,4,4,5,1,1,1,5,1,1,ok,111
1091,1,8,5,user_life,oppo_6,user_life oppo_hand,user_life: log=9 engine=10 ; oppo_hand: log=3 engine=1,5,4,2,1,4,5,1,0,1,0,1,0,0,ok,255
1092,1,8,4,user_creatures,user_5,user_creatures user_hand,user_creatures: log_only=['fear of impostors'] engine_only=[] ; user_hand: log_only=['island'] engine_only=['creeping peeper'],6,2,2,0,4,2,0,0,2,0,0,0,0,ok,399
1093,1,11,3,user_hand,user_4,user_hand,user_hand: log_only=['chainsaw'] engine_only=[],8,2,5,1,3,2,1,0,1,0,1,0,1,ok,331
1094,1,11,3,user_life,oppo_4,user_life user_hand,user_life: log=17 engine=20 ; user_hand: log_only=['twist reality'] engine_only=['island'],6,1,3,0,4,1,0,0,3,0,0,0,1,ok,385
1095,1,10,4,user_creatures,oppo_5,user_creatures,"user_creatures: log_only=['vicious clown'] engine_only=['arabella, abandoned doll']",5,3,0,0,4,4,1,0,1,0,1,0,0,ok,893
1096,1,10,3,oppo_life,user_4,oppo_life user_creatures user_hand,oppo_life: log=18 engine=20 ; user_creatures: log_only=['spineseeker centipede'] engine_only=[] ; user_hand: log_only=[] engine_only=['wildfire wickerfolk'],5,1,1,0,3,1,0,0,2,0,0,0,3,ok,235
1097,1,7,3,user_creatures,oppo_4,user_creatures user_noncreatures user_hand,"user_creatures: log_only=['arabella, abandoned doll'] engine_only=[] ; user_noncreatures: log_only=['ethereal armor', ""shardmage's rescue""] engine_only=[] ; user_hand: log_only=[] engine_only=[""shardmage's rescue""]",4,2,1,1,3,2,0,0,1,0,0,0,0,ok,129
1098,1,10,3,user_hand,oppo_4,user_hand oppo_hand,user_hand: log_only=[] engine_only=['get out'] ; oppo_hand: log=4 engine=5,1,0,4,0,3,0,0,0,3,0,0,0,2,ok,219
1099,1,7,2,user_creatures,user_3,user_creatures,user_creatures: log_only=['rampaging soulrager'] engine_only=[],4,2,1,0,2,2,0,0,0,0,0,0,0,ok,121
1100,1,7,3,oppo_life,user_4,oppo_life user_hand,oppo_life: log=16 engine=20 ; user_hand: log_only=['monstrous emergence'] engine_only=['swamp'],5,2,0,0,3,2,0,0,1,0,0,0,3,ok,1297
1101,1,7,5,user_life,oppo_6,user_life oppo_hand,user_life: log=15 engine=20 ; oppo_hand: log=1 engine=2,6,4,0,0,5,4,3,0,1,0,3,0,4,ok,712
1102,1,10,3,oppo_life,user_4,oppo_life user_lands user_creatures user_noncreatures user_hand,"oppo_life: log=14 engine=11 ; user_lands: log_only=['forest'] engine_only=[] ; user_creatures: log_only=['scorching dragonfire'] engine_only=['piggy bank'] ; user_noncreatures: log_only=['treasure'] engine_only=[] ; user_hand: log_only=['insidious fungus'] engine_only=['manifest dread', 'say its name']",7,3,0,0,3,3,4,0,0,0,4,0,4,ok,602
1103,1,9,4,user_creatures,oppo_5,user_creatures,user_creatures: log_only=['glimmer'] engine_only=[],6,2,1,0,5,2,0,0,3,0,0,0,0,ok,365
1104,1,8,3,user_hand,user_4,user_hand,user_hand: log_only=['waltz of rage'] engine_only=['mountain'],6,2,2,0,3,2,3,0,1,0,3,0,0,ok,379
1105,1,10,3,user_hand,oppo_4,user_hand,user_hand: log_only=['forest'] engine_only=['slavering branchsnapper'],4,0,1,1,3,1,0,0,3,0,0,0,0,ok,331
1106,1,6,3,user_creatures,oppo_4,user_creatures,"user_creatures: log_only=['toby, beastie befriender'] engine_only=['beast']",3,1,1,0,3,1,0,0,2,0,0,0,0,ok,275
1107,1,8,3,user_hand,user_4,user_hand,user_hand: log_only=['jump scare'] engine_only=['scorching dragonfire'],4,1,0,0,3,1,0,0,2,0,0,0,0,ok,276
1108,1,7,5,user_creatures,oppo_6,user_creatures user_noncreatures user_hand,user_creatures: log_only=['bashful beastie'] engine_only=[] ; user_noncreatures: log_only=['frantic strength'] engine_only=[] ; user_hand: log_only=[] engine_only=['frantic strength'],5,5,1,1,5,5,5,0,0,0,5,0,0,ok,313
1109,1,10,2,user_creatures,user_3,user_creatures,user_creatures: log_only=['forest'] engine_only=['ripchain razorkin'],7,0,2,0,2,0,0,0,2,0,0,0,0,ok,313
1110,1,9,4,user_lands,user_5,user_lands user_hand,user_lands: log_only=['terramorphic expanse'] engine_only=[] ; user_hand: log_only=[] engine_only=['fear of burning alive'],6,3,2,0,4,3,1,0,1,0,1,0,1,ok,313
1111,1,10,4,oppo_hand,oppo_5,oppo_hand,oppo_hand: log=2 engine=3,7,3,2,1,4,3,0,1,1,0,0,1,1,ok,250
1112,1,14,2,user_hand,user_3,user_hand,user_hand: log_only=['bleeding woods'] engine_only=['forest'],11,2,3,1,2,2,0,0,0,0,0,0,0,ok,829
1113,1,9,2,oppo_life,user_3,oppo_life user_creatures,oppo_life: log=17 engine=18 ; user_creatures: log_only=['the swarmweaver'] engine_only=[],3,1,2,0,2,1,0,0,1,0,0,0,0,ok,235
1114,1,6,3,user_life,user_4,user_life oppo_life,user_life: log=28 engine=27 ; oppo_life: log=12 engine=13,4,1,2,1,2,2,1,0,1,0,1,0,0,ok,215
1115,1,9,2,oppo_life,user_3,oppo_life user_creatures oppo_hand,"oppo_life: log=20 engine=19 ; user_creatures: log_only=['mountain'] engine_only=['glimmer', 'vicious clown'] ; oppo_hand: log=4 engine=5",5,2,2,0,2,2,0,0,0,0,0,0,2,ok,300
1116,1,9,8,oppo_life,user_9,oppo_life user_creatures oppo_hand,"oppo_life: log=6 engine=-1 ; user_creatures: log_only=[] engine_only=['hand that feeds', 'infernal phantom'] ; oppo_hand: log=1 engine=0",4,4,2,2,6,7,4,0,2,2,4,0,4,ok,163
1117,1,9,2,user_creatures,oppo_3,user_creatures,user_creatures: log_only=[] engine_only=['irreverent gremlin'],4,1,1,0,2,1,0,0,1,0,0,0,0,ok,197
1118,1,6,1,user_hand,user_2,user_hand,user_hand: log_only=['swamp'] engine_only=['spineseeker centipede'],5,0,0,0,1,0,0,0,1,0,0,0,0,ok,173
1119,1,9,3,user_creatures,oppo_4,user_creatures,user_creatures: log_only=[] engine_only=['acrobatic cheerleader'],5,1,2,1,3,1,0,0,2,0,0,0,0,ok,264
1120,1,7,5,oppo_life,user_6,oppo_life user_creatures user_hand oppo_hand,"oppo_life: log=11 engine=9 ; user_creatures: log_only=['swamp'] engine_only=['spineseeker centipede', 'the swarmweaver'] ; user_hand: log_only=['drag to the roots', 'the swarmweaver'] engine_only=['fear of lost teeth', 'final vengeance'] ; oppo_hand: log=6 engine=7",4,3,0,0,5,4,5,0,2,0,5,0,2,ok,153
1121,1,11,3,user_life,oppo_4,user_life user_creatures,user_life: log=13 engine=11 ; user_creatures: log_only=[] engine_only=['gremlin tamer'],6,1,1,0,2,2,0,0,1,1,0,0,0,ok,429
1122,1,8,2,user_lands,oppo_3,user_lands user_hand,"user_lands: log_only=['forest'] engine_only=[] ; user_hand: log_only=[] engine_only=['altanak, the thrice-called']",5,1,0,0,3,1,1,0,2,0,1,0,0,ok,207
1123,1,12,3,user_creatures,user_4,user_creatures user_hand,user_creatures: log_only=['possessed goat'] engine_only=[] ; user_hand: log_only=[] engine_only=['possessed goat'],5,1,3,0,3,1,0,0,2,0,0,0,1,ok,298
1124,1,5,4,oppo_hand,user_5,oppo_hand,oppo_hand: log=1 engine=2,4,3,1,1,4,3,3,0,1,0,3,0,2,ok,106
1125,1,12,2,user_hand,oppo_3,user_hand,user_hand: log_only=['swamp'] engine_only=['spectral snatcher'],8,0,0,0,2,0,0,0,2,0,0,0,0,ok,218
1126,1,7,3,oppo_life,oppo_4,oppo_life oppo_hand,oppo_life: log=19 engine=20 ; oppo_hand: log=4 engine=5,4,2,3,0,3,2,0,0,1,0,0,0,1,ok,165
1127,1,9,2,user_creatures,oppo_3,user_creatures,user_creatures: log_only=[] engine_only=['house cartographer'],7,1,0,0,2,1,0,0,1,0,0,0,0,ok,290
1128,1,6,3,user_hand,oppo_4,user_hand,user_hand: log_only=['island'] engine_only=['daggermaw megalodon'],3,2,1,1,3,2,0,0,1,0,0,0,1,ok,134
1129,1,7,4,user_hand,oppo_5,user_hand,user_hand: log_only=['grand entryway'] engine_only=['fear of isolation'],5,3,0,0,4,3,2,1,1,0,2,1,0,ok,139
1130,1,10,3,user_creatures,user_4,user_creatures,user_creatures: log_only=['mountain'] engine_only=['irreverent gremlin'],4,1,2,0,3,1,1,0,2,0,1,0,0,ok,249
1131,1,10,2,user_hand,user_3,user_hand,user_hand: log_only=['mountain'] engine_only=[],6,1,3,0,2,1,0,0,1,0,0,0,1,ok,237
1132,1,6,3,user_life,oppo_4,user_life oppo_hand,user_life: log=17 engine=20 ; oppo_hand: log=2 engine=3,4,3,0,0,4,3,0,0,1,0,0,0,2,ok,157
1133,1,11,6,user_creatures,oppo_7,user_creatures user_noncreatures oppo_hand,user_creatures: log_only=['spectral snatcher'] engine_only=[] ; user_noncreatures: log_only=[] engine_only=['roaring furnace'] ; oppo_hand: log=2 engine=1,4,4,3,2,7,5,0,0,3,0,0,0,0,ok,407
1134,1,10,4,user_lands,user_5,user_lands user_creatures,user_lands: log_only=['plains'] engine_only=['forest'] ; user_creatures: log_only=['forest'] engine_only=['tunnel surveyor'],4,1,1,1,3,2,3,0,2,0,3,0,0,ok,701
1135,1,11,3,user_creatures,user_4,user_creatures,user_creatures: log_only=['plains'] engine_only=['fear of lost teeth'],5,0,1,0,3,0,0,0,3,0,0,0,0,ok,216
1136,1,8,3,user_creatures,oppo_4,user_creatures,user_creatures: log_only=[] engine_only=['fear of surveillance'],3,3,0,0,4,4,2,0,1,0,2,0,0,ok,187
1137,1,10,4,user_life,oppo_5,user_life oppo_life,user_life: log=14 engine=19 ; oppo_life: log=21 engine=16,7,3,1,1,4,4,4,0,2,0,4,0,3,ok,277
1138,1,5,4,oppo_life,user_5,oppo_life user_creatures,oppo_life: log=8 engine=5 ; user_creatures: log_only=['grasping longneck'] engine_only=['wildfire wickerfolk'],4,3,1,0,4,4,3,0,1,0,3,0,1,ok,88
1139,1,8,2,user_hand,user_3,user_hand,user_hand: log_only=['mountain'] engine_only=[],6,2,0,0,2,2,1,1,0,0,1,1,0,ok,131
1140,1,11,3,user_life,oppo_4,user_life user_noncreatures user_hand,user_life: log=18 engine=19 ; user_noncreatures: log_only=['nowhere to run'] engine_only=[] ; user_hand: log_only=[] engine_only=['nowhere to run'],5,1,2,0,3,1,0,0,2,0,0,0,0,ok,255
1141,1,9,3,user_hand,user_4,user_hand,user_hand: log_only=['shrewd storyteller'] engine_only=['etched cornfield'],4,1,0,0,3,1,0,0,2,0,0,0,0,ok,148
1142,1,8,4,user_life,oppo_5,user_life,user_life: log=20 engine=22,5,3,0,0,4,3,0,0,1,0,0,0,0,ok,202
1143,1,7,1,user_creatures,oppo_2,user_creatures,user_creatures: log_only=[] engine_only=['overgrown zealot'],6,1,1,0,2,1,0,0,1,0,0,0,0,ok,147
1144,1,11,2,oppo_life,user_3,oppo_life user_creatures user_noncreatures,oppo_life: log=18 engine=19 ; user_creatures: log_only=['clockwork percussionist'] engine_only=[] ; user_noncreatures: log_only=['surgical suite'] engine_only=[],7,1,0,0,2,1,2,0,1,0,2,0,1,ok,283
1145,1,8,2,user_creatures,user_3,user_creatures,user_creatures: log_only=[] engine_only=['wildfire wickerfolk'],6,1,1,0,2,1,1,0,1,0,1,0,0,ok,156
1146,1,8,3,user_life,oppo_4,user_life,user_life: log=14 engine=16,5,2,1,0,3,2,0,0,1,0,0,0,0,ok,177
1147,1,13,2,user_hand,user_3,user_hand,user_hand: log_only=['tunnel surveyor'] engine_only=['grand entryway'],6,1,1,0,2,1,0,0,1,0,0,0,1,ok,268
1148,1,9,2,user_life,oppo_3,user_life,user_life: log=17 engine=20,4,1,2,0,3,1,0,0,2,0,0,0,0,ok,273
1149,1,8,3,oppo_hand,oppo_4,oppo_hand,oppo_hand: log=3 engine=4,7,2,4,0,3,2,0,0,1,0,0,0,2,ok,266
1150,1,17,2,user_hand,oppo_3,user_hand,"user_hand: log_only=[] engine_only=[""don't make a sound""]",4,0,4,0,2,0,0,0,2,0,0,0,1,ok,2266
1151,1,6,3,user_life,oppo_4,user_life,user_life: log=16 engine=12,3,3,0,0,3,4,0,0,0,1,0,0,1,ok,546
1152,1,10,1,user_hand,user_2,user_hand,user_hand: log_only=['forest'] engine_only=['cautious survivor'],4,0,1,0,1,0,0,0,1,0,0,0,0,ok,489
1153,1,14,1,oppo_life,user_2,oppo_life,oppo_life: log=18 engine=19,7,1,1,0,1,1,0,0,0,0,0,0,0,ok,430
1154,1,14,4,user_creatures,oppo_5,user_creatures user_noncreatures,user_creatures: log_only=['fear of surveillance'] engine_only=[] ; user_noncreatures: log_only=[] engine_only=['meat locker'],6,3,0,0,4,4,1,0,1,1,1,0,1,ok,481
1155,1,5,3,oppo_life,user_4,oppo_life,oppo_life: log=14 engine=16,4,2,1,0,3,2,1,0,1,0,1,0,0,ok,166
1156,1,6,4,user_creatures,user_5,user_creatures,user_creatures: log_only=['cryptid inspector'] engine_only=[],2,1,0,0,3,1,0,0,2,0,0,0,0,ok,144
1157,1,8,3,user_hand,oppo_4,user_hand,"user_hand: log_only=['floodpits drowner', 'twist reality'] engine_only=['intruding soulrager', 'pyroclasm']",4,3,1,0,4,3,3,0,1,0,3,0,0,ok,297
1158,1,9,3,user_hand,user_4,user_hand,user_hand: log_only=['fear of immobility'] engine_only=['trapped in the screen'],5,1,0,0,3,1,0,0,2,0,0,0,0,ok,227
1159,1,12,3,user_life,oppo_4,user_life,user_life: log=17 engine=20,8,2,1,0,3,2,0,0,1,0,0,0,1,ok,520
1160,1,8,1,user_hand,user_2,user_hand,"user_hand: log_only=['altanak, the thrice-called'] engine_only=['terramorphic expanse']",6,0,1,0,1,0,0,0,1,0,0,0,0,ok,213
1161,1,8,4,user_creatures,user_5,user_creatures user_hand,user_creatures: log_only=['horror'] engine_only=[] ; user_hand: log_only=['sawblade skinripper'] engine_only=[],5,2,3,1,4,3,0,0,2,0,0,0,0,ok,223
1162,1,7,3,user_life,oppo_4,user_life user_creatures oppo_hand,user_life: log=11 engine=12 ; user_creatures: log_only=['swamp'] engine_only=['glassworks'] ; oppo_hand: log=2 engine=3,2,1,1,0,3,1,0,0,2,0,0,0,2,ok,179
1163,1,10,3,user_life,user_4,user_life oppo_life user_creatures oppo_hand,user_life: log=19 engine=20 ; oppo_life: log=20 engine=16 ; user_creatures: log_only=[] engine_only=['vicious clown'] ; oppo_hand: log=4 engine=5,6,2,2,0,3,2,0,0,1,0,0,0,1,ok,242
1164,1,9,3,oppo_life,user_4,oppo_life user_creatures oppo_hand,oppo_life: log=17 engine=13 ; user_creatures: log_only=[] engine_only=['vicious clown'] ; oppo_hand: log=3 engine=4,6,2,2,0,3,2,0,0,1,0,0,0,2,ok,237
1165,1,9,5,user_life,user_6,user_life oppo_life,user_life: log=19 engine=20 ; oppo_life: log=7 engine=6,7,4,0,0,5,5,3,1,1,0,3,1,4,ok,370
1166,1,9,5,oppo_life,user_6,oppo_life user_lands user_creatures user_noncreatures user_hand,"oppo_life: log=10 engine=13 ; user_lands: log_only=['island'] engine_only=[] ; user_creatures: log_only=['glimmer'] engine_only=[] ; user_noncreatures: log_only=['grand entryway'] engine_only=[] ; user_hand: log_only=[] engine_only=['grand entryway', 'island']",7,3,2,0,5,3,3,0,2,0,3,0,3,ok,285
1167,1,8,2,user_life,oppo_3,user_life user_creatures,user_life: log=20 engine=18 ; user_creatures: log_only=[] engine_only=['fear of surveillance'],4,0,2,0,3,0,0,0,3,0,0,0,1,ok,204
1168,1,12,5,user_hand,oppo_6,user_hand oppo_hand,"user_hand: log_only=[] engine_only=[""betrayer's bargain""] ; oppo_hand: log=2 engine=3",5,3,1,0,5,4,2,0,2,0,2,0,3,ok,446
1169,1,5,2,oppo_life,oppo_3,oppo_life oppo_hand,oppo_life: log=16 engine=17 ; oppo_hand: log=3 engine=4,4,1,2,0,2,1,1,0,1,0,1,0,1,ok,174
1170,1,7,3,user_life,user_4,user_life oppo_life user_creatures user_hand,user_life: log=27 engine=24 ; oppo_life: log=8 engine=11 ; user_creatures: log_only=['orphans of the wheat'] engine_only=[] ; user_hand: log_only=[] engine_only=['orphans of the wheat'],4,2,0,0,3,3,1,0,1,0,1,0,1,ok,169
1171,1,12,5,oppo_hand,oppo_6,oppo_hand,oppo_hand: log=2 engine=1,6,3,3,2,5,4,0,0,2,0,0,0,1,ok,546
1172,1,17,2,user_hand,user_3,user_hand,user_hand: log_only=['saw'] engine_only=['boilerbilges ripper'],7,1,2,0,2,1,0,0,1,0,0,0,0,ok,529
1173,1,9,2,user_life,oppo_3,user_life user_creatures user_hand oppo_hand,user_life: log=19 engine=18 ; user_creatures: log_only=[] engine_only=['friendly teddy'] ; user_hand: log_only=['fear of immobility'] engine_only=[] ; oppo_hand: log=5 engine=4,6,1,1,0,2,1,0,0,1,0,0,0,0,ok,414
1174,1,11,4,user_hand,oppo_5,user_hand,"user_hand: log_only=[] engine_only=[""don't make a sound""]",5,1,0,0,4,1,2,0,3,0,2,0,2,ok,294
1175,1,3,3,,,,,1,1,0,0,2,1,0,0,1,0,0,0,0,ok,20
1176,1,10,2,user_lands,user_3,user_lands user_hand,user_lands: log_only=['island'] engine_only=[] ; user_hand: log_only=[] engine_only=['daggermaw megalodon'],6,1,1,0,2,1,0,0,1,0,0,0,1,ok,270
1177,1,11,2,user_life,oppo_3,user_life user_creatures,user_life: log=18 engine=20 ; user_creatures: log_only=[] engine_only=['defiant survivor'],5,2,1,0,3,2,1,0,1,0,1,0,0,ok,211
1178,1,9,3,oppo_life,user_4,oppo_life,oppo_life: log=15 engine=16,4,2,2,0,3,3,1,0,1,0,1,0,0,ok,295
1179,1,7,1,user_hand,user_2,user_hand,user_hand: log_only=['moldering gym'] engine_only=['tunnel surveyor'],5,0,0,0,1,0,0,0,1,0,0,0,0,ok,164
1180,1,11,7,oppo_life,user_8,oppo_life user_creatures oppo_hand,oppo_life: log=11 engine=2 ; user_creatures: log_only=[] engine_only=['fear of immobility'] ; oppo_hand: log=3 engine=4,3,2,2,0,5,4,6,0,3,2,6,0,1,ok,182
1181,1,9,4,user_life,user_5,user_life user_noncreatures,user_life: log=18 engine=20 ; user_noncreatures: log_only=['unable to scream'] engine_only=[],6,2,3,0,3,3,1,0,1,1,1,0,0,ok,248
1182,1,8,2,user_creatures,user_3,user_creatures,user_creatures: log_only=['plains'] engine_only=[],4,2,1,0,2,2,0,0,0,0,0,0,1,ok,202
1183,1,7,2,user_lands,user_3,user_lands user_hand,user_lands: log_only=['forest'] engine_only=[] ; user_hand: log_only=[] engine_only=['slavering branchsnapper'],5,1,0,0,2,1,0,0,1,0,0,0,2,ok,106
1184,1,9,3,user_life,oppo_4,user_life,user_life: log=10 engine=11,4,1,0,0,2,2,0,0,1,1,0,0,0,ok,108
1185,1,8,2,user_hand,oppo_3,user_hand,"user_hand: log_only=[] engine_only=[""don't make a sound""]",4,0,0,0,2,0,0,0,2,0,0,0,1,ok,166
1186,1,11,3,oppo_life,user_4,oppo_life,oppo_life: log=16 engine=17,7,2,2,0,3,2,1,0,1,0,1,0,1,ok,366
1187,1,10,2,user_hand,oppo_3,user_hand,user_hand: log_only=['swamp'] engine_only=['final vengeance'],5,1,3,0,2,1,0,0,1,0,0,0,0,ok,165
1188,1,11,2,user_hand,user_3,user_hand,user_hand: log_only=['irreverent gremlin'] engine_only=['underwater tunnel'],4,1,0,0,2,1,0,0,1,0,0,0,0,ok,252
1189,1,12,4,user_life,oppo_5,user_life user_creatures user_hand,user_life: log=18 engine=16 ; user_creatures: log_only=['enduring curiosity'] engine_only=[] ; user_hand: log_only=[] engine_only=['enduring curiosity'],8,1,1,1,4,1,1,0,3,0,1,0,2,ok,203
1190,1,9,7,oppo_life,user_8,oppo_life,oppo_life: log=12 engine=17,6,4,3,2,7,6,1,1,3,0,1,1,1,ok,168
1191,1,12,3,user_creatures,oppo_4,user_creatures,user_creatures: log_only=[] engine_only=['dissection tools'],5,0,5,0,3,0,0,0,3,0,0,0,0,ok,416
1192,1,14,5,user_creatures,oppo_6,user_creatures oppo_hand,user_creatures: log_only=[] engine_only=['glimmerlight'] ; oppo_hand: log=3 engine=5,4,2,5,3,4,5,3,0,3,0,3,0,1,ok,261
1193,1,11,3,user_lands,user_4,user_lands user_hand,user_lands: log_only=['island'] engine_only=[] ; user_hand: log_only=[] engine_only=['cryptid inspector'],4,1,1,0,3,1,1,0,2,0,1,0,1,ok,682
1194,1,7,3,user_creatures,oppo_4,user_creatures,user_creatures: log_only=['razorkin needlehead'] engine_only=[],3,1,2,0,4,1,3,0,3,0,3,0,0,ok,141
1195,1,10,6,user_lands,user_7,user_lands user_creatures oppo_hand,"user_lands: log_only=['mountain'] engine_only=[] ; user_creatures: log_only=['diversion specialist', 'hand that feeds'] engine_only=['friendly teddy', 'mountain'] ; oppo_hand: log=5 engine=4",5,2,3,1,6,3,0,0,4,0,0,0,1,ok,175
1196,1,6,3,oppo_life,user_4,oppo_life user_creatures user_hand,"oppo_life: log=14 engine=13 ; user_creatures: log_only=['gremlin', 'gremlin', 'gremlin tamer'] engine_only=[] ; user_hand: log_only=[] engine_only=['gremlin tamer']",4,2,0,0,3,2,2,0,1,0,2,0,1,ok,107
1197,1,10,2,oppo_life,user_3,oppo_life,oppo_life: log=20 engine=19,4,0,3,1,2,1,0,0,2,0,0,0,0,ok,182
1198,1,13,4,user_creatures,user_5,user_creatures oppo_hand,user_creatures: log_only=[] engine_only=['most valuable slayer'] ; oppo_hand: log=1 engine=2,9,2,0,0,4,2,0,0,2,0,0,0,2,ok,410
1199,1,12,2,user_creatures,oppo_3,user_creatures oppo_hand,user_creatures: log_only=[] engine_only=['popular egotist'] ; oppo_hand: log=5 engine=6,5,2,1,0,3,2,1,0,1,0,1,0,1,ok,295
1200,1,9,1,user_hand,user_2,user_hand,user_hand: log_only=['twist reality'] engine_only=['island'],8,0,0,0,1,0,0,0,1,0,0,0,0,ok,1416
1201,1,10,3,oppo_life,user_4,oppo_life,oppo_life: log=17 engine=16,6,2,1,0,3,2,2,0,1,0,2,0,0,ok,745
1202,1,9,1,user_noncreatures,oppo_2,user_noncreatures user_hand,user_noncreatures: log_only=['bear trap'] engine_only=[] ; user_hand: log_only=[] engine_only=['bear trap'],4,0,1,0,1,0,0,0,1,0,0,0,0,ok,407
1203,1,10,2,user_creatures,user_3,user_creatures user_hand,"user_creatures: log_only=['glimmer', 'tunnel surveyor'] engine_only=[] ; user_hand: log_only=[] engine_only=['tunnel surveyor']",3,1,2,0,2,1,0,0,1,0,0,0,1,ok,413
1204,1,6,2,oppo_life,user_3,oppo_life user_creatures oppo_hand,oppo_life: log=17 engine=15 ; user_creatures: log_only=[] engine_only=['hand that feeds'] ; oppo_hand: log=6 engine=7,5,2,0,0,2,2,2,0,0,0,2,0,1,ok,234
1205,1,8,2,user_creatures,user_3,user_creatures,user_creatures: log_only=['house cartographer'] engine_only=[],6,2,1,0,2,2,0,0,0,0,0,0,1,ok,245
1206,1,7,3,oppo_hand,oppo_4,oppo_hand,oppo_hand: log=3 engine=4,3,2,0,0,3,2,1,0,1,0,1,0,1,ok,243
1207,1,11,2,oppo_hand,oppo_3,oppo_hand,oppo_hand: log=3 engine=4,6,1,3,0,2,1,0,0,1,0,0,0,1,ok,433
1208,1,12,2,user_hand,user_3,user_hand,user_hand: log_only=['wary watchdog'] engine_only=['slavering branchsnapper'],5,1,2,0,2,1,0,0,1,0,0,0,1,ok,408
1209,1,9,2,user_hand,oppo_3,user_hand,"user_hand: log_only=[] engine_only=[""don't make a sound""]",2,0,2,0,3,0,0,0,3,0,0,0,1,ok,216
1210,1,10,4,user_noncreatures,oppo_5,user_noncreatures oppo_hand,user_noncreatures: log_only=[] engine_only=['unable to scream'] ; oppo_hand: log=4 engine=3,7,3,1,1,3,5,2,0,1,1,2,0,3,ok,437
1211,1,11,1,user_hand,user_2,user_hand,user_hand: log_only=['forest'] engine_only=['piggy bank'],6,1,3,0,1,1,0,0,0,0,0,0,0,ok,333
1212,1,8,2,user_creatures,oppo_3,user_creatures user_hand,user_creatures: log_only=['floodpits drowner'] engine_only=[] ; user_hand: log_only=[] engine_only=['floodpits drowner'],4,0,2,0,2,0,0,0,2,0,0,0,0,ok,189
1213,1,9,5,user_creatures,oppo_6,user_creatures user_noncreatures,user_creatures: log_only=['living phone'] engine_only=[] ; user_noncreatures: log_only=[] engine_only=['dissection tools'],5,2,0,0,5,2,0,2,3,0,0,2,1,ok,262
1214,1,10,2,user_hand,oppo_3,user_hand,"user_hand: log_only=[] engine_only=[""don't make a sound""]",4,1,1,0,2,1,0,0,1,0,0,0,2,ok,389
1215,1,8,2,user_hand,user_3,user_hand,user_hand: log_only=['swamp'] engine_only=[],4,1,2,0,2,1,0,0,1,0,0,0,0,ok,219
1216,1,5,2,user_hand,user_3,user_hand,"user_hand: log_only=['unstoppable slasher'] engine_only=['nashi, searcher in the dark']",3,0,0,0,2,0,0,0,2,0,0,0,0,ok,135
1217,1,9,4,user_creatures,user_5,user_creatures,user_creatures: log_only=[] engine_only=['fear of being hunted'],6,4,2,0,4,4,4,0,0,0,4,0,0,ok,317
1218,1,8,4,user_life,oppo_5,user_life user_noncreatures user_hand,user_life: log=18 engine=16 ; user_noncreatures: log_only=['unable to scream'] engine_only=[] ; user_hand: log_only=[] engine_only=['unable to scream'],4,3,3,1,5,4,1,0,2,0,1,0,0,ok,208
1219,1,11,4,oppo_hand,oppo_5,oppo_hand,oppo_hand: log=4 engine=2,3,3,2,1,3,5,2,0,0,2,2,0,2,ok,316
1220,1,6,3,user_life,oppo_4,user_life,user_life: log=16 engine=17,3,1,0,0,3,1,0,0,2,0,0,0,1,ok,149
1221,1,14,3,user_lands,user_4,user_lands user_hand,user_lands: log_only=['plains'] engine_only=[] ; user_hand: log_only=[] engine_only=['shepherding spirits'],8,2,1,0,3,2,1,1,1,0,1,1,1,ok,493
1222,1,9,2,user_hand,user_3,user_hand,user_hand: log_only=['plains'] engine_only=['dissection tools'],5,2,2,1,2,2,2,0,0,0,2,0,1,ok,307
1223,1,8,4,user_creatures,user_5,user_creatures,user_creatures: log_only=['insidious fungus'] engine_only=[],4,3,1,0,4,3,1,0,1,0,1,0,0,ok,212
1224,1,8,3,oppo_hand,oppo_4,oppo_hand,oppo_hand: log=3 engine=4,6,3,2,1,3,4,0,0,0,0,0,0,1,ok,389
1225,1,6,2,oppo_life,user_3,oppo_life user_lands user_creatures,oppo_life: log=12 engine=9 ; user_lands: log_only=['mountain'] engine_only=[] ; user_creatures: log_only=['mountain'] engine_only=[],6,2,1,0,2,2,3,0,0,0,3,0,1,ok,103
1226,1,8,2,user_creatures,oppo_3,user_creatures,"user_creatures: log_only=['patchwork beastie', 'piggy bank'] engine_only=[]",4,1,2,0,3,1,1,0,2,0,1,0,0,ok,136
1227,1,8,1,user_hand,user_2,user_hand,"user_hand: log_only=['swamp'] engine_only=['bashful beastie', ""victor, valgavoth's seneschal""]",7,1,1,0,1,1,0,0,0,0,0,0,0,ok,218
1228,1,6,2,user_life,oppo_3,user_life,user_life: log=16 engine=18,4,1,2,1,2,1,0,0,1,0,0,0,1,ok,146
1229,1,10,7,oppo_life,user_8,oppo_life,oppo_life: log=17 engine=18,7,5,1,0,6,9,0,3,1,1,0,3,1,ok,321
1230,1,3,2,oppo_hand,oppo_3,oppo_hand,oppo_hand: log=8 engine=7,3,3,0,0,3,3,3,0,0,0,3,0,0,ok,44
1231,1,9,1,user_hand,user_2,user_hand,user_hand: log_only=['unsettling twins'] engine_only=['final vengeance'],5,0,3,0,1,0,0,0,1,0,0,0,0,ok,236
1232,1,8,2,oppo_hand,oppo_3,oppo_hand,oppo_hand: log=7 engine=6,5,1,2,0,3,1,1,0,2,0,1,0,0,ok,168
1233,1,9,3,user_creatures,user_4,user_creatures,user_creatures: log_only=['inquisitive glimmer'] engine_only=['stalked researcher'],5,2,2,0,3,2,1,0,1,0,1,0,1,ok,197
1234,1,9,2,user_creatures,user_3,user_creatures oppo_hand,"user_creatures: log_only=[] engine_only=['gremlin', 'gremlin tamer'] ; oppo_hand: log=5 engine=4",5,1,1,0,2,1,0,0,1,0,0,0,0,ok,251
1235,1,7,2,user_hand,user_3,user_hand,user_hand: log_only=['swamp'] engine_only=['say its name'],6,1,0,0,2,1,0,0,1,0,0,0,0,ok,132
1236,1,6,3,oppo_hand,oppo_4,oppo_hand,oppo_hand: log=4 engine=3,5,3,0,0,3,3,0,0,0,0,0,0,0,ok,153
1237,1,7,3,oppo_hand,oppo_4,oppo_hand,oppo_hand: log=5 engine=6,4,3,1,1,4,4,0,0,1,0,0,0,2,ok,133
1238,1,9,5,user_life,oppo_6,user_life oppo_life user_creatures oppo_hand,user_life: log=14 engine=16 ; oppo_life: log=15 engine=9 ; user_creatures: log_only=[] engine_only=['most valuable slayer'] ; oppo_hand: log=2 engine=3,6,4,1,1,4,6,3,0,1,0,3,0,1,ok,233
1239,1,10,3,user_lands,user_4,user_lands user_creatures,user_lands: log_only=['forest'] engine_only=['plains'] ; user_creatures: log_only=['erratic apparition'] engine_only=['forest'],5,2,2,2,3,4,0,0,1,0,0,0,2,ok,366
1240,1,8,2,user_hand,oppo_3,user_hand,"user_hand: log_only=[] engine_only=[""don't make a sound""]",3,0,2,0,2,0,0,0,2,0,0,0,1,ok,137
1241,1,6,3,oppo_hand,oppo_4,oppo_hand,oppo_hand: log=5 engine=4,4,3,1,0,4,5,4,0,1,0,4,0,0,ok,97
1242,1,6,3,user_lands,user_4,user_lands user_hand,user_lands: log_only=['island'] engine_only=[] ; user_hand: log_only=[] engine_only=['daggermaw megalodon'],3,1,2,1,3,1,0,0,2,0,0,0,1,ok,94
1243,1,10,4,user_life,oppo_5,user_life,user_life: log=16 engine=18,7,2,2,1,4,2,0,0,2,0,0,0,0,ok,159
1244,1,13,2,user_hand,oppo_3,user_hand,"user_hand: log_only=[] engine_only=[""don't make a sound""]",7,0,2,0,2,0,0,0,2,0,0,0,1,ok,353
1245,1,4,4,,,,,1,1,0,0,3,1,0,0,2,0,0,0,0,ok,21
1246,1,9,5,oppo_life,user_6,oppo_life user_creatures,oppo_life: log=19 engine=18 ; user_creatures: log_only=['swamp'] engine_only=['glassworks'],5,3,1,0,5,3,1,0,2,0,1,0,0,ok,197
1247,1,12,2,user_creatures,user_3,user_creatures oppo_hand,"user_creatures: log_only=[] engine_only=['glimmer', 'tunnel surveyor'] ; oppo_hand: log=4 engine=5",9,1,1,0,2,1,0,0,1,0,0,0,0,ok,338
1248,1,9,1,user_creatures,oppo_2,user_creatures,user_creatures: log_only=['island'] engine_only=['meat locker'],6,1,0,0,2,1,1,0,1,0,1,0,0,ok,206
1249,1,9,2,oppo_life,user_3,oppo_life,oppo_life: log=18 engine=19,5,2,0,0,2,2,0,0,0,0,0,0,0,ok,258
1250,1,12,2,oppo_hand,oppo_3,oppo_hand,oppo_hand: log=3 engine=2,7,1,2,0,2,1,0,0,1,0,0,0,0,ok,2062
1251,1,12,2,user_life,oppo_3,user_life user_hand,user_life: log=20 engine=19 ; user_hand: log_only=[] engine_only=['seized from slumber'],5,0,5,0,2,0,0,0,2,0,0,0,1,ok,764
1252,1,8,4,user_creatures,oppo_5,user_creatures user_hand,user_creatures: log_only=['the wandering rescuer'] engine_only=[] ; user_hand: log_only=[] engine_only=['the wandering rescuer'],4,3,0,0,4,3,1,0,1,0,1,0,0,ok,382
1253,1,7,3,oppo_hand,oppo_4,oppo_hand,oppo_hand: log=6 engine=5,0,0,2,0,3,1,0,0,3,1,0,0,0,ok,251
1254,1,9,3,user_creatures,oppo_4,user_creatures,user_creatures: log_only=['piggy bank'] engine_only=['irreverent gremlin'],7,2,1,0,3,2,1,0,1,0,1,0,0,ok,363
1255,1,7,3,user_life,oppo_4,user_life,user_life: log=16 engine=18,3,2,0,0,3,2,1,1,1,0,1,1,1,ok,334
1256,1,10,4,user_life,oppo_5,user_life user_creatures,user_life: log=16 engine=17 ; user_creatures: log_only=['razorkin hordecaller'] engine_only=['most valuable slayer'],4,3,3,1,5,3,3,0,2,0,3,0,0,ok,441
1257,1,6,4,user_life,oppo_5,user_life oppo_hand,user_life: log=7 engine=8 ; oppo_hand: log=2 engine=3,3,1,1,0,3,1,0,1,2,0,0,1,4,ok,226
1258,1,13,3,user_creatures,user_4,user_creatures user_noncreatures,user_creatures: log_only=['unidentified hovership'] engine_only=[] ; user_noncreatures: log_only=[] engine_only=['unidentified hovership'],6,1,1,0,3,1,0,0,2,0,0,0,0,ok,638
1259,1,4,4,,,,,2,2,0,0,3,3,3,0,1,1,3,0,2,ok,84
1260,1,5,2,user_life,oppo_3,user_life user_creatures oppo_hand,user_life: log=16 engine=18 ; user_creatures: log_only=[] engine_only=['stalked researcher'] ; oppo_hand: log=4 engine=3,2,1,0,0,2,1,0,0,1,0,0,0,0,ok,164
1261,1,6,2,oppo_life,user_3,oppo_life,oppo_life: log=10 engine=13,5,2,0,0,2,2,1,0,0,0,1,0,0,ok,173
1262,1,9,3,user_lands,user_4,user_lands user_creatures,user_lands: log_only=['forest'] engine_only=['mountain'] ; user_creatures: log_only=['bashful beastie'] engine_only=['forest'],4,1,2,1,3,2,0,0,2,0,0,0,0,ok,254
1263,1,8,3,user_lands,user_4,user_lands user_creatures user_hand,"user_lands: log_only=['swamp'] engine_only=[] ; user_creatures: log_only=['broodspinner'] engine_only=[] ; user_hand: log_only=[] engine_only=['broodspinner', 'flesh burrower']",6,2,0,0,3,2,0,0,1,0,0,0,2,ok,231
1264,1,8,4,oppo_life,user_5,oppo_life,oppo_life: log=15 engine=16,5,3,2,1,4,3,1,0,1,0,1,0,1,ok,236
1265,1,10,4,oppo_hand,oppo_5,oppo_hand,oppo_hand: log=2 engine=3,6,4,1,1,5,4,2,0,1,0,2,0,1,ok,334
1266,1,8,2,user_creatures,oppo_3,user_creatures,user_creatures: log_only=[] engine_only=['silent hallcreeper'],5,1,2,0,3,1,1,0,2,0,1,0,0,ok,223
1267,1,9,4,user_lands,user_5,user_lands user_creatures user_hand,user_lands: log_only=['island'] engine_only=[] ; user_creatures: log_only=['spineseeker centipede'] engine_only=[] ; user_hand: log_only=[] engine_only=['spineseeker centipede'],6,2,2,0,4,2,0,0,2,0,0,0,2,ok,396
1268,1,12,1,oppo_hand,oppo_2,oppo_hand,oppo_hand: log=7 engine=6,5,1,0,0,2,1,0,0,1,0,0,0,0,ok,415
1269,1,9,4,oppo_hand,oppo_5,oppo_hand,oppo_hand: log=0 engine=1,4,2,1,1,3,3,4,0,1,0,4,0,2,ok,217
1270,1,13,1,user_hand,user_2,user_hand,user_hand: log_only=['forest'] engine_only=['bashful beastie'],10,0,1,0,1,0,0,0,1,0,0,0,0,ok,416
1271,1,8,2,oppo_life,user_3,oppo_life,oppo_life: log=19 engine=20,5,1,1,0,2,1,0,0,1,0,0,0,0,ok,168
1272,1,10,1,user_hand,oppo_2,user_hand,user_hand: log_only=['mountain'] engine_only=['bedhead beastie'],2,0,3,0,2,0,0,0,2,0,0,0,0,ok,252
1273,1,6,1,user_hand,user_2,user_hand,user_hand: log_only=['broodspinner'] engine_only=['wary watchdog'],4,0,2,0,1,0,0,0,1,0,0,0,0,ok,232
1274,1,7,1,oppo_life,user_2,oppo_life user_hand,oppo_life: log=18 engine=20 ; user_hand: log_only=['swamp'] engine_only=['vile mutilator'],5,0,0,0,1,0,0,0,1,0,0,0,0,ok,148
1275,1,10,4,user_creatures,user_5,user_creatures,user_creatures: log_only=['twitching doll'] engine_only=['toy'],6,3,1,1,4,4,0,0,1,0,0,0,0,ok,325
1276,1,10,3,user_life,oppo_4,user_life oppo_life user_noncreatures oppo_hand,user_life: log=18 engine=16 ; oppo_life: log=22 engine=20 ; user_noncreatures: log_only=[] engine_only=['bear trap'] ; oppo_hand: log=3 engine=4,6,1,2,0,3,1,0,0,2,0,0,0,3,ok,379
1277,1,10,5,oppo_life,user_6,oppo_life,oppo_life: log=10 engine=12,6,4,2,1,5,4,2,0,1,0,2,0,0,ok,238
1278,1,11,2,user_lands,user_3,user_lands user_creatures user_hand,user_lands: log_only=['swamp'] engine_only=[] ; user_creatures: log_only=['spineseeker centipede'] engine_only=[] ; user_hand: log_only=[] engine_only=['spineseeker centipede'],6,1,4,0,2,1,0,0,1,0,0,0,2,ok,235
1279,1,15,5,oppo_life,user_6,oppo_life user_creatures user_noncreatures user_hand,oppo_life: log=18 engine=20 ; user_creatures: log_only=['spirit'] engine_only=[] ; user_noncreatures: log_only=[] engine_only=['glassworks'] ; user_hand: log_only=['underwater tunnel'] engine_only=[],9,4,0,0,4,5,2,0,1,0,2,0,0,ok,287
1280,1,8,4,oppo_hand,oppo_5,oppo_hand,oppo_hand: log=2 engine=3,5,3,2,1,4,3,2,0,1,0,2,0,1,ok,173
1281,1,10,5,oppo_life,user_6,oppo_life user_creatures user_noncreatures,oppo_life: log=13 engine=15 ; user_creatures: log_only=['unidentified hovership'] engine_only=[] ; user_noncreatures: log_only=[] engine_only=['unidentified hovership'],6,4,0,0,5,5,5,0,1,0,5,0,1,ok,200
1282,1,10,2,user_hand,user_3,user_hand,user_hand: log_only=['most valuable slayer'] engine_only=['forest'],6,1,1,0,2,1,0,0,1,0,0,0,0,ok,197
1283,1,9,4,oppo_life,user_5,oppo_life,oppo_life: log=25 engine=26,5,2,0,0,3,3,2,0,1,1,2,0,1,ok,256
1284,1,16,7,user_lands,user_8,user_lands user_hand,user_lands: log_only=['mountain'] engine_only=[] ; user_hand: log_only=[] engine_only=['infernal phantom'],8,4,3,1,7,4,1,3,3,0,1,3,3,ok,397
1285,1,9,6,oppo_hand,oppo_7,oppo_hand,oppo_hand: log=5 engine=3,5,3,2,1,6,3,1,0,3,0,1,0,1,ok,337
1286,1,11,5,user_creatures,oppo_6,user_creatures,user_creatures: log_only=[] engine_only=['hand that feeds'],7,4,1,0,5,5,5,0,1,1,5,0,0,ok,234
1287,1,10,3,oppo_life,user_4,oppo_life,oppo_life: log=10 engine=12,6,3,1,0,3,4,3,0,0,0,3,0,1,ok,210
1288,1,10,4,user_creatures,oppo_5,user_creatures user_hand oppo_hand,user_creatures: log_only=[] engine_only=['possessed goat'] ; user_hand: log_only=[] engine_only=['shroudstomper'] ; oppo_hand: log=2 engine=3,6,3,1,1,4,3,1,0,1,0,1,0,5,ok,185
1289,1,10,2,oppo_life,oppo_3,oppo_life,oppo_life: log=20 engine=19,4,2,2,0,3,2,0,0,1,0,0,0,0,ok,137
1290,1,13,2,user_hand,user_3,user_hand,user_hand: log_only=['defiant survivor'] engine_only=['withering torment'],8,1,2,0,2,1,0,0,1,0,0,0,0,ok,202
1291,1,6,3,oppo_hand,oppo_4,oppo_hand,oppo_hand: log=2 engine=3,3,1,2,0,3,1,1,0,2,0,1,0,3,ok,131
1292,1,9,2,user_creatures,user_3,user_creatures,user_creatures: log_only=['glimmer'] engine_only=[],4,1,1,0,2,1,0,0,1,0,0,0,0,ok,145
1293,1,9,2,user_creatures,oppo_3,user_creatures user_hand,user_creatures: log_only=['floodpits drowner'] engine_only=[] ; user_hand: log_only=[] engine_only=['floodpits drowner'],3,0,4,0,2,0,0,0,2,0,0,0,0,ok,231
1294,1,9,5,oppo_hand,oppo_6,oppo_hand,oppo_hand: log=2 engine=1,5,3,1,0,4,4,6,0,1,1,6,0,1,ok,169
1295,1,9,3,user_creatures,oppo_4,user_creatures,user_creatures: log_only=[] engine_only=['tunnel surveyor'],4,3,2,1,4,4,0,0,1,0,0,0,1,ok,203
1296,1,6,2,user_creatures,user_3,user_creatures,user_creatures: log_only=['the wandering rescuer'] engine_only=[],5,2,1,0,2,2,2,0,0,0,2,0,0,ok,104
1297,1,8,1,user_hand,user_2,user_hand,user_hand: log_only=['bottomless pool'] engine_only=['glimmerlight'],4,0,1,0,1,0,0,0,1,0,0,0,0,ok,188
1298,1,7,2,oppo_life,user_3,oppo_life,oppo_life: log=18 engine=19,2,1,1,0,2,1,0,0,1,0,0,0,0,ok,96
1299,1,14,2,user_hand,oppo_3,user_hand,user_hand: log_only=['plains'] engine_only=['shepherding spirits'],7,1,1,0,2,1,1,0,1,0,1,0,0,ok,231
1300,1,9,3,user_creatures,user_4,user_creatures,user_creatures: log_only=['scrabbling skullcrab'] engine_only=[],5,3,1,0,3,3,0,0,0,0,0,0,1,ok,1631
1301,1,7,1,user_hand,user_2,user_hand,user_hand: log_only=['balustrade wurm'] engine_only=['swamp'],4,1,0,0,1,1,0,0,0,0,0,0,0,ok,442
1302,1,7,2,user_life,oppo_3,user_life,user_life: log=16 engine=18,2,0,0,0,2,0,0,0,2,0,0,0,0,ok,401
1303,1,9,3,user_creatures,oppo_4,user_creatures,user_creatures: log_only=[] engine_only=['cryptid inspector'],5,2,0,0,3,2,0,0,1,0,0,0,0,ok,437
1304,1,8,3,user_life,oppo_4,user_life,user_life: log=19 engine=18,6,3,0,0,3,3,1,0,0,0,1,0,1,ok,505
1305,1,7,3,user_life,user_4,user_life oppo_life user_creatures,"user_life: log=22 engine=23 ; oppo_life: log=8 engine=11 ; user_creatures: log_only=['appendage amalgam', 'fear of lost teeth'] engine_only=[]",4,2,2,0,3,2,3,0,1,0,3,0,0,ok,312
1306,1,7,5,oppo_life,oppo_6,oppo_life oppo_hand,oppo_life: log=23 engine=24 ; oppo_hand: log=2 engine=1,4,4,0,0,5,4,0,1,1,0,0,1,0,ok,275
1307,1,11,2,user_hand,oppo_3,user_hand,user_hand: log_only=['forest'] engine_only=['slavering branchsnapper'],5,0,0,0,2,0,0,0,2,0,0,0,0,ok,490
1308,1,9,1,user_hand,user_2,user_hand,user_hand: log_only=['island'] engine_only=['hauntwoods shrieker'],5,1,3,0,1,1,0,0,0,0,0,0,0,ok,595
1309,1,9,5,user_life,oppo_6,user_life,user_life: log=14 engine=17,5,3,1,0,4,5,1,0,1,1,1,0,7,ok,363
1310,1,8,3,user_life,user_4,user_life oppo_life,user_life: log=24 engine=25 ; oppo_life: log=16 engine=15,4,2,5,1,3,2,1,0,1,0,1,0,0,ok,284
1311,1,11,1,user_hand,user_2,user_hand,"user_hand: log_only=['razorkin needlehead'] engine_only=['altanak, the thrice-called']",7,1,1,0,1,1,0,0,0,0,0,0,0,ok,231
1312,1,9,2,user_creatures,user_3,user_creatures,user_creatures: log_only=['splitskin doll'] engine_only=[],6,1,1,0,2,1,0,0,1,0,0,0,0,ok,255
1313,1,12,2,oppo_life,user_3,oppo_life user_creatures oppo_hand,oppo_life: log=20 engine=18 ; user_creatures: log_only=[] engine_only=['ragged playmate'] ; oppo_hand: log=4 engine=5,7,1,3,0,2,1,0,0,1,0,0,0,1,ok,345
1314,1,5,2,user_hand,oppo_3,user_hand,user_hand: log_only=['swamp'] engine_only=['spectral snatcher'],0,0,0,0,2,0,0,0,2,0,0,0,0,ok,90
1315,1,8,4,oppo_life,user_5,oppo_life user_lands user_hand,oppo_life: log=16 engine=12 ; user_lands: log_only=['island'] engine_only=[] ; user_hand: log_only=[] engine_only=['daggermaw megalodon'],6,3,0,0,4,3,1,0,1,0,1,0,2,ok,326
1316,1,11,2,user_lands,user_3,user_lands user_noncreatures user_hand,user_lands: log_only=['island'] engine_only=[] ; user_noncreatures: log_only=[] engine_only=['glimmerlight'] ; user_hand: log_only=['glimmerlight'] engine_only=['island'],6,1,0,0,2,1,0,0,1,0,0,0,0,ok,342
1317,1,11,2,user_creatures,user_3,user_creatures,user_creatures: log_only=[] engine_only=['insidious fungus'],5,1,3,0,2,1,0,0,1,0,0,0,0,ok,331
1318,1,9,2,user_creatures,user_3,user_creatures,user_creatures: log_only=['plains'] engine_only=['grand entryway'],4,1,0,0,2,1,0,0,1,0,0,0,0,ok,200
1319,1,8,4,user_creatures,oppo_5,user_creatures user_hand,user_creatures: log_only=['most valuable slayer'] engine_only=[] ; user_hand: log_only=[] engine_only=['jump scare'],5,4,0,0,5,4,4,0,1,0,4,0,1,ok,211
1320,1,18,2,user_hand,oppo_3,user_hand,"user_hand: log_only=[] engine_only=[""don't make a sound""]",6,0,5,0,2,0,0,0,2,0,0,0,1,ok,624
1321,1,9,3,oppo_hand,oppo_4,oppo_hand,oppo_hand: log=4 engine=3,6,3,1,0,3,3,1,0,0,0,1,0,0,ok,225
1322,1,8,1,user_creatures,user_2,user_creatures,user_creatures: log_only=['mountain'] engine_only=['ticket booth'],5,0,1,0,1,0,0,0,1,0,0,0,0,ok,294
1323,1,7,4,user_life,oppo_5,user_life,user_life: log=12 engine=15,3,1,1,0,3,1,1,0,2,0,1,0,1,ok,183
1324,1,15,6,user_noncreatures,user_7,user_noncreatures oppo_hand,user_noncreatures: log_only=['derelict attic'] engine_only=['nowhere to run'] ; oppo_hand: log=3 engine=2,5,3,0,0,6,4,2,0,3,0,2,0,0,ok,687
1325,1,7,1,user_creatures,user_2,user_creatures,"user_creatures: log_only=['forest'] engine_only=[""painter's studio""]",6,0,1,0,1,0,0,0,1,0,0,0,0,ok,192
1326,1,9,6,oppo_life,user_7,oppo_life,oppo_life: log=12 engine=9,5,3,2,0,4,4,3,0,1,1,3,0,0,ok,226
1327,1,7,4,user_hand,oppo_5,user_hand,"user_hand: log_only=['island', 'plains'] engine_only=[""don't make a sound"", 'tunnel surveyor']",5,2,3,0,4,2,3,0,2,0,3,0,1,ok,173
1328,1,9,1,user_noncreatures,user_2,user_noncreatures user_hand,user_noncreatures: log_only=[] engine_only=['keys to the house'] ; user_hand: log_only=['plains'] engine_only=[],7,1,3,0,1,1,0,0,0,0,0,0,0,ok,225
1329,1,13,2,user_creatures,oppo_3,user_creatures oppo_hand,user_creatures: log_only=[] engine_only=['fear of surveillance'] ; oppo_hand: log=3 engine=4,7,2,2,0,2,2,0,0,0,0,0,0,1,ok,375
1330,1,9,2,oppo_life,user_3,oppo_life user_creatures user_hand oppo_hand,oppo_life: log=20 engine=18 ; user_creatures: log_only=[] engine_only=['house cartographer'] ; user_hand: log_only=[] engine_only=['strangled cemetery'] ; oppo_hand: log=5 engine=6,6,1,2,0,2,1,0,0,1,0,0,0,1,ok,235
1331,1,8,3,user_creatures,oppo_4,user_creatures,"user_creatures: log_only=[] engine_only=['cryptid inspector', 'swamp']",5,2,1,0,4,2,1,0,2,0,1,0,0,ok,134
1332,1,9,4,oppo_hand,oppo_5,oppo_hand,oppo_hand: log=3 engine=1,5,3,1,0,5,3,1,0,2,0,1,0,2,ok,256
1333,1,9,1,user_hand,oppo_2,user_hand,user_hand: log_only=['swamp'] engine_only=['spectral snatcher'],6,0,1,0,2,0,0,0,2,0,0,0,0,ok,157
1334,1,10,1,user_hand,oppo_2,user_hand,user_hand: log_only=['forest'] engine_only=['slavering branchsnapper'],8,0,1,0,2,0,0,0,2,0,0,0,0,ok,123
1335,1,6,3,oppo_hand,user_4,oppo_hand,oppo_hand: log=5 engine=6,1,1,2,0,3,1,0,0,2,0,0,0,0,ok,69
1336,1,11,2,user_life,oppo_3,user_life user_creatures user_noncreatures user_hand,user_life: log=18 engine=17 ; user_creatures: log_only=['unable to scream'] engine_only=[] ; user_noncreatures: log_only=['growing dread'] engine_only=[] ; user_hand: log_only=[] engine_only=['growing dread'],3,0,3,0,2,0,0,0,2,0,0,0,1,ok,205
1337,1,10,1,user_hand,user_2,user_hand,user_hand: log_only=['vanish from sight'] engine_only=['forest'],8,0,1,0,1,0,0,0,1,0,0,0,0,ok,264
1338,1,9,3,user_hand,oppo_4,user_hand,"user_hand: log_only=[] engine_only=[""don't make a sound""]",4,2,2,0,4,2,3,0,2,0,3,0,1,ok,152
1339,1,17,2,oppo_life,oppo_3,oppo_life,oppo_life: log=20 engine=19,9,2,2,0,2,2,0,0,0,0,0,0,0,ok,360
1340,1,7,5,user_lands,user_6,user_lands user_creatures user_hand,user_lands: log_only=['swamp'] engine_only=[] ; user_creatures: log_only=['broodspinner'] engine_only=[] ; user_hand: log_only=[] engine_only=['swamp'],5,4,2,1,5,5,2,0,1,0,2,0,3,ok,97
1341,1,10,3,user_life,oppo_4,user_life,user_life: log=17 engine=18,6,1,1,0,3,1,0,0,2,0,0,0,0,ok,178
1342,1,8,1,user_lands,oppo_2,user_lands user_hand,"user_lands: log_only=['terramorphic expanse'] engine_only=[] ; user_hand: log_only=[] engine_only=['altanak, the thrice-called']",6,0,0,0,2,0,0,0,2,0,0,0,0,ok,146
1343,1,11,1,user_hand,user_2,user_hand,user_hand: log_only=['moldering gym'] engine_only=['terramorphic expanse'],7,0,1,0,1,0,0,0,1,0,0,0,0,ok,162
1344,1,8,2,user_creatures,user_3,user_creatures user_hand,user_creatures: log_only=['razorkin hordecaller'] engine_only=['mountain'] ; user_hand: log_only=['mountain'] engine_only=[],6,2,1,0,2,2,2,0,0,0,2,0,0,ok,370
1345,1,10,7,user_creatures,oppo_8,user_creatures oppo_hand,user_creatures: log_only=[] engine_only=['the mindskinner'] ; oppo_hand: log=4 engine=2,4,2,3,1,4,5,0,0,2,2,0,0,3,ok,234
1346,1,8,3,user_noncreatures,user_4,user_noncreatures,user_noncreatures: log_only=[] engine_only=['cracked skull'],5,2,3,1,3,2,0,0,1,0,0,0,0,ok,175
1347,1,7,2,user_creatures,user_3,user_creatures user_hand,"user_creatures: log_only=['norin, swift survivalist'] engine_only=[] ; user_hand: log_only=[] engine_only=['norin, swift survivalist']",5,1,2,0,2,1,0,0,1,0,0,0,1,ok,173
1348,1,10,4,user_life,oppo_5,user_life user_noncreatures,user_life: log=14 engine=18 ; user_noncreatures: log_only=[] engine_only=['funeral room'],4,3,2,1,5,3,1,0,2,0,1,0,1,ok,202
1349,1,5,3,oppo_hand,oppo_4,oppo_hand,oppo_hand: log=4 engine=3,2,2,1,0,4,2,0,0,2,0,0,0,0,ok,96
1350,1,7,4,user_life,oppo_5,user_life user_creatures,user_life: log=5 engine=6 ; user_creatures: log_only=[] engine_only=['ragged playmate'],5,3,0,0,4,3,0,1,1,0,0,1,0,ok,1408
1351,1,11,2,user_lands,user_3,user_lands user_hand,user_lands: log_only=['plains'] engine_only=[] ; user_hand: log_only=[] engine_only=['shepherding spirits'],5,1,2,0,2,1,0,0,1,0,0,0,1,ok,1067
1352,1,14,3,user_creatures,user_4,user_creatures user_hand,user_creatures: log_only=['forest'] engine_only=['island'] ; user_hand: log_only=['island'] engine_only=['cryptid inspector'],6,0,2,1,2,1,0,0,2,0,0,0,0,ok,396
1353,1,11,2,user_life,oppo_3,user_life,user_life: log=18 engine=20,6,0,3,0,2,0,0,0,2,0,0,0,1,ok,493
1354,1,5,3,oppo_life,user_4,oppo_life,oppo_life: log=14 engine=15,3,2,1,0,3,2,2,0,1,0,2,0,0,ok,187
1355,1,7,3,user_lands,user_4,user_lands user_creatures user_hand,user_lands: log_only=['island'] engine_only=[] ; user_creatures: log_only=[] engine_only=['twist reality'] ; user_hand: log_only=['twist reality'] engine_only=['island'],4,2,2,1,3,2,0,0,1,0,0,0,0,ok,288
1356,1,8,5,user_hand,user_6,user_hand,user_hand: log_only=['flesh burrower'] engine_only=['defiant survivor'],4,4,2,1,5,4,7,0,1,0,7,0,2,ok,246
1357,1,11,4,user_hand,user_5,user_hand,user_hand: log_only=[] engine_only=['surgical suite'],9,3,1,0,4,3,0,2,1,0,0,2,0,ok,502
1358,1,12,2,user_hand,oppo_3,user_hand,user_hand: log_only=['mountain'] engine_only=['bedhead beastie'],6,0,4,0,2,0,0,0,2,0,0,0,0,ok,549
1359,1,14,5,oppo_hand,oppo_6,oppo_hand,oppo_hand: log=3 engine=2,7,4,2,0,5,6,1,0,1,0,1,0,2,ok,735
1360,1,6,2,user_life,oppo_3,user_life,user_life: log=17 engine=18,4,1,0,0,2,1,0,0,1,0,0,0,0,ok,150
1361,1,12,3,user_life,user_4,user_life oppo_life user_lands user_hand,user_life: log=22 engine=20 ; oppo_life: log=16 engine=18 ; user_lands: log_only=['swamp'] engine_only=[] ; user_hand: log_only=[] engine_only=['spectral snatcher'],6,2,2,1,3,2,0,0,1,0,0,0,1,ok,203
1362,1,8,4,oppo_life,user_5,oppo_life,oppo_life: log=16 engine=20,6,3,1,0,4,3,0,0,1,0,0,0,1,ok,220
1363,1,9,3,user_lands,user_4,user_lands user_creatures user_noncreatures user_hand,"user_lands: log_only=['island'] engine_only=[] ; user_creatures: log_only=['fear of missing out'] engine_only=[] ; user_noncreatures: log_only=[] engine_only=['ticket booth'] ; user_hand: log_only=['terramorphic expanse'] engine_only=['fear of missing out', 'island']",6,2,0,0,3,2,1,0,1,0,1,0,2,ok,299
1364,1,8,3,user_creatures,oppo_4,user_creatures oppo_hand,user_creatures: log_only=[] engine_only=['clockwork percussionist'] ; oppo_hand: log=3 engine=4,5,2,1,0,4,2,0,0,2,0,0,0,0,ok,228
1365,1,11,2,user_lands,user_3,user_lands user_hand,user_lands: log_only=['swamp'] engine_only=[] ; user_hand: log_only=[] engine_only=['spectral snatcher'],6,1,1,0,2,1,0,0,1,0,0,0,1,ok,316
1366,1,12,3,user_creatures,user_4,user_creatures,user_creatures: log_only=['island'] engine_only=[],7,2,0,0,3,2,0,0,1,0,0,0,1,ok,233
1367,1,7,3,user_hand,user_4,user_hand,user_hand: log_only=['defiled crypt'] engine_only=['threats around every corner'],4,1,0,0,3,1,0,1,2,0,0,1,0,ok,256
1368,1,9,2,oppo_life,user_3,oppo_life user_creatures oppo_hand,oppo_life: log=20 engine=17 ; user_creatures: log_only=[] engine_only=['wary watchdog'] ; oppo_hand: log=4 engine=5,6,2,1,0,2,2,0,0,0,0,0,0,2,ok,208
1369,1,10,3,oppo_hand,oppo_4,oppo_hand,oppo_hand: log=4 engine=3,6,1,2,0,4,1,0,0,3,0,0,0,0,ok,306
1370,1,10,3,user_lands,user_4,user_lands user_hand,user_lands: log_only=['forest'] engine_only=[] ; user_hand: log_only=[] engine_only=['slavering branchsnapper'],5,2,0,0,3,2,0,1,1,0,0,1,1,ok,258
1371,1,16,2,oppo_life,user_3,oppo_life user_creatures,oppo_life: log=20 engine=19 ; user_creatures: log_only=[] engine_only=['glimmer'],8,1,2,0,2,1,0,0,1,0,0,0,1,ok,564
1372,1,9,3,user_hand,user_4,user_hand,"user_hand: log_only=['flesh burrower'] engine_only=['winter, misanthropic guide']",6,2,2,0,3,2,1,0,1,0,1,0,0,ok,413
1373,1,6,1,user_hand,user_2,user_hand,user_hand: log_only=['anthropede'] engine_only=['island'],4,0,1,0,1,0,0,0,1,0,0,0,0,ok,87
1374,1,5,1,oppo_hand,oppo_2,oppo_hand,oppo_hand: log=6 engine=5,3,1,0,0,1,1,0,0,0,0,0,0,0,ok,91
1375,1,9,6,user_creatures,user_7,user_creatures user_noncreatures,user_creatures: log_only=[] engine_only=['glimmer'] ; user_noncreatures: log_only=[] engine_only=['unable to scream'],5,4,3,0,5,5,4,0,1,1,4,0,2,ok,257
1376,1,7,1,user_hand,user_2,user_hand,user_hand: log_only=['twitching doll'] engine_only=['slavering branchsnapper'],5,0,0,0,1,0,0,0,1,0,0,0,0,ok,115
1377,1,6,4,user_lands,user_5,user_lands user_hand,"user_lands: log_only=['mountain'] engine_only=[] ; user_hand: log_only=[""betrayer's bargain""] engine_only=['swamp']",4,3,0,0,4,3,6,0,1,0,6,0,1,ok,88
1378,1,12,1,user_hand,oppo_2,user_hand,user_hand: log_only=['island'] engine_only=['daggermaw megalodon'],7,0,1,0,2,0,0,0,2,0,0,0,0,ok,290
1379,1,9,3,oppo_life,user_4,oppo_life,oppo_life: log=18 engine=19,5,2,0,0,3,3,0,0,1,0,0,0,1,ok,235
1380,1,9,3,oppo_hand,oppo_4,oppo_hand,oppo_hand: log=5 engine=4,5,2,2,0,4,2,1,1,2,0,1,1,0,ok,245
1381,1,9,7,oppo_hand,oppo_8,oppo_hand,oppo_hand: log=3 engine=1,5,5,2,2,6,6,0,0,1,1,0,0,2,ok,295
1382,1,10,5,user_lands,oppo_6,user_lands user_hand,user_lands: log_only=[] engine_only=['plains'] ; user_hand: log_only=['trapped in the screen'] engine_only=[],4,3,2,0,6,3,1,0,3,0,1,0,0,ok,266
1383,1,12,4,user_noncreatures,user_5,user_noncreatures,user_noncreatures: log_only=['glassworks'] engine_only=['nowhere to run'],5,3,3,0,4,3,0,0,1,0,0,0,1,ok,228
1384,1,10,3,user_life,user_4,user_life oppo_life user_creatures user_noncreatures user_hand,user_life: log=22 engine=21 ; oppo_life: log=12 engine=16 ; user_creatures: log_only=['popular egotist'] engine_only=[] ; user_noncreatures: log_only=[] engine_only=['treasure'] ; user_hand: log_only=[] engine_only=['turn inside out'],7,2,1,0,3,2,1,0,1,0,1,0,2,ok,301
1385,1,5,5,,,,,3,3,0,0,4,4,1,1,1,1,1,0,1,ok,96
1386,1,9,3,user_noncreatures,oppo_4,user_noncreatures,user_noncreatures: log_only=['glassworks'] engine_only=[],6,3,1,0,4,3,4,0,1,0,4,0,0,ok,170
1387,1,10,3,oppo_hand,oppo_4,oppo_hand,oppo_hand: log=8 engine=7,5,0,2,0,3,0,0,0,3,0,0,0,0,ok,183
1388,1,7,3,oppo_life,user_4,oppo_life user_creatures,"oppo_life: log=12 engine=11 ; user_creatures: log_only=[] engine_only=['arabella, abandoned doll']",4,2,1,0,3,2,1,0,1,0,1,0,1,ok,154
1389,1,8,1,user_hand,user_2,user_hand,user_hand: log_only=['the wandering rescuer'] engine_only=['shrewd storyteller'],6,0,0,0,1,0,0,0,1,0,0,0,0,ok,223
1390,1,9,2,user_lands,oppo_3,user_lands user_creatures user_hand,user_lands: log_only=['lakeside shack'] engine_only=[] ; user_creatures: log_only=[] engine_only=['insidious fungus'] ; user_hand: log_only=['forest'] engine_only=['lakeside shack'],5,1,4,0,2,1,0,0,1,0,0,0,0,ok,168
1391,1,13,2,user_hand,oppo_3,user_hand,user_hand: log_only=['swamp'] engine_only=['spectral snatcher'],8,0,3,0,2,0,0,0,2,0,0,0,0,ok,357
1392,1,8,6,user_hand,user_7,user_hand,user_hand: log_only=['overlord of the balemurk'] engine_only=['swamp'],3,1,2,1,5,2,0,0,4,0,0,0,1,ok,147
1393,1,7,2,user_hand,oppo_3,user_hand oppo_hand,user_hand: log_only=['swamp'] engine_only=['reluctant role model'] ; oppo_hand: log=6 engine=7,5,2,1,0,3,2,0,0,1,0,0,0,1,ok,148
1394,1,7,4,user_life,oppo_5,user_life oppo_life,user_life: log=9 engine=15 ; oppo_life: log=14 engine=8,4,4,2,1,5,5,6,0,1,0,6,0,0,ok,111
1395,1,18,3,user_creatures,oppo_4,user_creatures user_hand,user_creatures: log_only=['optimistic scavenger'] engine_only=[] ; user_hand: log_only=[] engine_only=['optimistic scavenger'],9,3,1,0,3,3,1,0,0,0,1,0,0,ok,1058
1396,1,11,3,user_life,oppo_4,user_life user_noncreatures oppo_hand,user_life: log=18 engine=17 ; user_noncreatures: log_only=[] engine_only=['glimmerlight'] ; oppo_hand: log=4 engine=3,4,2,2,0,4,2,0,0,2,0,0,0,1,ok,293
1397,1,8,3,user_life,oppo_4,user_life,user_life: log=13 engine=14,5,2,0,0,3,3,2,0,1,1,2,0,1,ok,170
1398,1,12,2,oppo_life,oppo_3,oppo_life user_creatures,oppo_life: log=21 engine=20 ; user_creatures: log_only=[] engine_only=['balemurk leech'],7,1,3,0,2,1,0,0,1,0,0,0,0,ok,359
1399,1,6,5,user_hand,user_6,user_hand,user_hand: log_only=[] engine_only=['tunnel surveyor'],4,3,0,0,4,4,4,0,1,1,4,0,1,ok,107
1400,1,12,3,user_hand,oppo_4,user_hand,"user_hand: log_only=['drag to the roots'] engine_only=[""winter's intervention""]",8,2,1,0,3,2,0,0,1,0,0,0,0,ok,1748
1401,1,6,4,oppo_life,user_5,oppo_life user_creatures user_noncreatures user_hand,oppo_life: log=8 engine=10 ; user_creatures: log_only=['vicious clown'] engine_only=[] ; user_noncreatures: log_only=[] engine_only=['treasure'] ; user_hand: log_only=[] engine_only=['ragged playmate'],5,4,0,0,4,4,4,0,0,0,4,0,2,ok,503
1402,1,9,2,user_life,oppo_3,user_life,user_life: log=20 engine=19,5,1,1,0,3,1,1,0,2,0,1,0,1,ok,457
1403,1,10,5,user_life,user_6,user_life oppo_life user_creatures,user_life: log=27 engine=28 ; oppo_life: log=8 engine=7 ; user_creatures: log_only=['glimmer'] engine_only=[],5,4,1,1,5,5,6,0,1,0,6,0,3,ok,532
1404,1,10,2,user_life,oppo_3,user_life,user_life: log=17 engine=18,8,1,1,0,2,1,0,0,1,0,0,0,0,ok,440
1405,1,13,4,user_lands,user_5,user_lands user_creatures user_hand,user_lands: log_only=['island'] engine_only=[] ; user_creatures: log_only=[] engine_only=['unsettling twins'] ; user_hand: log_only=['unsettling twins'] engine_only=['island'],6,3,3,0,4,3,0,1,1,0,0,1,3,ok,487
1406,1,10,2,user_creatures,user_3,user_creatures user_hand,user_creatures: log_only=['forest'] engine_only=['vanish from sight'] ; user_hand: log_only=['forest'] engine_only=['oblivious bookworm'],6,2,2,0,2,2,0,0,0,0,0,0,0,ok,317
1407,1,14,6,oppo_life,oppo_7,oppo_life,oppo_life: log=47 engine=48,6,4,1,0,5,6,0,2,1,1,0,2,0,ok,365
1408,1,8,2,user_creatures,oppo_3,user_creatures user_hand,user_creatures: log_only=['piranha fly'] engine_only=[] ; user_hand: log_only=[] engine_only=['entity tracker'],6,1,0,0,3,1,1,0,2,0,1,0,0,ok,293
1409,1,9,4,user_creatures,user_5,user_creatures,user_creatures: log_only=['abandoned campground'] engine_only=[],5,3,1,0,4,4,0,1,1,0,0,1,1,ok,357
1410,1,11,2,oppo_life,user_3,oppo_life,oppo_life: log=16 engine=17,6,2,1,0,2,2,2,0,0,0,2,0,0,ok,329
1411,1,9,4,oppo_life,user_5,oppo_life user_creatures user_noncreatures,oppo_life: log=13 engine=9 ; user_creatures: log_only=['cult healer'] engine_only=['patched plaything'] ; user_noncreatures: log_only=[] engine_only=['unable to scream'],5,3,1,0,4,3,1,0,1,0,1,0,0,ok,339
1412,1,8,4,user_noncreatures,oppo_5,user_noncreatures user_hand oppo_hand,"user_noncreatures: log_only=[""shardmage's rescue""] engine_only=[] ; user_hand: log_only=[] engine_only=[""shardmage's rescue""] ; oppo_hand: log=3 engine=4",4,4,1,0,4,4,0,0,0,0,0,0,3,ok,271
1413,1,11,3,user_hand,user_4,user_hand oppo_hand,"user_hand: log_only=[] engine_only=[""don't make a sound""] ; oppo_hand: log=5 engine=6",6,0,3,1,3,1,0,0,3,0,0,0,1,ok,394
1414,1,9,3,user_hand,user_4,user_hand,user_hand: log_only=['spineseeker centipede'] engine_only=['balustrade wurm'],5,2,3,0,3,2,0,0,1,0,0,0,0,ok,313
1415,1,8,1,user_hand,oppo_2,user_hand,user_hand: log_only=['forest'] engine_only=['slavering branchsnapper'],3,0,1,0,2,0,0,0,2,0,0,0,0,ok,133
1416,1,13,2,user_creatures,user_3,user_creatures user_hand,user_creatures: log_only=['fear of surveillance'] engine_only=[] ; user_hand: log_only=[] engine_only=['jump scare'],6,1,0,0,2,1,0,0,1,0,0,0,1,ok,260
1417,1,9,3,user_life,oppo_4,user_life,user_life: log=16 engine=18,5,1,2,1,3,2,0,0,2,0,0,0,0,ok,206
1418,1,11,4,user_life,oppo_5,user_life user_creatures,user_life: log=9 engine=8 ; user_creatures: log_only=[] engine_only=['fear of falling'],5,3,2,2,4,5,2,0,1,1,2,0,1,ok,388
1419,1,5,1,user_hand,user_2,user_hand,user_hand: log_only=['meathook massacre ii'] engine_only=['swamp'],4,1,0,0,1,1,0,0,0,0,0,0,0,ok,99
1420,1,10,3,user_hand,oppo_4,user_hand,user_hand: log_only=['midnight mayhem'] engine_only=['plains'],4,1,3,0,3,1,2,0,2,0,2,0,0,ok,350
1421,1,15,2,user_creatures,oppo_3,user_creatures,user_creatures: log_only=[] engine_only=['undead sprinter'],7,2,1,0,2,2,3,0,0,0,3,0,1,ok,335
1422,1,10,2,user_creatures,oppo_3,user_creatures,user_creatures: log_only=[] engine_only=['glimmer'],6,1,0,0,2,1,0,0,1,0,0,0,1,ok,300
1423,1,9,2,user_life,oppo_3,user_life,user_life: log=18 engine=20,4,0,1,0,3,0,0,0,3,0,0,0,0,ok,210
1424,1,10,2,user_life,oppo_3,user_life,user_life: log=20 engine=21,5,0,3,0,3,0,0,0,3,0,0,0,0,ok,182
1425,1,7,3,user_hand,user_4,user_hand,user_hand: log_only=['oblivious bookworm'] engine_only=['island'],4,2,1,0,3,2,1,0,1,0,1,0,0,ok,217
1426,1,6,1,user_creatures,user_2,user_creatures,user_creatures: log_only=['mountain'] engine_only=['grasping longneck'],2,0,2,0,1,0,0,0,1,0,0,0,0,ok,124
1427,1,18,3,user_noncreatures,oppo_4,user_noncreatures,user_noncreatures: log_only=['trapped in the screen'] engine_only=[],7,2,5,0,4,2,1,0,2,0,1,0,0,ok,528
1428,1,7,3,oppo_life,user_4,oppo_life,oppo_life: log=14 engine=16,4,2,1,0,3,2,0,0,1,0,0,0,1,ok,157
1429,1,7,2,user_life,oppo_3,user_life,user_life: log=20 engine=18,1,0,2,0,3,0,0,0,3,0,0,0,1,ok,200
1430,1,8,3,user_life,oppo_4,user_life,user_life: log=13 engine=14,5,2,2,1,3,2,0,0,1,0,0,0,2,ok,223
1431,1,7,3,oppo_life,user_4,oppo_life user_creatures,oppo_life: log=14 engine=10 ; user_creatures: log_only=['attack-in-the-box'] engine_only=[],5,3,0,0,3,3,3,0,0,0,3,0,0,ok,122
1432,1,6,2,oppo_life,user_3,oppo_life user_creatures,oppo_life: log=16 engine=13 ; user_creatures: log_only=['impossible inferno'] engine_only=[],5,2,1,0,2,2,2,0,0,0,2,0,0,ok,87
1433,1,12,4,user_lands,user_5,user_lands user_hand,user_lands: log_only=['swamp'] engine_only=[] ; user_hand: log_only=[] engine_only=['spectral snatcher'],6,3,2,1,4,3,0,1,1,0,0,1,2,ok,199
1434,1,8,5,user_life,oppo_6,user_life user_creatures user_noncreatures user_hand oppo_hand,user_life: log=12 engine=13 ; user_creatures: log_only=['cautious survivor'] engine_only=[] ; user_noncreatures: log_only=['growing dread'] engine_only=[] ; user_hand: log_only=[] engine_only=['growing dread'] ; oppo_hand: log=0 engine=1,5,4,0,0,5,5,1,2,1,0,1,2,3,ok,213
1435,1,9,4,oppo_hand,oppo_5,oppo_hand,oppo_hand: log=4 engine=5,6,4,0,0,4,4,2,0,0,0,2,0,2,ok,164
1436,1,6,2,user_life,oppo_3,user_life,user_life: log=17 engine=18,1,1,0,0,2,1,0,0,1,0,0,0,0,ok,108
1437,1,7,2,oppo_life,user_3,oppo_life,oppo_life: log=18 engine=17,3,1,2,0,2,1,0,0,1,0,0,0,0,ok,165
1438,1,9,1,user_hand,user_2,user_hand,user_hand: log_only=['meat locker'] engine_only=['terramorphic expanse'],4,0,0,0,1,0,0,0,1,0,0,0,0,ok,193
1439,1,8,6,user_hand,user_7,user_hand,user_hand: log_only=['fear of being hunted'] engine_only=['vile mutilator'],5,3,1,1,3,5,6,0,0,1,6,0,0,ok,154
1440,1,6,6,,,,,3,3,0,0,4,4,2,0,1,1,2,0,1,ok,89
1441,1,7,1,user_hand,user_2,user_hand,user_hand: log_only=['fear of burning alive'] engine_only=['grasping longneck'],4,0,0,0,1,0,0,0,1,0,0,0,0,ok,211
1442,1,6,5,oppo_life,user_6,oppo_life user_creatures oppo_hand,oppo_life: log=4 engine=7 ; user_creatures: log_only=['under the skin'] engine_only=[] ; oppo_hand: log=4 engine=5,4,4,0,0,5,4,4,0,1,0,4,0,2,ok,112
1443,1,7,1,user_hand,user_2,user_hand,user_hand: log_only=['balustrade wurm'] engine_only=['swamp'],4,0,0,0,1,0,0,0,1,0,0,0,0,ok,192
1444,1,8,3,user_hand,oppo_4,user_hand,user_hand: log_only=['plains'] engine_only=['shepherding spirits'],4,3,0,0,3,3,1,0,0,0,1,0,0,ok,107
1445,1,8,3,user_creatures,oppo_4,user_creatures,"user_creatures: log_only=['miasma demon'] engine_only=['grand entryway', 'insect']",5,2,2,0,4,2,0,1,2,0,0,1,0,ok,196
1446,1,9,4,oppo_life,user_5,oppo_life user_creatures oppo_hand,oppo_life: log=11 engine=10 ; user_creatures: log_only=[] engine_only=['most valuable slayer'] ; oppo_hand: log=2 engine=3,7,3,1,1,4,4,2,1,1,0,2,1,3,ok,194
1447,1,8,4,user_creatures,oppo_5,user_creatures,user_creatures: log_only=[] engine_only=['ragged playmate'],5,3,0,0,4,3,4,0,1,0,4,0,1,ok,646
1448,1,13,2,user_hand,user_3,user_hand,user_hand: log_only=['slavering branchsnapper'] engine_only=['island'],6,0,4,0,2,0,0,0,2,0,0,0,0,ok,318
1449,1,12,4,user_life,oppo_5,user_life user_hand,"user_life: log=14 engine=13 ; user_hand: log_only=['terramorphic expanse', 'tunnel surveyor'] engine_only=['scrabbling skullcrab', 'swamp']",8,1,0,0,4,1,0,1,3,0,0,1,1,ok,385
1450,1,12,6,user_creatures,oppo_7,user_creatures user_noncreatures oppo_hand,user_creatures: log_only=['unidentified hovership'] engine_only=['fear of surveillance'] ; user_noncreatures: log_only=[] engine_only=['unidentified hovership'] ; oppo_hand: log=1 engine=2,6,4,3,2,6,5,1,2,2,0,1,2,2,ok,2031
1451,1,5,3,oppo_life,user_4,oppo_life,oppo_life: log=6 engine=9,3,2,0,0,3,2,2,0,1,0,2,0,0,ok,283
1452,1,10,1,user_creatures,user_2,user_creatures user_hand,user_creatures: log_only=['intruding soulrager'] engine_only=[] ; user_hand: log_only=[] engine_only=['intruding soulrager'],7,0,0,0,1,0,0,0,1,0,0,0,1,ok,543
1453,1,5,2,user_hand,oppo_3,user_hand,user_hand: log_only=[] engine_only=['floodpits drowner'],2,0,0,0,2,0,0,0,2,0,0,0,0,ok,148
1454,1,8,1,user_creatures,user_2,user_creatures user_hand,user_creatures: log_only=['house cartographer'] engine_only=[] ; user_hand: log_only=[] engine_only=['fear of being hunted'],6,1,1,0,1,1,0,0,0,0,0,0,1,ok,248
1455,1,5,5,,,,,2,2,0,0,4,3,1,0,2,1,1,0,0,ok,158
1456,1,7,4,user_creatures,user_5,user_creatures,user_creatures: log_only=['plains'] engine_only=['moldering gym'],2,1,0,0,3,1,0,0,2,0,0,0,0,ok,211
1457,1,10,2,user_creatures,user_3,user_creatures user_hand,user_creatures: log_only=['ghostly keybearer'] engine_only=[] ; user_hand: log_only=[] engine_only=['ghostly keybearer'],5,1,0,0,2,1,0,0,1,0,0,0,1,ok,364
1458,1,9,2,user_creatures,user_3,user_creatures user_hand,"user_creatures: log_only=[""victor, valgavoth's seneschal""] engine_only=[] ; user_hand: log_only=[] engine_only=[""victor, valgavoth's seneschal""]",6,1,0,0,2,1,0,0,1,0,0,0,1,ok,243
1459,1,14,3,user_hand,oppo_4,user_hand,"user_hand: log_only=[] engine_only=[""don't make a sound""]",5,1,3,0,3,1,0,0,2,0,0,0,1,ok,622
1460,1,11,1,user_hand,user_2,user_hand,user_hand: log_only=['forest'] engine_only=['wickerfolk thresher'],7,0,1,0,1,0,0,0,1,0,0,0,0,ok,397
1461,1,13,3,oppo_hand,oppo_4,oppo_hand,oppo_hand: log=4 engine=5,6,1,2,0,3,1,0,0,2,0,0,0,0,ok,423
1462,1,5,3,oppo_life,user_4,oppo_life,oppo_life: log=11 engine=13,3,2,0,0,3,3,1,0,1,0,1,0,0,ok,81
1463,1,9,2,oppo_life,user_3,oppo_life,oppo_life: log=18 engine=19,6,1,1,0,2,1,0,0,1,0,0,0,0,ok,224
1464,1,7,2,user_life,oppo_3,user_life,user_life: log=18 engine=19,4,0,1,0,2,0,0,0,2,0,0,0,0,ok,158
1465,1,13,2,user_noncreatures,oppo_3,user_noncreatures user_hand,user_noncreatures: log_only=['underwater tunnel'] engine_only=[] ; user_hand: log_only=[] engine_only=['underwater tunnel'],7,1,5,0,2,1,0,0,1,0,0,0,0,ok,646
1466,1,16,1,user_hand,user_2,user_hand,user_hand: log_only=['savior of the small'] engine_only=['plains'],8,0,1,0,1,0,0,0,1,0,0,0,0,ok,563
1467,1,12,4,user_noncreatures,oppo_5,user_noncreatures,user_noncreatures: log_only=['cracked skull'] engine_only=[],3,1,4,1,3,3,3,0,2,1,3,0,0,ok,233
1468,1,7,3,oppo_life,user_4,oppo_life user_creatures user_hand oppo_hand,"oppo_life: log=16 engine=13 ; user_creatures: log_only=[] engine_only=['glimmer seeker'] ; user_hand: log_only=[] engine_only=[""shardmage's rescue""] ; oppo_hand: log=5 engine=6",4,3,0,0,3,3,2,0,0,0,2,0,1,ok,153
1469,1,8,2,user_life,oppo_3,user_life,user_life: log=16 engine=17,4,1,2,0,2,1,0,0,1,0,0,0,0,ok,205
1470,1,10,5,user_creatures,oppo_6,user_creatures oppo_hand,user_creatures: log_only=['unwilling vessel'] engine_only=['enduring innocence'] ; oppo_hand: log=1 engine=3,6,5,1,1,5,6,3,0,1,0,3,0,2,ok,421
1471,1,18,4,oppo_hand,oppo_5,oppo_hand,oppo_hand: log=1 engine=2,7,2,1,0,4,4,1,0,2,1,1,0,3,ok,471
1472,1,9,4,user_lands,user_5,user_lands user_creatures user_hand,"user_lands: log_only=['island', 'plains'] engine_only=[] ; user_creatures: log_only=['splitskin doll'] engine_only=['floodpits drowner'] ; user_hand: log_only=['floodpits drowner'] engine_only=['island', 'splitskin doll']",5,1,1,0,3,1,1,0,2,0,1,0,3,ok,188
1473,1,5,3,user_creatures,user_4,user_creatures user_noncreatures user_hand oppo_hand,"user_creatures: log_only=['fear of surveillance', 'monstrous emergence'] engine_only=[] ; user_noncreatures: log_only=['moldering gym'] engine_only=[] ; user_hand: log_only=[] engine_only=[""valgavoth's onslaught""] ; oppo_hand: log=6 engine=5",4,2,0,0,3,2,1,0,1,0,1,0,2,ok,117
1474,1,9,3,user_life,oppo_4,user_life,user_life: log=15 engine=16,4,1,3,0,3,1,0,0,2,0,0,0,0,ok,193
1475,1,12,3,user_creatures,oppo_4,user_creatures,user_creatures: log_only=['glimmer'] engine_only=[],5,2,3,0,4,2,1,0,2,0,1,0,0,ok,257
1476,1,3,2,user_creatures,user_3,user_creatures,user_creatures: log_only=['veteran survivor'] engine_only=[],3,2,1,0,2,2,1,0,0,0,1,0,0,ok,56
1477,1,8,3,oppo_hand,oppo_4,oppo_hand,oppo_hand: log=4 engine=3,2,2,2,1,3,2,1,0,1,0,1,0,2,ok,200
1478,1,7,2,user_creatures,oppo_3,user_creatures oppo_hand,user_creatures: log_only=[] engine_only=['silent hallcreeper'] ; oppo_hand: log=4 engine=5,6,2,3,0,2,2,0,0,0,0,0,0,2,ok,232
1479,1,11,2,user_creatures,user_3,user_creatures,user_creatures: log_only=['floodpits drowner'] engine_only=['forest'],7,1,3,0,2,1,0,0,1,0,0,0,0,ok,509
1480,1,7,2,user_hand,user_3,user_hand,user_hand: log_only=['omnivorous flytrap'] engine_only=['house cartographer'],3,1,2,0,2,1,1,0,1,0,1,0,0,ok,116
1481,1,8,2,oppo_hand,oppo_3,oppo_hand,oppo_hand: log=4 engine=5,6,1,1,0,2,1,1,0,1,0,1,0,1,ok,187
1482,1,8,4,user_creatures,user_5,user_creatures,user_creatures: log_only=[] engine_only=['floodpits drowner'],4,2,1,0,3,2,3,0,1,0,3,0,0,ok,211
1483,1,10,6,oppo_life,user_7,oppo_life,oppo_life: log=16 engine=18,5,4,4,3,6,6,0,0,2,0,0,0,1,ok,187
1484,1,12,4,user_life,oppo_5,user_life,user_life: log=17 engine=20,9,3,1,0,4,3,3,0,1,0,3,0,0,ok,351
1485,1,9,3,user_life,oppo_4,user_life,user_life: log=17 engine=18,6,3,2,1,4,3,1,0,1,0,1,0,1,ok,182
1486,1,7,2,user_creatures,user_3,user_creatures user_hand,user_creatures: log_only=['most valuable slayer'] engine_only=[] ; user_hand: log_only=[] engine_only=['most valuable slayer'],5,1,2,0,2,1,0,0,1,0,0,0,1,ok,100
1487,1,7,5,user_life,user_6,user_life user_creatures user_noncreatures,user_life: log=19 engine=18 ; user_creatures: log_only=[] engine_only=['fear of lost teeth'] ; user_noncreatures: log_only=['derelict attic'] engine_only=[],5,4,0,0,5,5,1,0,1,0,1,0,0,ok,90
1488,1,8,3,user_hand,user_4,user_hand,user_hand: log_only=['forest'] engine_only=[],7,2,0,0,3,2,0,0,1,0,0,0,0,ok,140
1489,1,7,5,user_life,user_6,user_life oppo_life user_hand,user_life: log=18 engine=16 ; oppo_life: log=11 engine=14 ; user_hand: log_only=['forest'] engine_only=[],6,4,0,0,5,4,0,0,1,0,0,0,0,ok,146
1490,1,8,4,user_life,oppo_5,user_life user_creatures,user_life: log=20 engine=17 ; user_creatures: log_only=[] engine_only=['spineseeker centipede'],6,3,1,1,5,4,0,0,2,0,0,0,1,ok,148
1491,1,9,1,user_hand,user_2,user_hand,user_hand: log_only=['forest'] engine_only=['flesh burrower'],7,1,0,0,1,1,0,0,0,0,0,0,0,ok,215
1492,1,9,2,oppo_life,user_3,oppo_life user_creatures,oppo_life: log=17 engine=20 ; user_creatures: log_only=['wary watchdog'] engine_only=['tunnel surveyor'],6,1,3,0,2,1,0,0,1,0,0,0,0,ok,196
1493,1,9,2,user_creatures,user_3,user_creatures user_noncreatures oppo_hand,user_creatures: log_only=[] engine_only=['emerge from the cocoon'] ; user_noncreatures: log_only=[] engine_only=['ticket booth'] ; oppo_hand: log=6 engine=7,3,1,2,0,2,1,1,0,1,0,1,0,1,ok,140
1494,1,9,1,user_noncreatures,oppo_2,user_noncreatures user_hand,user_noncreatures: log_only=[] engine_only=['keys to the house'] ; user_hand: log_only=['swamp'] engine_only=[],7,2,0,0,2,2,0,0,0,0,0,0,0,ok,210
1495,1,5,5,,,,,4,4,0,0,5,4,3,0,1,0,3,0,0,ok,87
1496,1,8,3,user_lands,user_4,user_lands,user_lands: log_only=['mountain'] engine_only=['swamp'],6,1,2,0,3,1,2,0,2,0,2,0,0,ok,141
1497,1,9,3,user_life,oppo_4,user_life user_creatures,user_life: log=17 engine=18 ; user_creatures: log_only=['plains'] engine_only=['fear of immobility'],5,2,3,1,4,2,0,0,2,0,0,0,0,ok,219
1498,1,6,4,user_life,oppo_5,user_life,user_life: log=12 engine=14,1,1,2,1,3,2,0,0,2,0,0,0,0,ok,93
1499,1,9,1,user_hand,oppo_2,user_hand,user_hand: log_only=['withering torment'] engine_only=['defiled crypt'],4,0,2,0,2,0,0,0,2,0,0,0,0,ok,646
1500,1,12,3,user_life,oppo_4,user_life user_hand,user_life: log=18 engine=19 ; user_hand: log_only=['swamp'] engine_only=['spectral snatcher'],3,1,3,1,3,1,0,0,2,0,0,0,0,ok,1932
1501,1,8,2,user_hand,user_3,user_hand,"user_hand: log_only=['plains', 'shrewd storyteller'] engine_only=['say its name', 'spineseeker centipede']",5,1,1,0,2,1,0,0,1,0,0,0,1,ok,421
1502,1,9,3,user_creatures,user_4,user_creatures user_hand,user_creatures: log_only=['screaming nemesis'] engine_only=[] ; user_hand: log_only=[] engine_only=['jump scare'],6,2,1,0,3,2,2,0,1,0,2,0,1,ok,359
1503,1,10,2,user_life,oppo_3,user_life user_noncreatures user_hand,user_life: log=20 engine=18 ; user_noncreatures: log_only=['growing dread'] engine_only=[] ; user_hand: log_only=[] engine_only=['growing dread'],3,0,1,0,2,0,0,0,2,0,0,0,2,ok,369
1504,1,10,2,user_hand,oppo_3,user_hand,user_hand: log_only=['swamp'] engine_only=['spectral snatcher'],7,0,2,0,2,0,0,0,2,0,0,0,0,ok,470
1505,1,14,3,oppo_life,user_4,oppo_life,oppo_life: log=13 engine=16,6,2,2,0,3,2,1,0,1,0,1,0,1,ok,658
1506,1,10,3,user_creatures,user_4,user_creatures,user_creatures: log_only=['tunnel surveyor'] engine_only=[],6,2,1,1,3,3,1,0,1,0,1,0,1,ok,463
1507,1,12,2,user_creatures,oppo_3,user_creatures,user_creatures: log_only=[] engine_only=['fear of surveillance'],8,1,0,0,2,1,0,0,1,0,0,0,0,ok,468
1508,1,8,4,user_creatures,user_5,user_creatures,user_creatures: log_only=['trapped in the screen'] engine_only=[],3,2,3,1,4,3,0,0,2,0,0,0,0,ok,200
1509,1,8,4,user_creatures,oppo_5,user_creatures oppo_hand,user_creatures: log_only=[] engine_only=['lionheart glimmer'] ; oppo_hand: log=2 engine=3,4,3,2,0,4,3,3,0,1,0,3,0,1,ok,279
1510,1,10,1,user_creatures,user_2,user_creatures,"user_creatures: log_only=['norin, swift survivalist'] engine_only=[]",6,1,1,0,1,1,0,0,0,0,0,0,1,ok,365
1511,1,7,3,user_lands,user_4,user_lands user_hand,user_lands: log_only=['plains'] engine_only=[] ; user_hand: log_only=[] engine_only=['plains'],5,2,1,1,3,2,0,1,1,0,0,1,1,ok,206
1512,1,8,2,oppo_life,user_3,oppo_life,oppo_life: log=17 engine=18,6,1,2,1,2,2,0,1,1,0,0,1,0,ok,341
1513,1,8,3,user_creatures,user_4,user_creatures,user_creatures: log_only=['unstoppable slasher'] engine_only=[],5,3,3,2,3,4,2,0,0,0,2,0,1,ok,210
1514,1,11,3,user_creatures,user_4,user_creatures user_hand oppo_hand,"user_creatures: log_only=['clockwork percussionist'] engine_only=[] ; user_hand: log_only=[] engine_only=['hauntwoods shrieker', 'manifest dread', 'terramorphic expanse'] ; oppo_hand: log=4 engine=5",8,2,2,0,3,2,2,0,1,0,2,0,2,ok,266
1515,1,6,3,oppo_life,user_4,oppo_life user_creatures,oppo_life: log=16 engine=18 ; user_creatures: log_only=['optimistic scavenger'] engine_only=[],4,3,1,0,3,3,0,0,0,0,0,0,0,ok,269
1516,1,6,3,user_life,user_4,user_life oppo_life,user_life: log=17 engine=22 ; oppo_life: log=13 engine=12,5,2,3,0,3,2,1,0,1,0,1,0,0,ok,136
1517,1,10,5,user_creatures,oppo_6,user_creatures,user_creatures: log_only=[] engine_only=['ragged playmate'],6,4,3,0,5,5,2,0,1,0,2,0,0,ok,321
1518,1,11,2,user_creatures,oppo_3,user_creatures,user_creatures: log_only=[] engine_only=['piranha fly'],7,0,3,0,3,0,0,0,3,0,0,0,0,ok,236
1519,1,10,4,user_creatures,oppo_5,user_creatures,user_creatures: log_only=[] engine_only=['come back wrong'],7,4,0,0,5,4,0,1,1,0,0,1,0,ok,274
1520,1,10,4,user_creatures,user_5,user_creatures user_noncreatures,user_creatures: log_only=['forest'] engine_only=[] ; user_noncreatures: log_only=['meat locker'] engine_only=[],3,2,3,0,3,3,2,0,1,1,2,0,0,ok,163
1521,1,14,3,user_lands,user_4,user_lands user_hand,user_lands: log_only=['swamp'] engine_only=[] ; user_hand: log_only=[] engine_only=['spectral snatcher'],6,1,6,0,3,1,0,0,2,0,0,0,1,ok,254
1522,1,7,3,user_hand,user_4,user_hand,user_hand: log_only=['growing dread'] engine_only=['forest'],4,2,1,0,3,2,0,0,1,0,0,0,0,ok,137
1523,1,9,3,user_hand,user_4,user_hand,user_hand: log_only=['fear of isolation'] engine_only=['tunnel surveyor'],6,2,2,0,3,2,1,1,1,0,1,1,0,ok,170
1524,1,11,3,user_lands,user_4,user_lands user_creatures user_noncreatures user_hand,user_lands: log_only=['plains'] engine_only=[] ; user_creatures: log_only=['plains'] engine_only=[] ; user_noncreatures: log_only=['conductive machete'] engine_only=[] ; user_hand: log_only=[] engine_only=['conductive machete'],4,1,1,0,3,1,0,0,2,0,0,0,2,ok,346
1525,1,7,3,user_creatures,oppo_4,user_creatures,user_creatures: log_only=['patchwork beastie'] engine_only=['hand that feeds'],4,2,2,0,4,2,0,0,2,0,0,0,0,ok,186
1526,1,7,3,user_hand,user_4,user_hand,user_hand: log_only=['island'] engine_only=['saw'],5,2,0,0,3,2,0,0,1,0,0,0,0,ok,199
1527,1,8,7,user_hand,user_8,user_hand,user_hand: log_only=['murder'] engine_only=['shroudstomper'],6,5,2,1,7,6,4,0,2,0,4,0,1,ok,161
1528,1,5,1,user_hand,user_2,user_hand,"user_hand: log_only=['zimone, all-questioning'] engine_only=['razorkin hordecaller']",4,0,0,0,1,0,0,0,1,0,0,0,0,ok,107
1529,1,9,2,oppo_life,user_3,oppo_life user_creatures,"oppo_life: log=19 engine=20 ; user_creatures: log_only=['mountain'] engine_only=[""winter's intervention""]",6,1,3,0,2,1,2,0,1,0,2,0,0,ok,185
1530,1,9,3,user_lands,user_4,user_lands user_creatures user_hand,"user_lands: log_only=[""valgavoth's lair""] engine_only=[] ; user_creatures: log_only=['razortrap gorge'] engine_only=[] ; user_hand: log_only=['mountain'] engine_only=['ragged playmate']",4,2,3,0,3,2,0,1,1,0,0,1,0,ok,198
1531,1,5,3,oppo_life,user_4,oppo_life,oppo_life: log=20 engine=21,4,3,1,0,3,3,0,0,0,0,0,0,1,ok,126
1532,1,10,3,user_hand,user_4,user_hand,user_hand: log_only=['fear of infinity'] engine_only=[],8,2,1,0,3,2,0,0,1,0,0,0,0,ok,289
1533,1,9,6,oppo_life,user_7,oppo_life,oppo_life: log=18 engine=19,3,3,4,2,5,5,1,0,2,0,1,0,0,ok,160
1534,1,10,3,user_creatures,oppo_4,user_creatures,user_creatures: log_only=[] engine_only=['spineseeker centipede'],6,2,2,1,4,3,0,1,2,0,0,1,1,ok,230
1535,1,9,2,user_life,oppo_3,user_life,user_life: log=17 engine=18,6,1,2,0,2,1,0,0,1,0,0,0,0,ok,284
1536,1,7,2,oppo_hand,oppo_3,oppo_hand,oppo_hand: log=4 engine=5,5,1,2,1,2,1,0,0,1,0,0,0,1,ok,129
1537,1,10,4,user_creatures,oppo_5,user_creatures,"user_creatures: log_only=['acrobatic cheerleader'] engine_only=['arabella, abandoned doll']",6,3,0,0,4,4,0,0,1,0,0,0,0,ok,231
1538,1,7,2,user_creatures,oppo_3,user_creatures,user_creatures: log_only=['the jolly balloon man'] engine_only=['gremlin tamer'],3,2,1,0,3,2,0,0,1,0,0,0,0,ok,115
1539,1,8,2,user_creatures,oppo_3,user_creatures,user_creatures: log_only=[] engine_only=['house cartographer'],6,1,1,0,2,1,0,0,1,0,0,0,0,ok,215
1540,1,6,3,oppo_hand,oppo_4,oppo_hand,oppo_hand: log=8 engine=7,2,2,0,0,3,2,1,0,1,0,1,0,0,ok,50
1541,1,8,1,user_hand,user_2,user_hand,user_hand: log_only=['spineseeker centipede'] engine_only=['overgrown zealot'],5,1,0,0,1,1,0,0,0,0,0,0,0,ok,109
1542,1,9,4,oppo_hand,oppo_5,oppo_hand,oppo_hand: log=2 engine=3,5,4,2,1,5,4,3,0,1,0,3,0,2,ok,251
1543,1,8,4,user_life,oppo_5,user_life user_noncreatures,user_life: log=13 engine=18 ; user_noncreatures: log_only=[] engine_only=['bottomless pool'],5,3,1,0,3,4,1,0,1,0,1,0,0,ok,190
1544,1,10,3,user_life,oppo_4,user_life,user_life: log=16 engine=18,5,3,0,0,4,4,2,0,1,0,2,0,1,ok,240
1545,1,11,2,user_creatures,user_3,user_creatures,user_creatures: log_only=['clockwork percussionist'] engine_only=['innocuous rat'],6,1,2,0,2,1,0,0,1,0,0,0,0,ok,180
1546,1,11,2,oppo_life,user_3,oppo_life user_creatures user_noncreatures user_hand oppo_hand,"oppo_life: log=20 engine=18 ; user_creatures: log_only=['island'] engine_only=['flesh burrower', 'murky sewer'] ; user_noncreatures: log_only=[] engine_only=['growing dread'] ; user_hand: log_only=['growing dread'] engine_only=[] ; oppo_hand: log=6 engine=7",4,0,3,0,2,0,0,0,2,0,0,0,1,ok,346
1547,1,6,4,user_creatures,oppo_5,user_creatures,user_creatures: log_only=['the mindskinner'] engine_only=['cracked skull'],4,4,1,0,5,4,2,0,1,0,2,0,2,ok,159
1548,1,10,2,user_creatures,user_3,user_creatures,user_creatures: log_only=[] engine_only=['broodspinner'],6,1,1,0,2,1,0,1,1,0,0,1,1,ok,247
1549,1,9,5,oppo_hand,oppo_6,oppo_hand,oppo_hand: log=1 engine=2,7,4,0,0,5,5,1,1,1,0,1,1,2,ok,238
1550,1,6,3,user_creatures,user_4,user_creatures user_hand,user_creatures: log_only=['clockwork percussionist'] engine_only=[] ; user_hand: log_only=[] engine_only=['plains'],4,2,2,0,3,2,1,0,1,0,1,0,2,ok,1504
1551,1,9,3,user_hand,oppo_4,user_hand,user_hand: log_only=['spectral snatcher'] engine_only=['island'],6,2,1,0,3,2,0,0,1,0,0,0,0,ok,669
1552,1,9,2,oppo_life,user_3,oppo_life user_hand,oppo_life: log=17 engine=18 ; user_hand: log_only=['turn inside out'] engine_only=['friendly ghost'],2,1,0,0,2,1,0,0,1,0,0,0,0,ok,462
1553,1,9,3,user_life,oppo_4,user_life oppo_life oppo_hand,user_life: log=18 engine=20 ; oppo_life: log=20 engine=18 ; oppo_hand: log=7 engine=6,4,2,2,0,4,2,2,0,2,0,2,0,0,ok,338
1554,1,12,3,user_life,oppo_4,user_life,user_life: log=12 engine=15,7,2,2,0,3,2,0,0,1,0,0,0,0,ok,602
1555,1,11,3,user_lands,user_4,user_lands user_creatures user_hand,user_lands: log_only=['plains'] engine_only=[] ; user_creatures: log_only=['unidentified hovership'] engine_only=[] ; user_hand: log_only=[] engine_only=['plains'],5,1,2,0,3,1,0,0,2,0,0,0,1,ok,402
1556,1,5,4,user_life,oppo_5,user_life user_creatures oppo_hand,user_life: log=13 engine=11 ; user_creatures: log_only=['grasping longneck'] engine_only=[] ; oppo_hand: log=3 engine=4,1,1,0,0,3,2,0,0,2,1,0,0,4,ok,169
1557,1,8,4,user_creatures,oppo_5,user_creatures,user_creatures: log_only=[] engine_only=['hardened escort'],7,4,0,0,4,4,1,0,0,0,1,0,0,ok,337
1558,1,9,2,user_lands,oppo_3,user_lands user_creatures,user_lands: log_only=['forest'] engine_only=[] ; user_creatures: log_only=[] engine_only=['insidious fungus'],5,2,1,0,3,2,2,0,1,0,2,0,2,ok,340
1559,1,7,2,oppo_hand,oppo_3,oppo_hand,oppo_hand: log=5 engine=6,4,1,1,0,3,1,0,0,2,0,0,0,1,ok,308
1560,1,6,2,user_hand,user_3,user_hand,user_hand: log_only=[] engine_only=['island'],4,1,2,0,2,1,0,0,1,0,0,0,0,ok,259
1561,1,10,2,oppo_life,user_3,oppo_life user_creatures,oppo_life: log=17 engine=16 ; user_creatures: log_only=[] engine_only=['clockwork percussionist'],6,1,1,0,2,1,0,0,1,0,0,0,1,ok,225
1562,1,5,2,user_life,oppo_3,user_life,user_life: log=16 engine=18,4,2,1,0,3,2,0,0,1,0,0,0,0,ok,151
1563,1,4,4,,,,,2,2,0,0,4,2,1,0,2,0,1,0,0,ok,83
1564,1,7,4,user_creatures,user_5,user_creatures,user_creatures: log_only=[] engine_only=['piggy bank'],4,3,3,2,4,4,2,0,1,0,2,0,0,ok,143
1565,1,8,2,user_life,oppo_3,user_life,user_life: log=17 engine=18,4,2,2,0,3,2,0,0,1,0,0,0,0,ok,201
1566,1,7,5,user_life,user_6,user_life oppo_life user_creatures user_hand,"user_life: log=29 engine=23 ; oppo_life: log=3 engine=6 ; user_creatures: log_only=['gremlin', 'gremlin', 'gremlin'] engine_only=[] ; user_hand: log_only=['piggy bank'] engine_only=['mountain']",3,3,0,0,4,4,10,0,1,1,10,0,6,ok,227
1567,1,9,1,user_hand,user_2,user_hand,user_hand: log_only=['moldering gym'] engine_only=['island'],5,0,1,0,1,0,0,0,1,0,0,0,0,ok,363
1568,1,9,1,oppo_life,user_2,oppo_life,oppo_life: log=18 engine=19,5,1,0,0,1,1,1,0,0,0,1,0,0,ok,310
1569,1,7,3,user_life,oppo_4,user_life oppo_life user_creatures,user_life: log=18 engine=20 ; oppo_life: log=18 engine=16 ; user_creatures: log_only=['most valuable slayer'] engine_only=[],3,2,3,2,4,4,2,0,2,0,2,0,0,ok,157
1570,1,10,5,oppo_life,user_6,oppo_life user_creatures,oppo_life: log=12 engine=11 ; user_creatures: log_only=[] engine_only=['gremlin'],5,4,1,0,4,5,3,0,1,0,3,0,2,ok,323
1571,1,9,4,user_creatures,oppo_5,user_creatures oppo_hand,user_creatures: log_only=[] engine_only=['ragged playmate'] ; oppo_hand: log=2 engine=3,5,3,3,1,4,5,4,0,1,1,4,0,4,ok,185
1572,1,9,2,oppo_life,user_3,oppo_life,oppo_life: log=18 engine=19,4,1,3,0,2,1,0,0,1,0,0,0,0,ok,236
1573,1,9,1,user_hand,user_2,user_hand,user_hand: log_only=['greenhouse'] engine_only=['strangled cemetery'],6,0,1,0,1,0,0,0,1,0,0,0,0,ok,376
1574,1,10,5,oppo_hand,oppo_6,oppo_hand,oppo_hand: log=2 engine=3,8,4,1,0,5,4,2,1,1,0,2,1,2,ok,311
1575,1,7,1,user_hand,user_2,user_hand,user_hand: log_only=['the rollercrusher ride'] engine_only=['mountain'],4,0,0,0,1,0,0,0,1,0,0,0,0,ok,148
1576,1,13,4,user_life,oppo_5,user_life user_creatures user_hand,user_life: log=18 engine=16 ; user_creatures: log_only=[] engine_only=['glimmer'] ; user_hand: log_only=['house cartographer'] engine_only=['island'],7,2,3,1,4,2,0,0,2,0,0,0,2,ok,689
1577,1,5,4,oppo_hand,oppo_5,oppo_hand,oppo_hand: log=6 engine=0,5,5,3,3,4,7,5,0,0,0,5,0,0,ok,112
1578,1,15,1,user_hand,user_2,user_hand,"user_hand: log_only=['altanak, the thrice-called'] engine_only=['forest']",9,0,2,0,1,0,0,0,1,0,0,0,0,ok,377
1579,1,8,2,user_life,oppo_3,user_life oppo_hand,user_life: log=15 engine=18 ; oppo_hand: log=3 engine=4,4,1,2,0,2,1,0,0,1,0,0,0,0,ok,149
1580,1,6,2,oppo_hand,oppo_3,oppo_hand,oppo_hand: log=6 engine=5,4,1,0,0,3,1,0,0,2,0,0,0,1,ok,121
1581,1,7,4,user_life,oppo_5,user_life,user_life: log=16 engine=17,3,3,0,0,3,3,0,0,0,0,0,0,2,ok,128
1582,1,12,5,user_creatures,oppo_6,user_creatures oppo_hand,user_creatures: log_only=['fear of exposure'] engine_only=['cryptid inspector'] ; oppo_hand: log=5 engine=2,6,4,2,0,6,4,2,0,2,0,2,0,0,ok,486
1583,1,4,3,oppo_life,user_4,oppo_life,oppo_life: log=2 engine=13,4,3,2,2,3,3,3,0,0,0,3,0,0,ok,67
1584,1,8,1,user_hand,user_2,user_hand,user_hand: log_only=['spineseeker centipede'] engine_only=['wildfire wickerfolk'],5,0,0,0,1,0,0,0,1,0,0,0,0,ok,198
1585,1,10,4,user_life,oppo_5,user_life,user_life: log=11 engine=14,5,2,1,0,4,2,0,1,2,0,0,1,0,ok,359
1586,1,10,2,oppo_life,user_3,oppo_life,oppo_life: log=18 engine=19,7,1,2,0,2,1,0,0,1,0,0,0,0,ok,277
1587,1,13,3,user_creatures,user_4,user_creatures,user_creatures: log_only=[] engine_only=['house cartographer'],9,3,0,0,3,3,0,0,0,0,0,0,0,ok,440
1588,1,8,2,user_creatures,user_3,user_creatures oppo_hand,user_creatures: log_only=[] engine_only=['enduring vitality'] ; oppo_hand: log=6 engine=7,6,1,2,0,2,1,0,0,1,0,0,0,1,ok,172
1589,1,7,4,oppo_hand,oppo_5,oppo_hand,oppo_hand: log=3 engine=2,2,2,0,0,4,3,5,0,2,1,5,0,0,ok,121
1590,1,8,3,user_hand,user_4,user_hand,"user_hand: log_only=['marvin, murderous mimic'] engine_only=[]",6,2,1,1,3,2,1,0,1,0,1,0,0,ok,162
1591,1,7,3,user_hand,oppo_4,user_hand,user_hand: log_only=['mountain'] engine_only=['bedhead beastie'],4,1,0,0,3,1,1,0,2,0,1,0,1,ok,134
1592,1,4,1,user_hand,user_2,user_hand,user_hand: log_only=['fear of falling'] engine_only=['fear of infinity'],3,0,3,0,1,0,0,0,1,0,0,0,0,ok,78
1593,1,10,5,user_hand,oppo_6,user_hand,"user_hand: log_only=['splitskin doll', 'tunnel surveyor'] engine_only=['orphans of the wheat', 'vanish from sight']",5,2,1,1,3,4,1,0,1,1,1,0,0,ok,278
1594,1,6,2,oppo_life,user_3,oppo_life,oppo_life: log=18 engine=20,4,1,2,0,2,1,0,0,1,0,0,0,0,ok,159
1595,1,7,5,user_hand,user_6,user_hand,"user_hand: log_only=[""betrayer's bargain""] engine_only=['fear of exposure']",3,2,3,1,4,3,2,0,2,0,2,0,0,ok,105
1596,1,6,1,user_hand,user_2,user_hand,user_hand: log_only=['twitching doll'] engine_only=['innocuous rat'],5,0,1,0,1,0,0,0,1,0,0,0,0,ok,92
1597,1,8,4,user_hand,oppo_5,user_hand,"user_hand: log_only=[] engine_only=[""don't make a sound""]",5,3,0,0,4,3,0,0,1,0,0,0,1,ok,211
1598,1,11,1,user_hand,oppo_2,user_hand,user_hand: log_only=['island'] engine_only=['daggermaw megalodon'],4,0,1,0,2,0,0,0,2,0,0,0,0,ok,216
1599,1,15,7,user_life,oppo_8,user_life,user_life: log=17 engine=18,6,5,1,0,7,5,0,0,2,0,0,0,1,ok,472
1600,1,8,1,oppo_hand,oppo_2,oppo_hand,oppo_hand: log=5 engine=6,6,0,2,0,1,0,0,0,1,0,0,0,1,ok,1459
1601,1,9,2,user_hand,user_3,user_hand,user_hand: log_only=['forest'] engine_only=['flesh burrower'],6,1,0,0,2,1,0,1,1,0,0,1,0,ok,486
1602,1,11,4,user_hand,user_5,user_hand,user_hand: log_only=['ticket booth'] engine_only=['clockwork percussionist'],6,2,2,1,4,3,0,0,2,0,0,0,1,ok,714
1603,1,5,1,user_hand,user_2,user_hand,user_hand: log_only=['clockwork percussionist'] engine_only=['glimmerlight'],3,1,0,0,1,1,0,0,0,0,0,0,0,ok,163
1604,1,6,1,user_hand,user_2,user_hand,user_hand: log_only=['bottomless pool'] engine_only=['insidious fungus'],4,0,0,0,1,0,0,0,1,0,0,0,0,ok,186
1605,1,9,1,user_hand,user_2,user_hand,user_hand: log_only=['slavering branchsnapper'] engine_only=['wary watchdog'],7,0,0,0,1,0,0,0,1,0,0,0,0,ok,551
1606,1,6,6,,,,,4,4,1,1,5,6,3,0,1,1,3,0,1,ok,202
1607,1,9,4,user_lands,user_5,user_lands user_creatures,user_lands: log_only=[] engine_only=['forest'] ; user_creatures: log_only=['forest'] engine_only=[],6,3,1,1,4,4,0,0,1,0,0,0,0,ok,537
1608,1,9,6,oppo_life,user_7,oppo_life,oppo_life: log=6 engine=8,5,4,1,1,6,5,3,0,2,0,3,0,0,ok,343
1609,1,8,1,user_hand,user_2,user_hand,user_hand: log_only=['swamp'] engine_only=['patchwork beastie'],5,1,1,0,1,1,0,0,0,0,0,0,0,ok,175
1610,1,7,4,oppo_life,user_5,oppo_life user_creatures,oppo_life: log=11 engine=8 ; user_creatures: log_only=[] engine_only=['unwilling vessel'],4,3,1,1,4,3,3,0,1,0,3,0,1,ok,163
1611,1,7,2,user_creatures,user_3,user_creatures user_hand,user_creatures: log_only=['glimmerlight'] engine_only=['island'] ; user_hand: log_only=['island'] engine_only=['piranha fly'],4,1,0,0,2,1,0,0,1,0,0,0,0,ok,240
1612,1,8,2,user_creatures,oppo_3,user_creatures user_hand,user_creatures: log_only=['rootwise survivor'] engine_only=[] ; user_hand: log_only=[] engine_only=['appendage amalgam'],3,1,0,0,3,1,1,0,2,0,1,0,0,ok,243
1613,1,7,4,user_creatures,oppo_5,user_creatures oppo_hand,user_creatures: log_only=[] engine_only=['glimmerlight'] ; oppo_hand: log=5 engine=6,3,2,3,1,3,2,0,0,1,0,0,0,2,ok,169
1614,1,11,4,user_lands,user_5,user_lands user_creatures user_hand,"user_lands: log_only=['forest'] engine_only=[] ; user_creatures: log_only=['grasping longneck'] engine_only=[] ; user_hand: log_only=[] engine_only=['forest', 'grasping longneck']",8,3,0,0,4,3,0,0,1,0,0,0,2,ok,182
1615,1,10,2,user_lands,user_3,user_lands user_hand,user_lands: log_only=['plains'] engine_only=[] ; user_hand: log_only=[] engine_only=['shepherding spirits'],3,1,2,1,2,2,0,0,1,0,0,0,1,ok,260
1616,1,10,2,user_noncreatures,oppo_3,user_noncreatures user_hand,user_noncreatures: log_only=['nowhere to run'] engine_only=[] ; user_hand: log_only=[] engine_only=['nowhere to run'],7,0,0,0,2,0,0,0,2,0,0,0,0,ok,312
1617,1,7,4,user_noncreatures,user_5,user_noncreatures,user_noncreatures: log_only=['treasure'] engine_only=[],6,4,1,0,3,5,4,0,0,0,4,0,0,ok,209
1618,1,7,3,user_lands,user_4,user_lands user_creatures user_hand,user_lands: log_only=['island'] engine_only=[] ; user_creatures: log_only=['splitskin doll'] engine_only=[] ; user_hand: log_only=[] engine_only=['splitskin doll'],3,2,0,0,3,2,1,0,1,0,1,0,2,ok,128
1619,1,12,3,oppo_life,user_4,oppo_life,oppo_life: log=20 engine=16,7,1,1,0,3,1,0,0,2,0,0,0,1,ok,486
1620,1,12,3,user_life,oppo_4,user_life user_creatures user_hand oppo_hand,user_life: log=17 engine=18 ; user_creatures: log_only=['insidious fungus'] engine_only=[] ; user_hand: log_only=[] engine_only=['insidious fungus'] ; oppo_hand: log=4 engine=5,8,2,3,0,3,2,0,1,1,0,0,1,0,ok,383
1621,1,9,4,user_creatures,oppo_5,user_creatures,user_creatures: log_only=['glimmer'] engine_only=[],6,2,1,0,4,2,0,0,2,0,0,0,0,ok,218
1622,1,8,3,user_life,oppo_4,user_life oppo_hand,user_life: log=17 engine=20 ; oppo_hand: log=4 engine=5,6,2,0,0,3,2,1,0,1,0,1,0,1,ok,373
1623,1,11,3,user_creatures,user_4,user_creatures user_noncreatures user_hand,user_creatures: log_only=['swamp'] engine_only=[] ; user_noncreatures: log_only=['conductive machete'] engine_only=[] ; user_hand: log_only=[] engine_only=['conductive machete'],8,2,1,0,3,2,1,1,1,0,1,1,1,ok,176
1624,1,9,2,user_hand,oppo_3,user_hand,user_hand: log_only=['island'] engine_only=['daggermaw megalodon'],5,1,1,0,2,1,0,0,1,0,0,0,0,ok,193
1625,1,16,5,user_life,oppo_6,user_life,user_life: log=10 engine=12,4,3,3,1,5,4,0,0,2,0,0,0,0,ok,691
1626,1,6,3,user_creatures,user_4,user_creatures,user_creatures: log_only=['hand that feeds'] engine_only=[],3,2,0,0,3,2,5,0,1,0,5,0,1,ok,101
1627,1,7,2,user_life,oppo_3,user_life,user_life: log=18 engine=20,5,2,1,0,3,2,1,0,1,0,1,0,0,ok,117
1628,1,12,4,user_creatures,user_5,user_creatures,user_creatures: log_only=['unstoppable slasher'] engine_only=[],5,2,2,0,3,3,0,0,1,1,0,0,1,ok,302
1629,1,6,1,oppo_life,user_2,oppo_life,oppo_life: log=18 engine=19,5,1,2,0,1,1,0,0,0,0,0,0,0,ok,155
1630,1,9,4,user_life,user_5,user_life user_creatures,user_life: log=18 engine=17 ; user_creatures: log_only=[] engine_only=['fear of being hunted'],4,3,2,1,4,4,4,0,1,0,4,0,0,ok,180
1631,1,6,3,oppo_life,user_4,oppo_life,oppo_life: log=16 engine=18,5,2,0,0,3,2,0,0,1,0,0,0,0,ok,173
1632,1,9,5,user_creatures,user_6,user_creatures user_noncreatures,user_creatures: log_only=['vicious clown'] engine_only=[] ; user_noncreatures: log_only=[] engine_only=['disturbing mirth'],6,3,2,0,5,4,4,0,2,0,4,0,0,ok,220
1633,1,6,6,,,,,5,5,0,0,6,6,2,0,1,0,2,0,0,ok,115
1634,1,7,1,oppo_hand,user_2,oppo_hand,oppo_hand: log=6 engine=5,6,0,0,0,1,0,0,0,1,0,0,0,0,ok,252
1635,1,7,4,user_creatures,user_5,user_creatures,user_creatures: log_only=['spirit'] engine_only=[],3,2,2,1,4,3,0,0,2,0,0,0,0,ok,140
1636,1,9,2,user_life,oppo_3,user_life,user_life: log=17 engine=16,6,0,0,0,3,0,0,0,3,0,0,0,0,ok,227
1637,1,6,4,user_life,oppo_5,user_life oppo_life user_creatures,user_life: log=13 engine=12 ; oppo_life: log=20 engine=21 ; user_creatures: log_only=['innocuous rat'] engine_only=[],3,2,1,1,3,3,1,0,1,0,1,0,1,ok,127
1638,1,12,5,user_life,oppo_6,user_life,user_life: log=17 engine=20,4,2,4,2,5,3,0,0,3,0,0,0,2,ok,329
1639,1,10,4,user_lands,user_5,user_lands user_noncreatures user_hand,user_lands: log_only=['plains'] engine_only=[] ; user_noncreatures: log_only=[] engine_only=['ethereal armor'] ; user_hand: log_only=[] engine_only=['jump scare'],5,3,1,1,4,5,0,0,1,0,0,0,1,ok,305
1640,1,11,2,oppo_life,user_3,oppo_life,oppo_life: log=16 engine=18,4,0,0,0,2,0,0,0,2,0,0,0,0,ok,147
1641,1,6,3,user_creatures,oppo_4,user_creatures user_hand,user_creatures: log_only=['entity tracker'] engine_only=[] ; user_hand: log_only=[] engine_only=['entity tracker'],2,1,0,0,3,1,0,0,2,0,0,0,0,ok,78
1642,1,13,2,user_hand,oppo_3,user_hand,user_hand: log_only=['mountain'] engine_only=['smoky lounge'],7,1,3,0,2,1,0,0,1,0,0,0,0,ok,312
1643,1,10,3,user_creatures,user_4,user_creatures,user_creatures: log_only=[] engine_only=['floodpits drowner'],5,1,1,0,3,1,1,0,2,0,1,0,0,ok,251
1644,1,9,2,oppo_hand,oppo_3,oppo_hand,oppo_hand: log=4 engine=5,4,1,1,0,2,1,0,0,1,0,0,0,1,ok,129
1645,1,8,2,user_creatures,oppo_3,user_creatures user_noncreatures user_hand,user_creatures: log_only=['defiant survivor'] engine_only=[] ; user_noncreatures: log_only=['growing dread'] engine_only=[] ; user_hand: log_only=[] engine_only=['growing dread'],3,0,1,0,2,0,0,0,2,0,0,0,0,ok,101
1646,1,14,2,user_creatures,oppo_3,user_creatures,user_creatures: log_only=[] engine_only=['friendly teddy'],7,1,2,0,2,1,0,0,1,0,0,0,0,ok,334
1647,1,12,2,user_creatures,user_3,user_creatures,user_creatures: log_only=['clockwork percussionist'] engine_only=[],7,1,2,0,2,1,0,0,1,0,0,0,0,ok,213
1648,1,13,5,user_creatures,user_6,user_creatures,user_creatures: log_only=[] engine_only=['innocuous rat'],6,3,3,0,5,3,0,1,2,0,0,1,0,ok,272
1649,1,10,3,user_life,oppo_4,user_life,user_life: log=17 engine=18,7,3,1,0,3,4,0,0,0,1,0,0,0,ok,733
1650,1,7,2,user_hand,user_3,user_hand,user_hand: log_only=['flesh burrower'] engine_only=['bashful beastie'],4,2,1,0,2,2,2,0,0,0,2,0,0,ok,1353
1651,1,8,6,user_life,oppo_7,user_life oppo_hand,user_life: log=3 engine=4 ; oppo_hand: log=2 engine=3,4,4,1,0,4,6,3,0,0,2,3,0,3,ok,524
1652,1,8,3,user_life,oppo_4,user_life user_creatures oppo_hand,"user_life: log=17 engine=13 ; user_creatures: log_only=['island'] engine_only=['cryptid inspector', 'threats around every corner', 'wary watchdog'] ; oppo_hand: log=3 engine=4",4,3,0,0,4,3,2,0,1,0,2,0,2,ok,398
1653,1,10,3,user_life,oppo_4,user_life,user_life: log=18 engine=16,4,2,1,0,4,2,0,0,2,0,0,0,0,ok,513
1654,1,4,3,user_hand,user_4,user_hand,user_hand: log_only=['manifest dread'] engine_only=['insidious fungus'],3,2,0,0,3,2,1,0,1,0,1,0,1,ok,144
1655,1,8,2,user_creatures,user_3,user_creatures user_hand,user_creatures: log_only=['island'] engine_only=['glimmerburst'] ; user_hand: log_only=['meat locker'] engine_only=['island'],7,1,1,0,2,1,0,0,1,0,0,0,0,ok,416
1656,1,8,3,user_creatures,user_4,user_creatures,user_creatures: log_only=['overlord of the floodpits'] engine_only=[],5,3,1,1,3,3,1,0,0,0,1,0,1,ok,255
1657,1,11,2,user_lands,user_3,user_lands user_hand,user_lands: log_only=['island'] engine_only=['plains'] ; user_hand: log_only=['plains'] engine_only=['island'],8,1,1,1,2,1,0,0,1,0,0,0,0,ok,464
1658,1,7,3,user_life,user_4,user_life user_creatures,user_life: log=20 engine=23 ; user_creatures: log_only=[] engine_only=['inquisitive glimmer'],4,2,1,0,3,2,1,0,1,0,1,0,0,ok,214
1659,1,13,1,user_hand,oppo_2,user_hand,"user_hand: log_only=[] engine_only=[""don't make a sound""]",5,0,3,0,2,0,0,0,2,0,0,0,1,ok,762
1660,1,14,7,user_creatures,oppo_8,user_creatures,user_creatures: log_only=['piggy bank'] engine_only=['irreverent gremlin'],4,2,3,0,2,7,7,0,0,5,7,0,1,ok,505
1661,1,12,4,user_creatures,user_5,user_creatures,user_creatures: log_only=['forest'] engine_only=['coordinated clobbering'],5,3,4,0,4,3,0,0,1,0,0,0,0,ok,437
1662,1,6,6,,,,,4,4,0,0,5,4,6,0,1,0,6,0,1,ok,168
1663,1,6,2,user_life,oppo_3,user_life user_hand,user_life: log=13 engine=14 ; user_hand: log_only=['swamp'] engine_only=['spectral snatcher'],3,0,0,0,2,0,0,0,2,0,0,0,0,ok,135
1664,1,11,4,user_hand,user_5,user_hand,user_hand: log_only=['wary watchdog'] engine_only=['patchwork beastie'],6,3,2,1,4,3,0,0,1,0,0,0,0,ok,457
1665,1,13,4,user_lands,user_5,user_lands user_creatures user_hand,user_lands: log_only=['island'] engine_only=[] ; user_creatures: log_only=['spineseeker centipede'] engine_only=[] ; user_hand: log_only=['swamp'] engine_only=['spineseeker centipede'],4,0,0,0,2,1,0,0,2,1,0,0,2,ok,306
1666,1,16,2,user_creatures,oppo_3,user_creatures,user_creatures: log_only=['splitskin doll'] engine_only=[],8,2,3,0,3,2,0,0,1,0,0,0,0,ok,511
1667,1,10,4,user_life,oppo_5,user_life,user_life: log=16 engine=17,5,3,2,0,3,5,7,0,0,2,7,0,1,ok,343
1668,1,10,2,user_creatures,oppo_3,user_creatures user_noncreatures user_hand,user_creatures: log_only=['plains'] engine_only=[] ; user_noncreatures: log_only=['growing dread'] engine_only=[] ; user_hand: log_only=[] engine_only=['growing dread'],4,0,1,0,2,0,0,0,2,0,0,0,0,ok,353
1669,1,8,2,user_life,user_3,user_life,user_life: log=20 engine=22,6,2,1,0,2,2,2,0,0,0,2,0,1,ok,206
1670,1,6,3,user_hand,user_4,user_hand,user_hand: log_only=['overlord of the mistmoors'] engine_only=['island'],5,2,0,0,3,2,1,0,1,0,1,0,0,ok,134
1671,1,8,4,user_creatures,user_5,user_creatures,user_creatures: log_only=['ghostly keybearer'] engine_only=['beast'],5,3,2,0,4,3,0,0,1,0,0,0,0,ok,289
1672,1,13,3,user_hand,user_4,user_hand,user_hand: log_only=[] engine_only=['scorching dragonfire'],7,1,3,0,3,1,0,0,2,0,0,0,1,ok,401
1673,1,7,4,user_life,user_5,user_life oppo_life user_creatures oppo_hand,user_life: log=16 engine=18 ; oppo_life: log=18 engine=14 ; user_creatures: log_only=[] engine_only=['vicious clown'] ; oppo_hand: log=2 engine=1,6,4,0,0,4,4,1,0,0,0,1,0,1,ok,226
1674,1,8,4,oppo_life,user_5,oppo_life,oppo_life: log=16 engine=17,6,3,1,0,4,4,1,2,1,0,1,2,1,ok,337
1675,1,8,3,user_creatures,oppo_4,user_creatures user_hand,user_creatures: log_only=['entity tracker'] engine_only=[] ; user_hand: log_only=[] engine_only=['entity tracker'],6,1,0,0,3,1,0,0,2,0,0,0,1,ok,238
1676,1,10,4,user_creatures,oppo_5,user_creatures,user_creatures: log_only=[] engine_only=['glimmerlight'],6,2,2,0,4,2,1,0,2,0,1,0,0,ok,240
1677,1,9,2,user_hand,oppo_3,user_hand,user_hand: log_only=['hedge shredder'] engine_only=['defiant survivor'],5,1,3,0,2,1,0,0,1,0,0,0,0,ok,185
1678,1,9,3,user_hand,user_4,user_hand,user_hand: log_only=['forest'] engine_only=['fear of the dark'],4,0,2,1,2,2,0,0,2,1,0,0,0,ok,154
1679,1,13,3,user_life,oppo_4,user_life,user_life: log=16 engine=12,5,2,0,0,3,2,0,0,1,0,0,0,0,ok,411
1680,1,9,3,oppo_hand,oppo_4,oppo_hand,oppo_hand: log=4 engine=3,4,1,1,0,2,2,0,0,1,1,0,0,0,ok,272
1681,1,7,4,user_creatures,oppo_5,user_creatures oppo_hand,user_creatures: log_only=['ghostly dancers'] engine_only=[] ; oppo_hand: log=2 engine=1,5,3,0,0,5,3,2,0,2,0,2,0,0,ok,205
1682,1,12,4,user_life,oppo_5,user_life oppo_life user_creatures,user_life: log=14 engine=15 ; oppo_life: log=26 engine=25 ; user_creatures: log_only=['cautious survivor'] engine_only=[],6,2,1,0,4,2,0,1,2,0,0,1,1,ok,175
1683,1,11,4,oppo_hand,oppo_5,oppo_hand,oppo_hand: log=2 engine=3,4,2,2,1,4,3,0,0,2,0,0,0,2,ok,186
1684,1,8,3,user_life,oppo_4,user_life,user_life: log=16 engine=18,5,2,0,0,3,2,0,0,1,0,0,0,0,ok,123
1685,1,8,1,user_hand,oppo_2,user_hand,user_hand: log_only=['swamp'] engine_only=['spectral snatcher'],6,1,2,0,2,1,2,0,1,0,2,0,0,ok,180
1686,1,7,2,oppo_life,user_3,oppo_life,oppo_life: log=19 engine=20,3,1,1,0,2,1,0,0,1,0,0,0,0,ok,113
1687,1,7,4,oppo_hand,oppo_5,oppo_hand,oppo_hand: log=0 engine=1,5,3,0,0,4,3,2,0,1,0,2,0,2,ok,262
1688,1,6,2,oppo_life,oppo_3,oppo_life oppo_hand,oppo_life: log=18 engine=20 ; oppo_hand: log=6 engine=5,0,0,0,0,2,0,0,0,2,0,0,0,1,ok,110
1689,1,9,2,oppo_hand,oppo_3,oppo_hand,oppo_hand: log=5 engine=6,7,3,0,0,3,3,3,0,0,0,3,0,0,ok,269
1690,1,7,3,user_life,oppo_4,user_life,user_life: log=16 engine=18,3,2,0,0,3,2,1,0,1,0,1,0,0,ok,142
1691,1,6,1,user_creatures,user_2,user_creatures,user_creatures: log_only=['mountain'] engine_only=['clockwork percussionist'],4,0,1,0,1,0,0,0,1,0,0,0,0,ok,121
1692,1,11,2,user_hand,user_3,user_hand,user_hand: log_only=['vengeful possession'] engine_only=['tunnel surveyor'],7,0,1,0,2,0,0,0,2,0,0,0,0,ok,277
1693,1,14,3,user_life,oppo_4,user_life,user_life: log=15 engine=16,6,2,6,0,3,3,1,0,1,0,1,0,0,ok,481
1694,1,7,2,user_life,user_3,user_life oppo_life,user_life: log=21 engine=20 ; oppo_life: log=17 engine=18,5,1,1,0,2,1,0,0,1,0,0,0,0,ok,156
1695,1,12,2,user_noncreatures,oppo_3,user_noncreatures user_hand,user_noncreatures: log_only=[] engine_only=['found footage'] ; user_hand: log_only=['abandoned campground'] engine_only=[],6,1,1,0,2,1,0,0,1,0,0,0,0,ok,375
1696,1,9,3,user_creatures,oppo_4,user_creatures,"user_creatures: log_only=['primo, the indivisible'] engine_only=['zimone, all-questioning']",6,1,2,0,3,1,1,0,2,0,1,0,0,ok,186
1697,1,9,6,oppo_life,user_7,oppo_life oppo_hand,oppo_life: log=18 engine=20 ; oppo_hand: log=1 engine=2,4,4,0,0,5,5,2,1,2,0,2,1,3,ok,285
1698,1,9,3,oppo_hand,oppo_4,oppo_hand,oppo_hand: log=5 engine=4,5,2,3,1,4,3,0,0,2,0,0,0,0,ok,769
1699,1,12,1,user_hand,user_2,user_hand,user_hand: log_only=['broodspinner'] engine_only=['friendly teddy'],7,0,0,0,1,0,0,0,1,0,0,0,0,ok,132
1700,1,8,1,user_hand,user_2,user_hand,user_hand: log_only=['horrid vigor'] engine_only=['piranha fly'],5,0,1,0,1,0,0,0,1,0,0,0,0,ok,1370
1701,1,8,4,oppo_life,user_5,oppo_life,oppo_life: log=11 engine=12,6,2,0,0,4,2,1,0,2,0,1,0,0,ok,764
1702,1,11,5,oppo_life,user_6,oppo_life,oppo_life: log=9 engine=11,6,2,3,0,5,2,3,0,3,0,3,0,0,ok,828
1703,1,10,2,user_life,oppo_3,user_life,user_life: log=13 engine=16,5,1,3,0,3,1,0,0,2,0,0,0,0,ok,380
1704,1,14,2,oppo_life,user_3,oppo_life user_noncreatures oppo_hand,"oppo_life: log=18 engine=17 ; user_noncreatures: log_only=[] engine_only=[""painter's studio""] ; oppo_hand: log=6 engine=7",8,1,3,0,2,1,0,0,1,0,0,0,1,ok,701
1705,1,12,3,user_lands,user_4,user_lands user_creatures user_hand,user_lands: log_only=['forest'] engine_only=[] ; user_creatures: log_only=['spineseeker centipede'] engine_only=[] ; user_hand: log_only=[] engine_only=['spineseeker centipede'],8,2,2,0,3,2,0,0,1,0,0,0,3,ok,521
1706,1,9,2,user_creatures,user_3,user_creatures user_hand,user_creatures: log_only=['forest'] engine_only=['mountain'] ; user_hand: log_only=['mountain'] engine_only=['twitching doll'],8,2,0,0,2,2,3,0,0,0,3,0,0,ok,330
1707,1,8,3,user_creatures,oppo_4,user_creatures oppo_hand,user_creatures: log_only=[] engine_only=['tunnel surveyor'] ; oppo_hand: log=4 engine=3,6,2,2,0,3,2,0,0,1,0,0,0,0,ok,250
1708,1,6,4,user_creatures,oppo_5,user_creatures user_noncreatures,"user_creatures: log_only=['clockwork percussionist', 'razorkin needlehead'] engine_only=[] ; user_noncreatures: log_only=[] engine_only=['trapped in the screen']",3,3,1,0,3,4,8,0,0,1,8,0,0,ok,113
1709,1,9,2,user_noncreatures,user_3,user_noncreatures user_hand,user_noncreatures: log_only=['overlord of the floodpits'] engine_only=[] ; user_hand: log_only=['mountain'] engine_only=['overlord of the floodpits'],5,0,0,0,2,0,0,0,2,0,0,0,1,ok,335
1710,1,11,3,user_lands,user_4,user_lands user_hand,user_lands: log_only=['swamp'] engine_only=[] ; user_hand: log_only=[] engine_only=['fear of the dark'],5,2,1,0,3,2,1,0,1,0,1,0,3,ok,368
1711,1,8,3,user_hand,user_4,user_hand,"user_hand: log_only=['glassworks', 'trial of agony'] engine_only=['razorkin hordecaller', 'swamp']",5,2,0,0,3,2,1,0,1,0,1,0,0,ok,208
1712,1,11,1,user_hand,user_2,user_hand,user_hand: log_only=['twist reality'] engine_only=['grasping longneck'],4,1,3,0,1,1,0,0,0,0,0,0,0,ok,388
1713,1,7,5,user_creatures,oppo_6,user_creatures oppo_hand,user_creatures: log_only=[] engine_only=['intruding soulrager'] ; oppo_hand: log=4 engine=3,5,4,2,2,4,6,4,0,1,0,4,0,0,ok,235
1714,1,9,5,oppo_hand,oppo_6,oppo_hand,oppo_hand: log=1 engine=2,6,4,2,1,5,5,0,2,1,0,0,2,3,ok,307
1715,1,8,2,oppo_life,user_3,oppo_life,oppo_life: log=19 engine=20,5,1,1,0,2,1,0,0,1,0,0,0,0,ok,244
1716,1,9,6,oppo_hand,oppo_7,oppo_hand,oppo_hand: log=0 engine=1,6,5,0,0,6,5,2,2,1,0,2,2,1,ok,293
1717,1,11,3,user_creatures,user_4,user_creatures user_hand,"user_creatures: log_only=['island', ""let's play a game""] engine_only=[] ; user_hand: log_only=[] engine_only=[""valgavoth's onslaught""]",8,2,3,0,3,2,0,1,1,0,0,1,1,ok,296
1718,1,13,3,user_noncreatures,oppo_4,user_noncreatures user_hand,user_noncreatures: log_only=[] engine_only=['found footage'] ; user_hand: log_only=['commune with evil'] engine_only=[],8,3,3,0,3,3,0,0,0,0,0,0,0,ok,209
1719,1,7,3,user_hand,oppo_4,user_hand,user_hand: log_only=['ghostly keybearer'] engine_only=['jump scare'],3,2,1,0,4,3,2,0,2,0,2,0,0,ok,135
1720,1,6,3,user_creatures,user_4,user_creatures user_hand,user_creatures: log_only=['sawblade skinripper'] engine_only=[] ; user_hand: log_only=['swamp'] engine_only=[],3,1,2,0,3,1,0,0,2,0,0,0,1,ok,102
1721,1,8,1,user_hand,user_2,user_hand,user_hand: log_only=['vile mutilator'] engine_only=['bashful beastie'],6,0,0,0,1,0,0,0,1,0,0,0,0,ok,260
1722,1,8,2,user_hand,oppo_3,user_hand,user_hand: log_only=['mountain'] engine_only=['bedhead beastie'],4,0,1,0,2,0,0,0,2,0,0,0,0,ok,238
1723,1,7,1,user_hand,user_2,user_hand,user_hand: log_only=['mountain'] engine_only=['most valuable slayer'],5,0,0,0,1,0,0,0,1,0,0,0,0,ok,236
1724,1,14,4,oppo_life,user_5,oppo_life user_lands user_creatures user_noncreatures user_hand,oppo_life: log=15 engine=13 ; user_lands: log_only=['swamp'] engine_only=[] ; user_creatures: log_only=[] engine_only=['piggy bank'] ; user_noncreatures: log_only=['treasure'] engine_only=[] ; user_hand: log_only=[] engine_only=['swamp'],9,3,2,1,4,3,2,0,1,0,2,0,1,ok,310
1725,1,9,4,user_life,oppo_5,user_life,user_life: log=18 engine=20,5,2,2,1,5,3,2,0,3,0,2,0,0,ok,329
1726,1,10,2,user_hand,user_3,user_hand,user_hand: log_only=['vanish from sight'] engine_only=['forest'],7,1,4,0,2,1,0,0,1,0,0,0,0,ok,425
1727,1,12,4,user_creatures,user_5,user_creatures oppo_hand,user_creatures: log_only=[] engine_only=['vicious clown'] ; oppo_hand: log=4 engine=5,6,2,1,0,3,3,2,0,1,1,2,0,1,ok,265
1728,1,5,3,user_life,oppo_4,user_life oppo_life,user_life: log=18 engine=20 ; oppo_life: log=19 engine=15,1,1,0,0,3,1,1,0,2,0,1,0,0,ok,128
1729,1,11,3,oppo_life,user_4,oppo_life user_creatures,oppo_life: log=18 engine=17 ; user_creatures: log_only=['mountain'] engine_only=['glassworks'],8,2,3,0,3,2,2,0,1,0,2,0,0,ok,415
1730,1,7,3,oppo_life,user_4,oppo_life,oppo_life: log=14 engine=15,5,3,1,0,3,3,1,0,0,0,1,0,1,ok,157
1731,1,8,1,user_hand,user_2,user_hand,user_hand: log_only=['vanish from sight'] engine_only=['cryptid inspector'],5,0,0,0,1,0,0,0,1,0,0,0,0,ok,159
1732,1,17,4,user_hand,oppo_5,user_hand,"user_hand: log_only=['defiled crypt', 'forest'] engine_only=['emerge from the cocoon', 'stalked researcher']",9,1,4,1,4,1,0,0,3,0,0,0,0,ok,716
1733,1,9,1,user_hand,user_2,user_hand,user_hand: log_only=['moldering gym'] engine_only=['island'],5,0,0,0,1,0,0,0,1,0,0,0,0,ok,155
1734,1,9,5,user_life,oppo_6,user_life,user_life: log=16 engine=17,4,4,2,0,5,6,1,0,2,0,1,0,1,ok,258
1735,1,10,2,user_life,user_3,user_life user_hand,user_life: log=20 engine=23 ; user_hand: log_only=[] engine_only=['trapped in the screen'],6,1,1,0,2,1,0,0,1,0,0,0,0,ok,164
1736,1,7,3,user_life,oppo_4,user_life,user_life: log=12 engine=14,4,2,1,0,3,2,0,0,1,0,0,0,0,ok,140
1737,1,9,3,user_lands,user_4,user_lands user_creatures user_noncreatures user_hand,"user_lands: log_only=['thornspire verge'] engine_only=[] ; user_creatures: log_only=['glimmer'] engine_only=[] ; user_noncreatures: log_only=['glimmerlight'] engine_only=[] ; user_hand: log_only=[] engine_only=['glimmerlight', 'thornspire verge']",5,2,0,0,3,2,2,0,1,0,2,0,2,ok,241
1738,1,10,2,user_creatures,user_3,user_creatures,user_creatures: log_only=['mountain'] engine_only=['grasping longneck'],5,1,2,0,2,1,1,0,1,0,1,0,0,ok,226
1739,1,11,3,user_creatures,oppo_4,user_creatures oppo_hand,user_creatures: log_only=[] engine_only=['clockwork percussionist'] ; oppo_hand: log=1 engine=2,4,1,2,0,3,1,0,0,2,0,0,0,2,ok,199
1740,1,9,2,user_noncreatures,user_3,user_noncreatures oppo_hand,user_noncreatures: log_only=['cracked skull'] engine_only=[] ; oppo_hand: log=4 engine=5,8,2,0,0,2,2,1,0,0,0,1,0,1,ok,223
1741,1,7,2,user_hand,user_3,user_hand,user_hand: log_only=['plains'] engine_only=[],5,2,1,0,2,2,2,0,0,0,2,0,0,ok,111
1742,1,11,5,user_life,oppo_6,user_life oppo_hand,user_life: log=16 engine=18 ; oppo_hand: log=3 engine=4,4,3,2,0,4,5,2,0,1,1,2,0,1,ok,266
1743,1,7,1,oppo_hand,oppo_2,oppo_hand,oppo_hand: log=6 engine=5,5,0,1,0,1,0,0,0,1,0,0,0,0,ok,215
1744,1,8,1,user_life,oppo_2,user_life,user_life: log=18 engine=20,6,0,0,0,1,0,0,0,1,0,0,0,0,ok,603
1745,1,9,5,user_lands,user_6,user_lands user_creatures user_hand,"user_lands: log_only=['swamp'] engine_only=[] ; user_creatures: log_only=['hand that feeds'] engine_only=[] ; user_hand: log_only=[] engine_only=['hand that feeds', 'swamp']",5,2,0,0,3,4,4,0,1,2,4,0,2,ok,209
1746,1,6,4,user_creatures,oppo_5,user_creatures oppo_hand,"user_creatures: log_only=[] engine_only=['primo, the indivisible'] ; oppo_hand: log=3 engine=2",3,3,0,0,4,3,1,1,1,0,1,1,0,ok,123
1747,1,9,3,user_creatures,oppo_4,user_creatures user_hand,user_creatures: log_only=['veteran survivor'] engine_only=[] ; user_hand: log_only=[] engine_only=['jump scare'],4,3,2,0,4,3,4,0,1,0,4,0,1,ok,174
1748,1,13,4,user_creatures,user_5,user_creatures,"user_creatures: log_only=['island'] engine_only=[""painter's studio""]",7,3,0,0,4,3,1,0,1,0,1,0,0,ok,451
1749,1,7,2,oppo_hand,oppo_3,oppo_hand,oppo_hand: log=6 engine=5,4,2,1,0,3,2,1,0,1,0,1,0,0,ok,222
1750,1,5,2,user_creatures,user_3,user_creatures user_hand,user_creatures: log_only=['swamp'] engine_only=[] ; user_hand: log_only=[] engine_only=['fear of being hunted'],3,2,0,0,2,2,1,0,0,0,1,0,1,ok,1121
1751,1,6,1,user_hand,user_2,user_hand,"user_hand: log_only=['meat locker'] engine_only=[""duskmourn's domination""]",2,0,0,0,1,0,0,0,1,0,0,0,0,ok,584
1752,1,13,2,oppo_hand,oppo_3,oppo_hand,oppo_hand: log=4 engine=3,5,1,0,0,2,1,0,0,1,0,0,0,0,ok,1372
1753,1,9,2,user_hand,oppo_3,user_hand,user_hand: log_only=['swamp'] engine_only=['mountain'],6,1,2,0,2,1,0,0,1,0,0,0,0,ok,506
1754,1,13,3,oppo_life,user_4,oppo_life user_creatures user_hand,oppo_life: log=20 engine=18 ; user_creatures: log_only=['ragged playmate'] engine_only=['house cartographer'] ; user_hand: log_only=[] engine_only=['forest'],5,2,2,0,3,3,0,0,1,0,0,0,0,ok,390
1755,1,16,2,user_hand,oppo_3,user_hand,user_hand: log_only=['defiled crypt'] engine_only=['sawblade skinripper'],7,1,1,0,2,1,0,0,1,0,0,0,0,ok,556
1756,1,7,3,oppo_life,user_4,oppo_life,oppo_life: log=15 engine=16,6,2,1,0,3,2,0,0,1,0,0,0,0,ok,228
1757,1,6,2,oppo_life,user_3,oppo_life,oppo_life: log=14 engine=16,4,2,0,0,2,2,2,0,0,0,2,0,0,ok,177
1758,1,8,2,user_hand,user_3,user_hand,user_hand: log_only=['terramorphic expanse'] engine_only=['flesh burrower'],5,2,1,0,2,2,1,0,0,0,1,0,0,ok,251
1759,1,10,3,user_life,oppo_4,user_life user_creatures,user_life: log=15 engine=17 ; user_creatures: log_only=[] engine_only=['balemurk leech'],6,2,0,0,3,2,0,0,1,0,0,0,0,ok,302
1760,1,8,3,user_life,oppo_4,user_life,user_life: log=18 engine=19,6,1,1,1,3,1,0,0,2,0,0,0,1,ok,324
1761,1,5,4,oppo_life,user_5,oppo_life user_creatures user_hand,"oppo_life: log=14 engine=13 ; user_creatures: log_only=['creeping peeper'] engine_only=['forest'] ; user_hand: log_only=['forest', 'hauntwoods shrieker'] engine_only=['defiant survivor']",5,4,1,1,4,4,2,0,0,0,2,0,0,ok,106
1762,1,6,2,user_lands,user_3,user_lands user_hand,user_lands: log_only=['plains'] engine_only=[] ; user_hand: log_only=['glassworks'] engine_only=['unidentified hovership'],5,2,1,0,2,2,2,0,0,0,2,0,2,ok,120
1763,1,5,1,user_hand,user_2,user_hand,user_hand: log_only=['moldering gym'] engine_only=['mountain'],3,0,0,0,1,0,0,0,1,0,0,0,0,ok,99
1764,1,9,4,user_creatures,user_5,user_creatures user_hand,"user_creatures: log_only=['fear of surveillance'] engine_only=[] ; user_hand: log_only=[] engine_only=['rip, spawn hunter']",6,4,1,1,4,5,3,0,0,0,3,0,2,ok,385
1765,1,10,4,oppo_life,user_5,oppo_life,oppo_life: log=11 engine=13,4,3,2,1,4,3,4,0,1,0,4,0,0,ok,270
1766,1,7,2,user_life,oppo_3,user_life,user_life: log=17 engine=18,3,1,3,0,2,1,0,0,1,0,0,0,0,ok,259
1767,1,11,2,user_hand,user_3,user_hand,"user_hand: log_only=['hand that feeds'] engine_only=[""painter's studio""]",4,1,2,0,2,1,0,0,1,0,0,0,0,ok,293
1768,1,13,3,user_life,oppo_4,user_life,user_life: log=16 engine=17,5,2,6,2,3,3,0,0,1,0,0,0,1,ok,390
1769,1,4,4,,,,,2,2,1,1,3,2,0,1,1,0,0,1,0,ok,54
1770,1,9,5,oppo_life,user_6,oppo_life,oppo_life: log=9 engine=10,6,4,0,0,5,4,5,0,1,0,5,0,0,ok,263
1771,1,8,5,user_creatures,user_6,user_creatures user_hand,user_creatures: log_only=['flesh burrower'] engine_only=[] ; user_hand: log_only=[] engine_only=['bedhead beastie'],6,4,4,1,4,5,2,0,1,0,2,0,2,ok,235
1772,1,9,4,user_life,user_5,user_life,user_life: log=13 engine=14,5,3,1,0,4,3,2,0,1,0,2,0,0,ok,344
1773,1,11,3,user_lands,user_4,user_lands user_hand,user_lands: log_only=['island'] engine_only=[] ; user_hand: log_only=[] engine_only=['say its name'],8,2,1,0,3,2,1,0,1,0,1,0,2,ok,294
1774,1,7,1,user_creatures,user_2,user_creatures oppo_hand,user_creatures: log_only=[] engine_only=['manifest dread'] ; oppo_hand: log=4 engine=5,5,0,2,0,1,0,0,0,1,0,0,0,1,ok,122
1775,1,6,4,user_life,oppo_5,user_life oppo_hand,user_life: log=11 engine=14 ; oppo_hand: log=3 engine=4,1,1,1,0,3,1,0,0,2,0,0,0,2,ok,86
1776,1,10,3,oppo_life,user_4,oppo_life user_creatures user_hand,oppo_life: log=17 engine=20 ; user_creatures: log_only=['wildfire wickerfolk'] engine_only=[] ; user_hand: log_only=[] engine_only=['wary watchdog'],8,2,3,0,3,2,0,0,1,0,0,0,3,ok,221
1777,1,17,1,user_hand,user_2,user_hand,user_hand: log_only=['mountain'] engine_only=['bleeding woods'],7,0,2,0,1,0,0,0,1,0,0,0,0,ok,333
1778,1,10,4,user_hand,user_5,user_hand,user_hand: log_only=['monstrous emergence'] engine_only=['scorching dragonfire'],7,1,3,0,4,1,0,0,3,0,0,0,0,ok,251
1779,1,8,4,user_creatures,oppo_5,user_creatures,user_creatures: log_only=['hand that feeds'] engine_only=['ripchain razorkin'],5,3,3,1,4,3,0,0,1,0,0,0,1,ok,199
1780,1,10,2,user_lands,user_3,user_lands user_creatures user_hand,user_lands: log_only=['forest'] engine_only=[] ; user_creatures: log_only=[] engine_only=['under the skin'] ; user_hand: log_only=['under the skin'] engine_only=['forest'],7,1,3,0,2,1,0,0,1,0,0,0,0,ok,241
1781,1,5,1,oppo_hand,oppo_2,oppo_hand,oppo_hand: log=7 engine=6,3,1,0,0,2,1,1,0,1,0,1,0,0,ok,94
1782,1,8,2,user_hand,oppo_3,user_hand,user_hand: log_only=['forest'] engine_only=['slavering branchsnapper'],5,0,0,0,2,0,0,0,2,0,0,0,0,ok,120
1783,1,8,4,user_creatures,user_5,user_creatures,user_creatures: log_only=['plains'] engine_only=[],4,3,2,1,4,4,0,0,1,0,0,0,1,ok,260
1784,1,11,2,user_hand,user_3,user_hand,user_hand: log_only=['defiled crypt'] engine_only=['enduring tenacity'],7,1,2,0,2,1,0,0,1,0,0,0,0,ok,184
1785,1,9,2,oppo_life,user_3,oppo_life,oppo_life: log=20 engine=17,5,1,1,0,2,1,0,0,1,0,0,0,1,ok,257
1786,1,7,2,user_creatures,user_3,user_creatures user_hand,user_creatures: log_only=['fear of surveillance'] engine_only=[] ; user_hand: log_only=[] engine_only=['jump scare'],4,1,0,0,2,1,0,0,1,0,0,0,1,ok,139
1787,1,9,5,oppo_life,user_6,oppo_life,oppo_life: log=13 engine=12,4,4,0,0,5,4,3,0,1,0,3,0,0,ok,204
1788,1,9,4,user_creatures,oppo_5,user_creatures,user_creatures: log_only=[] engine_only=['glassworks'],3,1,1,0,4,2,0,0,3,1,0,0,0,ok,248
1789,1,7,4,oppo_life,user_5,oppo_life,oppo_life: log=18 engine=19,4,3,1,0,4,3,1,0,1,0,1,0,0,ok,134
1790,1,9,3,user_lands,user_4,user_lands user_creatures user_hand,"user_lands: log_only=['swamp'] engine_only=[] ; user_creatures: log_only=['primo, the indivisible', 'zimone, all-questioning'] engine_only=[] ; user_hand: log_only=[] engine_only=['twitching doll', 'zimone, all-questioning']",7,2,1,0,3,2,0,0,1,0,0,0,2,ok,165
1791,1,15,3,oppo_hand,oppo_4,oppo_hand,oppo_hand: log=3 engine=4,7,1,4,1,3,2,0,0,2,0,0,0,1,ok,205
1792,1,6,4,user_life,oppo_5,user_life,user_life: log=10 engine=13,4,3,0,0,4,3,0,2,1,0,0,2,1,ok,105
1793,1,5,3,user_creatures,user_4,user_creatures user_hand,user_creatures: log_only=[] engine_only=['clockwork percussionist'] ; user_hand: log_only=[] engine_only=['plains'],5,3,1,0,3,3,3,1,0,0,3,1,1,ok,66
1794,1,11,2,user_hand,oppo_3,user_hand,"user_hand: log_only=[] engine_only=[""don't make a sound""]",6,0,1,0,3,0,0,0,3,0,0,0,1,ok,303
1795,1,7,2,oppo_hand,oppo_3,oppo_hand,oppo_hand: log=5 engine=6,3,1,0,0,2,1,0,0,1,0,0,0,1,ok,141
1796,1,7,2,user_hand,user_3,user_hand oppo_hand,"user_hand: log_only=[] engine_only=['kona, rescue beastie'] ; oppo_hand: log=6 engine=7",5,1,1,0,2,1,0,0,1,0,0,0,2,ok,176
1797,1,5,2,oppo_life,user_3,oppo_life,oppo_life: log=13 engine=14,4,1,1,0,2,1,1,0,1,0,1,0,1,ok,600
1798,1,7,2,oppo_hand,oppo_3,oppo_hand,oppo_hand: log=4 engine=6,6,2,2,0,2,2,0,0,0,0,0,0,2,ok,171
1799,1,11,2,user_creatures,user_3,user_creatures,user_creatures: log_only=['island'] engine_only=['terramorphic expanse'],6,1,3,0,2,1,0,0,1,0,0,0,0,ok,257
1800,1,4,3,user_hand,user_4,user_hand,user_hand: log_only=[] engine_only=['pyroclasm'],2,2,0,0,3,2,0,1,1,0,0,1,0,ok,1109
1801,1,8,2,user_lands,user_3,user_lands user_hand,user_lands: log_only=['island'] engine_only=[] ; user_hand: log_only=[] engine_only=['daggermaw megalodon'],3,1,2,0,2,1,0,0,1,0,0,0,1,ok,699
1802,1,10,2,user_hand,oppo_3,user_hand oppo_hand,user_hand: log_only=[] engine_only=['plains'] ; oppo_hand: log=5 engine=6,6,2,0,0,3,2,1,0,1,0,1,0,2,ok,581
1803,1,11,3,user_creatures,oppo_4,user_creatures,user_creatures: log_only=[] engine_only=['vanish from sight'],7,0,2,0,4,0,0,0,4,0,0,0,0,ok,698
1804,1,11,4,user_creatures,user_5,user_creatures user_noncreatures user_hand,user_creatures: log_only=['flesh burrower'] engine_only=[] ; user_noncreatures: log_only=['ticket booth'] engine_only=[] ; user_hand: log_only=['forest'] engine_only=['glassworks'],8,2,1,0,4,2,0,1,2,0,0,1,1,ok,540
1805,1,4,3,user_creatures,user_4,user_creatures,user_creatures: log_only=['swamp'] engine_only=['trapped in the screen'],3,2,0,0,3,2,1,0,1,0,1,0,0,ok,152
1806,1,6,3,user_hand,user_4,user_hand,user_hand: log_only=['forest'] engine_only=['spineseeker centipede'],4,2,1,0,3,2,1,0,1,0,1,0,0,ok,307
1807,1,10,2,user_life,oppo_3,user_life,user_life: log=18 engine=19,7,1,0,0,2,1,0,0,1,0,0,0,0,ok,440
1808,1,14,2,oppo_hand,oppo_3,oppo_hand,oppo_hand: log=2 engine=3,8,1,1,0,2,1,0,0,1,0,0,0,1,ok,505
1809,1,8,4,oppo_hand,oppo_5,oppo_hand,oppo_hand: log=3 engine=2,4,3,1,0,4,3,1,0,1,0,1,0,0,ok,276
1810,1,8,1,user_hand,user_2,user_hand,user_hand: log_only=['enduring vitality'] engine_only=['mountain'],6,0,1,0,1,0,0,0,1,0,0,0,0,ok,325
1811,1,9,3,oppo_life,user_4,oppo_life,oppo_life: log=18 engine=19,5,3,1,0,3,3,1,0,0,0,1,0,2,ok,264
1812,1,7,2,user_lands,user_3,user_lands user_creatures user_hand,user_lands: log_only=['island'] engine_only=[] ; user_creatures: log_only=[] engine_only=['fear of isolation'] ; user_hand: log_only=['reluctant role model'] engine_only=['island'],4,1,1,0,2,1,0,0,1,0,0,0,0,ok,157
1813,1,9,2,user_creatures,oppo_3,user_creatures user_hand,user_creatures: log_only=['floodpits drowner'] engine_only=[] ; user_hand: log_only=[] engine_only=['floodpits drowner'],5,0,2,0,2,0,0,0,2,0,0,0,0,ok,275
1814,1,7,3,user_creatures,user_4,user_creatures,user_creatures: log_only=['swamp'] engine_only=['forest'],4,2,0,0,3,2,0,1,1,0,0,1,1,ok,148
1815,1,8,4,user_creatures,oppo_5,user_creatures user_hand oppo_hand,user_creatures: log_only=['piranha fly'] engine_only=[] ; user_hand: log_only=[] engine_only=['piranha fly'] ; oppo_hand: log=3 engine=2,4,3,2,1,4,4,0,0,1,0,0,0,1,ok,264
1816,1,8,4,user_lands,user_5,user_lands user_creatures,user_lands: log_only=['raucous carnival'] engine_only=[] ; user_creatures: log_only=['innocuous rat'] engine_only=['clockwork percussionist'],7,3,0,0,4,4,0,0,1,0,0,0,2,ok,261
1817,1,5,3,oppo_life,user_4,oppo_life user_lands user_creatures,oppo_life: log=14 engine=15 ; user_lands: log_only=['mountain'] engine_only=[] ; user_creatures: log_only=['clockwork percussionist'] engine_only=[],5,3,0,0,3,3,4,0,0,0,4,0,2,ok,106
1818,1,7,2,oppo_life,user_3,oppo_life user_creatures oppo_hand,oppo_life: log=20 engine=18 ; user_creatures: log_only=[] engine_only=['acrobatic cheerleader'] ; oppo_hand: log=3 engine=4,4,1,1,0,2,1,0,0,1,0,0,0,1,ok,126
1819,1,9,4,oppo_life,user_5,oppo_life user_creatures,"oppo_life: log=15 engine=16 ; user_creatures: log_only=['toby, beastie befriender'] engine_only=[]",4,2,3,0,4,2,0,1,2,0,0,1,0,ok,285
1820,1,11,1,user_hand,user_2,user_hand,user_hand: log_only=['hand that feeds'] engine_only=['wildfire wickerfolk'],6,0,0,0,1,0,0,0,1,0,0,0,0,ok,293
1821,1,8,3,oppo_life,user_4,oppo_life user_creatures user_noncreatures user_hand,"oppo_life: log=17 engine=19 ; user_creatures: log_only=['insect', 'insect'] engine_only=[] ; user_noncreatures: log_only=['overlord of the mistmoors'] engine_only=[] ; user_hand: log_only=[] engine_only=['overlord of the mistmoors']",4,2,0,0,3,2,0,0,1,0,0,0,3,ok,389
1822,1,8,2,user_life,oppo_3,user_life user_creatures,user_life: log=14 engine=17 ; user_creatures: log_only=[] engine_only=['defiant survivor'],5,2,1,0,3,2,1,0,1,0,1,0,1,ok,227
1823,1,5,5,,,,,1,1,0,0,2,1,1,0,1,0,1,0,0,ok,66
1824,1,10,4,oppo_hand,oppo_5,oppo_hand,oppo_hand: log=3 engine=4,5,2,3,0,4,2,0,0,2,0,0,0,1,ok,276
1825,1,8,1,user_hand,user_2,user_hand,user_hand: log_only=['underwater tunnel'] engine_only=['razortrap gorge'],3,1,2,0,1,1,0,0,0,0,0,0,0,ok,155
1826,1,13,3,user_lands,user_4,user_lands user_noncreatures,user_lands: log_only=['swamp'] engine_only=[] ; user_noncreatures: log_only=[] engine_only=['keys to the house'],8,1,2,0,3,1,0,0,2,0,0,0,1,ok,343
1827,1,8,4,user_life,oppo_5,user_life oppo_life user_creatures,user_life: log=19 engine=20 ; oppo_life: log=17 engine=16 ; user_creatures: log_only=[] engine_only=['most valuable slayer'],5,3,2,0,4,3,2,0,1,0,2,0,0,ok,180
1828,1,9,3,user_hand,user_4,user_hand,user_hand: log_only=['glassworks'] engine_only=['boilerbilges ripper'],5,1,1,0,3,1,0,1,2,0,0,1,0,ok,199
1829,1,8,4,user_life,oppo_5,user_life user_creatures user_hand,user_life: log=15 engine=20 ; user_creatures: log_only=['appendage amalgam'] engine_only=[] ; user_hand: log_only=[] engine_only=['appendage amalgam'],2,1,2,0,3,1,0,1,2,0,0,1,1,ok,170
1830,1,11,1,user_life,oppo_2,user_life,user_life: log=18 engine=19,7,0,4,0,1,0,0,0,1,0,0,0,0,ok,366
1831,1,5,2,user_lands,user_3,user_lands user_hand,user_lands: log_only=['mountain'] engine_only=[] ; user_hand: log_only=[] engine_only=['razorkin hordecaller'],4,1,1,0,2,1,0,0,1,0,0,0,1,ok,121
1832,1,4,3,user_creatures,user_4,user_creatures,user_creatures: log_only=['forest'] engine_only=['overgrown zealot'],3,2,0,0,3,2,0,0,1,0,0,0,2,ok,63
1833,1,7,2,user_creatures,oppo_3,user_creatures,user_creatures: log_only=['piggy bank'] engine_only=['vicious clown'],3,2,1,0,3,2,1,0,1,0,1,0,0,ok,159
1834,1,12,4,user_life,oppo_5,user_life,user_life: log=12 engine=11,5,3,1,1,5,4,1,0,2,0,1,0,0,ok,158
1835,1,10,4,user_life,oppo_5,user_life oppo_life,user_life: log=18 engine=20 ; oppo_life: log=22 engine=20,3,2,5,1,5,2,0,0,3,0,0,0,3,ok,244
1836,1,10,2,oppo_hand,oppo_3,oppo_hand,oppo_hand: log=4 engine=5,7,1,1,0,2,1,1,0,1,0,1,0,1,ok,287
1837,1,12,2,user_hand,user_3,user_hand,user_hand: log_only=['forest'] engine_only=['fear of burning alive'],8,1,4,1,2,1,0,0,1,0,0,0,0,ok,252
1838,1,7,4,oppo_hand,oppo_5,oppo_hand,oppo_hand: log=1 engine=3,5,3,0,0,4,4,1,0,1,0,1,0,2,ok,195
1839,1,5,2,user_hand,oppo_3,user_hand,user_hand: log_only=['swamp'] engine_only=['spectral snatcher'],2,0,1,0,2,0,0,0,2,0,0,0,0,ok,82
1840,1,8,1,user_hand,oppo_2,user_hand,user_hand: log_only=['island'] engine_only=['daggermaw megalodon'],4,0,1,0,2,0,0,0,2,0,0,0,0,ok,111
1841,1,9,3,oppo_life,user_4,oppo_life user_hand,oppo_life: log=17 engine=20 ; user_hand: log_only=['omnivorous flytrap'] engine_only=['island'],3,1,2,0,3,1,0,0,2,0,0,0,0,ok,205
1842,1,11,3,oppo_hand,oppo_4,oppo_hand,oppo_hand: log=4 engine=3,4,2,2,0,3,2,0,0,1,0,0,0,0,ok,255
1843,1,9,2,user_life,oppo_3,user_life,user_life: log=18 engine=20,2,0,0,0,2,0,0,0,2,0,0,0,0,ok,209
1844,1,7,3,oppo_life,user_4,oppo_life user_creatures oppo_hand,oppo_life: log=15 engine=13 ; user_creatures: log_only=[] engine_only=['veteran survivor'] ; oppo_hand: log=3 engine=4,6,3,1,0,3,3,2,0,0,0,2,0,1,ok,227
1845,1,16,4,oppo_hand,oppo_5,oppo_hand,oppo_hand: log=0 engine=1,6,3,3,0,4,3,1,0,1,0,1,0,1,ok,495
1846,1,7,3,oppo_life,user_4,oppo_life,oppo_life: log=13 engine=12,5,2,2,0,3,3,3,0,1,0,3,0,0,ok,174
1847,1,14,6,oppo_hand,oppo_7,oppo_hand,oppo_hand: log=2 engine=3,6,3,3,1,5,5,0,0,2,1,0,0,2,ok,416
1848,1,11,1,user_hand,user_2,user_hand,user_hand: log_only=['jump scare'] engine_only=['plains'],6,1,0,0,1,1,1,0,0,0,1,0,1,ok,272
1849,1,12,3,user_creatures,oppo_4,user_creatures oppo_hand,user_creatures: log_only=[] engine_only=['popular egotist'] ; oppo_hand: log=4 engine=3,6,1,2,0,3,1,0,0,2,0,0,0,0,ok,271
1850,1,9,1,user_creatures,user_2,user_creatures,"user_creatures: log_only=['stay hidden, stay silent'] engine_only=[]",6,0,2,0,1,0,0,0,1,0,0,0,0,ok,1461
1851,1,5,1,user_hand,user_2,user_hand,user_hand: log_only=['the wandering rescuer'] engine_only=['mountain'],4,1,0,0,1,1,0,0,0,0,0,0,0,ok,361
1852,1,5,5,,,,,2,2,0,0,3,2,0,0,1,0,0,0,2,ok,262
1853,1,8,4,user_hand,user_5,user_hand,"user_hand: log_only=['mountain', 'plains'] engine_only=['glimmer seeker', 'ragged playmate']",6,3,0,0,4,3,1,0,1,0,1,0,0,ok,625
1854,1,6,4,oppo_life,user_5,oppo_life,oppo_life: log=12 engine=13,5,3,4,2,4,3,3,0,1,0,3,0,0,ok,387
1855,1,8,3,oppo_life,user_4,oppo_life user_noncreatures,oppo_life: log=22 engine=20 ; user_noncreatures: log_only=['glassworks'] engine_only=[],7,2,1,1,3,2,0,0,1,0,0,0,1,ok,431
1856,1,4,4,,,,,3,3,0,0,3,4,0,0,1,0,0,0,0,ok,146
1857,1,9,4,user_creatures,oppo_5,user_creatures user_noncreatures user_hand oppo_hand,user_creatures: log_only=['spineseeker centipede'] engine_only=[] ; user_noncreatures: log_only=['growing dread'] engine_only=[] ; user_hand: log_only=[] engine_only=['growing dread'] ; oppo_hand: log=5 engine=4,6,3,1,0,4,3,0,0,1,0,0,0,0,ok,450
1858,1,10,4,user_creatures,user_5,user_creatures oppo_hand,user_creatures: log_only=[] engine_only=['orphans of the wheat'] ; oppo_hand: log=1 engine=2,5,3,1,0,4,3,3,0,1,0,3,0,1,ok,408
1859,1,9,3,user_hand,user_4,user_hand,user_hand: log_only=['forest'] engine_only=['ragged playmate'],5,1,1,0,3,1,0,0,2,0,0,0,0,ok,363
1860,1,7,2,user_hand,oppo_3,user_hand oppo_hand,user_hand: log_only=[] engine_only=['floodpits drowner'] ; oppo_hand: log=4 engine=5,4,0,0,0,2,0,0,0,2,0,0,0,1,ok,239
1861,1,7,3,oppo_life,user_4,oppo_life user_noncreatures,oppo_life: log=16 engine=15 ; user_noncreatures: log_only=[] engine_only=['unable to scream'],5,2,1,0,3,2,0,0,1,0,0,0,0,ok,215
1862,1,10,6,user_life,oppo_7,user_life,user_life: log=6 engine=7,5,3,4,1,4,5,1,3,1,1,1,3,1,ok,380
1863,1,10,3,user_creatures,oppo_4,user_creatures oppo_hand,user_creatures: log_only=['unsettling twins'] engine_only=['inquisitive glimmer'] ; oppo_hand: log=3 engine=4,5,2,0,0,3,2,0,0,1,0,0,0,1,ok,250
1864,1,9,4,oppo_life,user_5,oppo_life user_creatures oppo_hand,oppo_life: log=19 engine=17 ; user_creatures: log_only=[] engine_only=['unsettling twins'] ; oppo_hand: log=4 engine=5,6,3,1,0,4,3,1,0,1,0,1,0,1,ok,267
1865,1,9,3,user_life,oppo_4,user_life,user_life: log=20 engine=18,3,1,3,0,4,1,0,0,3,0,0,0,0,ok,244
1866,1,6,1,user_creatures,user_2,user_creatures user_hand,user_creatures: log_only=['rootwise survivor'] engine_only=[] ; user_hand: log_only=[] engine_only=['house cartographer'],3,1,1,0,1,1,0,0,0,0,0,0,1,ok,123
1867,1,8,6,user_life,oppo_7,user_life user_creatures user_noncreatures,"user_life: log=5 engine=4 ; user_creatures: log_only=[] engine_only=[""valgavoth's faithful""] ; user_noncreatures: log_only=['nowhere to run'] engine_only=['sporogenic infection']",3,3,2,1,7,4,0,1,4,0,0,1,0,ok,188
1868,1,12,4,user_creatures,user_5,user_creatures,user_creatures: log_only=['fear of being hunted'] engine_only=[],6,1,3,0,3,1,0,0,2,0,0,0,0,ok,361
1869,1,8,3,oppo_hand,user_4,oppo_hand,oppo_hand: log=5 engine=6,3,1,1,0,3,1,0,0,2,0,0,0,0,ok,160
1870,1,6,1,user_hand,user_2,user_hand,"user_hand: log_only=['forest', 'island'] engine_only=['cryptid inspector', 'house cartographer']",5,1,0,0,1,1,0,0,0,0,0,0,0,ok,158
1871,1,5,5,,,,,3,3,1,1,4,4,2,0,1,0,2,0,0,ok,77
1872,1,7,1,user_creatures,oppo_2,user_creatures,user_creatures: log_only=[] engine_only=['fear of missing out'],5,1,2,0,2,1,0,0,1,0,0,0,0,ok,287
1873,1,10,2,oppo_hand,oppo_3,oppo_hand,oppo_hand: log=5 engine=6,4,1,1,0,2,1,0,0,1,0,0,0,1,ok,367
1874,1,9,2,user_creatures,user_3,user_creatures,user_creatures: log_only=[] engine_only=['fear of infinity'],6,1,1,0,2,1,0,0,1,0,0,0,0,ok,179
1875,1,15,4,user_creatures,oppo_5,user_creatures user_hand oppo_hand,user_creatures: log_only=['the wandering rescuer'] engine_only=[] ; user_hand: log_only=[] engine_only=['the wandering rescuer'] ; oppo_hand: log=5 engine=6,12,3,4,0,4,3,0,0,1,0,0,0,2,ok,1094
1876,1,9,5,user_life,oppo_6,user_life,user_life: log=16 engine=17,4,3,0,0,4,4,0,1,1,1,0,1,0,ok,234
1877,1,15,2,user_hand,oppo_3,user_hand,user_hand: log_only=['shroudstomper'] engine_only=['commune with evil'],10,2,5,0,3,2,0,0,1,0,0,0,0,ok,352
1878,1,6,5,oppo_life,user_6,oppo_life user_creatures user_noncreatures user_hand,"oppo_life: log=16 engine=15 ; user_creatures: log_only=['insect', 'insect'] engine_only=[] ; user_noncreatures: log_only=['overlord of the mistmoors'] engine_only=[] ; user_hand: log_only=[] engine_only=['overlord of the mistmoors']",5,4,1,1,4,5,3,0,1,0,3,0,1,ok,151
1879,1,16,3,user_life,oppo_4,user_life user_hand,user_life: log=18 engine=20 ; user_hand: log_only=[] engine_only=['appendage amalgam'],7,0,3,0,3,0,0,0,3,0,0,0,0,ok,423
1880,1,8,2,user_lands,user_3,user_lands user_noncreatures user_hand,"user_lands: log_only=['island'] engine_only=[] ; user_noncreatures: log_only=[] engine_only=[""shardmage's rescue""] ; user_hand: log_only=[""shardmage's rescue""] engine_only=['island']",3,1,2,0,2,1,0,0,1,0,0,0,0,ok,174
1881,1,8,4,user_hand,oppo_5,user_hand,user_hand: log_only=['vicious clown'] engine_only=['hardened escort'],4,2,0,0,3,3,0,1,1,1,0,1,0,ok,177
1882,1,7,1,user_lands,user_2,user_lands user_noncreatures user_hand,user_lands: log_only=['island'] engine_only=[] ; user_noncreatures: log_only=[] engine_only=['underwater tunnel'] ; user_hand: log_only=['underwater tunnel'] engine_only=['island'],5,1,0,0,1,1,0,0,0,0,0,0,1,ok,167
1883,1,10,5,user_life,oppo_6,user_life oppo_life oppo_hand,user_life: log=18 engine=20 ; oppo_life: log=10 engine=8 ; oppo_hand: log=4 engine=3,5,4,1,0,4,6,13,0,1,1,13,0,1,ok,171
1884,1,8,4,user_life,oppo_5,user_life oppo_life oppo_hand,user_life: log=10 engine=12 ; oppo_life: log=22 engine=18 ; oppo_hand: log=3 engine=2,4,3,1,0,4,4,3,0,1,0,3,0,0,ok,214
1885,1,7,4,user_creatures,user_5,user_creatures,user_creatures: log_only=[] engine_only=['insidious fungus'],4,3,0,0,4,4,2,0,1,0,2,0,0,ok,153
1886,1,11,4,user_hand,user_5,user_hand,"user_hand: log_only=[""valgavoth's onslaught""] engine_only=[]",7,2,1,1,4,2,1,0,2,0,1,0,0,ok,315
1887,1,7,3,user_lands,user_4,user_lands user_hand,user_lands: log_only=['island'] engine_only=[] ; user_hand: log_only=[] engine_only=['island'],4,2,0,0,3,2,0,1,1,0,0,1,1,ok,123
1888,1,6,0,oppo_hand,oppo_1,oppo_hand,oppo_hand: log=5 engine=6,4,0,0,0,0,0,0,0,0,0,0,0,0,ok,111
1889,1,9,1,user_hand,user_2,user_hand,user_hand: log_only=['slavering branchsnapper'] engine_only=['forest'],6,0,1,0,1,0,0,0,1,0,0,0,0,ok,240
1890,1,8,2,user_life,oppo_3,user_life,user_life: log=18 engine=19,4,0,2,0,2,0,0,0,2,0,0,0,0,ok,150
1891,1,7,2,user_life,oppo_3,user_life user_creatures,user_life: log=18 engine=20 ; user_creatures: log_only=[] engine_only=['fear of surveillance'],2,2,0,0,3,2,1,0,1,0,1,0,0,ok,127
1892,1,8,3,user_lands,user_4,user_lands user_hand,user_lands: log_only=['mountain'] engine_only=[] ; user_hand: log_only=[] engine_only=['mountain'],7,2,1,0,3,2,1,0,1,0,1,0,1,ok,236
1893,1,12,3,user_noncreatures,user_4,user_noncreatures user_hand,user_noncreatures: log_only=['overlord of the boilerbilges'] engine_only=[] ; user_hand: log_only=[] engine_only=['overlord of the boilerbilges'],6,3,0,0,3,3,0,0,0,0,0,0,1,ok,916
1894,1,11,3,user_creatures,user_4,user_creatures oppo_hand,user_creatures: log_only=['dissection tools'] engine_only=[] ; oppo_hand: log=4 engine=3,6,3,1,0,3,3,1,0,0,0,1,0,2,ok,317
1895,1,9,1,user_hand,user_2,user_hand,user_hand: log_only=['vicious clown'] engine_only=['mountain'],4,0,3,0,1,0,0,0,1,0,0,0,0,ok,107
1896,1,9,3,user_life,oppo_4,user_life,user_life: log=16 engine=18,7,2,2,0,3,2,0,0,1,0,0,0,0,ok,253
1897,1,8,2,user_creatures,user_3,user_creatures user_hand,user_creatures: log_only=[] engine_only=['growing dread'] ; user_hand: log_only=['growing dread'] engine_only=[],6,1,3,0,2,1,0,0,1,0,0,0,0,ok,216
1898,1,12,3,user_noncreatures,user_4,user_noncreatures user_hand,user_noncreatures: log_only=['overlord of the balemurk'] engine_only=[] ; user_hand: log_only=['resurrected cultist'] engine_only=['overlord of the balemurk'],7,2,1,1,3,2,1,0,1,0,1,0,1,ok,310
1899,1,10,3,user_hand,user_4,user_hand,user_hand: log_only=['meat locker'] engine_only=['forest'],8,1,1,0,3,1,1,0,2,0,1,0,0,ok,289
1900,1,8,3,user_lands,user_4,user_lands user_creatures user_noncreatures user_hand,user_lands: log_only=['swamp'] engine_only=[] ; user_creatures: log_only=['skullsnap nuisance'] engine_only=[] ; user_noncreatures: log_only=[] engine_only=['keys to the house'] ; user_hand: log_only=[] engine_only=['skullsnap nuisance'],6,2,1,1,3,2,1,0,1,0,1,0,3,ok,1369
1901,1,9,4,user_lands,user_5,user_lands user_creatures,user_lands: log_only=['forest'] engine_only=['mountain'] ; user_creatures: log_only=['bashful beastie'] engine_only=['forest'],7,4,0,0,4,4,2,0,0,0,2,0,0,ok,799
1902,1,9,2,user_lands,user_3,user_lands user_hand,user_lands: log_only=['island'] engine_only=[] ; user_hand: log_only=[] engine_only=['island'],6,2,0,0,2,2,0,0,0,0,0,0,3,ok,463
1903,1,7,2,user_creatures,user_3,user_creatures user_hand,user_creatures: log_only=['cryptid inspector'] engine_only=[] ; user_hand: log_only=[] engine_only=['unnerving grasp'],4,1,1,0,2,1,0,0,1,0,0,0,1,ok,361
1904,1,7,3,oppo_hand,oppo_4,oppo_hand,oppo_hand: log=6 engine=7,5,3,1,0,3,4,6,0,0,1,6,0,1,ok,244
1905,1,7,4,oppo_life,user_5,oppo_life user_creatures user_noncreatures,"oppo_life: log=16 engine=17 ; user_creatures: log_only=['unidentified hovership', 'wary watchdog'] engine_only=[] ; user_noncreatures: log_only=[] engine_only=['unidentified hovership']",6,3,0,0,4,4,0,0,1,0,0,0,1,ok,335
1906,1,10,2,user_creatures,user_3,user_creatures user_hand,user_creatures: log_only=['insidious fungus'] engine_only=['forest'] ; user_hand: log_only=['forest'] engine_only=['thornspire verge'],8,1,0,0,2,1,0,0,1,0,0,0,0,ok,408
1907,1,8,4,user_creatures,user_5,user_creatures,user_creatures: log_only=['hand that feeds'] engine_only=[],5,3,2,1,4,3,3,0,1,0,3,0,0,ok,248
1908,1,11,2,user_lands,user_3,user_lands user_hand,user_lands: log_only=['swamp'] engine_only=[] ; user_hand: log_only=[] engine_only=['bashful beastie'],6,1,0,0,2,1,0,0,1,0,0,0,1,ok,375
1909,1,12,2,oppo_hand,oppo_3,oppo_hand,oppo_hand: log=8 engine=7,5,3,4,0,3,3,1,0,0,0,1,0,0,ok,423
1910,1,14,3,oppo_life,user_4,oppo_life user_creatures,oppo_life: log=16 engine=13 ; user_creatures: log_only=[] engine_only=['wary watchdog'],9,2,2,0,3,2,1,1,1,0,1,1,2,ok,406
1911,1,6,1,user_hand,user_2,user_hand,user_hand: log_only=['greenhouse'] engine_only=['fear of infinity'],4,0,1,0,1,0,0,0,1,0,0,0,0,ok,209
1912,1,11,2,user_hand,user_3,user_hand,"user_hand: log_only=['rip, spawn hunter'] engine_only=['forest']",7,1,1,0,2,1,0,0,1,0,0,0,0,ok,310
1913,1,6,2,user_life,oppo_3,user_life,user_life: log=15 engine=14,2,0,0,0,2,0,0,0,2,0,0,0,0,ok,152
1914,1,8,2,user_hand,user_3,user_hand,user_hand: log_only=['meat locker'] engine_only=['flesh burrower'],5,1,1,0,2,1,0,0,1,0,0,0,1,ok,264
1915,1,5,3,oppo_hand,oppo_4,oppo_hand,oppo_hand: log=3 engine=4,1,1,0,0,4,1,0,0,3,0,0,0,2,ok,109
1916,1,10,1,user_creatures,user_2,user_creatures oppo_hand,"user_creatures: log_only=[] engine_only=['arabella, abandoned doll'] ; oppo_hand: log=5 engine=6",8,0,0,0,1,0,0,0,1,0,0,0,1,ok,397
1917,1,7,3,oppo_life,user_4,oppo_life user_creatures,oppo_life: log=11 engine=12 ; user_creatures: log_only=['island'] engine_only=[],5,3,2,0,3,3,2,0,0,0,2,0,1,ok,193
1918,1,8,2,user_creatures,oppo_3,user_creatures oppo_hand,user_creatures: log_only=[] engine_only=['flesh burrower'] ; oppo_hand: log=4 engine=5,6,2,1,0,3,2,0,0,1,0,0,0,0,ok,211
1919,1,8,3,oppo_life,user_4,oppo_life,oppo_life: log=16 engine=18,5,2,1,0,3,2,0,0,1,0,0,0,0,ok,197
1920,1,6,3,user_life,oppo_4,user_life oppo_hand,user_life: log=12 engine=14 ; oppo_hand: log=4 engine=3,3,2,1,0,4,2,0,0,2,0,0,0,0,ok,176
1921,1,8,2,user_hand,user_3,user_hand,user_hand: log_only=['spineseeker centipede'] engine_only=['terramorphic expanse'],5,1,1,0,2,1,0,0,1,0,0,0,0,ok,206
1922,1,10,2,user_hand,oppo_3,user_hand,user_hand: log_only=['plains'] engine_only=['shepherding spirits'],7,0,1,0,2,0,0,0,2,0,0,0,0,ok,410
1923,1,9,1,user_noncreatures,oppo_2,user_noncreatures user_hand,user_noncreatures: log_only=[] engine_only=['found footage'] ; user_hand: log_only=['mountain'] engine_only=[],7,1,1,0,2,1,0,0,1,0,0,0,0,ok,180
1924,1,11,2,user_life,oppo_3,user_life oppo_hand,user_life: log=18 engine=20 ; oppo_hand: log=5 engine=4,6,0,4,0,2,0,0,0,2,0,0,0,0,ok,303
1925,1,9,3,user_life,oppo_4,user_life,user_life: log=18 engine=19,5,2,1,0,3,2,1,0,1,0,1,0,0,ok,209
1926,1,11,2,user_life,oppo_3,user_life,user_life: log=17 engine=18,7,1,2,1,2,1,0,0,1,0,0,0,1,ok,357
1927,1,9,2,user_creatures,user_3,user_creatures user_hand,user_creatures: log_only=['forest'] engine_only=['slavering branchsnapper'] ; user_hand: log_only=['fear of burning alive'] engine_only=['hand that feeds'],8,2,0,0,2,2,0,0,0,0,0,0,0,ok,250
1928,1,8,6,user_life,oppo_7,user_life user_creatures user_noncreatures user_hand,user_life: log=10 engine=11 ; user_creatures: log_only=['haunted screen'] engine_only=[] ; user_noncreatures: log_only=[] engine_only=['haunted screen'] ; user_hand: log_only=['break down the door'] engine_only=[],5,5,0,0,6,6,2,2,1,0,2,2,1,ok,215
1929,1,11,2,user_creatures,user_3,user_creatures,user_creatures: log_only=['scrabbling skullcrab'] engine_only=['trapped in the screen'],6,2,1,0,2,2,0,0,0,0,0,0,0,ok,255
1930,1,13,2,user_noncreatures,user_3,user_noncreatures user_hand,user_noncreatures: log_only=[] engine_only=['keys to the house'] ; user_hand: log_only=['creeping peeper'] engine_only=[],8,2,2,0,2,2,0,0,0,0,0,0,0,ok,349
1931,1,8,3,oppo_hand,user_4,oppo_hand,oppo_hand: log=4 engine=5,3,1,2,0,2,2,1,0,1,1,1,0,0,ok,175
1932,1,9,1,user_hand,user_2,user_hand,user_hand: log_only=['vanish from sight'] engine_only=['wary watchdog'],5,0,4,0,1,0,0,0,1,0,0,0,0,ok,279
1933,1,9,1,oppo_hand,oppo_2,oppo_hand,oppo_hand: log=6 engine=5,6,1,3,0,2,1,0,0,1,0,0,0,0,ok,229
1934,1,13,2,oppo_hand,oppo_3,oppo_hand,oppo_hand: log=4 engine=5,8,2,0,0,2,2,0,0,0,0,0,0,1,ok,303
1935,1,17,4,user_hand,oppo_5,user_hand,user_hand: log_only=[] engine_only=['plains'],12,4,3,0,4,4,5,0,0,0,5,0,0,ok,364
1936,1,7,1,user_creatures,user_2,user_creatures,user_creatures: log_only=['mountain'] engine_only=['say its name'],5,0,1,0,1,0,0,0,1,0,0,0,0,ok,168
1937,1,6,3,user_life,oppo_4,user_life,user_life: log=18 engine=19,3,3,0,0,4,3,2,0,1,0,2,0,2,ok,116
1938,1,8,2,user_creatures,user_3,user_creatures user_hand,user_creatures: log_only=['island'] engine_only=['say its name'] ; user_hand: log_only=['forest'] engine_only=['spineseeker centipede'],5,1,2,0,2,1,0,0,1,0,0,0,0,ok,233
1939,1,15,6,user_lands,user_7,user_lands,user_lands: log_only=['island'] engine_only=[],10,3,1,1,3,6,3,0,1,1,3,0,1,ok,354
1940,1,11,2,user_creatures,oppo_3,user_creatures,user_creatures: log_only=['patchwork beastie'] engine_only=['wildfire wickerfolk'],4,2,3,0,3,2,1,0,1,0,1,0,0,ok,227
1941,1,9,2,oppo_life,user_3,oppo_life,oppo_life: log=17 engine=20,4,1,5,0,2,1,0,0,1,0,0,0,0,ok,177
1942,1,8,1,user_hand,user_2,user_hand,user_hand: log_only=['swamp'] engine_only=['forest'],6,1,1,0,1,1,0,0,0,0,0,0,0,ok,612
1943,1,7,4,oppo_life,user_5,oppo_life,oppo_life: log=9 engine=14,6,4,2,0,4,4,2,0,0,0,2,0,1,ok,304
1944,1,9,2,user_creatures,oppo_3,user_creatures,user_creatures: log_only=['island'] engine_only=['unable to scream'],1,0,4,0,3,0,0,0,3,0,0,0,0,ok,142
1945,1,9,3,user_creatures,oppo_4,user_creatures user_noncreatures user_hand,user_creatures: log_only=['lakeside shack'] engine_only=[] ; user_noncreatures: log_only=['growing dread'] engine_only=[] ; user_hand: log_only=[] engine_only=['growing dread'],5,1,2,1,3,1,0,0,2,0,0,0,0,ok,181
1946,1,9,2,oppo_hand,oppo_3,oppo_hand,oppo_hand: log=6 engine=5,7,1,3,0,3,1,0,0,2,0,0,0,0,ok,223
1947,1,10,4,user_hand,user_5,user_hand,user_hand: log_only=['underwater tunnel'] engine_only=[],8,3,1,0,4,3,0,1,1,0,0,1,0,ok,222
1948,1,14,2,user_hand,oppo_3,user_hand oppo_hand,user_hand: log_only=[] engine_only=['unable to scream'] ; oppo_hand: log=5 engine=4,6,1,3,1,2,1,0,0,1,0,0,0,0,ok,333
1949,1,12,3,oppo_life,user_4,oppo_life,oppo_life: log=14 engine=16,5,3,3,1,3,4,1,1,0,0,1,1,0,ok,255
1950,1,6,2,user_life,oppo_3,user_life,user_life: log=20 engine=17,3,0,2,0,2,0,0,0,2,0,0,0,0,ok,1303
1951,1,6,4,oppo_life,user_5,oppo_life,oppo_life: log=13 engine=9,4,3,1,0,4,3,2,0,1,0,2,0,1,ok,469
1952,1,7,3,user_creatures,oppo_4,user_creatures oppo_hand,user_creatures: log_only=[] engine_only=['twitching doll'] ; oppo_hand: log=2 engine=3,5,2,0,0,3,3,1,0,1,1,1,0,2,ok,387
1953,1,10,3,user_lands,user_4,user_lands user_hand,user_lands: log_only=['mountain'] engine_only=[] ; user_hand: log_only=[] engine_only=['bedhead beastie'],4,2,2,0,3,2,1,0,1,0,1,0,1,ok,522
1954,1,5,2,user_life,oppo_3,user_life,user_life: log=14 engine=15,3,1,0,0,2,1,0,0,1,0,0,0,0,ok,227
1955,1,8,2,user_creatures,user_3,user_creatures,user_creatures: log_only=['flesh burrower'] engine_only=[],6,1,4,0,2,1,0,0,1,0,0,0,0,ok,277
1956,1,10,2,user_lands,user_3,user_lands user_hand,user_lands: log_only=['forest'] engine_only=[] ; user_hand: log_only=[] engine_only=['forest'],5,0,1,0,2,0,0,0,2,0,0,0,1,ok,415
1957,1,13,2,user_lands,user_3,user_lands user_creatures user_hand,"user_lands: log_only=['mountain'] engine_only=[] ; user_creatures: log_only=['spineseeker centipede'] engine_only=[] ; user_hand: log_only=['forest'] engine_only=['mountain', 'spineseeker centipede']",8,1,1,0,2,1,0,0,1,0,0,0,2,ok,600
1958,1,11,3,user_lands,user_4,user_lands user_creatures user_hand,"user_lands: log_only=['forest'] engine_only=[] ; user_creatures: log_only=['wary watchdog'] engine_only=['spineseeker centipede'] ; user_hand: log_only=['spineseeker centipede'] engine_only=['forest', 'wary watchdog']",6,1,1,0,3,1,0,0,2,0,0,0,1,ok,672
1959,1,15,2,user_hand,oppo_3,user_hand,user_hand: log_only=['swamp'] engine_only=['spectral snatcher'],7,0,1,0,2,0,0,0,2,0,0,0,0,ok,807
1960,1,6,2,user_creatures,user_3,user_creatures,user_creatures: log_only=['forest'] engine_only=['diversion specialist'],4,1,3,0,2,1,1,0,1,0,1,0,0,ok,224
1961,1,7,4,user_life,oppo_5,user_life oppo_life oppo_hand,user_life: log=17 engine=19 ; oppo_life: log=19 engine=17 ; oppo_hand: log=2 engine=3,4,4,1,1,5,4,1,0,1,0,1,0,2,ok,230
1962,1,8,5,oppo_life,oppo_6,oppo_life,oppo_life: log=6 engine=4,4,3,0,0,5,4,15,0,2,1,15,0,0,ok,164
1963,1,6,3,user_hand,oppo_4,user_hand,user_hand: log_only=['swamp'] engine_only=['spectral snatcher'],2,1,1,1,4,1,0,0,3,0,0,0,0,ok,155
1964,1,6,3,user_life,user_4,user_life oppo_life user_creatures oppo_hand,user_life: log=22 engine=24 ; oppo_life: log=13 engine=15 ; user_creatures: log_only=['razorkin needlehead'] engine_only=[] ; oppo_hand: log=5 engine=6,4,2,2,0,3,2,1,0,1,0,1,0,0,ok,168
1965,1,10,4,user_lands,user_5,user_lands user_creatures,user_lands: log_only=[] engine_only=['mountain'] ; user_creatures: log_only=['mountain'] engine_only=[],6,2,0,0,4,2,2,0,2,0,2,0,0,ok,364
1966,1,5,4,user_lands,user_5,user_lands user_hand,"user_lands: log_only=['mountain'] engine_only=[] ; user_hand: log_only=[] engine_only=['mountain', 'scorching dragonfire']",3,2,0,0,4,2,1,0,2,0,1,0,1,ok,134
1967,1,8,5,user_creatures,user_6,user_creatures,"user_creatures: log_only=['arabella, abandoned doll', 'norin, swift survivalist'] engine_only=[]",6,3,2,1,5,4,3,0,2,0,3,0,2,ok,221
1968,1,8,2,user_hand,user_3,user_hand,user_hand: log_only=['vicious clown'] engine_only=[],3,1,0,0,2,1,0,0,1,0,0,0,0,ok,183
1969,1,9,4,user_life,oppo_5,user_life,user_life: log=13 engine=16,5,1,1,1,4,2,0,0,3,0,0,0,0,ok,333
1970,1,6,3,oppo_hand,oppo_4,oppo_hand,oppo_hand: log=3 engine=4,3,2,1,0,4,2,1,0,2,0,1,0,2,ok,110
1971,1,8,4,oppo_hand,oppo_5,oppo_hand,oppo_hand: log=3 engine=4,4,3,0,0,4,4,5,0,1,1,5,0,2,ok,242
1972,1,11,4,oppo_hand,oppo_5,oppo_hand,oppo_hand: log=3 engine=4,8,3,2,0,4,3,2,0,1,0,2,0,3,ok,242
1973,1,7,2,oppo_hand,oppo_3,oppo_hand,oppo_hand: log=5 engine=6,5,3,0,0,3,3,1,0,0,0,1,0,1,ok,138
1974,1,8,3,user_life,oppo_4,user_life,user_life: log=12 engine=15,4,1,0,0,3,1,0,0,2,0,0,0,1,ok,307
1975,1,7,2,user_hand,user_3,user_hand,user_hand: log_only=['grasping longneck'] engine_only=['insidious fungus'],5,1,1,0,2,1,0,1,1,0,0,1,0,ok,176
1976,1,9,4,user_lands,user_5,user_lands user_hand,user_lands: log_only=['island'] engine_only=[] ; user_hand: log_only=[] engine_only=['daggermaw megalodon'],6,3,2,0,4,3,2,0,1,0,2,0,1,ok,275
1977,1,10,1,user_hand,user_2,user_hand,user_hand: log_only=['wickerfolk thresher'] engine_only=['under the skin'],8,1,1,0,1,1,0,0,0,0,0,0,0,ok,267
1978,1,8,4,user_creatures,user_5,user_creatures user_noncreatures oppo_hand,"user_creatures: log_only=[] engine_only=['niko, light of hope'] ; user_noncreatures: log_only=[] engine_only=['dissection tools'] ; oppo_hand: log=4 engine=5",4,3,0,0,4,3,2,1,1,0,2,1,2,ok,272
1979,1,12,4,user_hand,user_5,user_hand,user_hand: log_only=[] engine_only=['beastie beatdown'],6,2,1,0,4,2,0,1,2,0,0,1,1,ok,295
1980,1,9,1,user_hand,user_2,user_hand,user_hand: log_only=['seized from slumber'] engine_only=['twist reality'],6,0,0,0,1,0,0,0,1,0,0,0,0,ok,296
1981,1,11,4,oppo_life,user_5,oppo_life,oppo_life: log=10 engine=11,6,2,0,0,3,3,3,0,1,1,3,0,0,ok,274
1982,1,12,2,user_lands,user_3,user_lands user_creatures user_hand,user_lands: log_only=['island'] engine_only=[] ; user_creatures: log_only=[] engine_only=['piranha fly'] ; user_hand: log_only=['piranha fly'] engine_only=['terramorphic expanse'],5,1,1,0,2,1,0,0,1,0,0,0,0,ok,252
1983,1,13,7,user_creatures,user_8,user_creatures,user_creatures: log_only=['clockwork percussionist'] engine_only=[],6,2,2,1,3,4,1,0,1,1,1,0,2,ok,423
1984,1,11,2,user_creatures,oppo_3,user_creatures oppo_hand,user_creatures: log_only=[] engine_only=['skullsnap nuisance'] ; oppo_hand: log=4 engine=3,5,1,3,0,2,1,0,0,1,0,0,0,0,ok,279
1985,1,10,2,user_hand,user_3,user_hand,user_hand: log_only=['unidentified hovership'] engine_only=[],5,1,3,0,2,1,0,0,1,0,0,0,0,ok,189
1986,1,11,4,oppo_hand,oppo_5,oppo_hand,oppo_hand: log=4 engine=3,6,3,1,0,4,3,1,0,1,0,1,0,0,ok,190
1987,1,9,3,oppo_hand,oppo_4,oppo_hand,oppo_hand: log=6 engine=5,3,0,3,0,4,0,0,0,4,0,0,0,0,ok,182
1988,1,6,3,oppo_hand,oppo_4,oppo_hand,oppo_hand: log=5 engine=4,3,2,1,0,4,2,0,0,2,0,0,0,1,ok,156
1989,1,10,3,user_creatures,oppo_4,user_creatures,user_creatures: log_only=[] engine_only=['meat locker'],9,2,1,0,3,2,0,0,1,0,0,0,0,ok,549
1990,1,5,2,user_creatures,oppo_3,user_creatures,user_creatures: log_only=['unnerving grasp'] engine_only=['gremlin tamer'],4,2,1,1,3,2,1,0,1,0,1,0,0,ok,89
1991,1,10,1,user_lands,user_2,user_lands user_hand,user_lands: log_only=['strangled cemetery'] engine_only=[] ; user_hand: log_only=[] engine_only=['live or die'],6,1,2,0,1,1,0,0,0,0,0,0,1,ok,202
1992,1,7,2,user_hand,user_3,user_hand,user_hand: log_only=['withering torment'] engine_only=['funeral room'],4,1,0,0,2,1,0,0,1,0,0,0,0,ok,125
1993,1,8,6,user_creatures,oppo_7,user_creatures,user_creatures: log_only=['glimmer'] engine_only=['fear of immobility'],3,3,0,0,5,4,11,0,2,1,11,0,0,ok,622
1994,1,6,4,user_creatures,user_5,user_creatures user_hand,"user_creatures: log_only=['glimmer', 'plains', 'tunnel surveyor'] engine_only=[] ; user_hand: log_only=[] engine_only=['manifest dread', 'tunnel surveyor']",5,3,2,1,4,4,3,0,1,0,3,0,2,ok,156
1995,1,12,3,user_life,oppo_4,user_life,user_life: log=18 engine=20,7,2,1,0,3,2,0,0,1,0,0,0,2,ok,295
1996,1,10,2,user_creatures,user_3,user_creatures user_hand,user_creatures: log_only=['island'] engine_only=['forest'] ; user_hand: log_only=['forest'] engine_only=['floodpits drowner'],5,1,1,0,2,1,0,0,1,0,0,0,0,ok,215
1997,1,9,4,oppo_hand,oppo_5,oppo_hand,oppo_hand: log=3 engine=4,4,3,4,0,5,4,3,0,2,0,3,0,1,ok,243
1998,1,7,2,user_creatures,user_3,user_creatures user_hand,user_creatures: log_only=['cryptid inspector'] engine_only=['forest'] ; user_hand: log_only=['forest'] engine_only=['island'],5,1,1,0,2,1,0,0,1,0,0,0,0,ok,160
1999,1,8,3,user_hand,user_4,user_hand,user_hand: log_only=['bedhead beastie'] engine_only=['glimmerlight'],5,2,2,0,3,2,0,0,1,0,0,0,0,ok,152
