game,covered,turns_logged,turns_matched,first_mismatch_field,first_mismatch_side_turn,mismatch_fields,mismatch_detail,ambiguous_order_turns,ambiguous_order_turns_matched,targeted_spells,targeted_spells_matched,labels_land,labels_spell,labels_attack,labels_block,unamb_land,unamb_spell,unamb_attack,unamb_block,forced_fails_before_mismatch,engine_status,ms
0,1,6,3,oppo_life,user_4,oppo_life user_creatures,oppo_life: log=8 engine=5 ; user_creatures: log_only=['ripchain razorkin'] engine_only=['wildfire wickerfolk'],4,2,1,0,3,2,4,0,1,0,4,0,0,ok,1134
1,1,6,2,user_life,oppo_3,user_life,user_life: log=17 engine=16,2,1,1,0,2,1,0,0,1,0,0,0,0,ok,513
2,1,9,4,oppo_life,user_5,oppo_life user_lands user_creatures user_noncreatures user_hand,oppo_life: log=15 engine=20 ; user_lands: log_only=['forest'] engine_only=[] ; user_creatures: log_only=['hedge shredder'] engine_only=[] ; user_noncreatures: log_only=[] engine_only=['hedge shredder'] ; user_hand: log_only=[] engine_only=['forest'],5,2,1,1,4,3,0,1,2,0,0,1,1,ok,587
3,1,9,1,oppo_hand,oppo_2,oppo_hand,oppo_hand: log=6 engine=5,6,0,1,0,1,0,0,0,1,0,0,0,0,ok,576
4,1,8,2,oppo_hand,oppo_3,oppo_hand,oppo_hand: log=4 engine=5,6,1,0,0,2,1,0,0,1,0,0,0,1,ok,394
5,1,9,1,oppo_hand,user_2,oppo_hand,oppo_hand: log=6 engine=5,5,0,2,0,1,0,0,0,1,0,0,0,0,ok,549
6,1,12,3,user_creatures,user_4,user_creatures user_hand,user_creatures: log_only=['spineseeker centipede'] engine_only=[] ; user_hand: log_only=['island'] engine_only=['spineseeker centipede'],9,2,0,0,3,2,0,0,1,0,0,0,1,ok,915
7,1,7,3,user_creatures,oppo_4,user_creatures,user_creatures: log_only=['stalked researcher'] engine_only=['paranormal analyst'],4,2,0,0,3,3,2,0,1,1,2,0,0,ok,274
8,1,7,4,user_life,oppo_5,user_life oppo_hand,user_life: log=16 engine=17 ; oppo_hand: log=2 engine=3,2,2,1,1,2,4,1,0,0,2,1,0,2,ok,333
9,1,7,4,oppo_life,user_5,oppo_life user_lands user_creatures user_hand,"oppo_life: log=12 engine=16 ; user_lands: log_only=['swamp'] engine_only=[] ; user_creatures: log_only=['swamp'] engine_only=[] ; user_hand: log_only=[""winter's intervention""] engine_only=['mountain']",5,3,2,1,4,3,1,0,1,0,1,0,4,ok,281
10,1,7,1,user_hand,user_2,user_hand,user_hand: log_only=['fear of burning alive'] engine_only=['mountain'],6,1,0,0,1,1,0,0,0,0,0,0,0,ok,445
11,1,14,3,user_creatures,user_4,user_creatures,user_creatures: log_only=[] engine_only=['floodpits drowner'],6,0,3,1,3,1,0,0,3,0,0,0,0,ok,688
12,1,9,5,oppo_life,user_6,oppo_life,oppo_life: log=13 engine=14,7,4,1,0,5,4,2,1,1,0,2,1,1,ok,479
13,1,11,1,user_hand,oppo_2,user_hand,user_hand: log_only=['island'] engine_only=['daggermaw megalodon'],7,0,2,0,2,0,0,0,2,0,0,0,0,ok,338
14,1,13,3,user_life,oppo_4,user_life oppo_life,user_life: log=16 engine=17 ; oppo_life: log=24 engine=20,9,2,3,0,4,2,0,0,2,0,0,0,0,ok,637
15,1,10,3,user_hand,user_4,user_hand,user_hand: log_only=['cautious survivor'] engine_only=['plains'],5,2,1,0,3,2,0,1,1,0,0,1,1,ok,460
16,1,9,5,user_lands,user_6,user_lands user_hand,user_lands: log_only=['mountain'] engine_only=[] ; user_hand: log_only=[] engine_only=['mountain'],7,4,2,1,5,5,4,0,1,0,4,0,1,ok,256
17,1,19,3,oppo_life,user_4,oppo_life,oppo_life: log=18 engine=16,6,2,2,0,3,2,0,0,1,0,0,0,1,ok,658
18,1,8,2,user_lands,user_3,user_lands user_hand,user_lands: log_only=['forest'] engine_only=[] ; user_hand: log_only=[] engine_only=['slavering branchsnapper'],6,1,0,0,2,1,0,0,1,0,0,0,1,ok,190
19,1,11,6,user_noncreatures,user_7,user_noncreatures,user_noncreatures: log_only=['unable to scream'] engine_only=[],8,4,2,1,6,4,2,0,2,0,2,0,0,ok,523
20,1,5,3,oppo_life,user_4,oppo_life user_creatures,oppo_life: log=15 engine=16 ; user_creatures: log_only=['wildfire wickerfolk'] engine_only=[],5,3,2,0,3,3,3,0,0,0,3,0,1,ok,135
21,1,9,1,user_hand,user_2,user_hand,user_hand: log_only=['ticket booth'] engine_only=['island'],7,0,1,0,1,0,0,0,1,0,0,0,0,ok,334
22,1,6,2,user_lands,oppo_3,user_lands user_creatures,user_lands: log_only=['forest'] engine_only=[] ; user_creatures: log_only=[] engine_only=['lakeside shack'],3,2,0,0,3,2,3,0,1,0,3,0,0,ok,113
23,1,8,3,user_life,user_4,user_life oppo_life user_creatures user_noncreatures user_hand,user_life: log=21 engine=20 ; oppo_life: log=16 engine=17 ; user_creatures: log_only=['horror'] engine_only=[] ; user_noncreatures: log_only=[] engine_only=['treasure'] ; user_hand: log_only=['piggy bank'] engine_only=[],5,2,0,0,3,2,1,0,1,0,1,0,0,ok,200
24,1,8,2,user_life,oppo_3,user_life,user_life: log=18 engine=20,5,2,2,0,3,2,0,0,1,0,0,0,0,ok,183
25,1,9,4,user_lands,user_5,user_lands user_creatures user_noncreatures user_hand,"user_lands: log_only=['forest'] engine_only=[] ; user_creatures: log_only=['overlord of the floodpits'] engine_only=[] ; user_noncreatures: log_only=[] engine_only=['overlord of the floodpits'] ; user_hand: log_only=['the swarmweaver'] engine_only=['forest', 'horrid vigor']",7,3,1,0,4,4,0,1,1,0,0,1,1,ok,430
26,1,10,5,user_creatures,user_6,user_creatures user_hand,user_creatures: log_only=['clockwork percussionist'] engine_only=[] ; user_hand: log_only=[] engine_only=['frantic strength'],6,3,5,1,4,4,2,0,1,0,2,0,1,ok,372
27,1,9,2,user_creatures,user_3,user_creatures user_noncreatures oppo_hand,"user_creatures: log_only=[] engine_only=[""killer's mask""] ; user_noncreatures: log_only=[] engine_only=[""killer's mask""] ; oppo_hand: log=6 engine=7",6,1,1,0,2,1,0,0,1,0,0,0,1,ok,256
28,1,10,3,user_life,user_4,user_life oppo_life,user_life: log=24 engine=23 ; oppo_life: log=13 engine=14,7,2,1,0,3,2,0,0,1,0,0,0,0,ok,265
29,1,9,3,oppo_life,user_4,oppo_life,oppo_life: log=15 engine=16,6,2,0,0,3,2,0,0,1,0,0,0,0,ok,429
30,1,5,2,user_creatures,user_3,user_creatures user_hand,user_creatures: log_only=['island'] engine_only=['underwater tunnel'] ; user_hand: log_only=['mountain'] engine_only=['terramorphic expanse'],3,0,0,0,2,0,0,0,2,0,0,0,0,ok,101
31,1,7,3,user_life,oppo_4,user_life,user_life: log=14 engine=16,3,1,1,0,3,1,0,0,2,0,0,0,0,ok,207
32,1,8,2,user_creatures,user_3,user_creatures,user_creatures: log_only=['plains'] engine_only=['flesh burrower'],5,1,1,0,2,1,0,0,1,0,0,0,0,ok,204
33,1,7,2,user_life,oppo_3,user_life,user_life: log=18 engine=19,5,2,1,0,2,2,0,0,0,0,0,0,0,ok,229
34,1,7,3,oppo_life,user_4,oppo_life,oppo_life: log=16 engine=18,4,2,0,0,3,2,1,0,1,0,1,0,1,ok,129
35,1,8,1,user_hand,oppo_2,user_hand,user_hand: log_only=['forest'] engine_only=['slavering branchsnapper'],5,0,0,0,2,0,0,0,2,0,0,0,0,ok,271
36,1,9,3,user_creatures,user_4,user_creatures,user_creatures: log_only=['manifest dread'] engine_only=[],5,2,5,1,3,2,0,0,1,0,0,0,0,ok,273
37,1,13,4,user_lands,user_5,user_lands user_noncreatures user_hand,user_lands: log_only=['island'] engine_only=[] ; user_noncreatures: log_only=['unable to scream'] engine_only=[] ; user_hand: log_only=['glimmerlight'] engine_only=['island'],6,3,3,1,4,3,1,0,1,0,1,0,2,ok,478
38,1,7,3,user_creatures,user_4,user_creatures,user_creatures: log_only=['forest'] engine_only=['midnight mayhem'],4,2,1,0,3,2,0,1,1,0,0,1,0,ok,138
39,1,7,3,user_life,oppo_4,user_life,user_life: log=16 engine=19,4,3,0,0,4,3,1,0,1,0,1,0,0,ok,206
40,1,13,4,user_life,oppo_5,user_life user_noncreatures,user_life: log=17 engine=19 ; user_noncreatures: log_only=['unable to scream'] engine_only=[],9,4,3,2,5,4,1,0,1,0,1,0,1,ok,541
41,1,11,1,user_creatures,oppo_2,user_creatures,user_creatures: log_only=['forest'] engine_only=['wary watchdog'],7,2,0,0,2,2,1,0,0,0,1,0,0,ok,569
42,1,6,4,user_creatures,oppo_5,user_creatures,user_creatures: log_only=[] engine_only=['unsettling twins'],4,3,1,0,4,4,1,0,1,0,1,0,1,ok,162
43,1,11,4,user_creatures,oppo_5,user_creatures,user_creatures: log_only=[] engine_only=['ragged playmate'],7,4,3,0,4,4,2,0,0,0,2,0,0,ok,267
44,1,10,3,user_creatures,oppo_4,user_creatures,user_creatures: log_only=[] engine_only=['diversion specialist'],7,3,0,0,4,3,1,0,1,0,1,0,0,ok,237
45,1,9,5,oppo_life,user_6,oppo_life,oppo_life: log=17 engine=18,4,2,3,1,5,3,0,0,3,0,0,0,0,ok,305
46,1,7,3,user_noncreatures,user_4,user_noncreatures,user_noncreatures: log_only=['glassworks'] engine_only=[],6,3,3,0,3,3,5,0,0,0,5,0,0,ok,147
47,1,9,5,user_creatures,user_6,user_creatures user_noncreatures,user_creatures: log_only=['terramorphic expanse'] engine_only=[] ; user_noncreatures: log_only=[] engine_only=['ticket booth'],7,4,0,0,5,5,1,0,1,0,1,0,1,ok,289
48,1,7,3,oppo_life,user_4,oppo_life,oppo_life: log=17 engine=18,5,2,1,0,3,2,1,0,1,0,1,0,0,ok,251
49,1,9,1,oppo_life,user_2,oppo_life user_creatures,oppo_life: log=20 engine=18 ; user_creatures: log_only=[] engine_only=['undead sprinter'],5,0,0,0,1,0,0,0,1,0,0,0,1,ok,363
50,1,14,1,user_life,oppo_2,user_life,user_life: log=18 engine=19,6,0,2,0,2,0,0,0,2,0,0,0,0,ok,402
51,1,8,3,oppo_life,user_4,oppo_life user_creatures,oppo_life: log=15 engine=16 ; user_creatures: log_only=[] engine_only=['patched plaything'],3,1,0,0,3,1,1,0,2,0,1,0,0,ok,179
52,1,6,1,user_lands,oppo_2,user_lands user_creatures,user_lands: log_only=['forest'] engine_only=[] ; user_creatures: log_only=[] engine_only=['insidious fungus'],4,1,1,0,2,1,1,0,1,0,1,0,0,ok,103
53,1,8,3,user_creatures,user_4,user_creatures,user_creatures: log_only=['spineseeker centipede'] engine_only=[],5,2,2,1,3,3,1,0,1,0,1,0,0,ok,255
54,1,5,3,user_creatures,user_4,user_creatures,user_creatures: log_only=[] engine_only=['glimmer'],3,2,0,0,3,3,1,0,1,0,1,0,1,ok,163
55,1,11,3,user_hand,user_4,user_hand,user_hand: log_only=['plains'] engine_only=[],8,3,0,0,3,3,2,0,0,0,2,0,0,ok,382
56,1,6,2,user_hand,user_3,user_hand,user_hand: log_only=['forest'] engine_only=[],4,1,0,0,2,1,0,0,1,0,0,0,0,ok,194
57,1,8,4,oppo_life,user_5,oppo_life user_creatures,oppo_life: log=13 engine=11 ; user_creatures: log_only=[] engine_only=['fear of surveillance'],4,3,1,0,4,4,2,1,1,0,2,1,1,ok,179
58,1,11,4,user_creatures,user_5,user_creatures,"user_creatures: log_only=['norin, swift survivalist'] engine_only=[]",9,4,0,0,4,5,5,0,0,0,5,0,1,ok,443
59,1,11,4,user_creatures,user_5,user_creatures,user_creatures: log_only=[] engine_only=['razorkin hordecaller'],5,2,2,0,4,2,0,1,2,0,0,1,0,ok,221
60,1,12,1,user_hand,oppo_2,user_hand,user_hand: log_only=['swamp'] engine_only=['spectral snatcher'],6,0,4,0,2,0,0,0,2,0,0,0,0,ok,334
61,1,11,3,oppo_hand,oppo_4,oppo_hand,oppo_hand: log=2 engine=3,7,2,1,0,4,2,0,0,2,0,0,0,2,ok,247
62,1,10,3,user_life,oppo_4,user_life,user_life: log=12 engine=10,6,1,1,0,3,1,0,0,2,0,0,0,0,ok,382
63,1,13,8,user_creatures,user_9,user_creatures,user_creatures: log_only=['tunnel surveyor'] engine_only=[],7,4,6,2,8,4,2,0,4,0,2,0,0,ok,338
64,1,8,4,user_life,user_5,user_life oppo_life user_creatures,"user_life: log=16 engine=17 ; oppo_life: log=9 engine=6 ; user_creatures: log_only=[] engine_only=['glimmer', 'glimmer seeker']",4,3,2,1,4,5,2,0,1,0,2,0,1,ok,239
65,1,11,2,user_creatures,oppo_3,user_creatures,user_creatures: log_only=[] engine_only=['glimmer'],6,2,1,0,2,2,0,0,0,0,0,0,0,ok,333
66,1,9,3,user_hand,user_4,user_hand,user_hand: log_only=['spineseeker centipede'] engine_only=['patchwork beastie'],5,1,2,0,3,1,0,1,2,0,0,1,0,ok,329
67,1,11,5,user_lands,user_6,user_lands user_creatures,user_lands: log_only=[] engine_only=['forest'] ; user_creatures: log_only=['forest'] engine_only=[],5,2,2,1,4,4,0,1,2,1,0,1,0,ok,494
68,1,10,2,user_hand,user_3,user_hand,user_hand: log_only=['terramorphic expanse'] engine_only=['glassworks'],5,1,1,0,2,1,0,0,1,0,0,0,0,ok,216
69,1,9,3,user_creatures,oppo_4,user_creatures user_hand,user_creatures: log_only=['appendage amalgam'] engine_only=[] ; user_hand: log_only=[] engine_only=['appendage amalgam'],6,1,3,0,3,1,1,0,2,0,1,0,0,ok,203
70,1,8,3,user_creatures,user_4,user_creatures user_hand oppo_hand,user_creatures: log_only=['paranormal analyst'] engine_only=[] ; user_hand: log_only=[] engine_only=['unnerving grasp'] ; oppo_hand: log=7 engine=6,2,1,0,0,2,2,0,0,1,1,0,0,1,ok,260
71,1,9,3,user_life,oppo_4,user_life oppo_life user_creatures user_hand,"user_life: log=13 engine=15 ; oppo_life: log=21 engine=20 ; user_creatures: log_only=[] engine_only=['living phone'] ; user_hand: log_only=['arabella, abandoned doll'] engine_only=[]",5,3,0,0,3,3,0,0,0,0,0,0,1,ok,153
72,1,7,2,user_creatures,user_3,user_creatures oppo_hand,user_creatures: log_only=[] engine_only=['glimmer seeker'] ; oppo_hand: log=6 engine=7,4,1,1,0,2,1,0,0,1,0,0,0,1,ok,166
73,1,8,3,user_hand,user_4,user_hand,user_hand: log_only=['ripchain razorkin'] engine_only=['forest'],6,3,1,0,3,3,2,1,0,0,2,1,0,ok,312
74,1,8,3,oppo_life,oppo_4,oppo_life oppo_hand,oppo_life: log=16 engine=17 ; oppo_hand: log=3 engine=4,6,3,1,0,4,3,5,0,1,0,5,0,1,ok,227
75,1,12,2,oppo_hand,oppo_3,oppo_hand,oppo_hand: log=5 engine=4,7,2,3,0,2,2,1,0,0,0,1,0,0,ok,294
76,1,7,2,user_life,oppo_3,user_life,user_life: log=18 engine=20,6,3,1,0,3,3,4,0,0,0,4,0,0,ok,198
77,1,10,4,oppo_life,user_5,oppo_life,oppo_life: log=17 engine=18,6,2,2,1,3,4,1,0,1,0,1,0,0,ok,305
78,1,8,4,user_life,oppo_5,user_life oppo_hand,user_life: log=15 engine=17 ; oppo_hand: log=2 engine=3,5,4,1,0,5,5,3,1,1,0,3,1,4,ok,273
79,1,12,4,oppo_hand,oppo_5,oppo_hand,oppo_hand: log=3 engine=4,6,3,0,0,5,4,3,0,2,0,3,0,1,ok,382
80,1,9,2,user_creatures,oppo_3,user_creatures,user_creatures: log_only=[] engine_only=['hardened escort'],7,3,2,0,3,3,2,0,0,0,2,0,0,ok,280
81,1,7,4,user_creatures,user_5,user_creatures,user_creatures: log_only=['house cartographer'] engine_only=[],5,3,0,0,4,3,0,0,1,0,0,0,0,ok,177
82,1,2,1,user_hand,user_2,user_hand,user_hand: log_only=[] engine_only=['grand entryway'],1,1,0,0,1,1,0,0,0,0,0,0,0,ok,35
83,1,9,3,oppo_life,user_4,oppo_life,oppo_life: log=9 engine=10,7,3,0,0,3,3,6,0,0,0,6,0,1,ok,236
84,1,10,1,user_hand,user_2,user_hand,user_hand: log_only=['bashful beastie'] engine_only=['stalked researcher'],8,1,1,0,1,1,0,0,0,0,0,0,0,ok,201
85,1,12,2,user_creatures,oppo_3,user_creatures user_hand,user_creatures: log_only=['floodpits drowner'] engine_only=[] ; user_hand: log_only=[] engine_only=['floodpits drowner'],5,0,3,0,2,0,0,0,2,0,0,0,0,ok,351
86,1,10,2,oppo_life,oppo_3,oppo_life,oppo_life: log=19 engine=18,8,2,2,0,2,2,1,0,0,0,1,0,0,ok,291
87,1,9,3,user_noncreatures,user_4,user_noncreatures oppo_hand,user_noncreatures: log_only=['ticket booth'] engine_only=[] ; oppo_hand: log=4 engine=5,6,3,3,0,3,3,3,0,0,0,3,0,0,ok,288
88,1,11,3,user_creatures,user_4,user_creatures,user_creatures: log_only=['mountain'] engine_only=['island'],4,1,4,1,2,2,0,0,1,0,0,0,0,ok,285
89,1,9,2,user_hand,oppo_3,user_hand,"user_hand: log_only=[] engine_only=[""don't make a sound""]",5,0,2,0,2,0,0,0,2,0,0,0,1,ok,177
90,1,10,3,user_creatures,oppo_4,user_creatures,user_creatures: log_only=[] engine_only=['vicious clown'],7,4,0,0,4,4,4,0,0,0,4,0,0,ok,295
91,1,8,5,user_creatures,user_6,user_creatures,user_creatures: log_only=['spirit'] engine_only=[],2,1,3,1,3,3,0,0,2,1,0,0,0,ok,273
92,1,10,2,oppo_hand,oppo_3,oppo_hand,oppo_hand: log=4 engine=5,8,2,1,0,3,2,1,0,1,0,1,0,2,ok,315
93,1,19,6,user_hand,user_7,user_hand,"user_hand: log_only=['trial of agony'] engine_only=['arabella, abandoned doll']",9,1,0,0,3,4,1,0,2,3,1,0,0,ok,951
94,1,6,2,oppo_hand,oppo_3,oppo_hand,oppo_hand: log=4 engine=5,4,1,1,0,2,2,0,0,1,1,0,0,1,ok,96
95,1,8,3,user_hand,user_4,user_hand,user_hand: log_only=['swamp'] engine_only=['vile mutilator'],6,2,0,0,3,2,2,0,1,0,2,0,0,ok,218
96,1,9,5,user_life,user_6,user_life oppo_life user_noncreatures user_hand,user_life: log=15 engine=11 ; oppo_life: log=13 engine=15 ; user_noncreatures: log_only=['sheltered by ghosts'] engine_only=[] ; user_hand: log_only=[] engine_only=['sheltered by ghosts'],5,3,0,0,4,4,1,0,1,1,1,0,2,ok,162
97,1,11,5,oppo_life,user_6,oppo_life,oppo_life: log=14 engine=15,6,3,2,1,5,4,4,3,2,0,4,3,0,ok,211
98,1,11,2,user_creatures,oppo_3,user_creatures user_hand,user_creatures: log_only=['floodpits drowner'] engine_only=[] ; user_hand: log_only=[] engine_only=['floodpits drowner'],7,1,0,0,2,1,0,0,1,0,0,0,0,ok,670
99,1,8,3,oppo_life,user_4,oppo_life user_creatures,oppo_life: log=19 engine=18 ; user_creatures: log_only=[] engine_only=['most valuable slayer'],4,2,0,0,3,2,0,1,1,0,0,1,0,ok,251
100,1,8,1,oppo_life,user_2,oppo_life user_hand,oppo_life: log=17 engine=20 ; user_hand: log_only=['overlord of the boilerbilges'] engine_only=['forest'],7,1,1,0,1,1,0,0,0,0,0,0,0,ok,1496
101,1,9,4,user_life,oppo_5,user_life user_creatures,user_life: log=16 engine=13 ; user_creatures: log_only=[] engine_only=['demon'],5,3,2,1,4,3,0,0,1,0,0,0,1,ok,712
102,1,11,2,user_hand,oppo_3,user_hand,user_hand: log_only=['island'] engine_only=['daggermaw megalodon'],6,2,1,1,3,2,1,0,1,0,1,0,0,ok,659
103,1,13,1,user_hand,user_2,user_hand,user_hand: log_only=['under the skin'] engine_only=['sporogenic infection'],6,0,0,0,1,0,0,0,1,0,0,0,0,ok,443
104,1,9,4,oppo_life,user_5,oppo_life user_lands user_hand,oppo_life: log=13 engine=15 ; user_lands: log_only=['island'] engine_only=[] ; user_hand: log_only=[] engine_only=['daggermaw megalodon'],6,3,0,0,4,3,1,2,1,0,1,2,2,ok,416
105,1,9,1,user_creatures,user_2,user_creatures,user_creatures: log_only=['veteran survivor'] engine_only=[],6,1,1,0,1,1,1,0,0,0,1,0,1,ok,322
106,1,9,4,oppo_life,user_5,oppo_life,oppo_life: log=16 engine=20,6,3,2,1,4,3,0,1,1,0,0,1,1,ok,454
107,1,7,4,user_life,oppo_5,user_life,user_life: log=11 engine=13,6,4,1,1,4,5,0,1,0,0,0,1,1,ok,325
108,1,11,2,user_creatures,user_3,user_creatures,user_creatures: log_only=['mountain'] engine_only=['fear of surveillance'],4,1,0,0,2,1,0,0,1,0,0,0,0,ok,706
109,1,9,3,user_life,oppo_4,user_life oppo_hand,user_life: log=13 engine=16 ; oppo_hand: log=3 engine=4,4,2,2,0,4,2,0,0,2,0,0,0,1,ok,347
110,1,8,3,oppo_life,user_4,oppo_life user_creatures user_noncreatures,oppo_life: log=14 engine=16 ; user_creatures: log_only=['piggy bank'] engine_only=['glimmer'] ; user_noncreatures: log_only=[] engine_only=['treasure'],4,2,0,0,3,2,1,0,1,0,1,0,0,ok,244
111,1,9,2,oppo_life,user_3,oppo_life,oppo_life: log=17 engine=18,6,1,1,0,2,1,1,0,1,0,1,0,0,ok,392
112,1,11,3,user_lands,user_4,user_lands user_hand,user_lands: log_only=['mountain'] engine_only=[] ; user_hand: log_only=[] engine_only=['say its name'],7,2,1,0,3,2,0,0,1,0,0,0,2,ok,307
113,1,7,6,user_life,oppo_7,user_life user_hand oppo_hand,user_life: log=20 engine=-4 ; user_hand: log_only=['monstrous emergence'] engine_only=[] ; oppo_hand: log=2 engine=3,5,5,1,1,7,5,1,0,2,0,1,0,3,ok,322
114,1,8,0,user_lands,user_1,user_lands user_noncreatures user_hand,user_lands: log_only=['island'] engine_only=[] ; user_noncreatures: log_only=['underwater tunnel'] engine_only=[] ; user_hand: log_only=[] engine_only=['underwater tunnel'],6,0,0,0,0,0,0,0,0,0,0,0,2,ok,266
115,1,9,3,user_hand,oppo_4,user_hand oppo_hand,"user_hand: log_only=['fear of isolation', 'plains'] engine_only=['inquisitive glimmer', 'trapped in the screen'] ; oppo_hand: log=5 engine=4",5,1,0,0,4,1,0,0,3,0,0,0,0,ok,238
116,1,11,3,user_life,oppo_4,user_life,user_life: log=16 engine=19,5,3,1,0,3,3,2,0,0,0,2,0,0,ok,460
117,1,11,2,user_life,user_3,user_life user_creatures,user_life: log=19 engine=18 ; user_creatures: log_only=[] engine_only=['fear of surveillance'],6,1,1,0,2,1,0,0,1,0,0,0,0,ok,356
118,1,7,3,user_creatures,user_4,user_creatures user_noncreatures,"user_creatures: log_only=['norin, swift survivalist'] engine_only=[] ; user_noncreatures: log_only=['cracked skull', 'treasure'] engine_only=[]",6,3,2,0,3,3,4,0,0,0,4,0,1,ok,196
119,1,5,1,user_life,oppo_2,user_life,user_life: log=18 engine=19,1,0,2,0,1,0,0,0,1,0,0,0,0,ok,128
120,1,9,2,oppo_hand,user_3,oppo_hand,oppo_hand: log=7 engine=6,3,0,3,0,2,0,0,0,2,0,0,0,0,ok,399
121,1,7,1,user_life,oppo_2,user_life oppo_hand,user_life: log=19 engine=17 ; oppo_hand: log=5 engine=6,5,1,1,0,2,1,0,0,1,0,0,0,0,ok,261
122,1,5,5,,,,,4,4,2,2,5,5,5,0,1,0,5,0,0,ok,124
123,1,7,5,user_creatures,user_6,user_creatures user_hand,user_creatures: log_only=['island'] engine_only=['glimmerburst'] ; user_hand: log_only=['unable to scream'] engine_only=['forest'],6,4,1,1,5,5,2,0,1,0,2,0,0,ok,327
124,1,10,2,user_hand,oppo_3,user_hand oppo_hand,"user_hand: log_only=[] engine_only=[""don't make a sound""] ; oppo_hand: log=4 engine=5",4,0,1,0,2,0,0,0,2,0,0,0,2,ok,416
125,1,8,4,user_life,user_5,user_life user_creatures,user_life: log=22 engine=20 ; user_creatures: log_only=[] engine_only=['grasping longneck'],4,3,0,0,4,3,2,0,1,0,2,0,0,ok,180
126,1,9,5,user_life,user_6,user_life oppo_life,user_life: log=17 engine=14 ; oppo_life: log=17 engine=18,4,2,4,1,5,3,0,0,3,0,0,0,0,ok,503
127,1,12,3,user_creatures,user_4,user_creatures,user_creatures: log_only=['moldering gym'] engine_only=[],8,3,2,0,3,3,1,0,0,0,1,0,0,ok,493
128,1,11,1,user_creatures,user_2,user_creatures user_noncreatures oppo_hand,user_creatures: log_only=[] engine_only=['glimmer'] ; user_noncreatures: log_only=[] engine_only=['grand entryway'] ; oppo_hand: log=5 engine=6,6,0,1,0,1,0,0,0,1,0,0,0,1,ok,381
129,1,6,2,user_creatures,user_3,user_creatures oppo_hand,"user_creatures: log_only=[] engine_only=['beast', 'toby, beastie befriender'] ; oppo_hand: log=6 engine=7",3,1,1,0,2,1,0,0,1,0,0,0,1,ok,205
130,1,10,1,user_hand,user_2,user_hand,user_hand: log_only=['forest'] engine_only=[],7,0,1,0,1,0,0,0,1,0,0,0,0,ok,143
131,1,9,4,user_creatures,oppo_5,user_creatures oppo_hand,user_creatures: log_only=[] engine_only=['scrabbling skullcrab'] ; oppo_hand: log=2 engine=3,6,4,1,1,5,4,0,0,1,0,0,0,2,ok,263
132,1,17,3,user_hand,user_4,user_hand,user_hand: log_only=['glimmerlight'] engine_only=['plains'],4,1,5,1,3,2,0,0,2,0,0,0,0,ok,656
133,1,8,6,user_life,oppo_7,user_life user_creatures,"user_life: log=5 engine=2 ; user_creatures: log_only=['the swarmweaver'] engine_only=['insect', 'insect']",1,1,1,1,4,4,2,1,3,2,2,1,1,ok,224
134,1,8,1,user_hand,user_2,user_hand,user_hand: log_only=['final vengeance'] engine_only=['coordinated clobbering'],3,1,2,0,1,1,0,0,0,0,0,0,0,ok,200
135,1,10,2,user_hand,user_3,user_hand,user_hand: log_only=['strangled cemetery'] engine_only=['bashful beastie'],6,2,3,0,2,2,1,0,0,0,1,0,0,ok,286
136,1,11,4,oppo_hand,oppo_5,oppo_hand,oppo_hand: log=2 engine=3,6,3,4,2,4,4,0,0,1,0,0,0,2,ok,417
137,1,6,5,user_lands,user_6,user_lands user_noncreatures user_hand oppo_hand,"user_lands: log_only=['mountain'] engine_only=[] ; user_noncreatures: log_only=[""painter's studio""] engine_only=[] ; user_hand: log_only=[] engine_only=[""painter's studio""] ; oppo_hand: log=4 engine=0",5,4,0,0,5,4,6,0,1,0,6,0,2,ok,109
138,1,13,4,oppo_life,oppo_5,oppo_life user_creatures oppo_hand,oppo_life: log=28 engine=24 ; user_creatures: log_only=[] engine_only=['skullsnap nuisance'] ; oppo_hand: log=3 engine=4,5,2,0,0,4,2,0,1,2,0,0,1,2,ok,452
139,1,9,1,user_hand,oppo_2,user_hand,user_hand: log_only=['swamp'] engine_only=['spectral snatcher'],5,0,0,0,2,0,0,0,2,0,0,0,0,ok,222
140,1,10,2,user_creatures,user_3,user_creatures user_hand,user_creatures: log_only=['cautious survivor'] engine_only=[] ; user_hand: log_only=[] engine_only=['cautious survivor'],5,1,2,0,2,1,0,0,1,0,0,0,1,ok,249
141,1,11,3,user_life,oppo_4,user_life user_creatures,user_life: log=9 engine=12 ; user_creatures: log_only=[] engine_only=['tunnel surveyor'],7,1,2,0,3,1,0,0,2,0,0,0,0,ok,561
142,1,7,1,user_hand,oppo_2,user_hand,user_hand: log_only=['forest'] engine_only=['slavering branchsnapper'],5,1,2,0,2,1,0,0,1,0,0,0,0,ok,254
143,1,14,5,user_creatures,user_6,user_creatures user_hand,"user_creatures: log_only=['fear of lost teeth'] engine_only=[] ; user_hand: log_only=['defiled crypt'] engine_only=['fear of lost teeth', 'swamp']",11,5,4,1,5,5,3,1,0,0,3,1,3,ok,551
144,1,11,4,user_life,oppo_5,user_life user_creatures user_noncreatures,user_life: log=15 engine=17 ; user_creatures: log_only=['hedge shredder'] engine_only=[] ; user_noncreatures: log_only=[] engine_only=['hedge shredder'],5,2,0,0,5,2,0,0,3,0,0,0,2,ok,390
145,1,12,2,user_life,oppo_3,user_life user_creatures,user_life: log=20 engine=18 ; user_creatures: log_only=[] engine_only=['impossible inferno'],5,2,2,0,3,2,0,0,1,0,0,0,1,ok,383
146,1,10,3,user_life,oppo_4,user_life,user_life: log=14 engine=17,6,2,1,0,3,2,0,1,1,0,0,1,1,ok,303
147,1,12,2,user_life,oppo_3,user_life,user_life: log=18 engine=19,7,1,2,0,3,1,0,0,2,0,0,0,0,ok,584
148,1,12,3,oppo_life,user_4,oppo_life,oppo_life: log=18 engine=20,7,1,1,0,3,1,0,0,2,0,0,0,1,ok,228
149,1,10,4,user_creatures,oppo_5,user_creatures user_hand,"user_creatures: log_only=[] engine_only=['glimmer'] ; user_hand: log_only=['erratic apparition', 'glimmerlight'] engine_only=['island', 'sheltered by ghosts']",4,2,3,1,4,2,0,0,2,0,0,0,3,ok,450
150,1,13,4,user_hand,user_5,user_hand,user_hand: log_only=['the mindskinner'] engine_only=['house cartographer'],7,3,2,1,4,3,2,0,1,0,2,0,0,ok,336
151,1,16,3,user_creatures,user_4,user_creatures,user_creatures: log_only=['friendly teddy'] engine_only=['reluctant role model'],6,1,2,0,2,2,1,0,1,1,1,0,1,ok,557
152,1,12,2,oppo_hand,oppo_3,oppo_hand,oppo_hand: log=4 engine=5,8,1,2,0,3,1,0,0,2,0,0,0,1,ok,287
153,1,10,3,user_life,oppo_4,user_life oppo_life,user_life: log=16 engine=15 ; oppo_life: log=23 engine=22,5,2,2,0,4,3,0,0,2,0,0,0,0,ok,297
154,1,10,3,user_life,user_4,user_life oppo_life,user_life: log=11 engine=12 ; oppo_life: log=23 engine=22,6,2,2,0,3,2,0,0,1,0,0,0,0,ok,306
155,1,11,1,user_hand,user_2,user_hand,user_hand: log_only=['meat locker'] engine_only=['bashful beastie'],8,0,1,0,1,0,0,0,1,0,0,0,0,ok,372
156,1,9,2,user_creatures,oppo_3,user_creatures,user_creatures: log_only=['inquisitive glimmer'] engine_only=[],6,2,3,0,3,2,1,0,1,0,1,0,0,ok,343
157,1,9,1,user_hand,user_2,user_hand,user_hand: log_only=['grasping longneck'] engine_only=['fear of burning alive'],5,0,1,0,1,0,0,0,1,0,0,0,0,ok,271
158,1,13,2,user_creatures,oppo_3,user_creatures user_noncreatures,"user_creatures: log_only=['acrobatic cheerleader'] engine_only=[] ; user_noncreatures: log_only=[] engine_only=[""dollmaker's shop""]",7,2,1,0,3,3,0,0,1,0,0,0,0,ok,402
159,1,7,2,user_noncreatures,oppo_3,user_noncreatures user_hand oppo_hand,user_noncreatures: log_only=['growing dread'] engine_only=[] ; user_hand: log_only=[] engine_only=['growing dread'] ; oppo_hand: log=2 engine=3,4,0,2,0,2,0,0,0,2,0,0,0,5,ok,169
160,1,9,3,user_hand,user_4,user_hand,"user_hand: log_only=[""painter's studio""] engine_only=['swamp']",5,1,2,0,3,1,1,0,2,0,1,0,0,ok,247
161,1,12,1,user_hand,oppo_2,user_hand,user_hand: log_only=['island'] engine_only=['daggermaw megalodon'],4,0,2,0,2,0,0,0,2,0,0,0,0,ok,340
162,1,6,4,user_life,oppo_5,user_life,user_life: log=12 engine=14,3,2,0,0,4,2,0,0,2,0,0,0,0,ok,167
163,1,8,3,user_creatures,user_4,user_creatures user_hand,user_creatures: log_only=['unstoppable slasher'] engine_only=[] ; user_hand: log_only=[] engine_only=['unstoppable slasher'],5,2,0,0,3,2,0,1,1,0,0,1,1,ok,237
164,1,10,2,user_lands,user_3,user_lands user_hand,"user_lands: log_only=['forest'] engine_only=[] ; user_hand: log_only=['impossible inferno'] engine_only=['mountain', 'terramorphic expanse']",6,0,0,0,2,0,0,0,2,0,0,0,1,ok,234
165,1,5,3,oppo_hand,oppo_4,oppo_hand,oppo_hand: log=6 engine=7,4,3,0,0,4,3,3,0,1,0,3,0,2,ok,75
166,1,8,4,user_life,user_5,user_life oppo_life,user_life: log=18 engine=17 ; oppo_life: log=14 engine=15,6,3,3,0,4,3,2,0,1,0,2,0,1,ok,278
167,1,11,4,user_creatures,oppo_5,user_creatures,user_creatures: log_only=[] engine_only=['fear of exposure'],10,4,1,1,4,5,1,1,0,0,1,1,0,ok,412
168,1,8,4,user_creatures,user_5,user_creatures,user_creatures: log_only=['forest'] engine_only=[],5,2,0,0,4,2,0,0,2,0,0,0,0,ok,261
169,1,10,4,oppo_hand,oppo_5,oppo_hand,oppo_hand: log=3 engine=4,5,2,1,0,3,3,1,0,1,1,1,0,3,ok,220
170,1,5,3,user_hand,user_4,user_hand oppo_hand,"user_hand: log_only=[""shardmage's rescue""] engine_only=['splitskin doll'] ; oppo_hand: log=6 engine=5",4,2,1,0,3,2,1,0,1,0,1,0,0,ok,76
171,1,7,4,user_life,oppo_5,user_life,user_life: log=8 engine=11,4,3,0,0,4,3,2,0,1,0,2,0,1,ok,190
172,1,10,1,user_creatures,user_2,user_creatures user_hand,"user_creatures: log_only=['nashi, searcher in the dark'] engine_only=[] ; user_hand: log_only=[] engine_only=['nashi, searcher in the dark']",5,0,1,0,1,0,0,0,1,0,0,0,1,ok,222
173,1,8,1,user_hand,user_2,user_hand,user_hand: log_only=['swamp'] engine_only=['patchwork beastie'],3,1,0,0,1,1,0,0,0,0,0,0,0,ok,224
174,1,11,3,user_creatures,user_4,user_creatures user_noncreatures user_hand,user_creatures: log_only=['glimmer seeker'] engine_only=[] ; user_noncreatures: log_only=[] engine_only=['sporogenic infection'] ; user_hand: log_only=[] engine_only=['final vengeance'],7,1,1,0,3,1,0,0,2,0,0,0,2,ok,200
175,1,4,2,user_hand,user_3,user_hand,user_hand: log_only=['terramorphic expanse'] engine_only=['forest'],2,1,0,0,2,1,0,0,1,0,0,0,2,ok,72
176,1,8,3,user_hand,user_4,user_hand,user_hand: log_only=['ghostly dancers'] engine_only=['fear of surveillance'],6,2,1,0,3,2,0,0,1,0,0,0,0,ok,248
177,1,9,5,oppo_hand,oppo_6,oppo_hand,oppo_hand: log=5 engine=3,7,4,0,0,5,4,0,0,1,0,0,0,0,ok,369
178,1,8,4,user_creatures,user_5,user_creatures user_noncreatures,"user_creatures: log_only=['hedge shredder', 'slavering branchsnapper'] engine_only=[] ; user_noncreatures: log_only=[] engine_only=['hedge shredder']",6,3,2,0,4,3,0,1,1,0,0,1,0,ok,257
179,1,10,4,user_noncreatures,oppo_5,user_noncreatures,user_noncreatures: log_only=['trapped in the screen'] engine_only=[],3,2,3,0,4,2,2,0,2,0,2,0,0,ok,221
180,1,9,1,oppo_hand,user_2,oppo_hand,oppo_hand: log=6 engine=5,7,1,0,0,1,1,0,0,0,0,0,0,0,ok,191
181,1,6,2,user_life,user_3,user_life oppo_life user_creatures oppo_hand,user_life: log=21 engine=20 ; oppo_life: log=21 engine=20 ; user_creatures: log_only=[] engine_only=['fear of lost teeth'] ; oppo_hand: log=3 engine=4,6,2,0,0,2,2,1,0,0,0,1,0,1,ok,144
182,1,9,4,user_hand,user_5,user_hand,user_hand: log_only=['monstrous emergence'] engine_only=['island'],6,3,3,1,4,3,3,0,1,0,3,0,0,ok,301
183,1,9,2,oppo_life,user_3,oppo_life,oppo_life: log=20 engine=22,6,1,0,0,2,1,0,0,1,0,0,0,0,ok,255
184,1,8,4,user_life,oppo_5,user_life,user_life: log=14 engine=15,4,3,2,0,5,3,1,0,2,0,1,0,0,ok,285
185,1,7,2,oppo_life,user_3,oppo_life,oppo_life: log=17 engine=18,4,1,1,0,2,1,0,0,1,0,0,0,0,ok,153
186,1,9,1,user_noncreatures,user_2,user_noncreatures user_hand,user_noncreatures: log_only=['overlord of the balemurk'] engine_only=[] ; user_hand: log_only=['resurrected cultist'] engine_only=['overlord of the balemurk'],4,0,2,0,1,0,0,0,1,0,0,0,1,ok,186
187,1,18,5,user_life,oppo_6,user_life,user_life: log=9 engine=10,3,0,5,1,4,1,0,0,4,0,0,0,0,ok,458
188,1,7,5,user_creatures,user_6,user_creatures,user_creatures: log_only=['veteran survivor'] engine_only=[],5,3,3,0,4,4,4,0,1,1,4,0,0,ok,240
189,1,13,2,oppo_life,user_3,oppo_life,oppo_life: log=20 engine=21,4,1,1,0,2,1,1,0,1,0,1,0,0,ok,384
190,1,12,2,oppo_hand,oppo_3,oppo_hand,oppo_hand: log=3 engine=4,8,2,2,0,3,2,0,0,1,0,0,0,1,ok,269
191,1,9,5,user_hand,oppo_6,user_hand,user_hand: log_only=['forest'] engine_only=['innocuous rat'],6,4,1,0,6,4,0,0,2,0,0,0,0,ok,182
192,1,8,3,user_hand,oppo_4,user_hand,"user_hand: log_only=['swamp'] engine_only=[""shardmage's rescue"", 'spectral snatcher']",4,1,1,1,4,1,0,0,3,0,0,0,0,ok,123
193,1,14,4,user_creatures,user_5,user_creatures user_hand oppo_hand,user_creatures: log_only=[] engine_only=['oblivious bookworm'] ; user_hand: log_only=['paranormal analyst'] engine_only=['say its name'] ; oppo_hand: log=4 engine=5,12,2,1,0,4,3,0,0,2,0,0,0,1,ok,966
194,1,9,4,oppo_life,user_5,oppo_life user_creatures,oppo_life: log=13 engine=11 ; user_creatures: log_only=[] engine_only=['ragged playmate'],4,2,2,0,4,2,1,0,2,0,1,0,0,ok,262
195,1,8,1,user_hand,user_2,user_hand,user_hand: log_only=['abhorrent oculus'] engine_only=['wickerfolk thresher'],6,1,2,0,1,1,0,0,0,0,0,0,0,ok,193
196,1,10,5,user_creatures,oppo_6,user_creatures,"user_creatures: log_only=['tyvar, the pummeler'] engine_only=[]",7,4,2,0,5,4,0,2,1,0,0,2,0,ok,215
197,1,10,4,oppo_hand,oppo_5,oppo_hand,oppo_hand: log=5 engine=1,6,2,0,0,4,2,0,0,2,0,0,0,0,ok,313
198,1,7,4,user_creatures,user_5,user_creatures user_hand,user_creatures: log_only=[] engine_only=['floodpits drowner'] ; user_hand: log_only=['vanish from sight'] engine_only=['forest'],3,2,1,0,4,2,4,0,2,0,4,0,0,ok,158
199,1,10,2,oppo_hand,oppo_3,oppo_hand,oppo_hand: log=4 engine=5,5,1,2,0,3,1,1,0,2,0,1,0,1,ok,529
200,1,11,2,oppo_life,user_3,oppo_life user_creatures,oppo_life: log=15 engine=19 ; user_creatures: log_only=['fear of being hunted'] engine_only=['optimistic scavenger'],3,1,0,0,2,1,0,0,1,0,0,0,0,ok,1656
201,1,12,2,user_hand,user_3,user_hand,user_hand: log_only=['mountain'] engine_only=[],4,1,1,0,2,1,2,0,1,0,2,0,0,ok,1438
202,1,8,3,user_noncreatures,oppo_4,user_noncreatures,user_noncreatures: log_only=[] engine_only=['smoky lounge'],3,1,0,0,3,2,0,0,2,1,0,0,0,ok,403
203,1,8,5,user_lands,user_6,user_lands user_creatures user_hand,user_lands: log_only=['forest'] engine_only=[] ; user_creatures: log_only=['spineseeker centipede'] engine_only=[] ; user_hand: log_only=[] engine_only=['spineseeker centipede'],4,2,0,0,4,3,0,0,2,1,0,0,2,ok,472
204,1,9,2,user_creatures,oppo_3,user_creatures,user_creatures: log_only=[] engine_only=['overgrown zealot'],6,1,1,0,2,1,0,0,1,0,0,0,0,ok,655
205,1,8,1,user_hand,user_2,user_hand,user_hand: log_only=['moldering gym'] engine_only=['island'],4,0,2,0,1,0,0,0,1,0,0,0,0,ok,313
206,1,18,3,user_creatures,oppo_4,user_creatures,user_creatures: log_only=[] engine_only=['unsettling twins'],4,2,5,0,4,2,1,0,2,0,1,0,0,ok,980
207,1,10,4,user_life,user_5,user_life oppo_life user_creatures,user_life: log=16 engine=14 ; oppo_life: log=17 engine=23 ; user_creatures: log_only=['vicious clown'] engine_only=['lionheart glimmer'],7,3,1,0,4,3,2,1,1,0,2,1,3,ok,383
208,1,14,4,user_lands,user_5,user_lands user_creatures user_hand,user_lands: log_only=['forest'] engine_only=[] ; user_creatures: log_only=['spineseeker centipede'] engine_only=[] ; user_hand: log_only=[] engine_only=['spineseeker centipede'],8,2,2,1,4,3,0,1,2,0,0,1,2,ok,657
209,1,10,2,user_life,oppo_3,user_life,user_life: log=18 engine=19,3,1,3,0,3,1,0,0,2,0,0,0,0,ok,362
210,1,7,3,oppo_hand,user_4,oppo_hand,oppo_hand: log=6 engine=5,6,3,3,0,3,3,3,0,0,0,3,0,0,ok,212
211,1,9,3,oppo_hand,oppo_4,oppo_hand,oppo_hand: log=2 engine=3,5,2,3,0,3,2,1,0,1,0,1,0,2,ok,471
212,1,12,4,user_creatures,user_5,user_creatures user_hand,"user_creatures: log_only=['wickerfolk thresher'] engine_only=['marvin, murderous mimic'] ; user_hand: log_only=['spineseeker centipede'] engine_only=[""valgavoth's faithful""]",6,3,2,0,4,3,1,0,1,0,1,0,0,ok,573
213,1,7,2,user_creatures,user_3,user_creatures user_noncreatures user_hand,user_creatures: log_only=['most valuable slayer'] engine_only=[] ; user_noncreatures: log_only=[] engine_only=['treasure'] ; user_hand: log_only=[] engine_only=['most valuable slayer'],6,2,1,0,2,2,1,0,0,0,1,0,1,ok,190
214,1,10,3,user_life,oppo_4,user_life user_creatures,user_life: log=24 engine=22 ; user_creatures: log_only=[] engine_only=['fear of infinity'],5,2,4,1,3,3,1,0,1,1,1,0,1,ok,363
215,1,12,3,user_creatures,user_4,user_creatures user_hand,user_creatures: log_only=['mountain'] engine_only=[] ; user_hand: log_only=[] engine_only=['manifest dread'],8,2,1,0,3,2,0,0,1,0,0,0,1,ok,418
216,1,6,4,user_creatures,user_5,user_creatures user_hand,user_creatures: log_only=['forest'] engine_only=['most valuable slayer'] ; user_hand: log_only=[] engine_only=['turn inside out'],4,3,1,0,4,3,1,0,1,0,1,0,1,ok,174
217,1,10,2,user_noncreatures,oppo_3,user_noncreatures user_hand,user_noncreatures: log_only=[] engine_only=['keys to the house'] ; user_hand: log_only=['island'] engine_only=[],7,1,0,0,2,1,0,0,1,0,0,0,0,ok,295
218,1,10,5,oppo_life,user_6,oppo_life user_creatures,oppo_life: log=10 engine=11 ; user_creatures: log_only=[] engine_only=['gremlin'],5,4,1,0,5,4,6,0,1,0,6,0,0,ok,524
219,1,7,3,oppo_hand,user_4,oppo_hand,oppo_hand: log=6 engine=5,3,2,0,0,3,2,0,0,1,0,0,0,0,ok,194
220,1,13,2,user_hand,user_3,user_hand,user_hand: log_only=['forest'] engine_only=['plains'],5,0,2,0,2,0,0,0,2,0,0,0,0,ok,501
221,1,8,2,user_creatures,oppo_3,user_creatures,user_creatures: log_only=['flesh burrower'] engine_only=['broodspinner'],6,2,0,0,3,2,0,0,1,0,0,0,0,ok,167
222,1,6,2,oppo_life,oppo_3,oppo_life,oppo_life: log=18 engine=17,1,1,0,0,2,2,1,0,1,1,1,0,0,ok,146
223,1,8,5,oppo_life,user_6,oppo_life user_lands,oppo_life: log=14 engine=13 ; user_lands: log_only=['mountain'] engine_only=[],4,2,2,0,4,3,1,0,2,1,1,0,1,ok,186
224,1,9,2,oppo_life,user_3,oppo_life,oppo_life: log=16 engine=17,7,2,0,0,2,2,2,0,0,0,2,0,0,ok,256
225,1,7,2,oppo_life,user_3,oppo_life user_creatures user_hand,"oppo_life: log=17 engine=18 ; user_creatures: log_only=['kaito, bane of nightmares'] engine_only=['friendly teddy'] ; user_hand: log_only=['friendly teddy', 'withering torment'] engine_only=['kaito, bane of nightmares']",5,1,0,0,2,1,0,0,1,0,0,0,0,ok,190
226,1,9,5,oppo_life,user_6,oppo_life,oppo_life: log=16 engine=17,6,4,1,1,4,6,0,0,0,0,0,0,2,ok,420
227,1,10,1,user_hand,user_2,user_hand,user_hand: log_only=['glimmerburst'] engine_only=['twist reality'],7,0,0,0,1,0,0,0,1,0,0,0,0,ok,420
228,1,9,6,user_creatures,user_7,user_creatures user_hand,user_creatures: log_only=['flesh burrower'] engine_only=[] ; user_hand: log_only=['moldering gym'] engine_only=[],7,5,1,1,6,6,6,0,1,0,6,0,2,ok,306
229,1,13,2,oppo_life,user_3,oppo_life,oppo_life: log=17 engine=19,8,1,2,0,2,1,0,0,1,0,0,0,0,ok,479
230,1,9,1,user_hand,user_2,user_hand,user_hand: log_only=['dissection tools'] engine_only=['forest'],6,0,0,0,1,0,0,0,1,0,0,0,0,ok,248
231,1,9,3,oppo_life,user_4,oppo_life,oppo_life: log=18 engine=19,6,2,2,0,3,2,0,0,1,0,0,0,0,ok,207
232,1,5,3,user_life,oppo_4,user_life,user_life: log=17 engine=20,4,3,1,1,3,3,1,0,0,0,1,0,0,ok,89
233,1,12,3,user_creatures,user_4,user_creatures,user_creatures: log_only=['island'] engine_only=[],6,2,3,0,3,3,0,2,1,0,0,2,1,ok,580
234,1,13,2,user_creatures,user_3,user_creatures user_noncreatures,user_creatures: log_only=['fear of lost teeth'] engine_only=[] ; user_noncreatures: log_only=[] engine_only=['found footage'],6,2,2,0,2,2,0,0,0,0,0,0,1,ok,347
235,1,15,2,user_creatures,oppo_3,user_creatures oppo_hand,user_creatures: log_only=[] engine_only=['plains'] ; oppo_hand: log=5 engine=4,5,0,4,0,3,0,0,0,3,0,0,0,0,ok,936
236,1,8,2,user_creatures,oppo_3,user_creatures,user_creatures: log_only=[] engine_only=['gremlin tamer'],5,2,2,0,3,2,1,0,1,0,1,0,0,ok,152
237,1,13,3,user_creatures,oppo_4,user_creatures user_hand,user_creatures: log_only=['fear of impostors'] engine_only=[] ; user_hand: log_only=[] engine_only=['fear of impostors'],7,1,2,0,3,1,1,0,2,0,1,0,0,ok,362
238,1,10,3,oppo_life,user_4,oppo_life oppo_hand,oppo_life: log=18 engine=19 ; oppo_hand: log=6 engine=5,4,2,0,0,3,2,0,0,1,0,0,0,0,ok,296
239,1,7,3,user_creatures,oppo_4,user_creatures,user_creatures: log_only=[] engine_only=['glimmer'],4,2,1,0,3,2,1,0,1,0,1,0,0,ok,225
240,1,11,2,user_life,oppo_3,user_life user_creatures,user_life: log=16 engine=13 ; user_creatures: log_only=[] engine_only=['twitching doll'],6,1,1,0,2,1,0,0,1,0,0,0,0,ok,175
241,1,9,4,oppo_hand,oppo_5,oppo_hand,oppo_hand: log=4 engine=3,6,3,4,1,5,4,3,0,2,0,3,0,0,ok,240
242,1,8,1,user_hand,user_2,user_hand,user_hand: log_only=['razorkin hordecaller'] engine_only=['mountain'],5,1,1,0,1,1,0,0,0,0,0,0,0,ok,226
243,1,15,3,user_life,oppo_4,user_life user_hand,user_life: log=20 engine=17 ; user_hand: log_only=[] engine_only=['appendage amalgam'],5,2,5,0,4,2,2,0,2,0,2,0,1,ok,344
244,1,7,2,user_hand,oppo_3,user_hand,user_hand: log_only=['trapped in the screen'] engine_only=['enduring innocence'],5,2,1,0,3,2,0,0,1,0,0,0,0,ok,140
245,1,10,3,user_life,oppo_4,user_life user_creatures user_hand,"user_life: log=18 engine=8 ; user_creatures: log_only=[] engine_only=['glimmer'] ; user_hand: log_only=['floodpits drowner', 'say its name'] engine_only=['island', 'moldering gym']",6,1,1,0,3,1,0,0,2,0,0,0,1,ok,262
246,1,15,2,user_creatures,oppo_3,user_creatures,user_creatures: log_only=[] engine_only=['spineseeker centipede'],6,2,1,0,3,2,0,0,1,0,0,0,0,ok,590
247,1,10,4,user_life,oppo_5,user_life,user_life: log=14 engine=17,4,3,2,1,3,5,2,1,0,1,2,1,1,ok,308
248,1,4,4,,,,,2,2,0,0,4,2,0,0,2,0,0,0,0,ok,77
249,1,7,1,user_creatures,user_2,user_creatures,user_creatures: log_only=[] engine_only=['insidious fungus'],5,1,1,0,1,1,0,0,0,0,0,0,0,ok,123
250,1,6,3,user_life,oppo_4,user_life,user_life: log=13 engine=14,4,3,1,0,3,3,2,0,0,0,2,0,0,ok,198
251,1,17,4,user_life,oppo_5,user_life,user_life: log=17 engine=18,6,3,3,1,5,3,3,0,2,0,3,0,0,ok,553
252,1,11,1,user_creatures,user_2,user_creatures user_hand,user_creatures: log_only=['fear of surveillance'] engine_only=[] ; user_hand: log_only=[] engine_only=['fear of surveillance'],8,0,4,0,1,0,0,0,1,0,0,0,1,ok,412
253,1,13,2,user_hand,oppo_3,user_hand,user_hand: log_only=['island'] engine_only=['daggermaw megalodon'],4,1,0,0,3,1,0,0,2,0,0,0,0,ok,147
254,1,11,2,user_creatures,user_3,user_creatures user_hand,user_creatures: log_only=['emerge from the cocoon'] engine_only=['forest'] ; user_hand: log_only=['forest'] engine_only=['glimmer seeker'],6,0,3,0,2,0,0,0,2,0,0,0,0,ok,215
255,1,8,6,user_creatures,user_7,user_creatures user_hand,"user_creatures: log_only=['glimmer', 'tunnel surveyor'] engine_only=[] ; user_hand: log_only=[] engine_only=['tunnel surveyor']",7,5,1,1,6,5,3,0,1,0,3,0,1,ok,206
256,1,12,3,user_creatures,oppo_4,user_creatures user_hand,user_creatures: log_only=['appendage amalgam'] engine_only=[] ; user_hand: log_only=[] engine_only=['appendage amalgam'],7,1,0,0,3,1,1,0,2,0,1,0,0,ok,506
257,1,6,4,oppo_life,user_5,oppo_life,oppo_life: log=15 engine=17,4,3,0,0,4,3,1,0,1,0,1,0,1,ok,93
258,1,9,3,user_creatures,oppo_4,user_creatures oppo_hand,user_creatures: log_only=[] engine_only=['the swarmweaver'] ; oppo_hand: log=6 engine=7,4,1,0,0,4,1,1,0,3,0,1,0,1,ok,274
259,1,9,4,user_creatures,user_5,user_creatures user_noncreatures,"user_creatures: log_only=['arabella, abandoned doll'] engine_only=[] ; user_noncreatures: log_only=['glassworks'] engine_only=[]",5,3,1,0,4,3,2,0,1,0,2,0,2,ok,329
260,1,7,1,user_hand,user_2,user_hand,user_hand: log_only=['the jolly balloon man'] engine_only=[],4,0,1,0,1,0,0,0,1,0,0,0,0,ok,132
261,1,10,3,oppo_life,user_4,oppo_life,oppo_life: log=17 engine=19,5,2,1,1,3,2,1,0,1,0,1,0,0,ok,216
262,1,11,4,user_life,user_5,user_life user_creatures,user_life: log=20 engine=19 ; user_creatures: log_only=[] engine_only=['tunnel surveyor'],5,1,1,0,4,1,1,0,3,0,1,0,0,ok,260
263,1,10,1,oppo_hand,oppo_2,oppo_hand,oppo_hand: log=5 engine=6,6,0,2,0,2,0,0,0,2,0,0,0,0,ok,289
264,1,9,3,user_creatures,oppo_4,user_creatures oppo_hand,user_creatures: log_only=[] engine_only=['wary watchdog'] ; oppo_hand: log=3 engine=4,6,2,0,0,3,2,0,1,1,0,0,1,3,ok,237
265,1,10,5,user_creatures,user_6,user_creatures,user_creatures: log_only=['untimely malfunction'] engine_only=['bashful beastie'],7,4,1,0,5,4,1,0,1,0,1,0,0,ok,339
266,1,9,4,user_hand,oppo_5,user_hand oppo_hand,user_hand: log_only=[] engine_only=['monstrous emergence'] ; oppo_hand: log=3 engine=4,6,4,1,0,5,5,0,0,1,0,0,0,2,ok,276
267,1,9,5,oppo_life,user_6,oppo_life user_creatures,oppo_life: log=14 engine=6 ; user_creatures: log_only=[] engine_only=['fear of being hunted'],5,3,1,0,5,3,4,0,2,0,4,0,2,ok,244
268,1,17,3,oppo_life,user_4,oppo_life user_creatures oppo_hand,oppo_life: log=22 engine=20 ; user_creatures: log_only=['vanish from sight'] engine_only=['fear of surveillance'] ; oppo_hand: log=5 engine=6,6,3,2,0,3,3,1,0,0,0,1,0,1,ok,642
269,1,6,4,oppo_life,user_5,oppo_life,oppo_life: log=7 engine=8,6,4,2,1,4,4,6,0,0,0,6,0,0,ok,164
270,1,8,1,user_creatures,user_2,user_creatures user_hand,user_creatures: log_only=['wary watchdog'] engine_only=[] ; user_hand: log_only=[] engine_only=['clockwork percussionist'],6,1,1,0,1,1,0,0,0,0,0,0,1,ok,202
271,1,8,4,user_creatures,user_5,user_creatures,user_creatures: log_only=['orphans of the wheat'] engine_only=[],4,3,3,0,4,3,1,0,1,0,1,0,0,ok,382
272,1,16,2,oppo_life,user_3,oppo_life,oppo_life: log=20 engine=19,10,1,1,0,2,1,0,0,1,0,0,0,0,ok,602
273,1,5,2,oppo_life,user_3,oppo_life user_hand,oppo_life: log=19 engine=20 ; user_hand: log_only=['threats around every corner'] engine_only=['island'],4,1,1,0,2,1,0,0,1,0,0,0,0,ok,90
274,1,6,2,user_creatures,user_3,user_creatures,user_creatures: log_only=['fear of immobility'] engine_only=[],3,2,0,0,2,2,0,0,0,0,0,0,0,ok,158
275,1,6,2,user_life,oppo_3,user_life,user_life: log=18 engine=20,4,2,1,0,2,2,0,0,0,0,0,0,0,ok,104
276,1,7,1,user_hand,oppo_2,user_hand,user_hand: log_only=['mountain'] engine_only=['bedhead beastie'],3,0,0,0,2,0,0,0,2,0,0,0,0,ok,142
277,1,8,2,oppo_hand,oppo_3,oppo_hand,oppo_hand: log=5 engine=6,5,3,1,0,3,3,4,0,0,0,4,0,2,ok,159
278,1,6,4,user_lands,user_5,user_lands user_creatures user_noncreatures,"user_lands: log_only=['swamp'] engine_only=[] ; user_creatures: log_only=['kaito, bane of nightmares'] engine_only=[] ; user_noncreatures: log_only=[] engine_only=['kaito, bane of nightmares']",2,1,0,0,4,1,1,0,3,0,1,0,1,ok,107
279,1,8,3,user_hand,oppo_4,user_hand,user_hand: log_only=[] engine_only=['horrid vigor'],4,2,1,0,4,2,0,0,2,0,0,0,1,ok,172
280,1,10,3,user_life,oppo_4,user_life oppo_hand,user_life: log=16 engine=19 ; oppo_hand: log=3 engine=4,4,2,2,0,3,3,3,0,1,1,3,0,0,ok,232
281,1,6,1,user_hand,user_2,user_hand,user_hand: log_only=['violent urge'] engine_only=['enduring vitality'],6,1,0,0,1,1,0,0,0,0,0,0,0,ok,200
282,1,10,1,oppo_life,user_2,oppo_life user_creatures user_hand,oppo_life: log=19 engine=18 ; user_creatures: log_only=[] engine_only=['clockwork percussionist'] ; user_hand: log_only=['mountain'] engine_only=[],8,1,0,0,1,1,1,0,0,0,1,0,1,ok,254
283,1,8,3,user_creatures,oppo_4,user_creatures user_noncreatures user_hand oppo_hand,"user_creatures: log_only=['terramorphic expanse'] engine_only=[] ; user_noncreatures: log_only=[""shardmage's rescue""] engine_only=[] ; user_hand: log_only=[] engine_only=[""shardmage's rescue""] ; oppo_hand: log=2 engine=3",3,1,1,1,3,2,0,0,2,0,0,0,2,ok,150
284,1,7,3,user_hand,user_4,user_hand,user_hand: log_only=['plains'] engine_only=['mountain'],5,2,0,0,3,2,0,1,1,0,0,1,0,ok,195
285,1,7,4,oppo_life,user_5,oppo_life user_creatures,oppo_life: log=14 engine=18 ; user_creatures: log_only=['screaming nemesis'] engine_only=[],5,3,1,0,4,3,1,0,1,0,1,0,0,ok,188
286,1,11,4,user_hand,user_5,user_hand,user_hand: log_only=['moldering gym'] engine_only=['enter the enigma'],7,3,2,1,4,3,0,0,1,0,0,0,0,ok,229
287,1,8,3,user_creatures,user_4,user_creatures user_hand,user_creatures: log_only=[] engine_only=['spineseeker centipede'] ; user_hand: log_only=[] engine_only=['swamp'],6,2,1,0,3,2,1,0,1,0,1,0,0,ok,254
288,1,8,3,user_creatures,user_4,user_creatures user_noncreatures user_hand,user_creatures: log_only=['mountain'] engine_only=[] ; user_noncreatures: log_only=['ticket booth'] engine_only=[] ; user_hand: log_only=['clockwork percussionist'] engine_only=[],6,1,0,0,3,1,0,0,2,0,0,0,1,ok,289
289,1,6,4,user_life,oppo_5,user_life,user_life: log=4 engine=3,2,2,0,0,4,2,0,0,2,0,0,0,0,ok,162
290,1,7,4,oppo_life,user_5,oppo_life,oppo_life: log=13 engine=12,5,3,0,0,4,3,2,0,1,0,2,0,0,ok,239
291,1,9,4,user_creatures,user_5,user_creatures,user_creatures: log_only=['unwilling vessel'] engine_only=[],4,2,1,0,3,3,1,1,1,1,1,1,0,ok,303
292,1,11,3,user_noncreatures,user_4,user_noncreatures user_hand,user_noncreatures: log_only=['moldering gym'] engine_only=[] ; user_hand: log_only=['final vengeance'] engine_only=[],3,2,0,0,3,2,0,0,1,0,0,0,0,ok,206
293,1,6,3,user_life,oppo_4,user_life,user_life: log=15 engine=18,4,2,1,0,3,2,1,0,1,0,1,0,1,ok,133
294,1,7,3,user_noncreatures,user_4,user_noncreatures user_hand,user_noncreatures: log_only=[] engine_only=['found footage'] ; user_hand: log_only=['scrabbling skullcrab'] engine_only=[],3,3,0,0,3,3,0,0,0,0,0,0,0,ok,240
295,1,10,2,user_life,oppo_3,user_life oppo_life,user_life: log=18 engine=17 ; oppo_life: log=17 engine=18,6,2,2,0,3,2,2,0,1,0,2,0,0,ok,248
296,1,6,1,user_hand,user_2,user_hand,"user_hand: log_only=['altanak, the thrice-called'] engine_only=['island']",5,0,1,0,1,0,0,0,1,0,0,0,0,ok,130
297,1,4,3,user_life,oppo_4,user_life user_creatures user_hand,user_life: log=18 engine=16 ; user_creatures: log_only=['entity tracker'] engine_only=[] ; user_hand: log_only=[] engine_only=['entity tracker'],2,1,0,0,3,1,0,0,2,0,0,0,1,ok,72
298,1,8,4,oppo_hand,oppo_5,oppo_hand,oppo_hand: log=4 engine=5,5,3,1,1,4,3,2,0,1,0,2,0,1,ok,156
299,1,6,3,oppo_life,oppo_4,oppo_life oppo_hand,oppo_life: log=19 engine=20 ; oppo_hand: log=4 engine=5,1,1,0,0,3,1,0,0,2,0,0,0,1,ok,95
300,1,11,6,oppo_life,user_7,oppo_life,oppo_life: log=17 engine=14,7,3,3,1,4,5,2,1,1,2,2,1,1,ok,1866
301,1,5,2,oppo_hand,oppo_3,oppo_hand,oppo_hand: log=8 engine=7,3,2,0,0,3,2,1,0,1,0,1,0,0,ok,160
302,1,7,4,user_creatures,oppo_5,user_creatures,"user_creatures: log_only=['appendage amalgam', 'appendage amalgam'] engine_only=['broodspinner', 'broodspinner']",1,1,1,1,5,3,2,0,4,0,2,0,1,ok,454
303,1,8,2,user_hand,user_3,user_hand,user_hand: log_only=['scorching dragonfire'] engine_only=['drag to the roots'],6,1,0,0,2,1,0,0,1,0,0,0,0,ok,441
304,1,7,4,user_life,oppo_5,user_life,user_life: log=7 engine=15,5,3,0,0,4,3,1,0,1,0,1,0,0,ok,308
305,1,10,0,oppo_hand,user_1,oppo_hand,oppo_hand: log=5 engine=6,5,0,3,0,0,0,0,0,0,0,0,0,0,ok,378
306,1,9,2,user_creatures,user_3,user_creatures,user_creatures: log_only=[] engine_only=['ragged playmate'],5,1,1,0,2,1,0,0,1,0,0,0,1,ok,494
307,1,6,2,user_life,oppo_3,user_life,user_life: log=18 engine=19,4,2,0,0,3,2,1,0,1,0,1,0,0,ok,292
308,1,12,1,user_hand,user_2,user_hand,user_hand: log_only=['meat locker'] engine_only=['trapped in the screen'],6,0,3,0,1,0,0,0,1,0,0,0,0,ok,552
309,1,7,2,oppo_life,user_3,oppo_life,oppo_life: log=18 engine=16,6,2,0,0,2,2,0,0,0,0,0,0,1,ok,304
310,1,7,0,oppo_hand,oppo_1,oppo_hand,oppo_hand: log=5 engine=6,3,0,0,0,0,0,0,0,0,0,0,0,0,ok,142
311,1,16,2,oppo_life,user_3,oppo_life,oppo_life: log=18 engine=19,5,1,1,0,2,1,0,0,1,0,0,0,0,ok,647
312,1,8,2,oppo_life,user_3,oppo_life user_creatures,oppo_life: log=17 engine=18 ; user_creatures: log_only=['glimmer'] engine_only=[],5,1,3,0,2,1,0,0,1,0,0,0,0,ok,341
313,1,16,3,oppo_life,oppo_4,oppo_life user_creatures oppo_hand,oppo_life: log=17 engine=18 ; user_creatures: log_only=[] engine_only=['osseous sticktwister'] ; oppo_hand: log=4 engine=3,9,3,5,1,4,3,2,0,1,0,2,0,1,ok,560
314,1,7,3,user_life,oppo_4,user_life oppo_life,user_life: log=18 engine=20 ; oppo_life: log=22 engine=20,2,1,0,0,2,2,0,1,1,1,0,1,0,ok,181
315,1,6,3,user_hand,user_4,user_hand,user_hand: log_only=[] engine_only=['acrobatic cheerleader'],4,2,1,0,3,2,1,0,1,0,1,0,0,ok,172
316,1,9,4,user_life,oppo_5,user_life,user_life: log=12 engine=10,4,1,2,1,4,1,0,0,3,0,0,0,0,ok,320
317,1,6,2,user_hand,user_3,user_hand,user_hand: log_only=['forest'] engine_only=[],4,1,1,0,2,1,0,0,1,0,0,0,0,ok,251
318,1,7,4,user_creatures,user_5,user_creatures user_noncreatures user_hand,user_creatures: log_only=['glimmer'] engine_only=[] ; user_noncreatures: log_only=['grand entryway'] engine_only=[] ; user_hand: log_only=[] engine_only=['grand entryway'],5,2,0,0,4,2,1,0,2,0,1,0,1,ok,273
319,1,8,1,user_hand,oppo_2,user_hand,user_hand: log_only=[] engine_only=['get out'],2,0,1,0,2,0,0,0,2,0,0,0,1,ok,261
320,1,6,1,user_creatures,user_2,user_creatures oppo_hand,user_creatures: log_only=[] engine_only=['reluctant role model'] ; oppo_hand: log=5 engine=6,4,0,1,0,1,0,0,0,1,0,0,0,1,ok,127
321,1,10,3,user_lands,user_4,user_lands user_hand,user_lands: log_only=['swamp'] engine_only=[] ; user_hand: log_only=[] engine_only=['spectral snatcher'],7,2,1,0,3,2,1,0,1,0,1,0,1,ok,320
322,1,12,4,user_noncreatures,user_5,user_noncreatures,user_noncreatures: log_only=['nowhere to run'] engine_only=[],6,4,0,0,4,4,1,2,0,0,1,0,1,ok,501
323,1,7,1,user_hand,user_2,user_hand,user_hand: log_only=['meat locker'] engine_only=['swamp'],5,0,0,0,1,0,0,0,1,0,0,0,0,ok,233
324,1,5,4,user_life,oppo_5,user_life user_creatures,user_life: log=-2 engine=1 ; user_creatures: log_only=[] engine_only=['say its name'],2,2,2,1,4,2,0,0,2,0,0,0,0,ok,103
325,1,11,3,oppo_hand,oppo_4,oppo_hand,oppo_hand: log=4 engine=5,5,3,3,0,3,5,1,0,0,1,1,0,1,ok,465
326,1,5,1,user_creatures,user_2,user_creatures,user_creatures: log_only=['mountain'] engine_only=['wary watchdog'],5,1,0,0,1,1,0,0,0,0,0,0,0,ok,105
327,1,14,2,oppo_hand,oppo_3,oppo_hand,oppo_hand: log=5 engine=6,6,2,3,1,3,2,1,0,1,0,1,0,2,ok,403
328,1,10,3,user_hand,oppo_4,user_hand,"user_hand: log_only=['murder', 'terramorphic expanse'] engine_only=['disturbing mirth', 'glimmerburst']",6,2,1,0,4,2,0,0,2,0,0,0,0,ok,457
329,1,18,3,user_creatures,oppo_4,user_creatures,user_creatures: log_only=['stalked researcher'] engine_only=['cult healer'],5,2,3,0,3,2,0,0,1,0,0,0,1,ok,655
330,1,8,2,oppo_life,user_3,oppo_life user_creatures user_hand,"oppo_life: log=18 engine=20 ; user_creatures: log_only=['oblivious bookworm'] engine_only=[] ; user_hand: log_only=[] engine_only=[""don't make a sound""]",4,1,2,0,2,1,0,0,1,0,0,0,2,ok,362
331,1,7,3,user_hand,oppo_4,user_hand,user_hand: log_only=['scorching dragonfire'] engine_only=['unnerving grasp'],5,2,1,0,4,2,3,0,2,0,3,0,0,ok,360
332,1,7,3,user_creatures,user_4,user_creatures,user_creatures: log_only=[] engine_only=['floodpits drowner'],3,1,2,0,3,1,1,0,2,0,1,0,0,ok,164
333,1,9,2,oppo_life,user_3,oppo_life user_creatures,oppo_life: log=20 engine=18 ; user_creatures: log_only=[] engine_only=['flesh burrower'],4,1,3,0,2,1,0,0,1,0,0,0,1,ok,374
334,1,8,3,user_creatures,oppo_4,user_creatures user_noncreatures oppo_hand,user_creatures: log_only=[] engine_only=['piggy bank'] ; user_noncreatures: log_only=['treasure'] engine_only=[] ; oppo_hand: log=4 engine=5,6,3,1,0,3,3,4,0,0,0,4,0,2,ok,250
335,1,12,3,oppo_life,user_4,oppo_life,oppo_life: log=18 engine=20,6,2,1,0,3,2,0,0,1,0,0,0,0,ok,490
336,1,12,2,oppo_life,user_3,oppo_life user_creatures oppo_hand,oppo_life: log=20 engine=18 ; user_creatures: log_only=[] engine_only=['fear of surveillance'] ; oppo_hand: log=3 engine=4,6,1,0,0,2,1,0,0,1,0,0,0,1,ok,404
337,1,7,1,user_hand,user_2,user_hand,user_hand: log_only=['mountain'] engine_only=['plains'],3,0,0,0,1,0,0,0,1,0,0,0,0,ok,116
338,1,9,1,user_noncreatures,user_2,user_noncreatures user_hand,user_noncreatures: log_only=[] engine_only=['keys to the house'] ; user_hand: log_only=['island'] engine_only=[],5,1,1,0,1,1,0,0,0,0,0,0,0,ok,268
339,1,11,4,user_life,oppo_5,user_life user_creatures,"user_life: log=12 engine=11 ; user_creatures: log_only=[] engine_only=['enduring curiosity', 'threats around every corner']",6,3,1,0,4,3,0,0,1,0,0,0,1,ok,309
340,1,8,3,user_hand,user_4,user_hand,user_hand: log_only=['chainsaw'] engine_only=['ticket booth'],4,2,1,0,3,2,0,0,1,0,0,0,0,ok,260
341,1,8,4,user_life,oppo_5,user_life,user_life: log=18 engine=20,4,3,0,0,4,4,3,0,1,1,3,0,0,ok,272
342,1,10,3,oppo_life,user_4,oppo_life,oppo_life: log=22 engine=23,8,2,1,0,3,2,0,0,1,0,0,0,0,ok,269
343,1,14,1,user_creatures,oppo_2,user_creatures,user_creatures: log_only=[] engine_only=['fear of surveillance'],5,1,2,0,2,1,0,0,1,0,0,0,0,ok,402
344,1,7,1,user_hand,user_2,user_hand,user_hand: log_only=['broodspinner'] engine_only=['ghostly keybearer'],4,0,0,0,1,0,0,0,1,0,0,0,0,ok,169
345,1,7,2,oppo_life,user_3,oppo_life user_creatures,oppo_life: log=16 engine=13 ; user_creatures: log_only=['vicious clown'] engine_only=[],5,2,1,0,2,2,2,0,0,0,2,0,0,ok,275
346,1,11,3,user_life,oppo_4,user_life,user_life: log=15 engine=16,6,3,0,0,3,3,0,0,0,0,0,0,0,ok,424
347,1,9,5,user_creatures,oppo_6,user_creatures,user_creatures: log_only=['wary watchdog'] engine_only=['bashful beastie'],4,2,1,0,5,2,0,1,3,0,0,1,1,ok,164
348,1,8,1,user_hand,user_2,user_hand,user_hand: log_only=['most valuable slayer'] engine_only=['ragged playmate'],5,0,0,0,1,0,0,0,1,0,0,0,0,ok,153
349,1,9,1,user_creatures,user_2,user_creatures oppo_hand,user_creatures: log_only=[] engine_only=['piranha fly'] ; oppo_hand: log=5 engine=6,7,0,0,0,1,0,0,0,1,0,0,0,1,ok,303
350,1,9,2,user_lands,user_3,user_lands user_hand,user_lands: log_only=['forest'] engine_only=[] ; user_hand: log_only=[] engine_only=['forest'],7,1,1,0,2,1,0,0,1,0,0,0,1,ok,212
351,1,6,3,oppo_hand,oppo_4,oppo_hand,oppo_hand: log=4 engine=3,5,3,2,2,4,4,2,0,1,0,2,0,0,ok,215
352,1,9,5,oppo_hand,oppo_6,oppo_hand,oppo_hand: log=5 engine=4,4,2,2,0,5,4,4,0,3,1,4,0,0,ok,248
353,1,8,2,user_hand,user_3,user_hand,user_hand: log_only=['cursed windbreaker'] engine_only=['cryptid inspector'],5,1,0,0,2,1,0,0,1,0,0,0,0,ok,228
354,1,11,2,oppo_life,user_3,oppo_life user_creatures,oppo_life: log=20 engine=18 ; user_creatures: log_only=[] engine_only=['ragged playmate'],7,1,2,0,2,1,0,0,1,0,0,0,1,ok,404
355,1,9,3,oppo_hand,oppo_4,oppo_hand,oppo_hand: log=3 engine=2,6,1,0,0,3,1,1,0,2,0,1,0,0,ok,334
356,1,13,1,user_hand,user_2,user_hand,user_hand: log_only=['anthropede'] engine_only=['island'],8,0,0,0,1,0,0,0,1,0,0,0,0,ok,385
357,1,12,3,oppo_hand,oppo_4,oppo_hand,oppo_hand: log=3 engine=4,5,3,2,1,4,3,2,0,1,0,2,0,2,ok,311
358,1,8,3,user_life,user_4,user_life user_lands user_noncreatures user_hand,user_life: log=20 engine=22 ; user_lands: log_only=['swamp'] engine_only=[] ; user_noncreatures: log_only=['unholy annex'] engine_only=[] ; user_hand: log_only=['swamp'] engine_only=[],5,2,1,0,3,2,1,0,1,0,1,0,1,ok,144
359,1,9,4,oppo_hand,oppo_5,oppo_hand,oppo_hand: log=2 engine=3,7,3,0,0,4,3,0,0,1,0,0,0,2,ok,308
360,1,9,2,user_life,oppo_3,user_life,user_life: log=18 engine=20,3,1,2,0,3,1,1,0,2,0,1,0,0,ok,259
361,1,7,3,user_noncreatures,user_4,user_noncreatures,user_noncreatures: log_only=['smoky lounge'] engine_only=[],4,2,1,0,3,3,1,0,1,0,1,0,1,ok,153
362,1,8,3,user_life,oppo_4,user_life,user_life: log=14 engine=15,5,2,2,0,3,2,0,0,1,0,0,0,0,ok,285
363,1,11,3,oppo_life,user_4,oppo_life,oppo_life: log=16 engine=15,7,1,1,0,3,1,1,0,2,0,1,0,0,ok,478
364,1,10,4,user_life,oppo_5,user_life,user_life: log=7 engine=6,6,3,1,0,4,3,0,0,1,0,0,0,0,ok,411
365,1,15,2,oppo_life,user_3,oppo_life user_lands,oppo_life: log=17 engine=18 ; user_lands: log_only=['plains'] engine_only=[],6,2,0,0,2,2,2,0,0,0,2,0,1,ok,334
366,1,8,2,user_creatures,user_3,user_creatures,user_creatures: log_only=['mountain'] engine_only=['ragged playmate'],4,1,0,0,2,1,1,0,1,0,1,0,0,ok,232
367,1,8,2,user_hand,user_3,user_hand,user_hand: log_only=['balustrade wurm'] engine_only=['enduring vitality'],5,1,0,0,2,1,0,0,1,0,0,0,0,ok,183
368,1,9,3,user_life,oppo_4,user_life,user_life: log=15 engine=18,5,1,2,0,3,1,0,0,2,0,0,0,1,ok,326
369,1,7,3,user_hand,oppo_4,user_hand,user_hand: log_only=[] engine_only=['entity tracker'],4,1,0,0,3,1,0,1,2,0,0,1,1,ok,148
370,1,14,6,user_creatures,oppo_7,user_creatures,user_creatures: log_only=['glimmer'] engine_only=[],5,4,5,3,6,5,4,0,2,0,4,0,0,ok,312
371,1,16,1,user_creatures,oppo_2,user_creatures,user_creatures: log_only=[] engine_only=['scrabbling skullcrab'],7,1,3,0,1,1,0,0,0,0,0,0,0,ok,485
372,1,10,2,user_creatures,oppo_3,user_creatures oppo_hand,user_creatures: log_only=[] engine_only=['stalked researcher'] ; oppo_hand: log=3 engine=4,7,1,1,0,2,1,0,0,1,0,0,0,1,ok,323
373,1,12,3,user_lands,user_4,user_lands,user_lands: log_only=['mountain'] engine_only=[],10,2,1,0,3,2,0,0,1,0,0,0,1,ok,525
374,1,5,1,oppo_life,user_2,oppo_life,oppo_life: log=18 engine=17,4,1,2,0,1,1,0,0,0,0,0,0,0,ok,128
375,1,3,2,oppo_hand,oppo_3,oppo_hand,oppo_hand: log=3 engine=2,1,1,0,0,2,1,0,0,1,0,0,0,0,ok,59
376,1,13,3,oppo_life,user_4,oppo_life,oppo_life: log=16 engine=17,10,2,1,0,3,2,1,0,1,0,1,0,0,ok,522
377,1,9,3,oppo_hand,oppo_4,oppo_hand,oppo_hand: log=4 engine=3,5,1,1,0,3,1,1,0,2,0,1,0,0,ok,412
378,1,9,4,user_lands,user_5,user_lands user_creatures user_hand oppo_hand,user_lands: log_only=['forest'] engine_only=[] ; user_creatures: log_only=['glimmer'] engine_only=[] ; user_hand: log_only=[] engine_only=['forest'] ; oppo_hand: log=4 engine=3,6,3,1,0,4,3,2,0,1,0,2,0,2,ok,319
379,1,8,3,user_creatures,oppo_4,user_creatures oppo_hand,user_creatures: log_only=[] engine_only=['fear of surveillance'] ; oppo_hand: log=2 engine=3,1,1,1,0,2,2,0,0,1,1,0,0,1,ok,211
380,1,6,4,oppo_hand,oppo_5,oppo_hand,oppo_hand: log=3 engine=4,5,4,0,0,5,4,3,0,1,0,3,0,0,ok,157
381,1,9,2,user_creatures,user_3,user_creatures user_noncreatures user_hand,user_creatures: log_only=['cautious survivor'] engine_only=[] ; user_noncreatures: log_only=[] engine_only=['treasure'] ; user_hand: log_only=[] engine_only=['cautious survivor'],6,1,0,0,2,1,0,0,1,0,0,0,1,ok,255
382,1,11,4,user_life,oppo_5,user_life,user_life: log=15 engine=16,6,4,3,1,4,4,1,0,0,0,1,0,1,ok,360
383,1,9,5,oppo_life,oppo_6,oppo_life,oppo_life: log=21 engine=19,6,3,0,0,4,4,2,1,1,1,2,1,0,ok,244
384,1,12,2,user_hand,user_3,user_hand,user_hand: log_only=['island'] engine_only=['oblivious bookworm'],5,2,1,0,2,2,0,0,0,0,0,0,0,ok,314
385,1,8,1,user_hand,user_2,user_hand,"user_hand: log_only=['twist reality'] engine_only=['altanak, the thrice-called']",4,1,1,0,1,1,0,0,0,0,0,0,0,ok,292
386,1,9,3,user_creatures,user_4,user_creatures user_noncreatures,"user_creatures: log_only=['kaito, bane of nightmares'] engine_only=[] ; user_noncreatures: log_only=[] engine_only=['kaito, bane of nightmares']",6,2,3,0,3,2,1,0,1,0,1,0,0,ok,341
387,1,6,3,user_life,oppo_4,user_life oppo_hand,user_life: log=17 engine=15 ; oppo_hand: log=4 engine=3,5,3,0,0,4,3,2,0,1,0,2,0,0,ok,198
388,1,8,4,user_creatures,user_5,user_creatures user_hand,"user_creatures: log_only=[] engine_only=['insidious fungus'] ; user_hand: log_only=[""winter's intervention""] engine_only=[]",3,3,1,0,4,3,2,1,1,0,2,1,1,ok,121
389,1,8,3,oppo_life,user_4,oppo_life,oppo_life: log=13 engine=16,2,2,1,0,3,2,1,0,1,0,1,0,1,ok,146
390,1,8,2,oppo_life,user_3,oppo_life user_hand,oppo_life: log=18 engine=20 ; user_hand: log_only=['terramorphic expanse'] engine_only=['underwater tunnel'],4,1,1,0,2,1,0,0,1,0,0,0,0,ok,230
391,1,8,1,user_lands,user_2,user_lands user_noncreatures user_hand,user_lands: log_only=['island'] engine_only=[] ; user_noncreatures: log_only=['underwater tunnel'] engine_only=['keys to the house'] ; user_hand: log_only=[] engine_only=['underwater tunnel'],6,1,0,0,1,1,0,0,0,0,0,0,2,ok,138
392,1,12,4,user_hand,user_5,user_hand,user_hand: log_only=['swamp'] engine_only=[],9,3,5,1,4,3,0,1,1,0,0,1,0,ok,248
393,1,6,3,user_lands,user_4,user_lands user_hand,user_lands: log_only=['mountain'] engine_only=[] ; user_hand: log_only=[] engine_only=['mountain'],3,1,1,1,3,1,0,0,2,0,0,0,1,ok,95
394,1,10,2,oppo_life,user_3,oppo_life user_creatures,oppo_life: log=20 engine=18 ; user_creatures: log_only=[] engine_only=['reluctant role model'],6,1,1,0,2,1,0,0,1,0,0,0,1,ok,336
395,1,9,4,oppo_life,oppo_5,oppo_life oppo_hand,oppo_life: log=19 engine=16 ; oppo_hand: log=4 engine=5,6,3,0,0,4,4,2,0,1,0,2,0,1,ok,295
396,1,4,4,,,,,4,4,2,2,4,4,1,1,0,0,1,1,0,ok,116
397,1,13,2,oppo_life,user_3,oppo_life,oppo_life: log=21 engine=20,4,2,0,0,2,2,0,0,0,0,0,0,0,ok,554
398,1,8,2,oppo_life,user_3,oppo_life user_creatures user_noncreatures,oppo_life: log=16 engine=18 ; user_creatures: log_only=['overgrown zealot'] engine_only=[] ; user_noncreatures: log_only=[] engine_only=['moldering gym'],6,1,1,0,2,1,0,0,1,0,0,0,0,ok,268
399,1,12,2,oppo_life,user_3,oppo_life user_creatures oppo_hand,"oppo_life: log=18 engine=19 ; user_creatures: log_only=[""valgavoth's faithful""] engine_only=[] ; oppo_hand: log=5 engine=6",8,1,3,0,2,1,1,0,1,0,1,0,0,ok,362
400,1,8,4,oppo_life,user_5,oppo_life,oppo_life: log=18 engine=19,7,3,1,0,4,3,2,0,1,0,2,0,0,ok,1930
401,1,15,4,oppo_life,user_5,oppo_life user_lands user_creatures user_noncreatures,oppo_life: log=9 engine=14 ; user_lands: log_only=['mountain'] engine_only=[] ; user_creatures: log_only=['hedge shredder'] engine_only=[] ; user_noncreatures: log_only=[] engine_only=['hedge shredder'],8,3,2,0,4,3,3,0,1,0,3,0,1,ok,920
402,1,14,4,user_life,oppo_5,user_life,user_life: log=17 engine=18,6,2,3,0,4,4,2,0,2,1,2,0,0,ok,962
403,1,9,2,oppo_hand,oppo_3,oppo_hand,oppo_hand: log=4 engine=5,7,1,1,0,3,1,0,0,2,0,0,0,1,ok,327
404,1,8,3,user_lands,user_4,user_lands user_hand,user_lands: log_only=['strangled cemetery'] engine_only=[] ; user_hand: log_only=[] engine_only=['strangled cemetery'],5,2,2,0,3,2,0,0,1,0,0,0,1,ok,348
405,1,12,3,user_noncreatures,oppo_4,user_noncreatures,user_noncreatures: log_only=['cracked skull'] engine_only=[],5,2,2,1,3,3,1,1,1,0,1,1,0,ok,279
406,1,8,2,oppo_life,user_3,oppo_life,oppo_life: log=16 engine=17,4,1,0,0,2,1,0,0,1,0,0,0,0,ok,358
407,1,7,2,user_lands,user_3,user_lands user_creatures user_hand,user_lands: log_only=['island'] engine_only=[] ; user_creatures: log_only=['forest'] engine_only=[] ; user_hand: log_only=[] engine_only=['manifest dread'],4,1,0,0,2,1,0,0,1,0,0,0,2,ok,161
408,1,9,4,user_life,oppo_5,user_life oppo_hand,user_life: log=12 engine=17 ; oppo_hand: log=2 engine=1,4,2,1,1,4,3,0,0,2,0,0,0,0,ok,452
409,1,12,4,user_creatures,oppo_5,user_creatures oppo_hand,user_creatures: log_only=[] engine_only=['most valuable slayer'] ; oppo_hand: log=3 engine=4,5,2,2,0,4,3,1,1,2,1,1,1,0,ok,574
410,1,10,2,oppo_life,user_3,oppo_life,oppo_life: log=18 engine=19,6,1,0,0,2,1,0,0,1,0,0,0,1,ok,456
411,1,8,3,oppo_life,user_4,oppo_life user_hand,oppo_life: log=13 engine=20 ; user_hand: log_only=[] engine_only=['plains'],4,2,3,0,3,2,1,0,1,0,1,0,0,ok,335
412,1,8,4,user_life,oppo_5,user_life,user_life: log=15 engine=16,5,3,2,1,4,4,0,0,1,0,0,0,0,ok,291
413,1,8,3,oppo_hand,oppo_4,oppo_hand,oppo_hand: log=4 engine=5,5,3,1,0,3,3,2,0,0,0,2,0,1,ok,258
414,1,6,3,user_creatures,user_4,user_creatures user_hand,user_creatures: log_only=['island'] engine_only=[] ; user_hand: log_only=[] engine_only=['turn inside out'],5,3,0,0,3,3,3,0,0,0,3,0,1,ok,261
415,1,7,3,user_life,oppo_4,user_life,user_life: log=14 engine=12,4,1,0,0,4,1,2,0,3,0,2,0,0,ok,277
416,1,7,3,oppo_life,user_4,oppo_life user_creatures oppo_hand,oppo_life: log=17 engine=16 ; user_creatures: log_only=['gremlin'] engine_only=['gremlin tamer'] ; oppo_hand: log=6 engine=7,2,1,3,0,2,2,1,0,1,1,1,0,1,ok,175
417,1,8,2,oppo_life,user_3,oppo_life,oppo_life: log=13 engine=14,6,2,0,0,2,2,2,0,0,0,2,0,0,ok,330
418,1,19,3,user_creatures,oppo_4,user_creatures oppo_hand,user_creatures: log_only=[] engine_only=['creeping peeper'] ; oppo_hand: log=3 engine=4,6,1,5,0,3,1,0,1,2,0,0,1,0,ok,1093
419,1,5,5,,,,,3,3,0,0,4,3,4,2,1,0,4,2,0,ok,175
420,1,12,2,user_hand,user_3,user_hand,user_hand: log_only=['fear of failed tests'] engine_only=['island'],7,1,4,1,2,1,0,0,1,0,0,0,0,ok,668
421,1,6,2,user_creatures,user_3,user_creatures,user_creatures: log_only=['optimistic scavenger'] engine_only=[],4,1,2,0,2,1,0,0,1,0,0,0,1,ok,251
422,1,7,7,,,,,4,4,0,0,6,4,0,2,2,0,0,2,0,ok,203
423,1,8,3,user_hand,user_4,user_hand,user_hand: log_only=['mountain'] engine_only=[],5,2,0,0,3,2,1,0,1,0,1,0,0,ok,261
424,1,9,3,user_hand,user_4,user_hand,user_hand: log_only=[] engine_only=['plains'],6,2,0,0,3,2,0,0,1,0,0,0,0,ok,343
425,1,10,2,oppo_life,user_3,oppo_life,oppo_life: log=17 engine=18,6,1,1,0,2,1,0,0,1,0,0,0,0,ok,307
426,1,8,3,user_creatures,oppo_4,user_creatures,user_creatures: log_only=[] engine_only=['gremlin'],6,2,0,0,3,2,0,0,1,0,0,0,0,ok,392
427,1,8,6,oppo_life,user_7,oppo_life,oppo_life: log=4 engine=7,4,4,3,1,5,6,3,0,1,0,3,0,2,ok,340
428,1,7,4,oppo_life,oppo_5,oppo_life oppo_hand,oppo_life: log=23 engine=22 ; oppo_hand: log=2 engine=3,6,3,0,0,4,3,0,1,1,0,0,1,2,ok,221
429,1,6,1,user_hand,user_2,user_hand,user_hand: log_only=['fear of isolation'] engine_only=['forest'],4,0,0,0,1,0,0,0,1,0,0,0,0,ok,180
430,1,9,5,user_hand,user_6,user_hand,user_hand: log_only=['forest'] engine_only=['enduring curiosity'],8,4,0,0,5,4,3,0,1,0,3,0,0,ok,354
431,1,12,3,user_creatures,user_4,user_creatures oppo_hand,user_creatures: log_only=[] engine_only=['cryptid inspector'] ; oppo_hand: log=5 engine=6,4,2,2,0,3,2,1,0,1,0,1,0,1,ok,384
432,1,8,1,user_lands,user_2,user_lands user_noncreatures user_hand,user_lands: log_only=['island'] engine_only=[] ; user_noncreatures: log_only=[] engine_only=['underwater tunnel'] ; user_hand: log_only=['underwater tunnel'] engine_only=['island'],7,1,0,0,1,1,0,0,0,0,0,0,0,ok,214
433,1,9,7,user_life,user_8,user_life oppo_life user_creatures,user_life: log=15 engine=17 ; oppo_life: log=8 engine=10 ; user_creatures: log_only=['forest'] engine_only=['cautious survivor'],4,3,3,1,5,5,3,1,2,1,3,1,2,ok,222
434,1,7,3,user_creatures,oppo_4,user_creatures,user_creatures: log_only=['forest'] engine_only=['plains'],4,2,1,0,4,2,1,0,2,0,1,0,0,ok,188
435,1,6,1,user_hand,user_2,user_hand,user_hand: log_only=['forest'] engine_only=['slavering branchsnapper'],4,0,0,0,1,0,0,0,1,0,0,0,0,ok,162
436,1,9,2,oppo_life,user_3,oppo_life,oppo_life: log=17 engine=18,5,1,3,0,2,1,0,0,1,0,0,0,0,ok,322
437,1,7,1,user_hand,user_2,user_hand,user_hand: log_only=['wickerfolk thresher'] engine_only=['miasma demon'],5,0,1,0,1,0,0,0,1,0,0,0,0,ok,180
438,1,7,1,oppo_hand,oppo_2,oppo_hand,oppo_hand: log=6 engine=5,4,1,1,0,2,1,0,0,1,0,0,0,0,ok,169
439,1,5,2,oppo_life,user_3,oppo_life user_creatures oppo_hand,oppo_life: log=16 engine=17 ; user_creatures: log_only=['glimmer'] engine_only=[] ; oppo_hand: log=5 engine=6,4,2,1,0,2,2,2,0,0,0,2,0,0,ok,81
440,1,6,3,user_creatures,user_4,user_creatures user_noncreatures user_hand,"user_creatures: log_only=['mountain', 'spineseeker centipede'] engine_only=['grasping longneck'] ; user_noncreatures: log_only=[] engine_only=['treasure'] ; user_hand: log_only=['mountain'] engine_only=['spineseeker centipede']",6,3,0,0,3,3,4,0,0,0,4,0,1,ok,160
441,1,8,3,user_creatures,user_4,user_creatures,user_creatures: log_only=['island'] engine_only=['skullsnap nuisance'],6,2,1,0,3,2,0,1,1,0,0,1,0,ok,312
442,1,7,4,user_lands,user_5,user_lands user_creatures,user_lands: log_only=[] engine_only=['swamp'] ; user_creatures: log_only=['swamp'] engine_only=[],4,2,1,0,4,3,1,0,2,0,1,0,0,ok,171
443,1,8,7,user_creatures,user_8,user_creatures,user_creatures: log_only=[] engine_only=['glimmer'],4,3,2,2,6,3,0,1,3,0,0,1,0,ok,143
444,1,9,2,oppo_hand,oppo_3,oppo_hand,oppo_hand: log=3 engine=4,5,1,2,0,2,1,1,0,1,0,1,0,2,ok,234
445,1,8,3,user_creatures,user_4,user_creatures,user_creatures: log_only=['wary watchdog'] engine_only=[],5,3,2,0,3,3,1,0,0,0,1,0,1,ok,168
446,1,6,5,user_life,oppo_6,user_life oppo_hand,user_life: log=-2 engine=2 ; oppo_hand: log=3 engine=4,4,4,0,0,5,5,6,0,2,0,6,0,2,ok,154
447,1,8,3,oppo_life,user_4,oppo_life user_creatures oppo_hand,oppo_life: log=18 engine=20 ; user_creatures: log_only=['entity tracker'] engine_only=[] ; oppo_hand: log=6 engine=7,4,0,1,0,3,0,0,0,3,0,0,0,0,ok,143
448,1,12,3,user_creatures,user_4,user_creatures,user_creatures: log_only=[] engine_only=['wickerfolk thresher'],8,2,2,0,3,2,0,0,1,0,0,0,0,ok,351
449,1,9,3,oppo_hand,oppo_4,oppo_hand,oppo_hand: log=4 engine=3,5,3,3,1,4,3,1,0,1,0,1,0,0,ok,208
450,1,6,2,oppo_hand,oppo_3,oppo_hand,oppo_hand: log=5 engine=6,3,1,1,0,3,1,0,0,2,0,0,0,1,ok,113
451,1,5,2,oppo_life,user_3,oppo_life,oppo_life: log=16 engine=17,3,1,0,0,2,1,0,0,1,0,0,0,0,ok,117
452,1,8,3,user_creatures,oppo_4,user_creatures oppo_hand,user_creatures: log_only=[] engine_only=['overgrown zealot'] ; oppo_hand: log=2 engine=3,2,2,2,1,3,4,2,0,1,1,2,0,1,ok,165
453,1,15,3,user_hand,user_4,user_hand,user_hand: log_only=['swamp'] engine_only=['shroudstomper'],6,2,3,0,3,2,0,0,1,0,0,0,0,ok,562
454,1,5,3,oppo_life,user_4,oppo_life,oppo_life: log=17 engine=20,3,2,0,0,3,2,0,0,1,0,0,0,0,ok,69
455,1,7,3,user_hand,user_4,user_hand,user_hand: log_only=[] engine_only=['scorching dragonfire'],4,2,0,0,3,2,1,0,1,0,1,0,1,ok,143
456,1,12,2,oppo_life,user_3,oppo_life,oppo_life: log=17 engine=18,4,1,1,0,2,1,0,0,1,0,0,0,0,ok,359
457,1,9,3,oppo_hand,oppo_4,oppo_hand,oppo_hand: log=5 engine=4,7,3,1,0,3,3,2,1,0,0,2,1,0,ok,331
458,1,6,4,user_creatures,user_5,user_creatures,user_creatures: log_only=['break down the door'] engine_only=[],2,2,0,0,3,3,0,0,1,1,0,0,2,ok,137
459,1,10,3,oppo_hand,oppo_4,oppo_hand,oppo_hand: log=6 engine=5,5,0,2,0,2,0,0,0,2,0,0,0,1,ok,356
460,1,7,2,user_lands,user_3,user_lands user_hand,user_lands: log_only=['forest'] engine_only=[] ; user_hand: log_only=[] engine_only=['slavering branchsnapper'],4,1,1,0,2,1,0,0,1,0,0,0,1,ok,136
461,1,8,2,user_creatures,oppo_3,user_creatures,user_creatures: log_only=[] engine_only=['wildfire wickerfolk'],5,1,1,0,2,1,1,0,1,0,1,0,0,ok,247
462,1,9,2,oppo_life,user_3,oppo_life,oppo_life: log=16 engine=17,5,2,2,0,2,2,2,0,0,0,2,0,0,ok,385
463,1,7,3,user_life,oppo_4,user_life,user_life: log=16 engine=18,2,1,2,1,2,2,1,0,1,0,1,0,1,ok,165
464,1,6,2,user_life,oppo_3,user_life,user_life: log=18 engine=17,4,1,1,0,2,1,0,0,1,0,0,0,0,ok,154
465,1,8,0,oppo_hand,user_1,oppo_hand,oppo_hand: log=5 engine=6,7,0,1,0,0,0,0,0,0,0,0,0,0,ok,328
466,1,9,4,user_hand,oppo_5,user_hand,"user_hand: log_only=['emerge from the cocoon', 'swamp'] engine_only=['fear of abduction', 'plains']",6,3,2,1,4,3,1,0,1,0,1,0,0,ok,267
467,1,7,2,user_hand,oppo_3,user_hand,user_hand: log_only=['forest'] engine_only=['slavering branchsnapper'],4,0,0,0,2,0,0,0,2,0,0,0,0,ok,121
468,1,9,4,oppo_hand,oppo_5,oppo_hand,oppo_hand: log=4 engine=3,6,3,1,0,4,3,0,0,1,0,0,0,1,ok,449
469,1,9,3,user_lands,user_4,user_lands user_creatures,"user_lands: log_only=['plains'] engine_only=[] ; user_creatures: log_only=['rip, spawn hunter'] engine_only=[]",5,2,2,0,3,2,2,0,1,0,2,0,1,ok,173
470,1,13,4,user_creatures,user_5,user_creatures user_hand,user_creatures: log_only=['mirror room'] engine_only=['moldering gym'] ; user_hand: log_only=['moldering gym'] engine_only=['tunnel surveyor'],7,3,1,0,4,3,1,2,1,0,1,2,0,ok,352
471,1,9,1,user_hand,oppo_2,user_hand,user_hand: log_only=['island'] engine_only=['daggermaw megalodon'],6,0,1,0,2,0,0,0,2,0,0,0,0,ok,160
472,1,12,2,user_creatures,oppo_3,user_creatures,user_creatures: log_only=[] engine_only=['twitching doll'],7,1,2,0,2,1,0,0,1,0,0,0,0,ok,320
473,1,9,4,oppo_life,oppo_5,oppo_life user_noncreatures,oppo_life: log=20 engine=18 ; user_noncreatures: log_only=[] engine_only=['cracked skull'],7,4,2,1,4,6,3,0,0,0,3,0,0,ok,289
474,1,6,3,user_lands,user_4,user_lands user_creatures user_hand,user_lands: log_only=['plains'] engine_only=[] ; user_creatures: log_only=['splitskin doll'] engine_only=[] ; user_hand: log_only=[] engine_only=['splitskin doll'],5,2,0,0,3,2,1,0,1,0,1,0,2,ok,169
475,1,11,5,user_creatures,oppo_6,user_creatures oppo_hand,user_creatures: log_only=[] engine_only=['oblivious bookworm'] ; oppo_hand: log=2 engine=3,6,3,2,0,5,3,0,1,2,0,0,1,1,ok,388
476,1,8,3,oppo_life,user_4,oppo_life user_hand,oppo_life: log=16 engine=14 ; user_hand: log_only=[] engine_only=['ragged playmate'],5,2,1,0,3,2,1,0,1,0,1,0,3,ok,298
477,1,8,1,user_hand,user_2,user_hand,user_hand: log_only=['the swarmweaver'] engine_only=['mountain'],6,0,0,0,1,0,0,0,1,0,0,0,0,ok,148
478,1,8,2,oppo_hand,oppo_3,oppo_hand,oppo_hand: log=4 engine=3,6,2,0,0,3,2,0,1,1,0,0,1,0,ok,290
479,1,9,6,user_life,oppo_7,user_life user_hand oppo_hand,user_life: log=12 engine=9 ; user_hand: log_only=[] engine_only=['drag to the roots'] ; oppo_hand: log=1 engine=3,4,4,3,1,6,5,0,1,2,0,0,1,5,ok,300
480,1,8,2,user_creatures,user_3,user_creatures,"user_creatures: log_only=['mountain'] engine_only=[""painter's studio""]",2,0,1,0,2,0,0,0,2,0,0,0,0,ok,198
481,1,13,2,user_hand,oppo_3,user_hand,user_hand: log_only=['swamp'] engine_only=['spectral snatcher'],8,0,0,0,2,0,0,0,2,0,0,0,0,ok,319
482,1,10,1,user_hand,user_2,user_hand,user_hand: log_only=['mountain'] engine_only=['plains'],8,1,0,0,1,1,1,0,0,0,1,0,0,ok,143
483,1,8,4,user_hand,user_5,user_hand,user_hand: log_only=['moldering gym'] engine_only=['lakeside shack'],5,2,3,0,4,2,0,2,2,0,0,2,0,ok,152
484,1,6,2,user_lands,user_3,user_lands user_hand,user_lands: log_only=['forest'] engine_only=[] ; user_hand: log_only=[] engine_only=['slavering branchsnapper'],3,1,0,0,2,1,0,0,1,0,0,0,1,ok,123
485,1,7,2,user_hand,user_3,user_hand,user_hand: log_only=['under the skin'] engine_only=['growing dread'],5,1,0,0,2,1,0,0,1,0,0,0,0,ok,167
486,1,6,4,oppo_hand,oppo_5,oppo_hand,oppo_hand: log=2 engine=4,5,4,2,2,5,5,5,0,1,0,5,0,5,ok,101
487,1,7,2,user_creatures,user_3,user_creatures,user_creatures: log_only=['innocuous rat'] engine_only=['piggy bank'],6,1,1,0,2,1,0,0,1,0,0,0,0,ok,187
488,1,9,4,user_creatures,oppo_5,user_creatures user_hand oppo_hand,user_creatures: log_only=['floodpits drowner'] engine_only=['stalked researcher'] ; user_hand: log_only=[] engine_only=['floodpits drowner'] ; oppo_hand: log=2 engine=3,7,3,1,1,4,3,0,0,1,0,0,0,3,ok,267
489,1,12,2,user_life,oppo_3,user_life,user_life: log=18 engine=19,5,1,2,0,2,1,0,0,1,0,0,0,0,ok,488
490,1,11,3,user_creatures,user_4,user_creatures user_hand,user_creatures: log_only=['patchwork beastie'] engine_only=[] ; user_hand: log_only=['insidious fungus'] engine_only=['fear of being hunted'],7,2,2,0,3,2,4,0,1,0,4,0,1,ok,317
491,1,10,7,user_creatures,user_8,user_creatures,user_creatures: log_only=['fear of surveillance'] engine_only=['acrobatic cheerleader'],6,4,1,1,4,6,6,0,1,1,6,0,1,ok,326
492,1,6,2,oppo_life,user_3,oppo_life,oppo_life: log=9 engine=18,3,1,1,0,2,1,0,1,1,0,0,1,0,ok,101
493,1,11,6,user_creatures,oppo_7,user_creatures oppo_hand,user_creatures: log_only=[] engine_only=['omnivorous flytrap'] ; oppo_hand: log=3 engine=4,6,4,2,1,6,4,0,0,2,0,0,0,4,ok,355
494,1,9,4,user_creatures,oppo_5,user_creatures user_hand,"user_creatures: log_only=[] engine_only=['glimmer'] ; user_hand: log_only=['most valuable slayer', 'plains'] engine_only=['forest', 'island']",5,2,2,0,4,2,0,1,2,0,0,1,1,ok,291
495,1,8,3,oppo_life,user_4,oppo_life user_creatures user_hand,"oppo_life: log=20 engine=22 ; user_creatures: log_only=['gremlin', 'razorkin hordecaller'] engine_only=[] ; user_hand: log_only=[] engine_only=['razorkin hordecaller']",5,2,1,0,3,2,0,0,1,0,0,0,3,ok,159
496,1,7,4,user_life,oppo_5,user_life,user_life: log=10 engine=11,6,4,1,0,4,4,4,0,0,0,4,0,0,ok,223
497,1,9,4,user_lands,user_5,user_lands user_hand,user_lands: log_only=['plains'] engine_only=[] ; user_hand: log_only=[] engine_only=['shepherding spirits'],6,3,2,1,4,3,1,0,1,0,1,0,2,ok,181
498,1,6,4,user_life,oppo_5,user_life oppo_life,user_life: log=9 engine=11 ; oppo_life: log=20 engine=16,2,2,0,0,3,2,0,0,1,0,0,0,0,ok,82
499,1,8,5,oppo_hand,oppo_6,oppo_hand,oppo_hand: log=2 engine=3,5,4,1,0,5,5,0,0,1,0,0,0,2,ok,232
500,1,5,4,user_hand,user_5,user_hand,user_hand: log_only=['island'] engine_only=['bleeding woods'],4,3,0,0,4,3,3,0,1,0,3,0,0,ok,1191
501,1,9,4,user_creatures,user_5,user_creatures,user_creatures: log_only=['glimmer'] engine_only=[],7,4,0,0,4,5,4,0,0,0,4,0,0,ok,805
502,1,10,4,user_hand,oppo_5,user_hand,"user_hand: log_only=['creeping peeper', 'fear of falling'] engine_only=['conductive machete', 'trapped in the screen']",5,2,0,0,4,3,2,0,2,0,2,0,0,ok,891
503,1,8,1,user_hand,user_2,user_hand,user_hand: log_only=['growing dread'] engine_only=['vanish from sight'],5,1,1,0,1,1,0,0,0,0,0,0,0,ok,456
504,1,14,3,oppo_life,user_4,oppo_life,oppo_life: log=17 engine=16,7,2,4,1,3,3,1,0,1,0,1,0,0,ok,1068
505,1,7,1,oppo_life,user_2,oppo_life user_hand,oppo_life: log=17 engine=20 ; user_hand: log_only=['spineseeker centipede'] engine_only=['terramorphic expanse'],6,1,1,0,1,1,0,0,0,0,0,0,1,ok,269
506,1,6,1,user_hand,user_2,user_hand,user_hand: log_only=['fanatic of the harrowing'] engine_only=['shroudstomper'],4,0,2,0,1,0,0,0,1,0,0,0,0,ok,138
507,1,7,5,user_life,oppo_6,user_life oppo_hand,user_life: log=10 engine=12 ; oppo_hand: log=3 engine=4,3,3,0,0,4,3,0,0,1,0,0,0,1,ok,208
508,1,6,2,user_creatures,oppo_3,user_creatures user_noncreatures user_hand,user_creatures: log_only=['cryptid inspector'] engine_only=[] ; user_noncreatures: log_only=['growing dread'] engine_only=[] ; user_hand: log_only=[] engine_only=['growing dread'],2,1,0,0,2,1,0,0,1,0,0,0,0,ok,135
509,1,9,2,user_hand,oppo_3,user_hand,user_hand: log_only=['mountain'] engine_only=['bedhead beastie'],4,0,1,0,2,0,0,0,2,0,0,0,0,ok,426
510,1,10,0,oppo_hand,user_1,oppo_hand,oppo_hand: log=5 engine=6,5,0,5,0,0,0,0,0,0,0,0,0,0,ok,387
511,1,8,2,user_hand,user_3,user_hand,user_hand: log_only=['mountain'] engine_only=['raucous carnival'],6,1,0,0,2,1,0,0,1,0,0,0,0,ok,428
512,1,15,1,user_hand,oppo_2,user_hand,user_hand: log_only=['forest'] engine_only=['slavering branchsnapper'],6,0,1,0,2,0,0,0,2,0,0,0,0,ok,246
513,1,9,2,user_life,oppo_3,user_life,user_life: log=17 engine=18,8,2,0,0,2,2,1,0,0,0,1,0,0,ok,230
514,1,9,4,user_noncreatures,user_5,user_noncreatures,user_noncreatures: log_only=['glassworks'] engine_only=['nowhere to run'],8,4,0,0,4,4,3,0,0,0,3,0,1,ok,500
515,1,10,4,user_creatures,user_5,user_creatures oppo_hand,user_creatures: log_only=[] engine_only=['irreverent gremlin'] ; oppo_hand: log=2 engine=3,5,2,0,0,3,3,1,0,1,1,1,0,0,ok,303
516,1,10,3,user_creatures,user_4,user_creatures,user_creatures: log_only=['wary watchdog'] engine_only=['flesh burrower'],5,2,1,1,3,2,0,0,1,0,0,0,0,ok,337
517,1,11,3,user_hand,oppo_4,user_hand,"user_hand: log_only=['forest', 'seized from slumber'] engine_only=['plains', 'slavering branchsnapper']",3,0,0,0,4,0,0,0,4,0,0,0,0,ok,232
518,1,8,6,oppo_life,user_7,oppo_life,oppo_life: log=5 engine=6,5,4,2,1,5,5,4,0,1,1,4,0,1,ok,306
519,1,5,4,oppo_hand,oppo_5,oppo_hand,oppo_hand: log=8 engine=7,3,3,0,0,4,3,2,0,1,0,2,0,0,ok,101
520,1,10,1,user_hand,user_2,user_hand,user_hand: log_only=['meat locker'] engine_only=['vanish from sight'],8,1,0,0,1,1,0,0,0,0,0,0,0,ok,415
521,1,6,2,user_hand,user_3,user_hand,user_hand: log_only=['island'] engine_only=['forest'],4,0,1,0,2,0,0,0,2,0,0,0,0,ok,258
522,1,3,1,oppo_life,user_2,oppo_life,oppo_life: log=18 engine=19,3,1,0,0,1,1,0,0,0,0,0,0,0,ok,67
523,1,7,4,user_life,oppo_5,user_life,user_life: log=16 engine=14,5,3,2,0,4,3,0,1,1,0,0,1,0,ok,212
524,1,11,2,user_hand,user_3,user_hand,user_hand: log_only=['plains'] engine_only=['the jolly balloon man'],4,1,1,0,2,1,0,0,1,0,0,0,0,ok,249
525,1,6,3,user_lands,user_4,user_lands user_hand,"user_lands: log_only=['plains'] engine_only=[] ; user_hand: log_only=['arabella, abandoned doll'] engine_only=['impossible inferno', 'plains']",5,2,0,0,3,2,1,0,1,0,1,0,1,ok,144
526,1,7,5,oppo_hand,oppo_6,oppo_hand,oppo_hand: log=1 engine=2,4,3,0,0,4,4,1,0,2,0,1,0,2,ok,238
527,1,8,4,user_hand,user_5,user_hand,user_hand: log_only=['plains'] engine_only=[],5,4,1,0,4,5,2,1,0,0,2,1,0,ok,345
528,1,10,3,oppo_life,user_4,oppo_life,oppo_life: log=16 engine=15,4,1,1,0,2,2,1,0,1,1,1,0,0,ok,419
529,1,8,2,user_hand,oppo_3,user_hand oppo_hand,user_hand: log_only=['island'] engine_only=['daggermaw megalodon'] ; oppo_hand: log=4 engine=5,6,1,0,0,3,1,0,0,2,0,0,0,0,ok,296
530,1,5,2,user_hand,user_3,user_hand,user_hand: log_only=['defiant survivor'] engine_only=['bashful beastie'],2,1,0,0,2,1,0,0,1,0,0,0,0,ok,153
531,1,7,1,user_hand,user_2,user_hand,"user_hand: log_only=['meat locker'] engine_only=['forest', 'monstrous emergence']",6,1,1,0,1,1,0,0,0,0,0,0,0,ok,328
532,1,6,4,user_life,oppo_5,user_life user_creatures user_hand oppo_hand,user_life: log=6 engine=8 ; user_creatures: log_only=[] engine_only=['irreverent gremlin'] ; user_hand: log_only=['irreverent gremlin'] engine_only=[] ; oppo_hand: log=5 engine=3,4,3,0,0,4,4,1,0,1,0,1,0,4,ok,242
533,1,5,3,user_life,oppo_4,user_life,user_life: log=16 engine=18,1,1,0,0,3,2,0,0,2,1,0,0,0,ok,85
534,1,8,2,oppo_life,user_3,oppo_life,oppo_life: log=18 engine=19,5,1,0,0,2,1,0,0,1,0,0,0,0,ok,283
535,1,9,4,oppo_hand,oppo_5,oppo_hand,oppo_hand: log=3 engine=4,6,3,1,1,4,4,5,0,1,0,5,0,6,ok,282
536,1,10,2,oppo_life,user_3,oppo_life user_creatures,"oppo_life: log=16 engine=18 ; user_creatures: log_only=['norin, swift survivalist'] engine_only=[]",5,1,2,0,2,1,1,0,1,0,1,0,0,ok,220
537,1,7,2,user_lands,user_3,user_lands user_hand,"user_lands: log_only=['mountain'] engine_only=[] ; user_hand: log_only=['glassworks'] engine_only=['mountain', 'unsettling twins']",5,1,0,0,2,1,0,0,1,0,0,0,1,ok,197
538,1,12,4,user_creatures,user_5,user_creatures,user_creatures: log_only=[] engine_only=['floodpits drowner'],6,2,2,0,4,2,1,0,2,0,1,0,0,ok,446
539,1,6,5,user_creatures,oppo_6,user_creatures user_hand,"user_creatures: log_only=['unsettling twins'] engine_only=[] ; user_hand: log_only=['fear of burning alive', 'jump scare', 'violent urge'] engine_only=[]",3,3,2,1,5,3,2,0,2,0,2,0,0,ok,141
540,1,10,2,oppo_hand,user_3,oppo_hand,oppo_hand: log=5 engine=4,4,1,1,0,2,1,0,0,1,0,0,0,0,ok,205
541,1,5,5,,,,,3,3,1,1,5,3,4,0,2,0,4,0,0,ok,105
542,1,7,4,user_creatures,user_5,user_creatures,user_creatures: log_only=['dashing bloodsucker'] engine_only=[],4,3,2,1,4,3,0,0,1,0,0,0,0,ok,161
543,1,9,2,oppo_life,user_3,oppo_life,oppo_life: log=17 engine=18,4,1,0,0,2,1,0,0,1,0,0,0,0,ok,344
544,1,9,5,user_creatures,oppo_6,user_creatures user_noncreatures user_hand oppo_hand,"user_creatures: log_only=['gremlin'] engine_only=[] ; user_noncreatures: log_only=[""shardmage's rescue""] engine_only=[] ; user_hand: log_only=[] engine_only=[""shardmage's rescue""] ; oppo_hand: log=0 engine=1",7,4,0,0,5,4,0,1,1,0,0,1,1,ok,311
545,1,9,3,user_life,user_4,user_life oppo_life user_creatures,"user_life: log=23 engine=20 ; oppo_life: log=15 engine=18 ; user_creatures: log_only=['gremlin', 'gremlin', 'gremlin'] engine_only=[]",5,2,2,1,3,3,1,0,1,0,1,0,1,ok,182
546,1,6,4,oppo_life,user_5,oppo_life user_lands user_creatures user_noncreatures,oppo_life: log=13 engine=18 ; user_lands: log_only=['swamp'] engine_only=[] ; user_creatures: log_only=['hedge shredder'] engine_only=[] ; user_noncreatures: log_only=[] engine_only=['hedge shredder'],5,3,1,0,4,3,2,0,1,0,2,0,1,ok,123
547,1,9,6,oppo_hand,oppo_7,oppo_hand,oppo_hand: log=3 engine=1,4,2,2,0,4,4,3,3,2,2,3,3,1,ok,241
548,1,11,3,user_creatures,user_4,user_creatures,"user_creatures: log_only=['defiant survivor', 'patchwork beastie'] engine_only=[]",6,3,2,0,3,3,1,0,0,0,1,0,0,ok,195
549,1,7,1,user_creatures,oppo_2,user_creatures,user_creatures: log_only=[] engine_only=['hand that feeds'],4,1,0,0,2,1,0,0,1,0,0,0,0,ok,200
550,1,12,3,user_life,oppo_4,user_life,user_life: log=14 engine=15,8,2,2,1,4,2,0,0,2,0,0,0,0,ok,327
551,1,9,6,user_creatures,user_7,user_creatures,user_creatures: log_only=['resurrected cultist'] engine_only=[],5,4,0,0,5,6,3,2,1,1,3,2,0,ok,230
552,1,10,3,oppo_hand,oppo_4,oppo_hand,oppo_hand: log=2 engine=4,4,2,1,0,3,2,0,0,1,0,0,0,3,ok,208
553,1,7,2,user_creatures,user_3,user_creatures,"user_creatures: log_only=['norin, swift survivalist'] engine_only=[]",5,2,1,0,2,2,1,0,0,0,1,0,1,ok,166
554,1,7,4,oppo_life,user_5,oppo_life user_creatures,oppo_life: log=20 engine=18 ; user_creatures: log_only=[] engine_only=['tunnel surveyor'],5,4,0,0,4,5,1,0,0,0,1,0,1,ok,203
555,1,12,2,user_lands,user_3,user_lands user_noncreatures user_hand,user_lands: log_only=['forest'] engine_only=[] ; user_noncreatures: log_only=[] engine_only=['growing dread'] ; user_hand: log_only=['growing dread'] engine_only=['forest'],6,0,0,0,2,0,0,0,2,0,0,0,0,ok,620
556,1,10,1,user_creatures,user_2,user_creatures oppo_hand,user_creatures: log_only=[] engine_only=['wildfire wickerfolk'] ; oppo_hand: log=5 engine=6,5,0,2,0,1,0,0,0,1,0,0,0,1,ok,225
557,1,7,3,user_life,oppo_4,user_life,user_life: log=14 engine=16,3,1,0,0,2,2,0,0,1,1,0,0,0,ok,178
558,1,11,3,user_creatures,user_4,user_creatures,user_creatures: log_only=['spineseeker centipede'] engine_only=[],6,2,5,0,3,2,1,0,1,0,1,0,0,ok,313
559,1,10,1,oppo_hand,user_2,oppo_hand,oppo_hand: log=6 engine=5,6,0,0,0,1,0,0,0,1,0,0,0,0,ok,344
560,1,9,2,oppo_life,user_3,oppo_life user_creatures,oppo_life: log=17 engine=15 ; user_creatures: log_only=['clockwork percussionist'] engine_only=['wary watchdog'],6,2,2,0,2,2,2,0,0,0,2,0,1,ok,221
561,1,8,2,user_hand,oppo_3,user_hand,user_hand: log_only=['swamp'] engine_only=['spectral snatcher'],5,1,1,0,2,1,2,0,1,0,2,0,0,ok,160
562,1,7,2,user_creatures,user_3,user_creatures user_hand oppo_hand,user_creatures: log_only=['mountain'] engine_only=[] ; user_hand: log_only=[] engine_only=['unnerving grasp'] ; oppo_hand: log=5 engine=4,5,1,0,0,2,1,0,0,1,0,0,0,1,ok,177
563,1,10,3,user_creatures,oppo_4,user_creatures,"user_creatures: log_only=[] engine_only=[""valgavoth's lair""]",5,1,2,0,3,1,1,0,2,0,1,0,0,ok,306
564,1,8,3,user_creatures,oppo_4,user_creatures,user_creatures: log_only=['fear of surveillance'] engine_only=['living phone'],4,2,1,0,3,2,1,0,1,0,1,0,0,ok,367
565,1,6,3,user_life,oppo_4,user_life oppo_hand,user_life: log=17 engine=20 ; oppo_hand: log=4 engine=3,4,2,0,0,3,2,0,0,1,0,0,0,0,ok,139
566,1,8,2,user_lands,oppo_3,user_lands user_hand,user_lands: log_only=['bleeding woods'] engine_only=[] ; user_hand: log_only=['bashful beastie'] engine_only=['bleeding woods'],5,1,0,0,2,1,0,0,1,0,0,0,0,ok,132
567,1,11,3,user_creatures,oppo_4,user_creatures oppo_hand,user_creatures: log_only=[] engine_only=['glimmer'] ; oppo_hand: log=2 engine=3,5,3,3,1,4,3,1,0,1,0,1,0,2,ok,334
568,1,9,2,user_hand,user_3,user_hand,user_hand: log_only=['turn inside out'] engine_only=['ticket booth'],6,1,1,0,2,1,0,0,1,0,0,0,0,ok,280
569,1,9,2,user_hand,oppo_3,user_hand,"user_hand: log_only=[""duskmourn's domination""] engine_only=['vanish from sight']",5,2,0,0,3,2,1,0,1,0,1,0,0,ok,275
570,1,8,2,user_lands,user_3,user_lands user_hand,user_lands: log_only=['plains'] engine_only=[] ; user_hand: log_only=[] engine_only=['shepherding spirits'],4,1,2,0,2,1,0,0,1,0,0,0,1,ok,159
571,1,9,4,user_hand,oppo_5,user_hand,"user_hand: log_only=['stay hidden, stay silent'] engine_only=['daggermaw megalodon']",7,3,1,0,4,3,0,0,1,0,0,0,0,ok,415
572,1,9,4,oppo_life,user_5,oppo_life,oppo_life: log=11 engine=10,6,4,1,0,4,4,8,0,0,0,8,0,0,ok,164
573,1,9,4,oppo_hand,oppo_5,oppo_hand,oppo_hand: log=7 engine=5,8,3,1,0,4,3,1,0,1,0,1,0,1,ok,222
574,1,11,1,user_noncreatures,user_2,user_noncreatures user_hand,user_noncreatures: log_only=['overlord of the balemurk'] engine_only=[] ; user_hand: log_only=['fear of isolation'] engine_only=['overlord of the balemurk'],6,0,1,0,1,0,0,0,1,0,0,0,1,ok,257
575,1,7,3,user_noncreatures,oppo_4,user_noncreatures user_hand,user_noncreatures: log_only=[] engine_only=['keys to the house'] ; user_hand: log_only=['plains'] engine_only=[],5,2,1,0,3,2,0,0,1,0,0,0,1,ok,192
576,1,11,6,user_creatures,user_7,user_creatures user_noncreatures,user_creatures: log_only=['gremlin'] engine_only=[] ; user_noncreatures: log_only=['unidentified hovership'] engine_only=[],4,3,2,0,6,3,3,0,3,0,3,0,1,ok,208
577,1,8,2,user_creatures,oppo_3,user_creatures user_hand,"user_creatures: log_only=['glimmer'] engine_only=[] ; user_hand: log_only=['island', 'mountain'] engine_only=['glimmerburst']",6,2,2,0,3,2,1,0,1,0,1,0,1,ok,191
578,1,6,3,oppo_life,user_4,oppo_life user_lands,oppo_life: log=7 engine=8 ; user_lands: log_only=['swamp'] engine_only=[],4,2,2,0,3,2,2,0,1,0,2,0,2,ok,86
579,1,14,2,user_hand,user_3,user_hand,user_hand: log_only=['scorching dragonfire'] engine_only=['mountain'],7,1,4,1,2,1,0,0,1,0,0,0,0,ok,711
580,1,8,2,user_lands,user_3,user_lands user_creatures user_hand,user_lands: log_only=['plains'] engine_only=[] ; user_creatures: log_only=[] engine_only=['veteran survivor'] ; user_hand: log_only=['veteran survivor'] engine_only=['plains'],5,1,0,0,2,1,0,0,1,0,0,0,1,ok,240
581,1,7,2,oppo_life,user_3,oppo_life,oppo_life: log=16 engine=18,3,1,0,0,2,1,0,0,1,0,0,0,0,ok,136
582,1,10,1,user_noncreatures,user_2,user_noncreatures user_hand,user_noncreatures: log_only=['overlord of the balemurk'] engine_only=[] ; user_hand: log_only=['tunnel surveyor'] engine_only=['overlord of the balemurk'],5,0,0,0,1,0,0,0,1,0,0,0,1,ok,401
583,1,9,2,user_hand,user_3,user_hand,user_hand: log_only=['unable to scream'] engine_only=['floodpits drowner'],8,1,0,0,2,1,0,0,1,0,0,0,0,ok,297
584,1,6,4,oppo_hand,oppo_5,oppo_hand,oppo_hand: log=8 engine=7,4,3,0,0,4,3,2,0,1,0,2,0,0,ok,71
585,1,10,4,user_life,user_5,user_life oppo_life,user_life: log=18 engine=20 ; oppo_life: log=11 engine=12,4,2,4,1,3,3,3,0,1,1,3,0,0,ok,460
586,1,7,1,user_hand,user_2,user_hand,user_hand: log_only=['fear of exposure'] engine_only=['cryptid inspector'],6,0,1,0,1,0,0,0,1,0,0,0,0,ok,183
587,1,7,3,user_life,oppo_4,user_life,user_life: log=16 engine=17,6,3,0,0,3,3,1,0,0,0,1,0,0,ok,153
588,1,11,5,user_creatures,oppo_6,user_creatures user_hand oppo_hand,"user_creatures: log_only=[] engine_only=['glimmer'] ; user_hand: log_only=['break down the door', 'vile mutilator'] engine_only=['drag to the roots', 'paranormal analyst'] ; oppo_hand: log=3 engine=2",6,3,1,0,5,4,0,1,2,0,0,0,1,ok,541
589,1,6,5,oppo_hand,oppo_6,oppo_hand,oppo_hand: log=0 engine=2,2,2,0,0,4,3,0,0,2,1,0,0,3,ok,149
590,1,11,3,user_noncreatures,user_4,user_noncreatures user_hand,user_noncreatures: log_only=['roaring furnace'] engine_only=[] ; user_hand: log_only=['balustrade wurm'] engine_only=['roaring furnace'],8,2,1,0,3,2,0,0,1,0,0,0,2,ok,357
591,1,7,4,oppo_life,oppo_5,oppo_life oppo_hand,oppo_life: log=17 engine=14 ; oppo_hand: log=3 engine=4,5,4,0,0,4,4,3,0,0,0,3,0,2,ok,194
592,1,9,2,oppo_life,user_3,oppo_life user_creatures,oppo_life: log=20 engine=16 ; user_creatures: log_only=[] engine_only=['fear of being hunted'],6,0,3,0,2,0,0,0,2,0,0,0,1,ok,157
593,1,7,4,oppo_life,user_5,oppo_life,oppo_life: log=11 engine=12,4,3,1,0,4,4,0,0,1,0,0,0,0,ok,148
594,1,9,4,user_life,user_5,user_life,user_life: log=22 engine=20,6,3,3,1,4,4,1,0,1,0,1,0,1,ok,277
595,1,8,4,user_noncreatures,user_5,user_noncreatures,user_noncreatures: log_only=['unable to scream'] engine_only=[],2,1,1,0,4,1,0,0,3,0,0,0,0,ok,184
596,1,9,3,user_life,oppo_4,user_life user_creatures,user_life: log=14 engine=15 ; user_creatures: log_only=[] engine_only=['acrobatic cheerleader'],2,2,0,0,3,2,1,0,1,0,1,0,0,ok,241
597,1,7,2,user_lands,user_3,user_lands user_hand,user_lands: log_only=['mountain'] engine_only=[] ; user_hand: log_only=[] engine_only=['bedhead beastie'],4,2,1,0,2,2,1,0,0,0,1,0,1,ok,146
598,1,14,3,user_hand,user_4,user_hand,user_hand: log_only=['vanish from sight'] engine_only=[],8,1,2,0,3,1,0,0,2,0,0,0,1,ok,573
599,1,10,5,oppo_life,oppo_6,oppo_life user_creatures,oppo_life: log=23 engine=20 ; user_creatures: log_only=['glimmer'] engine_only=['splitskin doll'],7,3,0,0,5,4,0,0,2,0,0,0,1,ok,428
600,1,5,4,user_creatures,user_5,user_creatures,user_creatures: log_only=['ghostly dancers'] engine_only=[],3,3,0,0,4,3,2,0,1,0,2,0,0,ok,996
601,1,9,2,user_creatures,user_3,user_creatures user_hand,user_creatures: log_only=['wary watchdog'] engine_only=[] ; user_hand: log_only=[] engine_only=['wary watchdog'],5,1,1,0,2,1,0,0,1,0,0,0,1,ok,742
602,1,7,3,oppo_life,user_4,oppo_life user_creatures,oppo_life: log=20 engine=17 ; user_creatures: log_only=[] engine_only=['fear of impostors'],3,1,0,0,3,1,0,0,2,0,0,0,1,ok,444
603,1,12,5,user_life,oppo_6,user_life user_creatures user_hand,user_life: log=16 engine=12 ; user_creatures: log_only=['appendage amalgam'] engine_only=[] ; user_hand: log_only=[] engine_only=['appendage amalgam'],4,2,2,1,5,3,0,2,3,0,0,2,0,ok,564
604,1,9,2,user_life,oppo_3,user_life,user_life: log=17 engine=20,5,2,1,0,3,2,0,0,1,0,0,0,0,ok,569
605,1,7,1,user_creatures,user_2,user_creatures,user_creatures: log_only=['forest'] engine_only=['tunnel surveyor'],4,0,1,0,1,0,0,0,1,0,0,0,0,ok,409
606,1,5,3,oppo_hand,oppo_4,oppo_hand,oppo_hand: log=1 engine=2,4,2,2,0,3,2,1,0,1,0,1,0,1,ok,196
607,1,8,4,user_creatures,oppo_5,user_creatures,user_creatures: log_only=[] engine_only=['insidious fungus'],4,2,2,2,4,3,0,0,2,0,0,0,0,ok,306
608,1,7,3,oppo_life,user_4,oppo_life,oppo_life: log=16 engine=17,6,3,0,0,3,3,1,0,0,0,1,0,0,ok,310
609,1,8,3,oppo_life,user_4,oppo_life,oppo_life: log=14 engine=13,5,3,1,0,3,3,2,0,0,0,2,0,0,ok,460
610,1,15,2,user_hand,oppo_3,user_hand,user_hand: log_only=[] engine_only=['get out'],2,0,3,0,2,0,0,0,2,0,0,0,1,ok,563
611,1,6,2,user_hand,user_3,user_hand,user_hand: log_only=['mountain'] engine_only=[],4,1,2,1,2,2,2,0,1,0,2,0,0,ok,160
612,1,12,2,user_lands,user_3,user_lands user_hand,user_lands: log_only=['mountain'] engine_only=[] ; user_hand: log_only=[] engine_only=['mountain'],7,1,3,0,2,1,0,0,1,0,0,0,1,ok,518
613,1,10,5,oppo_life,user_6,oppo_life,oppo_life: log=12 engine=13,6,4,1,0,5,4,5,0,1,0,5,0,0,ok,365
614,1,6,3,user_creatures,user_4,user_creatures,user_creatures: log_only=['wary watchdog'] engine_only=['mountain'],4,2,0,0,3,2,1,0,1,0,1,0,0,ok,185
615,1,12,3,oppo_hand,user_4,oppo_hand,oppo_hand: log=5 engine=6,7,2,0,0,3,2,1,0,1,0,1,0,0,ok,385
616,1,7,4,user_lands,user_5,user_lands user_hand,user_lands: log_only=['forest'] engine_only=[] ; user_hand: log_only=[] engine_only=['slavering branchsnapper'],5,3,1,0,4,3,1,0,1,0,1,0,1,ok,217
617,1,9,3,oppo_life,user_4,oppo_life,oppo_life: log=16 engine=17,5,2,0,0,3,2,1,0,1,0,1,0,0,ok,439
618,1,13,2,user_hand,user_3,user_hand,user_hand: log_only=['slavering branchsnapper'] engine_only=['swamp'],7,1,2,0,2,1,0,0,1,0,0,0,0,ok,444
619,1,13,2,user_hand,oppo_3,user_hand,user_hand: log_only=['forest'] engine_only=['slavering branchsnapper'],5,0,4,0,2,0,0,0,2,0,0,0,0,ok,463
620,1,8,2,user_creatures,oppo_3,user_creatures user_hand,user_creatures: log_only=['piggy bank'] engine_only=['erratic apparition'] ; user_hand: log_only=['erratic apparition'] engine_only=['piggy bank'],6,2,0,0,3,2,1,0,1,0,1,0,0,ok,252
621,1,10,3,user_hand,user_4,user_hand,user_hand: log_only=['forest'] engine_only=['broodspinner'],4,1,0,0,3,1,0,0,2,0,0,0,0,ok,558
622,1,11,1,user_hand,user_2,user_hand,user_hand: log_only=['emerge from the cocoon'] engine_only=['conductive machete'],6,0,1,0,1,0,0,0,1,0,0,0,0,ok,347
623,1,11,5,oppo_hand,oppo_6,oppo_hand,oppo_hand: log=2 engine=3,4,2,1,1,4,5,9,0,2,2,9,0,1,ok,346
624,1,7,2,user_creatures,user_3,user_creatures user_noncreatures user_hand,"user_creatures: log_only=['popular egotist', 'swamp'] engine_only=[] ; user_noncreatures: log_only=[] engine_only=['disturbing mirth'] ; user_hand: log_only=['mountain', 'popular egotist'] engine_only=['clockwork percussionist', 'spectral snatcher']",5,1,2,0,2,1,0,0,1,0,0,0,0,ok,225
625,1,10,3,oppo_life,user_4,oppo_life user_noncreatures,oppo_life: log=14 engine=13 ; user_noncreatures: log_only=[] engine_only=['sporogenic infection'],6,3,2,1,3,3,3,0,0,0,3,0,0,ok,342
626,1,9,1,user_lands,user_2,user_lands user_noncreatures user_hand,user_lands: log_only=['island'] engine_only=[] ; user_noncreatures: log_only=[] engine_only=['underwater tunnel'] ; user_hand: log_only=['underwater tunnel'] engine_only=['island'],7,1,0,0,1,1,0,0,0,0,0,0,0,ok,267
627,1,7,4,oppo_life,user_5,oppo_life user_lands user_creatures user_noncreatures,oppo_life: log=9 engine=8 ; user_lands: log_only=[] engine_only=['forest'] ; user_creatures: log_only=['forest'] engine_only=[] ; user_noncreatures: log_only=[] engine_only=['baseball bat'],5,3,1,1,4,4,2,0,1,0,2,0,0,ok,267
628,1,8,4,oppo_life,user_5,oppo_life oppo_hand,oppo_life: log=12 engine=16 ; oppo_hand: log=4 engine=5,6,3,1,0,4,3,0,1,1,0,0,1,3,ok,363
629,1,9,4,user_hand,oppo_5,user_hand,user_hand: log_only=['fear of immobility'] engine_only=['island'],5,3,0,0,4,3,1,1,1,0,1,1,0,ok,435
630,1,12,2,user_hand,oppo_3,user_hand oppo_hand,user_hand: log_only=['mountain'] engine_only=['bedhead beastie'] ; oppo_hand: log=3 engine=4,8,1,2,0,2,1,2,0,1,0,2,0,1,ok,338
631,1,8,3,oppo_life,user_4,oppo_life user_creatures,"oppo_life: log=17 engine=18 ; user_creatures: log_only=[] engine_only=['zimone, all-questioning']",5,2,1,0,3,2,1,0,1,0,1,0,4,ok,317
632,1,12,2,user_life,oppo_3,user_life,user_life: log=18 engine=19,7,2,1,0,2,2,2,0,0,0,2,0,0,ok,313
633,1,10,3,oppo_hand,oppo_4,oppo_hand,oppo_hand: log=4 engine=3,7,2,1,1,3,2,0,0,1,0,0,0,1,ok,424
634,1,9,2,user_hand,user_3,user_hand,user_hand: log_only=['mountain'] engine_only=['bashful beastie'],4,1,3,0,2,1,0,0,1,0,0,0,0,ok,210
635,1,10,2,oppo_hand,user_3,oppo_hand,oppo_hand: log=5 engine=6,7,1,3,0,2,1,0,0,1,0,0,0,0,ok,216
636,1,10,4,user_creatures,oppo_5,user_creatures user_hand,"user_creatures: log_only=[] engine_only=['glimmer'] ; user_hand: log_only=['bottomless pool', 'fear of surveillance'] engine_only=['entity tracker', 'terramorphic expanse']",5,3,1,0,5,3,1,0,2,0,1,0,1,ok,251
637,1,6,4,oppo_life,user_5,oppo_life user_creatures user_hand,"oppo_life: log=12 engine=13 ; user_creatures: log_only=['island'] engine_only=['rip, spawn hunter'] ; user_hand: log_only=['unsettling twins'] engine_only=['threats around every corner']",3,3,0,0,4,3,2,4,1,0,2,0,0,ok,121
638,1,7,4,user_creatures,user_5,user_creatures,user_creatures: log_only=['spirit'] engine_only=[],4,2,2,0,4,2,1,0,2,0,1,0,0,ok,166
639,1,8,4,user_creatures,user_5,user_creatures user_noncreatures user_hand,"user_creatures: log_only=['insect', 'insect'] engine_only=[] ; user_noncreatures: log_only=['overlord of the mistmoors'] engine_only=[] ; user_hand: log_only=[] engine_only=['overlord of the mistmoors']",3,1,0,0,4,1,2,0,3,0,2,0,1,ok,223
640,1,10,3,oppo_life,user_4,oppo_life,oppo_life: log=14 engine=12,7,2,0,0,3,2,1,0,1,0,1,0,0,ok,569
641,1,9,4,user_creatures,oppo_5,user_creatures,user_creatures: log_only=['unsettling twins'] engine_only=['fear of surveillance'],5,3,1,0,4,4,0,0,1,0,0,0,0,ok,245
642,1,9,4,user_hand,user_5,user_hand,user_hand: log_only=['roaring furnace'] engine_only=[],6,3,1,0,4,4,2,0,1,0,2,0,0,ok,272
643,1,10,4,oppo_life,user_5,oppo_life,oppo_life: log=17 engine=20,6,3,1,0,4,3,0,1,1,0,0,1,0,ok,401
644,1,8,2,user_creatures,oppo_3,user_creatures oppo_hand,user_creatures: log_only=[] engine_only=['piranha fly'] ; oppo_hand: log=3 engine=4,4,2,1,0,3,2,1,0,1,0,1,0,1,ok,162
645,1,6,3,oppo_life,user_4,oppo_life user_creatures oppo_hand,oppo_life: log=14 engine=11 ; user_creatures: log_only=[] engine_only=['shrewd storyteller'] ; oppo_hand: log=4 engine=5,5,3,0,0,3,3,1,0,0,0,1,0,1,ok,106
646,1,8,3,user_creatures,user_4,user_creatures,user_creatures: log_only=['murky sewer'] engine_only=[],4,3,0,0,3,3,0,0,0,0,0,0,0,ok,165
647,1,11,3,user_creatures,user_4,user_creatures,user_creatures: log_only=['plains'] engine_only=['savior of the small'],6,2,3,1,3,2,0,1,1,0,0,1,0,ok,330
648,1,8,3,oppo_life,oppo_4,oppo_life user_creatures,oppo_life: log=26 engine=24 ; user_creatures: log_only=[] engine_only=['hardened escort'],4,2,1,0,3,2,0,0,1,0,0,0,0,ok,213
649,1,9,3,user_creatures,user_4,user_creatures,user_creatures: log_only=['splitskin doll'] engine_only=[],5,2,2,1,3,3,1,0,1,0,1,0,0,ok,338
650,1,8,2,user_lands,user_3,user_lands user_hand,"user_lands: log_only=['mountain'] engine_only=[] ; user_hand: log_only=['turn inside out'] engine_only=['bashful beastie', 'mountain']",4,1,1,0,2,1,0,0,1,0,0,0,1,ok,148
651,1,8,2,oppo_hand,oppo_3,oppo_hand,oppo_hand: log=5 engine=4,5,2,1,0,3,2,2,0,1,0,2,0,0,ok,291
652,1,15,4,user_creatures,user_5,user_creatures user_hand,user_creatures: log_only=['innocuous rat'] engine_only=[] ; user_hand: log_only=[] engine_only=['fanatic of the harrowing'],8,2,2,1,4,3,0,0,2,0,0,0,1,ok,576
653,1,8,4,oppo_life,user_5,oppo_life user_creatures,oppo_life: log=16 engine=17 ; user_creatures: log_only=['spirit'] engine_only=[],5,3,0,0,4,3,1,0,1,0,1,0,0,ok,184
654,1,7,1,user_life,oppo_2,user_life,user_life: log=18 engine=19,4,0,0,0,1,0,0,0,1,0,0,0,0,ok,208
655,1,6,3,user_life,oppo_4,user_life,user_life: log=18 engine=20,3,3,1,0,4,3,0,1,1,0,0,1,0,ok,124
656,1,11,2,user_lands,user_3,user_lands user_hand,user_lands: log_only=['forest'] engine_only=[] ; user_hand: log_only=[] engine_only=['wickerfolk thresher'],5,1,2,0,2,1,0,0,1,0,0,0,1,ok,356
657,1,10,5,oppo_life,user_6,oppo_life,oppo_life: log=9 engine=12,5,4,0,0,5,5,4,0,1,0,4,0,0,ok,254
658,1,11,7,user_creatures,oppo_8,user_creatures user_noncreatures,user_creatures: log_only=['glimmer'] engine_only=[] ; user_noncreatures: log_only=[] engine_only=['glassworks'],6,5,3,1,7,6,2,2,2,0,2,2,0,ok,296
659,1,9,5,user_life,oppo_6,user_life oppo_hand,user_life: log=12 engine=13 ; oppo_hand: log=1 engine=2,6,3,2,1,4,5,0,0,2,1,0,0,2,ok,238
660,1,10,3,user_creatures,oppo_4,user_creatures oppo_hand,user_creatures: log_only=[] engine_only=['fear of surveillance'] ; oppo_hand: log=5 engine=6,6,3,1,1,4,4,3,0,1,0,3,0,1,ok,316
661,1,12,2,oppo_life,user_3,oppo_life,oppo_life: log=17 engine=18,7,1,3,0,2,1,0,0,1,0,0,0,0,ok,417
662,1,10,2,user_hand,user_3,user_hand,user_hand: log_only=['get out'] engine_only=[],9,1,1,0,2,1,0,0,1,0,0,0,0,ok,311
663,1,8,2,oppo_hand,oppo_3,oppo_hand,oppo_hand: log=4 engine=5,6,1,1,0,2,1,1,0,1,0,1,0,0,ok,152
664,1,12,3,user_creatures,oppo_4,user_creatures,user_creatures: log_only=[] engine_only=['rampaging soulrager'],8,2,0,0,3,2,0,1,1,0,0,1,0,ok,580
665,1,6,3,oppo_life,user_4,oppo_life,oppo_life: log=15 engine=16,5,2,1,0,3,2,1,0,1,0,1,0,0,ok,142
666,1,11,3,user_hand,oppo_4,user_hand,user_hand: log_only=['bashful beastie'] engine_only=['manifest dread'],3,1,2,0,3,1,0,0,2,0,0,0,0,ok,182
667,1,13,4,user_creatures,oppo_5,user_creatures,"user_creatures: log_only=[] engine_only=['fear of surveillance', 'glimmer']",5,3,2,0,4,4,0,0,1,1,0,0,1,ok,362
668,1,7,3,user_noncreatures,user_4,user_noncreatures user_hand,user_noncreatures: log_only=['overlord of the boilerbilges'] engine_only=[] ; user_hand: log_only=[] engine_only=['overlord of the boilerbilges'],4,1,1,0,3,1,1,0,2,0,1,0,1,ok,171
669,1,12,4,user_creatures,oppo_5,user_creatures user_hand,user_creatures: log_only=['appendage amalgam'] engine_only=[] ; user_hand: log_only=[] engine_only=['appendage amalgam'],6,3,2,0,4,3,3,0,1,0,3,0,0,ok,426
670,1,10,5,user_life,oppo_6,user_life user_creatures,"user_life: log=14 engine=13 ; user_creatures: log_only=[] engine_only=['daggermaw megalodon', 'glimmer']",5,3,1,0,5,4,1,0,2,0,1,0,0,ok,394
671,1,8,4,oppo_life,user_5,oppo_life user_creatures user_noncreatures user_hand oppo_hand,oppo_life: log=11 engine=13 ; user_creatures: log_only=['swamp'] engine_only=['innocuous rat'] ; user_noncreatures: log_only=[] engine_only=['disturbing mirth'] ; user_hand: log_only=[] engine_only=['final vengeance'] ; oppo_hand: log=2 engine=3,7,3,1,0,4,3,2,0,1,0,2,0,3,ok,300
672,1,7,4,user_creatures,user_5,user_creatures user_noncreatures user_hand,user_creatures: log_only=['overlord of the floodpits'] engine_only=[] ; user_noncreatures: log_only=[] engine_only=['overlord of the floodpits'] ; user_hand: log_only=['meat locker'] engine_only=['forest'],5,2,1,0,4,2,1,2,2,0,1,2,0,ok,199
673,1,10,5,user_hand,user_6,user_hand,user_hand: log_only=['peer past the veil'] engine_only=[],5,1,2,0,3,1,3,0,2,0,3,0,1,ok,217
674,1,7,2,oppo_life,user_3,oppo_life,oppo_life: log=17 engine=16,4,1,2,0,2,1,0,0,1,0,0,0,0,ok,156
675,1,5,3,user_hand,user_4,user_hand,user_hand: log_only=['split up'] engine_only=['plains'],3,2,0,0,3,2,1,0,1,0,1,0,0,ok,110
676,1,7,1,user_creatures,user_2,user_creatures,user_creatures: log_only=['plains'] engine_only=['shrewd storyteller'],4,0,0,0,1,0,0,0,1,0,0,0,0,ok,153
677,1,7,3,oppo_life,user_4,oppo_life user_lands user_hand,oppo_life: log=20 engine=19 ; user_lands: log_only=['forest'] engine_only=[] ; user_hand: log_only=[] engine_only=['omnivorous flytrap'],3,1,2,0,3,1,0,0,2,0,0,0,1,ok,155
678,1,7,2,oppo_hand,oppo_3,oppo_hand,oppo_hand: log=4 engine=3,4,1,0,0,2,1,0,0,1,0,0,0,0,ok,247
679,1,15,2,oppo_life,user_3,oppo_life user_hand oppo_hand,oppo_life: log=19 engine=20 ; user_hand: log_only=['forest'] engine_only=[] ; oppo_hand: log=4 engine=3,8,2,6,0,2,2,0,0,0,0,0,0,0,ok,664
680,1,6,5,user_life,oppo_6,user_life oppo_life user_creatures user_noncreatures oppo_hand,user_life: log=21 engine=20 ; oppo_life: log=11 engine=12 ; user_creatures: log_only=['mountain'] engine_only=[] ; user_noncreatures: log_only=[] engine_only=['disturbing mirth'] ; oppo_hand: log=3 engine=4,4,4,1,1,5,5,4,0,1,0,4,0,1,ok,92
681,1,8,3,oppo_life,user_4,oppo_life user_creatures user_hand,oppo_life: log=20 engine=18 ; user_creatures: log_only=['beastie beatdown'] engine_only=['mountain'] ; user_hand: log_only=['mountain'] engine_only=['threats around every corner'],5,1,2,0,3,1,0,0,2,0,0,0,1,ok,272
682,1,8,2,oppo_life,user_3,oppo_life,oppo_life: log=18 engine=20,6,2,1,0,2,2,0,0,0,0,0,0,0,ok,258
683,1,7,5,user_creatures,user_6,user_creatures,user_creatures: log_only=['swamp'] engine_only=[],3,3,0,0,5,3,3,0,2,0,3,0,0,ok,153
684,1,10,2,oppo_life,user_3,oppo_life,oppo_life: log=16 engine=17,7,2,4,0,2,2,1,0,0,0,1,0,0,ok,305
685,1,8,4,user_life,oppo_5,user_life oppo_hand,user_life: log=14 engine=16 ; oppo_hand: log=2 engine=3,5,3,1,0,4,4,2,2,1,1,2,2,2,ok,176
686,1,6,2,user_hand,user_3,user_hand,user_hand: log_only=['sawblade skinripper'] engine_only=['vengeful possession'],5,2,1,0,2,2,1,0,0,0,1,0,0,ok,112
687,1,5,4,oppo_hand,oppo_5,oppo_hand,oppo_hand: log=4 engine=2,1,1,0,0,4,1,0,0,3,0,0,0,0,ok,81
688,1,9,3,user_life,user_4,user_life,user_life: log=20 engine=22,6,2,3,1,3,2,1,0,1,0,1,0,0,ok,214
689,1,7,1,user_hand,user_2,user_hand,user_hand: log_only=['vanish from sight'] engine_only=['forest'],4,0,2,0,1,0,0,0,1,0,0,0,0,ok,259
690,1,6,3,user_creatures,user_4,user_creatures,user_creatures: log_only=['plains'] engine_only=['fear of falling'],4,2,0,0,3,2,1,0,1,0,1,0,0,ok,239
691,1,5,2,user_lands,oppo_3,user_lands user_creatures user_hand,user_lands: log_only=['swamp'] engine_only=[] ; user_creatures: log_only=[] engine_only=['insidious fungus'] ; user_hand: log_only=['malevolent chandelier'] engine_only=['swamp'],4,1,0,0,2,1,0,0,1,0,0,0,0,ok,78
692,1,6,2,user_hand,user_3,user_hand,user_hand: log_only=['attack-in-the-box'] engine_only=[],1,0,0,0,2,0,0,0,2,0,0,0,0,ok,74
693,1,11,3,user_hand,user_4,user_hand,"user_hand: log_only=[""valgavoth's onslaught""] engine_only=['ragged playmate']",4,2,2,1,3,2,1,0,1,0,1,0,0,ok,165
694,1,10,4,oppo_life,oppo_5,oppo_life user_creatures user_hand,oppo_life: log=15 engine=16 ; user_creatures: log_only=['balemurk leech'] engine_only=[] ; user_hand: log_only=[] engine_only=['fear of impostors'],6,2,1,0,4,2,2,0,2,0,2,0,1,ok,222
695,1,11,3,user_creatures,user_4,user_creatures,user_creatures: log_only=[] engine_only=['floodpits drowner'],4,1,2,0,3,1,0,0,2,0,0,0,0,ok,326
696,1,4,3,oppo_life,user_4,oppo_life,oppo_life: log=16 engine=18,3,2,0,0,3,2,1,0,1,0,1,0,0,ok,63
697,1,10,2,oppo_life,user_3,oppo_life,oppo_life: log=17 engine=18,4,1,0,0,2,1,0,0,1,0,0,0,0,ok,216
698,1,7,5,oppo_life,user_6,oppo_life,oppo_life: log=7 engine=5,4,2,3,1,5,2,5,0,3,0,5,0,0,ok,173
699,1,9,1,user_hand,user_2,user_hand,user_hand: log_only=['broodspinner'] engine_only=['defiant survivor'],6,0,1,0,1,0,0,0,1,0,0,0,0,ok,276
700,1,9,4,user_hand,user_5,user_hand,user_hand: log_only=['wickerfolk thresher'] engine_only=['bashful beastie'],6,4,1,0,4,4,1,1,0,0,1,1,0,ok,1511
701,1,7,1,user_creatures,oppo_2,user_creatures,user_creatures: log_only=[] engine_only=['insidious fungus'],5,1,0,0,1,1,0,0,0,0,0,0,0,ok,365
702,1,9,3,user_lands,user_4,user_lands user_noncreatures user_hand,user_lands: log_only=['mountain'] engine_only=[] ; user_noncreatures: log_only=['roaring furnace'] engine_only=[] ; user_hand: log_only=[] engine_only=['roaring furnace'],5,1,1,0,3,1,0,0,2,0,0,0,2,ok,605
703,1,6,2,user_creatures,user_3,user_creatures user_hand oppo_hand,user_creatures: log_only=[] engine_only=['spineseeker centipede'] ; user_hand: log_only=[] engine_only=['mountain'] ; oppo_hand: log=4 engine=5,4,1,0,0,2,1,0,0,1,0,0,0,1,ok,235
704,1,14,2,oppo_hand,oppo_3,oppo_hand,oppo_hand: log=5 engine=4,6,1,3,0,2,1,0,0,1,0,0,0,0,ok,1057
705,1,8,5,user_life,oppo_6,user_life user_creatures user_hand,user_life: log=6 engine=12 ; user_creatures: log_only=['razorkin hordecaller'] engine_only=['wildfire wickerfolk'] ; user_hand: log_only=['wildfire wickerfolk'] engine_only=['razorkin hordecaller'],5,4,1,0,6,5,2,2,2,0,2,2,0,ok,642
706,1,5,3,user_creatures,oppo_4,user_creatures user_hand oppo_hand,user_creatures: log_only=['entity tracker'] engine_only=[] ; user_hand: log_only=[] engine_only=['entity tracker'] ; oppo_hand: log=8 engine=7,2,1,0,0,3,1,0,0,2,0,0,0,0,ok,106
707,1,6,4,user_lands,user_5,user_lands user_hand oppo_hand,"user_lands: log_only=['plains'] engine_only=[] ; user_hand: log_only=['turn inside out'] engine_only=['fear of burning alive', 'plains'] ; oppo_hand: log=5 engine=4",3,2,2,1,3,3,3,0,1,1,3,0,1,ok,180
708,1,7,3,user_creatures,user_4,user_creatures oppo_hand,user_creatures: log_only=['swamp'] engine_only=['sawblade skinripper'] ; oppo_hand: log=5 engine=6,3,1,1,0,3,1,0,0,2,0,0,0,1,ok,256
709,1,6,5,user_creatures,oppo_6,user_creatures oppo_hand,user_creatures: log_only=[] engine_only=['cautious survivor'] ; oppo_hand: log=2 engine=3,4,4,0,0,5,6,6,0,1,0,6,0,1,ok,224
710,1,6,5,oppo_life,oppo_6,oppo_life oppo_hand,oppo_life: log=4 engine=2 ; oppo_hand: log=5 engine=6,4,4,0,0,4,6,7,0,1,1,7,0,0,ok,177
711,1,7,4,user_creatures,user_5,user_creatures user_hand,user_creatures: log_only=['forest'] engine_only=[] ; user_hand: log_only=[] engine_only=['turn inside out'],4,2,1,1,3,3,2,1,1,0,2,1,1,ok,156
712,1,8,5,oppo_hand,oppo_6,oppo_hand,oppo_hand: log=4 engine=3,4,3,2,2,5,3,0,0,2,0,0,0,3,ok,446
713,1,12,2,oppo_hand,oppo_3,oppo_hand,oppo_hand: log=2 engine=4,6,1,3,0,2,1,0,0,1,0,0,0,3,ok,635
714,1,9,1,user_hand,user_2,user_hand,user_hand: log_only=['fear of immobility'] engine_only=['mountain'],5,0,0,0,1,0,0,0,1,0,0,0,0,ok,381
715,1,14,4,oppo_life,user_5,oppo_life user_creatures,oppo_life: log=17 engine=14 ; user_creatures: log_only=[] engine_only=['appendage amalgam'],5,2,1,0,4,2,1,0,2,0,1,0,1,ok,761
716,1,11,3,user_creatures,user_4,user_creatures,user_creatures: log_only=[] engine_only=['insidious fungus'],7,2,2,0,3,2,0,0,1,0,0,0,0,ok,399
717,1,10,1,user_hand,user_2,user_hand,user_hand: log_only=['fear of being hunted'] engine_only=['swamp'],7,1,1,0,1,1,0,0,0,0,0,0,0,ok,405
718,1,9,6,oppo_hand,oppo_7,oppo_hand,oppo_hand: log=0 engine=1,6,4,2,1,5,6,0,1,2,0,0,1,1,ok,434
719,1,8,4,user_creatures,user_5,user_creatures,user_creatures: log_only=[] engine_only=['stalked researcher'],6,2,1,0,4,2,2,0,2,0,2,0,2,ok,353
720,1,6,4,user_creatures,user_5,user_creatures user_noncreatures user_hand,user_creatures: log_only=['defiant survivor'] engine_only=[] ; user_noncreatures: log_only=['overlord of the balemurk'] engine_only=[] ; user_hand: log_only=[] engine_only=['overlord of the balemurk'],4,3,2,1,4,4,4,0,1,0,4,0,2,ok,149
721,1,12,2,oppo_life,user_3,oppo_life,oppo_life: log=18 engine=20,6,1,2,0,2,1,0,0,1,0,0,0,0,ok,463
722,1,12,3,oppo_life,oppo_4,oppo_life user_creatures user_noncreatures oppo_hand,oppo_life: log=16 engine=14 ; user_creatures: log_only=[] engine_only=['insidious fungus'] ; user_noncreatures: log_only=[] engine_only=['sheltered by ghosts'] ; oppo_hand: log=4 engine=5,7,3,4,1,3,3,2,0,0,0,2,0,1,ok,493
723,1,8,2,oppo_life,user_3,oppo_life,oppo_life: log=18 engine=19,4,1,1,0,2,1,0,0,1,0,0,0,0,ok,285
724,1,8,2,oppo_life,user_3,oppo_life user_creatures user_noncreatures,oppo_life: log=18 engine=17 ; user_creatures: log_only=[] engine_only=['gremlin'] ; user_noncreatures: log_only=[] engine_only=['underwater tunnel'],5,1,1,0,2,1,0,0,1,0,0,0,0,ok,223
725,1,9,3,user_life,oppo_4,user_life user_noncreatures oppo_hand,user_life: log=14 engine=17 ; user_noncreatures: log_only=[] engine_only=['unidentified hovership'] ; oppo_hand: log=3 engine=4,4,2,2,0,3,2,1,0,1,0,1,0,3,ok,291
726,1,6,3,oppo_hand,oppo_4,oppo_hand,oppo_hand: log=3 engine=4,5,2,1,0,3,2,1,0,1,0,1,0,3,ok,313
727,1,14,3,user_creatures,oppo_4,user_creatures,user_creatures: log_only=['murder'] engine_only=['swamp'],7,2,2,0,3,2,1,0,1,0,1,0,0,ok,656
728,1,10,3,user_lands,user_4,user_lands user_hand,user_lands: log_only=['swamp'] engine_only=[] ; user_hand: log_only=[] engine_only=['spectral snatcher'],7,2,1,0,3,2,0,1,1,0,0,1,1,ok,306
729,1,8,1,user_creatures,user_2,user_creatures oppo_hand,user_creatures: log_only=[] engine_only=['piggy bank'] ; oppo_hand: log=5 engine=6,4,1,1,0,1,1,1,0,0,0,1,0,1,ok,243
730,1,8,3,oppo_hand,user_4,oppo_hand,oppo_hand: log=7 engine=6,4,0,0,0,3,0,0,0,3,0,0,0,0,ok,195
731,1,14,5,user_lands,user_6,user_lands user_hand,user_lands: log_only=['island'] engine_only=[] ; user_hand: log_only=[] engine_only=['daggermaw megalodon'],6,3,6,0,5,3,0,0,2,0,0,0,1,ok,447
732,1,8,3,user_lands,user_4,user_lands user_creatures user_noncreatures user_hand,"user_lands: log_only=['forest'] engine_only=[] ; user_creatures: log_only=['under the skin'] engine_only=[] ; user_noncreatures: log_only=['conductive machete'] engine_only=[] ; user_hand: log_only=['turn inside out'] engine_only=['conductive machete', 'fear of missing out']",5,2,0,0,3,2,2,0,1,0,2,0,3,ok,246
733,1,6,2,user_lands,user_3,user_lands user_hand,user_lands: log_only=['forest'] engine_only=[] ; user_hand: log_only=[] engine_only=['forest'],4,1,0,0,2,1,0,0,1,0,0,0,1,ok,70
734,1,7,4,user_life,oppo_5,user_life user_creatures user_hand oppo_hand,user_life: log=12 engine=17 ; user_creatures: log_only=[] engine_only=['wary watchdog'] ; user_hand: log_only=['wary watchdog'] engine_only=[] ; oppo_hand: log=2 engine=3,2,1,2,1,4,2,1,0,3,0,1,0,0,ok,201
735,1,13,5,user_life,oppo_6,user_life user_noncreatures user_hand,user_life: log=10 engine=7 ; user_noncreatures: log_only=['nowhere to run'] engine_only=[] ; user_hand: log_only=[] engine_only=['nowhere to run'],9,3,4,1,4,3,1,0,1,0,1,0,0,ok,493
736,1,12,4,user_life,oppo_5,user_life,user_life: log=18 engine=16,5,3,1,0,4,3,0,0,1,0,0,0,0,ok,404
737,1,5,3,oppo_hand,oppo_4,oppo_hand,oppo_hand: log=3 engine=1,3,2,1,1,3,2,0,0,1,0,0,0,0,ok,157
738,1,10,3,user_hand,oppo_4,user_hand,user_hand: log_only=['unnerving grasp'] engine_only=['piranha fly'],3,1,2,0,4,1,1,1,3,0,1,1,0,ok,230
739,1,7,1,user_hand,user_2,user_hand,user_hand: log_only=['live or die'] engine_only=['ragged playmate'],4,1,1,0,1,1,0,0,0,0,0,0,0,ok,161
740,1,12,6,oppo_hand,oppo_7,oppo_hand,oppo_hand: log=2 engine=3,4,3,4,3,5,5,4,0,2,0,4,0,1,ok,426
741,1,7,2,user_creatures,oppo_3,user_creatures,user_creatures: log_only=[] engine_only=['wildfire wickerfolk'],5,2,0,0,3,2,2,0,1,0,2,0,0,ok,136
742,1,15,4,oppo_hand,oppo_5,oppo_hand,oppo_hand: log=2 engine=3,7,3,2,0,4,3,0,0,1,0,0,0,2,ok,529
743,1,11,4,oppo_hand,oppo_5,oppo_hand,oppo_hand: log=3 engine=2,9,3,0,0,4,3,0,0,1,0,0,0,0,ok,322
744,1,9,4,user_hand,oppo_5,user_hand,user_hand: log_only=['the swarmweaver'] engine_only=['forest'],6,3,1,1,4,3,0,0,1,0,0,0,0,ok,251
745,1,9,1,user_creatures,user_2,user_creatures user_noncreatures user_hand,user_creatures: log_only=['glimmer'] engine_only=[] ; user_noncreatures: log_only=['glimmerlight'] engine_only=[] ; user_hand: log_only=[] engine_only=['irreverent gremlin'],5,1,0,0,1,1,0,0,0,0,0,0,1,ok,222
746,1,7,5,user_hand,oppo_6,user_hand oppo_hand,"user_hand: log_only=[] engine_only=[""don't make a sound""] ; oppo_hand: log=2 engine=3",4,4,0,0,5,4,0,0,1,0,0,0,3,ok,174
747,1,9,1,user_noncreatures,user_2,user_noncreatures user_hand,user_noncreatures: log_only=[] engine_only=['found footage'] ; user_hand: log_only=['island'] engine_only=[],5,1,1,0,1,1,0,0,0,0,0,0,0,ok,204
748,1,9,2,user_hand,oppo_3,user_hand,user_hand: log_only=['swamp'] engine_only=['spectral snatcher'],5,1,2,0,3,1,1,0,2,0,1,0,0,ok,268
749,1,8,2,oppo_hand,user_3,oppo_hand,oppo_hand: log=6 engine=5,3,1,1,0,2,1,0,0,1,0,0,0,0,ok,225
750,1,8,3,oppo_life,user_4,oppo_life,oppo_life: log=13 engine=15,6,2,0,0,3,2,1,0,1,0,1,0,0,ok,217
751,1,6,2,oppo_hand,oppo_3,oppo_hand,oppo_hand: log=6 engine=7,4,2,1,0,3,2,1,0,1,0,1,0,0,ok,125
752,1,10,1,user_hand,user_2,user_hand,user_hand: log_only=['flesh burrower'] engine_only=['mountain'],7,1,0,0,1,1,0,0,0,0,0,0,0,ok,259
753,1,9,2,user_hand,user_3,user_hand,user_hand: log_only=['tunnel surveyor'] engine_only=['forest'],6,1,1,0,2,1,0,0,1,0,0,0,0,ok,181
754,1,11,3,oppo_life,user_4,oppo_life,oppo_life: log=20 engine=21,6,2,1,0,3,2,0,0,1,0,0,0,0,ok,249
755,1,9,3,user_creatures,user_4,user_creatures user_hand,user_creatures: log_only=['wary watchdog'] engine_only=[] ; user_hand: log_only=[] engine_only=['fanatic of the harrowing'],8,2,0,0,3,2,1,0,1,0,1,0,1,ok,242
756,1,9,3,oppo_life,user_4,oppo_life,oppo_life: log=17 engine=20,4,2,2,0,3,2,0,0,1,0,0,0,0,ok,215
757,1,8,1,user_hand,user_2,user_hand,user_hand: log_only=['rootwise survivor'] engine_only=['hardened escort'],6,0,0,0,1,0,0,0,1,0,0,0,0,ok,190
758,1,8,2,user_hand,user_3,user_hand,user_hand: log_only=['forest'] engine_only=['fear of infinity'],6,2,0,0,2,2,0,0,0,0,0,0,0,ok,177
759,1,7,3,user_lands,user_4,user_lands user_hand,"user_lands: log_only=['terramorphic expanse'] engine_only=[] ; user_hand: log_only=['clockwork percussionist'] engine_only=['glimmerlight', 'terramorphic expanse']",4,1,0,0,2,2,0,0,1,1,0,0,1,ok,106
760,1,9,3,user_life,oppo_4,user_life,user_life: log=18 engine=20,6,1,4,0,3,1,1,0,2,0,1,0,0,ok,246
761,1,8,4,user_creatures,oppo_5,user_creatures user_hand oppo_hand,user_creatures: log_only=['inquisitive glimmer'] engine_only=['glimmer'] ; user_hand: log_only=[] engine_only=['inquisitive glimmer'] ; oppo_hand: log=2 engine=3,5,3,1,0,4,3,1,0,1,0,1,0,1,ok,223
762,1,11,4,user_hand,user_5,user_hand,user_hand: log_only=['overlord of the hauntwoods'] engine_only=['wary watchdog'],9,3,1,0,4,3,2,0,1,0,2,0,0,ok,408
763,1,5,2,user_creatures,oppo_3,user_creatures,"user_creatures: log_only=['zimone, all-questioning'] engine_only=['primo, the indivisible']",4,2,1,1,3,3,0,0,1,0,0,0,0,ok,119
764,1,13,4,user_hand,oppo_5,user_hand,user_hand: log_only=['tunnel surveyor'] engine_only=['island'],7,2,2,0,4,2,0,1,2,0,0,1,0,ok,311
765,1,12,1,user_life,oppo_2,user_life,user_life: log=18 engine=20,7,2,0,0,2,2,3,0,0,0,3,0,0,ok,183
766,1,7,4,oppo_life,user_5,oppo_life,oppo_life: log=13 engine=15,4,3,1,0,4,4,3,0,1,0,3,0,1,ok,145
767,1,7,3,user_hand,oppo_4,user_hand,user_hand: log_only=['fear of immobility'] engine_only=['forest'],3,1,1,0,4,1,1,0,3,0,1,0,0,ok,101
768,1,6,3,oppo_life,user_4,oppo_life,oppo_life: log=13 engine=14,5,3,0,0,3,4,3,0,0,0,3,0,0,ok,114
769,1,6,4,user_creatures,user_5,user_creatures user_noncreatures user_hand,user_creatures: log_only=['glimmer'] engine_only=[] ; user_noncreatures: log_only=['glimmerlight'] engine_only=[] ; user_hand: log_only=[] engine_only=['the jolly balloon man'],4,3,1,1,4,4,0,1,1,0,0,1,1,ok,195
770,1,7,4,user_lands,user_5,user_lands user_hand,user_lands: log_only=['plains'] engine_only=[] ; user_hand: log_only=[] engine_only=['plains'],6,3,3,1,4,3,1,0,1,0,1,0,1,ok,167
771,1,6,4,user_life,user_5,user_life oppo_life user_creatures user_noncreatures,user_life: log=25 engine=18 ; oppo_life: log=13 engine=18 ; user_creatures: log_only=['cautious survivor'] engine_only=[] ; user_noncreatures: log_only=['sheltered by ghosts'] engine_only=[],4,3,2,0,4,3,2,0,1,0,2,0,0,ok,123
772,1,7,5,oppo_life,user_6,oppo_life,oppo_life: log=5 engine=7,5,3,0,0,4,5,3,0,1,1,3,0,0,ok,197
773,1,12,5,user_life,user_6,user_life oppo_life,user_life: log=18 engine=16 ; oppo_life: log=18 engine=20,7,3,2,0,4,4,0,0,1,1,0,0,0,ok,451
774,1,4,1,user_life,oppo_2,user_life,user_life: log=16 engine=17,3,1,0,0,2,1,0,0,1,0,0,0,0,ok,94
775,1,8,4,oppo_life,user_5,oppo_life,oppo_life: log=14 engine=15,3,3,0,0,4,3,1,0,1,0,1,0,0,ok,285
776,1,6,2,user_life,oppo_3,user_life oppo_life,user_life: log=18 engine=17 ; oppo_life: log=21 engine=22,4,1,0,0,3,1,0,0,2,0,0,0,0,ok,98
777,1,11,2,user_life,oppo_3,user_life user_hand,user_life: log=20 engine=18 ; user_hand: log_only=[] engine_only=['floodpits drowner'],3,0,2,0,2,0,0,0,2,0,0,0,1,ok,322
778,1,14,6,user_life,oppo_7,user_life oppo_hand,user_life: log=11 engine=12 ; oppo_hand: log=3 engine=2,5,2,5,3,5,6,2,0,3,2,2,0,0,ok,468
779,1,10,2,oppo_life,user_3,oppo_life,oppo_life: log=17 engine=18,4,1,0,0,2,1,0,0,1,0,0,0,0,ok,174
780,1,8,1,user_lands,user_2,user_lands user_noncreatures user_hand,user_lands: log_only=['island'] engine_only=[] ; user_noncreatures: log_only=[] engine_only=['underwater tunnel'] ; user_hand: log_only=['underwater tunnel'] engine_only=['island'],6,1,1,0,1,1,0,0,0,0,0,0,0,ok,299
781,1,9,1,user_hand,user_2,user_hand,"user_hand: log_only=['wary watchdog'] engine_only=[""winter's intervention""]",4,1,3,0,1,1,0,0,0,0,0,0,0,ok,180
782,1,9,2,user_hand,user_3,user_hand,user_hand: log_only=['most valuable slayer'] engine_only=['clockwork percussionist'],6,1,3,1,2,1,0,0,1,0,0,0,0,ok,205
783,1,6,3,user_life,oppo_4,user_life oppo_hand,user_life: log=15 engine=16 ; oppo_hand: log=5 engine=6,3,2,0,0,4,2,1,0,2,0,1,0,4,ok,114
784,1,10,6,user_life,oppo_7,user_life user_creatures,user_life: log=8 engine=2 ; user_creatures: log_only=['cautious survivor'] engine_only=['bashful beastie'],5,4,0,0,6,5,0,0,2,0,0,0,2,ok,245
785,1,7,3,user_hand,user_4,user_hand,"user_hand: log_only=['bashful beastie', 'glimmerburst'] engine_only=[]",5,2,2,0,3,2,1,0,1,0,1,0,0,ok,240
786,1,6,2,user_life,user_3,user_life user_creatures,user_life: log=19 engine=18 ; user_creatures: log_only=[] engine_only=['fear of surveillance'],4,1,0,0,2,1,0,0,1,0,0,0,0,ok,97
787,1,8,2,user_hand,oppo_3,user_hand,user_hand: log_only=['forest'] engine_only=['slavering branchsnapper'],3,0,1,0,2,0,0,0,2,0,0,0,0,ok,293
788,1,9,3,oppo_hand,oppo_4,oppo_hand,oppo_hand: log=5 engine=6,6,2,1,0,3,2,0,0,1,0,0,0,0,ok,254
789,1,7,7,,,,,3,3,0,0,5,3,4,0,2,0,4,0,1,ok,129
790,1,10,4,user_lands,user_5,user_lands user_hand,"user_lands: log_only=['plains'] engine_only=[] ; user_hand: log_only=['emerge from the cocoon'] engine_only=['plains', ""winter's intervention""]",6,3,1,0,4,3,2,0,1,0,2,0,1,ok,205
791,1,6,3,user_lands,user_4,user_lands,user_lands: log_only=['mountain'] engine_only=[],5,3,0,0,3,3,4,0,0,0,4,0,1,ok,114
792,1,6,1,user_creatures,user_2,user_creatures user_hand,user_creatures: log_only=['gremlin tamer'] engine_only=[] ; user_hand: log_only=[] engine_only=['gremlin tamer'],3,0,1,0,1,0,0,0,1,0,0,0,1,ok,146
793,1,11,1,user_hand,user_2,user_hand,user_hand: log_only=['impossible inferno'] engine_only=['mountain'],5,0,0,0,1,0,0,0,1,0,0,0,0,ok,198
794,1,11,3,oppo_life,user_4,oppo_life,oppo_life: log=13 engine=14,6,2,1,0,3,2,1,0,1,0,1,0,0,ok,428
795,1,7,2,oppo_life,user_3,oppo_life,oppo_life: log=17 engine=18,3,2,1,0,2,2,0,0,0,0,0,0,0,ok,151
796,1,7,2,user_life,oppo_3,user_life,user_life: log=18 engine=20,5,2,1,1,2,2,0,0,0,0,0,0,0,ok,215
797,1,13,3,user_creatures,user_4,user_creatures,user_creatures: log_only=['floodpits drowner'] engine_only=['glimmer'],3,1,1,1,3,2,0,0,2,0,0,0,0,ok,297
798,1,8,2,oppo_life,user_3,oppo_life,oppo_life: log=17 engine=19,6,1,2,0,2,1,0,0,1,0,0,0,0,ok,244
799,1,10,3,user_creatures,user_4,user_creatures,user_creatures: log_only=['forest'] engine_only=['get out'],5,2,2,0,3,2,1,0,1,0,1,0,0,ok,247
800,1,11,3,user_creatures,user_4,user_creatures,user_creatures: log_only=[] engine_only=['conductive machete'],7,2,2,0,3,2,0,0,1,0,0,0,0,ok,1773
801,1,12,2,user_creatures,oppo_3,user_creatures user_noncreatures,user_creatures: log_only=['fear of surveillance'] engine_only=[] ; user_noncreatures: log_only=[] engine_only=['unidentified hovership'],5,2,1,0,3,2,1,0,1,0,1,0,0,ok,721
802,1,7,4,oppo_life,user_5,oppo_life user_creatures,oppo_life: log=5 engine=7 ; user_creatures: log_only=['fear of lost teeth'] engine_only=[],4,3,2,0,4,3,5,0,1,0,5,0,1,ok,297
803,1,9,2,user_creatures,user_3,user_creatures user_hand,user_creatures: log_only=['forest'] engine_only=['untimely malfunction'] ; user_hand: log_only=['patchwork beastie'] engine_only=['forest'],4,1,1,0,2,1,0,0,1,0,0,0,0,ok,476
804,1,10,2,user_life,oppo_3,user_life,user_life: log=18 engine=19,6,1,1,0,2,1,0,0,1,0,0,0,0,ok,681
805,1,7,3,user_life,oppo_4,user_life user_creatures oppo_hand,user_life: log=13 engine=16 ; user_creatures: log_only=[] engine_only=['hardened escort'] ; oppo_hand: log=4 engine=5,5,3,0,0,4,3,0,0,1,0,0,0,4,ok,303
806,1,11,4,user_creatures,user_5,user_creatures user_hand,user_creatures: log_only=['forest'] engine_only=[] ; user_hand: log_only=['manifest dread'] engine_only=[],8,3,2,1,4,4,0,2,1,0,0,2,0,ok,463
807,1,9,4,user_creatures,user_5,user_creatures user_hand,user_creatures: log_only=['mountain'] engine_only=['overlord of the hauntwoods'] ; user_hand: log_only=['mountain'] engine_only=['wildfire wickerfolk'],5,3,0,0,4,3,1,0,1,0,1,0,0,ok,446
808,1,11,4,user_life,user_5,user_life oppo_life user_noncreatures,user_life: log=15 engine=16 ; oppo_life: log=23 engine=22 ; user_noncreatures: log_only=[] engine_only=['unable to scream'],5,3,3,2,4,4,0,0,1,0,0,0,0,ok,596
809,1,9,3,oppo_hand,oppo_4,oppo_hand,oppo_hand: log=6 engine=5,7,2,0,0,3,3,0,0,1,0,0,0,0,ok,347
810,1,15,3,user_life,oppo_4,user_life,user_life: log=19 engine=20,9,2,5,0,3,2,0,0,1,0,0,0,1,ok,727
811,1,10,2,user_hand,user_3,user_hand,user_hand: log_only=['spineseeker centipede'] engine_only=['roaring furnace'],7,1,1,0,2,1,0,0,1,0,0,0,0,ok,320
812,1,6,2,user_creatures,user_3,user_creatures user_hand,user_creatures: log_only=['oblivious bookworm'] engine_only=[] ; user_hand: log_only=['forest'] engine_only=['oblivious bookworm'],5,1,1,0,2,1,0,0,1,0,0,0,1,ok,145
813,1,13,3,oppo_hand,oppo_4,oppo_hand,oppo_hand: log=1 engine=2,6,2,2,0,3,2,0,0,1,0,0,0,2,ok,500
814,1,6,2,user_lands,user_3,user_lands user_hand,user_lands: log_only=['forest'] engine_only=[] ; user_hand: log_only=[] engine_only=['slavering branchsnapper'],2,1,0,0,2,1,0,0,1,0,0,0,1,ok,124
815,1,11,1,user_hand,oppo_2,user_hand,user_hand: log_only=['mountain'] engine_only=['bedhead beastie'],5,0,1,0,2,0,0,0,2,0,0,0,0,ok,311
816,1,6,1,user_hand,user_2,user_hand,user_hand: log_only=['omnivorous flytrap'] engine_only=['twitching doll'],5,1,2,0,1,1,0,0,0,0,0,0,0,ok,162
817,1,7,3,user_creatures,user_4,user_creatures oppo_hand,user_creatures: log_only=[] engine_only=['vicious clown'] ; oppo_hand: log=5 engine=6,4,2,2,0,3,2,1,0,1,0,1,0,0,ok,199
818,1,9,4,user_creatures,oppo_5,user_creatures,user_creatures: log_only=[] engine_only=['cautious survivor'],4,1,2,0,4,1,1,0,3,0,1,0,0,ok,340
819,1,16,3,oppo_life,user_4,oppo_life user_hand,oppo_life: log=17 engine=20 ; user_hand: log_only=['forest'] engine_only=['enduring tenacity'],4,0,1,0,3,0,0,0,3,0,0,0,0,ok,343
820,1,10,3,user_creatures,oppo_4,user_creatures user_noncreatures user_hand,"user_creatures: log_only=[] engine_only=['skullsnap nuisance'] ; user_noncreatures: log_only=[] engine_only=['found footage'] ; user_hand: log_only=['derelict attic', 'island'] engine_only=['overlord of the floodpits']",7,3,0,0,4,3,0,1,1,0,0,1,0,ok,314
821,1,6,6,,,,,3,3,0,0,4,5,2,0,1,2,2,0,0,ok,128
822,1,8,5,oppo_life,user_6,oppo_life user_creatures,"oppo_life: log=8 engine=6 ; user_creatures: log_only=[] engine_only=[""duskmourn's domination""]",5,3,2,2,5,3,6,0,2,0,6,0,2,ok,221
823,1,9,4,user_creatures,user_5,user_creatures user_hand,"user_creatures: log_only=['fear of impostors'] engine_only=[""shardmage's rescue""] ; user_hand: log_only=[""shardmage's rescue""] engine_only=['stalked researcher']",5,3,0,0,4,3,1,0,1,0,1,0,0,ok,277
824,1,14,3,oppo_life,user_4,oppo_life user_creatures,oppo_life: log=22 engine=20 ; user_creatures: log_only=[] engine_only=['stalked researcher'],7,2,4,1,3,2,0,0,1,0,0,0,0,ok,519
825,1,7,1,user_life,oppo_2,user_life,user_life: log=18 engine=19,4,0,1,0,1,0,0,0,1,0,0,0,0,ok,239
826,1,8,3,oppo_life,user_4,oppo_life user_lands user_hand,oppo_life: log=15 engine=16 ; user_lands: log_only=['island'] engine_only=[] ; user_hand: log_only=[] engine_only=['island'],3,2,2,0,3,2,1,0,1,0,1,0,1,ok,184
827,1,11,4,user_creatures,user_5,user_creatures user_hand,"user_creatures: log_only=['bashful beastie', 'oblivious bookworm'] engine_only=[] ; user_hand: log_only=[] engine_only=[""valgavoth's onslaught""]",6,3,1,0,4,3,2,0,1,0,2,0,1,ok,262
828,1,11,4,user_lands,user_5,user_lands user_hand,user_lands: log_only=['swamp'] engine_only=[] ; user_hand: log_only=[] engine_only=['swamp'],6,3,2,1,4,3,0,0,1,0,0,0,1,ok,331
829,1,11,2,user_hand,user_3,user_hand,user_hand: log_only=['island'] engine_only=['say its name'],3,1,3,0,2,1,0,0,1,0,0,0,0,ok,261
830,1,12,4,user_creatures,oppo_5,user_creatures,user_creatures: log_only=[] engine_only=['erratic apparition'],4,2,2,0,4,3,0,0,2,0,0,0,0,ok,376
831,1,8,3,user_noncreatures,oppo_4,user_noncreatures user_hand,user_noncreatures: log_only=[] engine_only=['found footage'] ; user_hand: log_only=['bashful beastie'] engine_only=[],6,2,1,0,3,2,1,0,1,0,1,0,0,ok,397
832,1,8,4,user_hand,oppo_5,user_hand,"user_hand: log_only=['abandoned campground', 'plains'] engine_only=['glimmerburst', ""shardmage's rescue""]",5,1,0,0,4,1,0,0,3,0,0,0,1,ok,289
833,1,10,3,user_creatures,oppo_4,user_creatures,user_creatures: log_only=['unwilling vessel'] engine_only=['inquisitive glimmer'],6,3,1,0,4,3,3,0,1,0,3,0,0,ok,377
834,1,11,3,user_hand,user_4,user_hand,user_hand: log_only=['house cartographer'] engine_only=['swamp'],5,2,1,0,3,2,0,0,1,0,0,0,0,ok,368
835,1,7,2,user_life,oppo_3,user_life,user_life: log=18 engine=19,2,1,0,0,3,1,0,0,2,0,0,0,0,ok,246
836,1,8,3,oppo_life,user_4,oppo_life,oppo_life: log=18 engine=19,5,2,2,0,3,2,0,1,1,0,0,1,0,ok,238
837,1,9,1,user_hand,user_2,user_hand,user_hand: log_only=['cult healer'] engine_only=['splitskin doll'],6,0,1,0,1,0,0,0,1,0,0,0,0,ok,160
838,1,11,4,user_creatures,user_5,user_creatures,user_creatures: log_only=[] engine_only=['insidious fungus'],7,3,1,0,4,4,1,1,1,0,1,1,0,ok,297
839,1,7,4,oppo_life,user_5,oppo_life user_hand,oppo_life: log=16 engine=18 ; user_hand: log_only=['splitskin doll'] engine_only=[],6,3,0,0,4,4,0,3,1,0,0,3,0,ok,183
840,1,8,3,user_hand,oppo_4,user_hand,user_hand: log_only=['swamp'] engine_only=['spectral snatcher'],5,3,2,0,4,3,3,0,1,0,3,0,0,ok,257
841,1,7,2,user_hand,user_3,user_hand,user_hand: log_only=['forest'] engine_only=['peculiar lighthouse'],6,1,1,0,2,1,0,0,1,0,0,0,0,ok,236
842,1,7,1,user_life,oppo_2,user_life,user_life: log=19 engine=18,3,0,1,0,1,0,0,0,1,0,0,0,0,ok,232
843,1,13,2,user_noncreatures,oppo_3,user_noncreatures user_hand,user_noncreatures: log_only=[] engine_only=['keys to the house'] ; user_hand: log_only=['plains'] engine_only=[],9,1,0,0,2,1,0,0,1,0,0,0,1,ok,456
844,1,7,1,user_hand,oppo_2,user_hand,user_hand: log_only=['mountain'] engine_only=['bedhead beastie'],3,0,2,0,2,0,0,0,2,0,0,0,0,ok,208
845,1,6,5,user_life,user_6,user_life oppo_life,user_life: log=14 engine=13 ; oppo_life: log=11 engine=15,5,4,2,1,5,5,6,0,1,0,6,0,1,ok,162
846,1,10,3,oppo_hand,oppo_4,oppo_hand,oppo_hand: log=3 engine=4,7,2,3,0,3,2,0,0,1,0,0,0,2,ok,732
847,1,10,4,user_creatures,oppo_5,user_creatures,user_creatures: log_only=['vile mutilator'] engine_only=[],5,2,3,2,3,3,3,0,1,0,3,0,0,ok,243
848,1,8,1,user_hand,user_2,user_hand,user_hand: log_only=['threats around every corner'] engine_only=['malevolent chandelier'],6,0,3,0,1,0,0,0,1,0,0,0,0,ok,193
849,1,9,1,user_life,oppo_2,user_life user_hand,user_life: log=19 engine=18 ; user_hand: log_only=[] engine_only=['get out'],5,0,0,0,2,0,0,0,2,0,0,0,1,ok,215
850,1,7,1,user_hand,user_2,user_hand,user_hand: log_only=['meat locker'] engine_only=['forest'],4,0,2,0,1,0,0,0,1,0,0,0,0,ok,155
851,1,8,2,oppo_life,user_3,oppo_life,oppo_life: log=18 engine=19,5,1,2,0,2,1,0,0,1,0,0,0,0,ok,234
852,1,9,1,user_creatures,user_2,user_creatures,user_creatures: log_only=['plains'] engine_only=['overlord of the mistmoors'],5,0,1,0,1,0,0,0,1,0,0,0,0,ok,325
853,1,8,1,user_hand,user_2,user_hand,user_hand: log_only=['grand entryway'] engine_only=['unsettling twins'],5,0,2,0,1,0,0,0,1,0,0,0,0,ok,164
854,1,6,2,user_creatures,oppo_3,user_creatures,user_creatures: log_only=[] engine_only=['flesh burrower'],4,2,1,0,3,3,0,0,1,0,0,0,0,ok,197
855,1,7,4,user_life,oppo_5,user_life,user_life: log=13 engine=11,4,3,2,1,4,3,0,0,1,0,0,0,0,ok,241
856,1,5,2,user_life,oppo_3,user_life,user_life: log=16 engine=15,1,1,0,0,2,1,0,0,1,0,0,0,0,ok,112
857,1,9,3,oppo_life,user_4,oppo_life user_creatures,oppo_life: log=16 engine=15 ; user_creatures: log_only=['undead sprinter'] engine_only=[],7,3,2,1,3,3,4,0,0,0,4,0,1,ok,228
858,1,6,2,oppo_hand,oppo_3,oppo_hand,oppo_hand: log=4 engine=5,4,2,1,0,3,2,1,0,1,0,1,0,1,ok,181
859,1,7,1,oppo_hand,oppo_2,oppo_hand,oppo_hand: log=5 engine=4,3,1,3,0,1,1,0,0,0,0,0,0,0,ok,251
860,1,12,4,user_life,oppo_5,user_life oppo_life,user_life: log=14 engine=16 ; oppo_life: log=20 engine=16,7,2,2,0,3,3,0,0,1,1,0,0,0,ok,428
861,1,7,3,oppo_life,oppo_4,oppo_life user_noncreatures,oppo_life: log=26 engine=25 ; user_noncreatures: log_only=['cracked skull'] engine_only=[],5,3,1,1,4,3,0,0,1,0,0,0,0,ok,244
862,1,7,2,user_noncreatures,user_3,user_noncreatures user_hand,user_noncreatures: log_only=['glassworks'] engine_only=[] ; user_hand: log_only=['midnight mayhem'] engine_only=['mountain'],5,2,1,0,2,2,2,0,0,0,2,0,2,ok,164
863,1,6,4,oppo_hand,oppo_5,oppo_hand,oppo_hand: log=3 engine=4,3,3,1,1,4,4,2,0,1,0,2,0,2,ok,108
864,1,12,3,oppo_life,user_4,oppo_life,oppo_life: log=16 engine=17,7,2,4,1,3,2,1,0,1,0,1,0,0,ok,466
865,1,14,3,oppo_hand,oppo_4,oppo_hand,oppo_hand: log=3 engine=4,8,1,5,1,3,1,0,0,2,0,0,0,2,ok,430
866,1,9,4,user_life,oppo_5,user_life,user_life: log=11 engine=14,5,2,1,0,4,2,0,0,2,0,0,0,3,ok,253
867,1,6,5,user_life,user_6,user_life oppo_hand,user_life: log=23 engine=25 ; oppo_hand: log=4 engine=0,4,3,2,0,5,3,7,0,2,0,7,0,0,ok,116
868,1,15,1,oppo_life,user_2,oppo_life,oppo_life: log=18 engine=19,10,1,1,0,1,1,1,0,0,0,1,0,0,ok,522
869,1,9,2,user_creatures,oppo_3,user_creatures user_hand,user_creatures: log_only=['floodpits drowner'] engine_only=[] ; user_hand: log_only=[] engine_only=['floodpits drowner'],6,0,0,0,2,0,0,0,2,0,0,0,0,ok,264
870,1,8,2,oppo_life,user_3,oppo_life,oppo_life: log=20 engine=22,5,1,1,0,2,1,0,0,1,0,0,0,0,ok,143
871,1,7,3,oppo_life,user_4,oppo_life user_creatures user_noncreatures,oppo_life: log=14 engine=16 ; user_creatures: log_only=['unidentified hovership'] engine_only=[] ; user_noncreatures: log_only=[] engine_only=['unidentified hovership'],3,2,1,0,3,2,1,0,1,0,1,0,1,ok,167
872,1,8,4,user_life,oppo_5,user_life user_creatures,user_life: log=15 engine=14 ; user_creatures: log_only=[] engine_only=['forest'],5,3,0,0,4,3,0,0,1,0,0,0,1,ok,140
873,1,8,1,user_lands,user_2,user_lands user_noncreatures user_hand,user_lands: log_only=['island'] engine_only=[] ; user_noncreatures: log_only=[] engine_only=['bear trap'] ; user_hand: log_only=['bear trap'] engine_only=['island'],5,1,0,0,1,1,0,0,0,0,0,0,1,ok,227
874,1,9,1,user_life,oppo_2,user_life user_hand,user_life: log=18 engine=20 ; user_hand: log_only=['island'] engine_only=['daggermaw megalodon'],4,0,0,0,2,0,0,0,2,0,0,0,0,ok,256
875,1,8,2,user_life,user_3,user_life oppo_life,user_life: log=23 engine=24 ; oppo_life: log=17 engine=16,5,1,2,0,2,1,0,0,1,0,0,0,0,ok,180
876,1,5,5,,,,,0,0,1,1,3,1,0,0,3,0,0,0,0,ok,77
877,1,8,1,user_hand,oppo_2,user_hand,user_hand: log_only=['mountain'] engine_only=['bedhead beastie'],2,0,0,0,2,0,0,0,2,0,0,0,0,ok,94
878,1,10,1,user_life,user_2,user_life oppo_life,user_life: log=22 engine=20 ; oppo_life: log=18 engine=20,6,0,1,0,1,0,0,0,1,0,0,0,0,ok,340
879,1,9,4,user_life,oppo_5,user_life user_creatures,user_life: log=14 engine=16 ; user_creatures: log_only=['glimmer'] engine_only=[],7,3,2,0,5,3,1,0,2,0,1,0,1,ok,319
880,1,6,3,oppo_life,user_4,oppo_life user_creatures,oppo_life: log=17 engine=16 ; user_creatures: log_only=[] engine_only=['clockwork percussionist'],5,2,0,0,3,2,3,0,1,0,3,0,1,ok,81
881,1,5,2,oppo_life,user_3,oppo_life user_lands user_hand,oppo_life: log=14 engine=13 ; user_lands: log_only=['mountain'] engine_only=[] ; user_hand: log_only=[] engine_only=['bedhead beastie'],3,1,1,0,2,1,1,0,1,0,1,0,1,ok,76
882,1,7,1,user_lands,user_2,user_lands user_noncreatures user_hand,user_lands: log_only=['island'] engine_only=[] ; user_noncreatures: log_only=[] engine_only=['underwater tunnel'] ; user_hand: log_only=['underwater tunnel'] engine_only=['island'],5,1,1,0,1,1,0,0,0,0,0,0,0,ok,188
883,1,12,2,user_hand,user_3,user_hand,user_hand: log_only=['say its name'] engine_only=['plains'],10,1,1,0,2,1,0,0,1,0,0,0,0,ok,692
884,1,4,3,user_lands,user_4,user_lands user_noncreatures user_hand,user_lands: log_only=['island'] engine_only=[] ; user_noncreatures: log_only=[] engine_only=['grand entryway'] ; user_hand: log_only=['grand entryway'] engine_only=['island'],2,1,0,0,3,1,0,0,2,0,0,0,0,ok,68
885,1,8,2,oppo_life,oppo_3,oppo_life user_noncreatures user_hand,oppo_life: log=18 engine=20 ; user_noncreatures: log_only=[] engine_only=['found footage'] ; user_hand: log_only=['break down the door'] engine_only=[],6,1,3,0,2,1,0,0,1,0,0,0,1,ok,218
886,1,9,2,oppo_life,user_3,oppo_life,oppo_life: log=18 engine=20,8,1,2,0,2,1,0,0,1,0,0,0,0,ok,268
887,1,12,4,user_creatures,user_5,user_creatures,user_creatures: log_only=['patched plaything'] engine_only=[],5,3,4,1,4,3,2,0,1,0,2,0,0,ok,257
888,1,7,1,user_creatures,user_2,user_creatures user_hand,user_creatures: log_only=['ragged playmate'] engine_only=[] ; user_hand: log_only=[] engine_only=['ragged playmate'],5,0,1,0,1,0,0,0,1,0,0,0,1,ok,210
889,1,12,2,user_noncreatures,oppo_3,user_noncreatures user_hand,user_noncreatures: log_only=['nowhere to run'] engine_only=[] ; user_hand: log_only=[] engine_only=['nowhere to run'],5,1,1,0,2,1,1,0,1,0,1,0,0,ok,336
890,1,4,3,oppo_hand,oppo_4,oppo_hand,oppo_hand: log=8 engine=7,3,3,0,0,4,3,4,0,1,0,4,0,0,ok,53
891,1,9,3,user_hand,oppo_4,user_hand,"user_hand: log_only=['forest', 'sheltered by ghosts'] engine_only=['piggy bank', 'swamp']",6,3,1,0,4,3,1,0,1,0,1,0,0,ok,255
892,1,8,0,oppo_hand,user_1,oppo_hand,oppo_hand: log=6 engine=7,6,0,1,0,0,0,0,0,0,0,0,0,0,ok,240
893,1,6,4,user_hand,oppo_5,user_hand,"user_hand: log_only=['broodspinner', 'final vengeance'] engine_only=['sporogenic infection', 'unable to scream']",3,2,2,2,4,2,0,0,2,0,0,0,0,ok,137
894,1,10,5,user_creatures,user_6,user_creatures user_hand oppo_hand,user_creatures: log_only=[] engine_only=['break down the door'] ; user_hand: log_only=['terramorphic expanse'] engine_only=['glassworks'] ; oppo_hand: log=2 engine=3,7,4,2,0,5,4,1,0,1,0,1,0,0,ok,250
895,1,4,2,user_life,oppo_3,user_life,user_life: log=18 engine=20,2,1,1,1,2,1,0,0,1,0,0,0,0,ok,66
896,1,8,4,user_creatures,user_5,user_creatures user_hand,"user_creatures: log_only=['forest', 'sheltered by ghosts'] engine_only=[] ; user_hand: log_only=[] engine_only=[""valgavoth's onslaught""]",6,4,1,1,4,4,3,0,0,0,3,0,1,ok,315
897,1,11,5,user_lands,user_6,user_lands user_hand,user_lands: log_only=[] engine_only=['swamp'] ; user_hand: log_only=['swamp'] engine_only=[],8,5,2,1,5,6,6,1,0,0,6,1,0,ok,369
898,1,8,5,oppo_hand,oppo_6,oppo_hand,oppo_hand: log=0 engine=1,3,2,2,1,6,3,0,0,4,0,0,0,2,ok,194
899,1,7,3,user_creatures,user_4,user_creatures oppo_hand,user_creatures: log_only=['hand that feeds'] engine_only=[] ; oppo_hand: log=5 engine=6,1,1,1,0,2,1,0,0,1,0,0,0,0,ok,107
900,1,11,2,oppo_life,user_3,oppo_life,oppo_life: log=19 engine=20,5,1,1,0,2,1,0,0,1,0,0,0,0,ok,1758
901,1,8,3,user_creatures,user_4,user_creatures user_hand,user_creatures: log_only=['razorkin hordecaller'] engine_only=['spineseeker centipede'] ; user_hand: log_only=['spineseeker centipede'] engine_only=['hand that feeds'],4,2,1,0,3,2,1,0,1,0,1,0,0,ok,546
902,1,9,1,user_hand,user_2,user_hand,user_hand: log_only=['fear of burning alive'] engine_only=['grab the prize'],5,0,2,0,1,0,0,0,1,0,0,0,0,ok,387
903,1,8,6,user_life,oppo_7,user_life user_creatures,user_life: log=2 engine=4 ; user_creatures: log_only=['stalked researcher'] engine_only=[],3,2,1,1,3,5,0,1,1,3,0,1,0,ok,460
904,1,8,3,user_life,oppo_4,user_life user_creatures user_noncreatures user_hand oppo_hand,"user_life: log=17 engine=15 ; user_creatures: log_only=['gremlin tamer'] engine_only=[] ; user_noncreatures: log_only=[""shardmage's rescue""] engine_only=[] ; user_hand: log_only=[] engine_only=[""shardmage's rescue""] ; oppo_hand: log=3 engine=2",4,2,1,0,3,2,0,0,1,0,0,0,1,ok,337
905,1,9,3,oppo_life,user_4,oppo_life,oppo_life: log=14 engine=16,4,2,1,0,3,3,1,0,1,0,1,0,0,ok,482
906,1,13,4,oppo_life,user_5,oppo_life user_lands user_creatures user_hand,oppo_life: log=14 engine=15 ; user_lands: log_only=['swamp'] engine_only=[] ; user_creatures: log_only=['clockwork percussionist'] engine_only=[] ; user_hand: log_only=['swamp'] engine_only=['disturbing mirth'],7,2,1,0,4,2,3,0,2,0,3,0,2,ok,493
907,1,11,4,oppo_hand,user_5,oppo_hand,oppo_hand: log=3 engine=4,5,2,1,0,3,3,1,0,1,1,1,0,1,ok,477
908,1,11,4,user_hand,user_5,user_hand,user_hand: log_only=['underwater tunnel'] engine_only=['island'],8,3,2,1,4,4,0,1,1,0,0,1,2,ok,722
909,1,11,4,user_noncreatures,user_5,user_noncreatures user_hand,user_noncreatures: log_only=['unable to scream'] engine_only=[] ; user_hand: log_only=[] engine_only=['wary watchdog'],7,4,1,0,4,4,2,0,0,0,2,0,1,ok,517
910,1,7,5,user_creatures,user_6,user_creatures user_hand,user_creatures: log_only=['abhorrent oculus'] engine_only=[] ; user_hand: log_only=[] engine_only=['abhorrent oculus'],5,4,1,1,5,5,1,0,1,0,1,0,1,ok,216
911,1,5,2,oppo_life,user_3,oppo_life,oppo_life: log=16 engine=18,3,1,0,0,2,1,0,0,1,0,0,0,0,ok,151
912,1,12,4,oppo_hand,oppo_5,oppo_hand,oppo_hand: log=2 engine=3,4,4,4,1,5,5,6,0,1,0,6,0,2,ok,457
913,1,9,2,oppo_life,user_3,oppo_life user_creatures,oppo_life: log=20 engine=18 ; user_creatures: log_only=[] engine_only=['acrobatic cheerleader'],6,1,0,0,2,1,0,0,1,0,0,0,1,ok,424
914,1,10,2,user_life,oppo_3,user_life,user_life: log=17 engine=18,5,2,0,0,3,2,2,0,1,0,2,0,0,ok,380
915,1,7,3,user_life,user_4,user_life oppo_life,user_life: log=15 engine=12 ; oppo_life: log=17 engine=20,4,2,2,0,3,2,0,0,1,0,0,0,0,ok,246
916,1,7,3,user_creatures,user_4,user_creatures,user_creatures: log_only=['smoky lounge'] engine_only=['intruding soulrager'],4,2,0,0,3,2,1,0,1,0,1,0,1,ok,316
917,1,5,3,user_creatures,user_4,user_creatures,user_creatures: log_only=['forest'] engine_only=['drag to the roots'],4,3,2,1,3,3,4,0,0,0,4,0,0,ok,134
918,1,10,3,oppo_life,user_4,oppo_life user_creatures,oppo_life: log=17 engine=16 ; user_creatures: log_only=[] engine_only=['most valuable slayer'],5,2,2,0,3,2,0,1,1,0,0,1,0,ok,531
919,1,6,4,oppo_life,user_5,oppo_life,oppo_life: log=14 engine=16,2,2,1,1,3,3,1,0,1,1,1,0,1,ok,142
920,1,8,2,oppo_life,user_3,oppo_life,oppo_life: log=16 engine=17,6,1,0,0,2,1,0,0,1,0,0,0,0,ok,284
921,1,6,2,user_lands,user_3,user_lands user_creatures user_noncreatures user_hand,user_lands: log_only=['forest'] engine_only=[] ; user_creatures: log_only=['scorching dragonfire'] engine_only=[] ; user_noncreatures: log_only=['threats around every corner'] engine_only=[] ; user_hand: log_only=[] engine_only=['threats around every corner'],4,1,0,0,2,1,0,0,1,0,0,0,1,ok,148
922,1,8,5,user_lands,user_6,user_lands user_creatures user_hand,user_lands: log_only=['mountain'] engine_only=[] ; user_creatures: log_only=['spineseeker centipede'] engine_only=[] ; user_hand: log_only=[] engine_only=['spineseeker centipede'],3,2,0,0,5,2,1,1,3,0,1,1,2,ok,196
923,1,6,3,oppo_life,user_4,oppo_life user_creatures,oppo_life: log=15 engine=13 ; user_creatures: log_only=[] engine_only=['fear of surveillance'],4,2,1,0,3,2,1,0,1,0,1,0,1,ok,156
924,1,7,5,user_lands,user_6,user_lands,user_lands: log_only=['swamp'] engine_only=[],4,2,2,1,5,3,1,1,3,0,1,1,1,ok,208
925,1,11,2,user_life,oppo_3,user_life user_noncreatures user_hand,user_life: log=20 engine=17 ; user_noncreatures: log_only=['growing dread'] engine_only=[] ; user_hand: log_only=[] engine_only=['growing dread'],4,0,1,0,2,0,0,0,2,0,0,0,1,ok,326
926,1,9,4,user_lands,user_5,user_lands user_hand,user_lands: log_only=['swamp'] engine_only=[] ; user_hand: log_only=[] engine_only=['swamp'],5,2,1,0,3,2,2,0,1,0,2,0,2,ok,328
927,1,12,3,oppo_life,user_4,oppo_life user_creatures user_noncreatures user_hand,"oppo_life: log=17 engine=20 ; user_creatures: log_only=['cynical loner', 'enduring vitality'] engine_only=['glimmer'] ; user_noncreatures: log_only=[] engine_only=['enduring vitality'] ; user_hand: log_only=[] engine_only=['cynical loner']",5,1,5,0,3,1,0,0,2,0,0,0,1,ok,492
928,1,7,1,user_hand,user_2,user_hand,user_hand: log_only=['moldering gym'] engine_only=['twist reality'],4,0,0,0,1,0,0,0,1,0,0,0,0,ok,181
929,1,7,3,user_creatures,oppo_4,user_creatures user_hand,user_creatures: log_only=['grasping longneck'] engine_only=['most valuable slayer'] ; user_hand: log_only=['most valuable slayer'] engine_only=['grasping longneck'],4,2,0,0,4,2,1,0,2,0,1,0,0,ok,254
930,1,10,1,user_hand,user_2,user_hand,user_hand: log_only=['swamp'] engine_only=['cathartic parting'],6,1,1,0,1,1,0,0,0,0,0,0,0,ok,288
931,1,6,3,user_life,oppo_4,user_life,user_life: log=15 engine=16,4,2,1,0,3,2,0,0,1,0,0,0,0,ok,227
932,1,7,5,oppo_life,user_6,oppo_life,oppo_life: log=8 engine=10,4,3,0,0,5,4,1,1,2,0,1,1,0,ok,135
933,1,8,2,user_creatures,user_3,user_creatures,user_creatures: log_only=['wary watchdog'] engine_only=[],7,2,3,1,2,2,2,0,0,0,2,0,0,ok,191
934,1,7,2,user_creatures,user_3,user_creatures user_hand,user_creatures: log_only=['inquisitive glimmer'] engine_only=[] ; user_hand: log_only=[] engine_only=['inquisitive glimmer'],5,1,0,0,2,1,0,0,1,0,0,0,2,ok,381
935,1,9,5,user_lands,user_6,user_lands user_creatures user_hand,"user_lands: log_only=['plains'] engine_only=[] ; user_creatures: log_only=['horror'] engine_only=[] ; user_hand: log_only=['splitskin doll', 'the jolly balloon man'] engine_only=['miasma demon', 'plains']",7,3,1,0,5,3,1,2,2,0,1,2,2,ok,290
936,1,10,3,user_life,oppo_4,user_life,user_life: log=16 engine=18,5,2,2,1,4,2,0,0,2,0,0,0,3,ok,387
937,1,11,2,user_creatures,oppo_3,user_creatures,user_creatures: log_only=['undead sprinter'] engine_only=[],5,2,2,0,3,2,3,0,1,0,3,0,0,ok,238
938,1,8,3,user_life,oppo_4,user_life,user_life: log=19 engine=20,6,2,2,1,3,2,1,0,1,0,1,0,1,ok,331
939,1,9,1,oppo_hand,oppo_2,oppo_hand,oppo_hand: log=6 engine=5,7,0,0,0,1,0,0,0,1,0,0,0,0,ok,379
940,1,6,3,oppo_life,user_4,oppo_life user_creatures,oppo_life: log=9 engine=7 ; user_creatures: log_only=['veteran survivor'] engine_only=[],6,3,1,0,3,3,3,0,0,0,3,0,0,ok,239
941,1,10,3,oppo_hand,oppo_4,oppo_hand,oppo_hand: log=5 engine=4,7,2,3,1,3,2,1,0,1,0,1,0,0,ok,402
942,1,10,3,user_life,oppo_4,user_life,user_life: log=12 engine=16,6,2,2,0,3,2,0,1,1,0,0,1,0,ok,218
943,1,13,1,user_hand,user_2,user_hand,user_hand: log_only=['defiled crypt'] engine_only=['cynical loner'],7,0,0,0,1,0,0,0,1,0,0,0,0,ok,228
944,1,16,3,user_creatures,user_4,user_creatures,user_creatures: log_only=['island'] engine_only=['daggermaw megalodon'],8,1,0,0,3,1,0,0,2,0,0,0,0,ok,647
945,1,7,5,user_life,oppo_6,user_life user_creatures,user_life: log=7 engine=10 ; user_creatures: log_only=['slavering branchsnapper'] engine_only=['bashful beastie'],4,3,0,0,5,3,2,0,2,0,2,0,2,ok,245
946,1,5,4,user_hand,user_5,user_hand,user_hand: log_only=['vanish from sight'] engine_only=[],4,4,0,0,4,4,6,0,0,0,6,0,0,ok,200
947,1,12,3,user_life,oppo_4,user_life,user_life: log=16 engine=17,7,3,4,0,4,3,1,1,1,0,1,1,0,ok,441
948,1,8,3,user_creatures,oppo_4,user_creatures user_noncreatures user_hand,"user_creatures: log_only=['hedge shredder', 'wary watchdog'] engine_only=['bashful beastie'] ; user_noncreatures: log_only=[] engine_only=['hedge shredder'] ; user_hand: log_only=['bashful beastie'] engine_only=['wary watchdog']",5,3,1,0,4,3,2,0,1,0,2,0,0,ok,419
949,1,14,1,user_hand,user_2,user_hand,user_hand: log_only=['defiant survivor'] engine_only=['swamp'],5,0,3,0,1,0,0,0,1,0,0,0,0,ok,351
950,1,13,4,oppo_hand,oppo_5,oppo_hand,oppo_hand: log=4 engine=5,9,3,2,1,4,3,3,0,1,0,3,0,2,ok,318
951,1,12,5,user_noncreatures,oppo_6,user_noncreatures,user_noncreatures: log_only=['unable to scream'] engine_only=[],4,2,4,1,6,3,5,0,4,0,5,0,0,ok,280
952,1,7,2,user_creatures,user_3,user_creatures,user_creatures: log_only=['glassworks'] engine_only=['grasping longneck'],5,2,2,0,2,2,2,0,0,0,2,0,0,ok,192
953,1,12,3,user_creatures,user_4,user_creatures,user_creatures: log_only=['mountain'] engine_only=['turn inside out'],4,0,4,0,3,0,0,0,3,0,0,0,0,ok,500
954,1,7,2,user_creatures,oppo_3,user_creatures,user_creatures: log_only=[] engine_only=['spineseeker centipede'],4,2,0,0,3,2,1,0,1,0,1,0,0,ok,218
955,1,10,3,user_creatures,user_4,user_creatures,user_creatures: log_only=[] engine_only=['glimmer'],5,3,1,0,3,4,0,0,0,0,0,0,2,ok,444
956,1,9,3,user_hand,user_4,user_hand,user_hand: log_only=['roaring furnace'] engine_only=[],4,1,1,0,3,1,0,0,2,0,0,0,0,ok,269
957,1,9,1,user_hand,oppo_2,user_hand,user_hand: log_only=['plains'] engine_only=['shepherding spirits'],6,0,2,0,2,0,0,0,2,0,0,0,0,ok,320
958,1,11,4,user_hand,user_5,user_hand,user_hand: log_only=['plains'] engine_only=[],6,3,1,0,4,3,1,1,1,0,1,1,1,ok,362
959,1,11,4,user_hand,oppo_5,user_hand,"user_hand: log_only=['roaring furnace', 'stalked researcher'] engine_only=['island', 'mountain']",4,0,4,1,4,1,0,0,4,0,0,0,0,ok,321
960,1,9,1,user_hand,user_2,user_hand,user_hand: log_only=['island'] engine_only=['terramorphic expanse'],7,0,1,0,1,0,0,0,1,0,0,0,0,ok,243
961,1,9,3,oppo_hand,oppo_4,oppo_hand,oppo_hand: log=4 engine=5,6,2,1,0,3,2,1,0,1,0,1,0,1,ok,224
962,1,9,1,user_creatures,oppo_2,user_creatures,user_creatures: log_only=[] engine_only=['flesh burrower'],7,2,0,0,2,2,0,0,0,0,0,0,0,ok,235
963,1,8,4,user_lands,user_5,user_lands user_creatures user_hand,user_lands: log_only=['swamp'] engine_only=[] ; user_creatures: log_only=['spineseeker centipede'] engine_only=[] ; user_hand: log_only=[] engine_only=['spineseeker centipede'],5,2,2,0,4,3,0,1,2,0,0,1,4,ok,306
964,1,9,2,user_hand,oppo_3,user_hand,user_hand: log_only=[] engine_only=['glimmerburst'],5,1,0,0,3,1,1,0,2,0,1,0,0,ok,268
965,1,12,2,user_creatures,oppo_3,user_creatures user_noncreatures user_hand,user_creatures: log_only=['break down the door'] engine_only=[] ; user_noncreatures: log_only=['growing dread'] engine_only=[] ; user_hand: log_only=[] engine_only=['growing dread'],7,0,3,0,2,0,0,0,2,0,0,0,0,ok,381
966,1,8,2,user_hand,user_3,user_hand,user_hand: log_only=['strangled cemetery'] engine_only=['spectral snatcher'],5,1,1,0,2,1,0,0,1,0,0,0,0,ok,96
967,1,9,3,oppo_hand,oppo_4,oppo_hand,oppo_hand: log=2 engine=1,6,2,0,0,3,2,0,0,1,0,0,0,0,ok,196
968,1,8,3,user_life,user_4,user_life oppo_life user_hand,user_life: log=24 engine=22 ; oppo_life: log=16 engine=18 ; user_hand: log_only=['razortrap gorge'] engine_only=['swamp'],4,2,1,0,3,2,1,0,1,0,1,0,0,ok,208
969,1,14,2,user_creatures,user_3,user_creatures user_hand,user_creatures: log_only=['spineseeker centipede'] engine_only=[] ; user_hand: log_only=['swamp'] engine_only=['spineseeker centipede'],6,1,1,0,2,1,0,0,1,0,0,0,1,ok,431
970,1,7,5,oppo_life,user_6,oppo_life user_lands user_creatures user_hand,oppo_life: log=8 engine=12 ; user_lands: log_only=['forest'] engine_only=[] ; user_creatures: log_only=[] engine_only=['drag to the roots'] ; user_hand: log_only=['drag to the roots'] engine_only=['forest'],5,4,1,0,5,4,3,0,1,0,3,0,0,ok,182
971,1,10,2,user_hand,user_3,user_hand,user_hand: log_only=['emerge from the cocoon'] engine_only=['swamp'],6,2,1,0,2,2,1,0,0,0,1,0,0,ok,224
972,1,4,1,oppo_life,user_2,oppo_life user_creatures user_hand,oppo_life: log=17 engine=20 ; user_creatures: log_only=['broodspinner'] engine_only=[] ; user_hand: log_only=[] engine_only=['forest'],4,1,1,0,1,1,0,0,0,0,0,0,1,ok,56
973,1,5,0,oppo_hand,oppo_1,oppo_hand,oppo_hand: log=5 engine=6,5,0,0,0,0,0,0,0,0,0,0,0,0,ok,141
974,1,12,2,user_life,oppo_3,user_life user_hand,user_life: log=20 engine=19 ; user_hand: log_only=[] engine_only=['seized from slumber'],6,0,2,0,2,0,0,0,2,0,0,0,1,ok,344
975,1,5,4,user_life,oppo_5,user_life user_hand,"user_life: log=20 engine=18 ; user_hand: log_only=['unable to scream', 'underwater tunnel'] engine_only=['mountain', 'stalked researcher']",2,2,0,0,5,2,0,0,3,0,0,0,0,ok,127
976,1,8,3,user_noncreatures,user_4,user_noncreatures,user_noncreatures: log_only=[] engine_only=['bear trap'],5,3,1,0,3,3,1,0,0,0,1,0,0,ok,173
977,1,10,4,user_lands,user_5,user_lands user_hand,user_lands: log_only=['island'] engine_only=[] ; user_hand: log_only=[] engine_only=['island'],7,2,0,0,4,2,0,0,2,0,0,0,1,ok,353
978,1,7,4,user_life,oppo_5,user_life,user_life: log=13 engine=14,4,2,1,0,4,2,0,0,2,0,0,0,0,ok,202
979,1,12,3,user_creatures,user_4,user_creatures,user_creatures: log_only=['swamp'] engine_only=['sheltered by ghosts'],4,1,3,1,3,1,0,0,2,0,0,0,0,ok,357
980,1,11,4,user_lands,user_5,user_lands user_hand,user_lands: log_only=['raucous carnival'] engine_only=[] ; user_hand: log_only=[] engine_only=['raucous carnival'],5,2,2,0,3,3,1,0,1,1,1,0,1,ok,222
981,1,7,4,user_life,user_5,user_life user_creatures user_hand oppo_hand,user_life: log=18 engine=17 ; user_creatures: log_only=['stalked researcher'] engine_only=[] ; user_hand: log_only=['glassworks'] engine_only=['mountain'] ; oppo_hand: log=1 engine=0,6,4,0,0,4,4,1,0,0,0,1,0,1,ok,224
982,1,9,4,user_hand,oppo_5,user_hand,"user_hand: log_only=['infernal phantom', 'trial of agony'] engine_only=['mountain', 'tunnel surveyor']",5,2,0,0,5,3,0,0,3,0,0,0,0,ok,309
983,1,7,2,user_life,user_3,user_life user_creatures user_hand,user_life: log=18 engine=19 ; user_creatures: log_only=['insidious fungus'] engine_only=[] ; user_hand: log_only=[] engine_only=['insidious fungus'],4,0,0,0,2,0,0,0,2,0,0,0,1,ok,177
984,1,8,2,user_hand,user_3,user_hand,user_hand: log_only=['neglected manor'] engine_only=[],6,2,3,0,2,2,0,0,0,0,0,0,0,ok,354
985,1,8,6,oppo_hand,user_7,oppo_hand,oppo_hand: log=4 engine=3,5,4,0,0,6,4,6,0,2,0,6,0,2,ok,202
986,1,9,3,oppo_life,user_4,oppo_life user_creatures,oppo_life: log=16 engine=17 ; user_creatures: log_only=['beast'] engine_only=['optimistic scavenger'],4,3,1,0,3,3,0,0,0,0,0,0,0,ok,205
987,1,16,4,user_creatures,oppo_5,user_creatures user_noncreatures,user_creatures: log_only=['erratic apparition'] engine_only=[] ; user_noncreatures: log_only=[] engine_only=['charred foyer'],10,2,4,0,4,2,1,0,2,0,1,0,0,ok,516
988,1,8,3,oppo_life,user_4,oppo_life user_creatures,oppo_life: log=16 engine=14 ; user_creatures: log_only=['reluctant role model'] engine_only=[],4,2,1,0,3,2,1,0,1,0,1,0,0,ok,228
989,1,17,2,user_hand,oppo_3,user_hand,user_hand: log_only=[] engine_only=['get out'],6,0,3,0,3,0,0,0,3,0,0,0,1,ok,421
990,1,6,4,oppo_life,user_5,oppo_life,oppo_life: log=12 engine=13,5,4,1,0,4,4,3,0,0,0,3,0,0,ok,132
991,1,7,2,oppo_hand,oppo_3,oppo_hand,oppo_hand: log=3 engine=4,4,1,0,0,2,1,0,0,1,0,0,0,0,ok,239
992,1,10,3,user_lands,user_4,user_lands user_hand,user_lands: log_only=['forest'] engine_only=[] ; user_hand: log_only=[] engine_only=['forest'],7,2,1,1,3,2,1,0,1,0,1,0,1,ok,369
993,1,8,3,user_creatures,oppo_4,user_creatures,user_creatures: log_only=[] engine_only=['entity tracker'],6,2,4,0,4,2,1,0,2,0,1,0,0,ok,241
994,1,5,4,oppo_life,user_5,oppo_life,oppo_life: log=12 engine=10,3,3,0,0,4,4,3,0,1,0,3,0,1,ok,107
995,1,12,2,user_hand,oppo_3,user_hand,"user_hand: log_only=[] engine_only=[""don't make a sound""]",5,0,3,0,2,0,0,0,2,0,0,0,1,ok,385
996,1,12,4,user_lands,user_5,user_lands user_creatures,user_lands: log_only=[] engine_only=['swamp'] ; user_creatures: log_only=['swamp'] engine_only=[],7,3,2,2,4,4,0,2,1,0,0,2,0,ok,249
997,1,9,3,oppo_hand,oppo_4,oppo_hand,oppo_hand: log=4 engine=3,3,1,2,0,2,2,0,1,1,1,0,1,0,ok,200
998,1,8,3,oppo_life,user_4,oppo_life user_creatures,oppo_life: log=11 engine=12 ; user_creatures: log_only=['clockwork percussionist'] engine_only=[],4,2,1,0,3,2,2,0,1,0,2,0,1,ok,145
999,1,14,2,user_life,oppo_3,user_life,user_life: log=16 engine=17,11,2,5,0,2,2,1,0,0,0,1,0,0,ok,387
1000,1,19,1,user_hand,oppo_2,user_hand,user_hand: log_only=['forest'] engine_only=['slavering branchsnapper'],9,0,4,0,2,0,0,0,2,0,0,0,0,ok,1945
1001,1,7,5,oppo_life,user_6,oppo_life user_creatures,oppo_life: log=10 engine=13 ; user_creatures: log_only=[] engine_only=['fear of surveillance'],5,4,0,0,5,6,1,0,1,0,1,0,0,ok,447
1002,1,9,3,user_life,oppo_4,user_life user_creatures user_noncreatures,"user_life: log=20 engine=18 ; user_creatures: log_only=[] engine_only=['clockwork percussionist'] ; user_noncreatures: log_only=[""dollmaker's shop""] engine_only=[]",3,2,1,0,4,3,1,0,2,0,1,0,0,ok,547
1003,1,8,4,user_creatures,oppo_5,user_creatures,user_creatures: log_only=[] engine_only=['ragged playmate'],5,4,2,1,4,4,1,1,0,0,1,1,2,ok,259
1004,1,7,1,user_hand,user_2,user_hand,user_hand: log_only=['slavering branchsnapper'] engine_only=['forest'],5,0,0,0,1,0,0,0,1,0,0,0,0,ok,317
1005,1,6,1,user_hand,user_2,user_hand,user_hand: log_only=['lakeside shack'] engine_only=['stalked researcher'],4,0,1,0,1,0,0,0,1,0,0,0,0,ok,216
1006,1,8,1,user_creatures,oppo_2,user_creatures,user_creatures: log_only=[] engine_only=['flesh burrower'],7,2,0,0,2,2,0,0,0,0,0,0,0,ok,313
1007,1,9,3,user_life,oppo_4,user_life,user_life: log=16 engine=20,6,3,0,0,3,3,0,0,0,0,0,0,1,ok,433
1008,1,10,3,user_lands,user_4,user_lands user_hand,user_lands: log_only=['neglected manor'] engine_only=[] ; user_hand: log_only=[] engine_only=['neglected manor'],8,2,2,1,3,2,1,0,1,0,1,0,1,ok,567
1009,1,12,4,user_life,oppo_5,user_life oppo_life user_creatures user_noncreatures,user_life: log=21 engine=20 ; oppo_life: log=18 engine=19 ; user_creatures: log_only=['diversion specialist'] engine_only=[] ; user_noncreatures: log_only=[] engine_only=['disturbing mirth'],6,3,4,1,5,3,1,0,2,0,1,0,0,ok,555
1010,1,12,1,user_hand,user_2,user_hand,user_hand: log_only=['swamp'] engine_only=['broodspinner'],9,0,1,0,1,0,0,0,1,0,0,0,0,ok,319
1011,1,11,3,user_life,oppo_4,user_life user_creatures,user_life: log=20 engine=17 ; user_creatures: log_only=[] engine_only=['unstoppable slasher'],9,2,1,0,3,2,0,0,1,0,0,0,1,ok,455
1012,1,9,2,oppo_life,user_3,oppo_life,oppo_life: log=17 engine=18,4,1,2,0,2,1,0,0,1,0,0,0,0,ok,356
1013,1,8,3,oppo_life,user_4,oppo_life user_creatures oppo_hand,oppo_life: log=18 engine=20 ; user_creatures: log_only=[] engine_only=['fear of exposure'] ; oppo_hand: log=2 engine=3,6,2,1,0,3,2,0,0,1,0,0,0,1,ok,284
1014,1,12,3,oppo_life,user_4,oppo_life oppo_hand,oppo_life: log=20 engine=9 ; oppo_hand: log=3 engine=4,8,2,2,0,3,2,0,0,1,0,0,0,2,ok,451
1015,1,9,3,user_lands,user_4,user_lands user_hand,user_lands: log_only=['swamp'] engine_only=[] ; user_hand: log_only=[] engine_only=['spectral snatcher'],7,3,2,1,3,3,3,0,0,0,3,0,1,ok,246
1016,1,12,2,user_hand,user_3,user_hand,user_hand: log_only=['nowhere to run'] engine_only=['swamp'],6,1,1,0,2,1,0,0,1,0,0,0,0,ok,451
1017,1,11,3,user_life,oppo_4,user_life user_hand,"user_life: log=16 engine=15 ; user_hand: log_only=[] engine_only=[""don't make a sound""]",7,0,1,0,3,0,0,0,3,0,0,0,1,ok,593
1018,1,7,5,user_creatures,oppo_6,user_creatures oppo_hand,user_creatures: log_only=[] engine_only=['insect'] ; oppo_hand: log=2 engine=3,4,4,1,1,5,5,8,0,2,0,8,0,2,ok,292
1019,1,7,3,user_life,oppo_4,user_life oppo_hand,user_life: log=16 engine=19 ; oppo_hand: log=3 engine=4,6,2,1,1,3,3,1,0,1,0,1,0,3,ok,242
1020,1,9,2,user_hand,oppo_3,user_hand,"user_hand: log_only=[] engine_only=[""don't make a sound""]",4,0,1,0,2,0,0,0,2,0,0,0,1,ok,261
1021,1,6,1,user_hand,user_2,user_hand,user_hand: log_only=['unstoppable slasher'] engine_only=['slavering branchsnapper'],3,0,1,0,1,0,0,0,1,0,0,0,0,ok,162
1022,1,10,2,user_lands,user_3,user_lands user_noncreatures user_hand,"user_lands: log_only=['island'] engine_only=[] ; user_noncreatures: log_only=['unable to scream'] engine_only=[] ; user_hand: log_only=[] engine_only=['daggermaw megalodon', 'unable to scream']",5,2,0,0,2,2,0,0,0,0,0,0,2,ok,151
1023,1,9,2,user_creatures,oppo_3,user_creatures,user_creatures: log_only=['clockwork percussionist'] engine_only=['sawblade skinripper'],7,3,0,0,3,3,2,0,0,0,2,0,0,ok,259
1024,1,8,5,oppo_life,user_6,oppo_life,oppo_life: log=9 engine=5,4,4,2,1,5,5,4,1,1,0,4,1,1,ok,258
1025,1,12,2,user_life,oppo_3,user_life user_noncreatures user_hand oppo_hand,user_life: log=20 engine=18 ; user_noncreatures: log_only=['growing dread'] engine_only=[] ; user_hand: log_only=[] engine_only=['growing dread'] ; oppo_hand: log=5 engine=6,5,0,2,0,2,0,0,0,2,0,0,0,1,ok,273
1026,1,9,2,user_creatures,user_3,user_creatures,user_creatures: log_only=[] engine_only=['floodpits drowner'],5,0,3,0,2,0,0,0,2,0,0,0,0,ok,350
1027,1,8,2,user_life,oppo_3,user_life,user_life: log=17 engine=18,5,1,1,0,2,1,0,0,1,0,0,0,0,ok,359
1028,1,9,4,user_lands,user_5,user_lands user_creatures,user_lands: log_only=[] engine_only=['swamp'] ; user_creatures: log_only=['swamp'] engine_only=[],6,3,0,0,4,3,1,1,1,0,1,1,0,ok,479
1029,1,8,3,oppo_hand,oppo_4,oppo_hand,oppo_hand: log=6 engine=5,5,2,0,0,3,3,0,0,1,1,0,0,0,ok,229
1030,1,5,2,oppo_life,user_3,oppo_life,oppo_life: log=16 engine=17,4,1,0,0,2,1,0,0,1,0,0,0,0,ok,96
1031,1,7,2,oppo_hand,oppo_3,oppo_hand,oppo_hand: log=5 engine=6,4,1,3,1,3,2,3,0,2,0,3,0,1,ok,122
1032,1,9,3,user_life,oppo_4,user_life user_hand,"user_life: log=18 engine=14 ; user_hand: log_only=['island', 'silent hallcreeper'] engine_only=['inquisitive glimmer', 'plains']",5,1,0,0,4,1,0,0,3,0,0,0,0,ok,309
1033,1,9,2,user_noncreatures,user_3,user_noncreatures,user_noncreatures: log_only=['treasure'] engine_only=[],5,1,3,0,2,1,0,1,1,0,0,1,0,ok,246
1034,1,14,2,user_creatures,oppo_3,user_creatures,user_creatures: log_only=[] engine_only=['piranha fly'],6,1,6,0,2,1,0,0,1,0,0,0,0,ok,883
1035,1,11,3,user_creatures,oppo_4,user_creatures user_hand,user_creatures: log_only=['appendage amalgam'] engine_only=[] ; user_hand: log_only=[] engine_only=['appendage amalgam'],6,1,2,0,3,1,0,0,2,0,0,0,0,ok,355
1036,1,9,2,user_hand,oppo_3,user_hand,"user_hand: log_only=[] engine_only=[""don't make a sound""]",6,1,1,0,2,1,0,0,1,0,0,0,1,ok,316
1037,1,8,5,user_creatures,oppo_6,user_creatures,user_creatures: log_only=[] engine_only=['fear of burning alive'],3,3,1,1,6,4,0,0,3,0,0,0,1,ok,242
1038,1,6,3,user_creatures,user_4,user_creatures user_hand,user_creatures: log_only=['hand that feeds'] engine_only=[] ; user_hand: log_only=[] engine_only=['vicious clown'],4,2,0,0,3,2,0,0,1,0,0,0,1,ok,134
1039,1,10,3,user_hand,user_4,user_hand,user_hand: log_only=['mountain'] engine_only=['plains'],7,2,2,0,3,2,0,0,1,0,0,0,0,ok,382
1040,1,17,3,user_hand,user_4,user_hand,user_hand: log_only=['sporogenic infection'] engine_only=['osseous sticktwister'],5,2,3,1,3,2,0,0,1,0,0,0,1,ok,276
1041,1,10,4,user_lands,user_5,user_lands user_hand,user_lands: log_only=['island'] engine_only=[] ; user_hand: log_only=[] engine_only=['daggermaw megalodon'],8,3,2,1,4,3,1,0,1,0,1,0,2,ok,241
1042,1,7,1,user_hand,user_2,user_hand,user_hand: log_only=['meat locker'] engine_only=['forest'],5,0,1,0,1,0,0,0,1,0,0,0,0,ok,199
1043,1,14,3,user_hand,user_4,user_hand,"user_hand: log_only=['altanak, the thrice-called'] engine_only=['defiant survivor']",5,1,1,1,3,2,1,0,2,0,1,0,0,ok,239
1044,1,7,3,user_lands,user_4,user_lands user_hand,user_lands: log_only=['mountain'] engine_only=[] ; user_hand: log_only=[] engine_only=['bedhead beastie'],4,3,0,0,3,3,3,0,0,0,3,0,1,ok,192
1045,1,12,5,user_life,oppo_6,user_life user_creatures user_hand,user_life: log=17 engine=15 ; user_creatures: log_only=['enduring curiosity'] engine_only=[] ; user_hand: log_only=[] engine_only=['enduring curiosity'],7,3,1,0,5,3,0,1,2,0,0,1,2,ok,539
1046,1,13,1,user_hand,user_2,user_hand,user_hand: log_only=['swamp'] engine_only=['forest'],5,1,2,0,1,1,0,0,0,0,0,0,0,ok,333
1047,1,10,3,user_noncreatures,user_4,user_noncreatures,user_noncreatures: log_only=[] engine_only=['unable to scream'],6,2,3,2,3,3,0,0,1,0,0,0,0,ok,464
1048,1,12,2,user_noncreatures,oppo_3,user_noncreatures user_hand,user_noncreatures: log_only=['nowhere to run'] engine_only=[] ; user_hand: log_only=[] engine_only=['nowhere to run'],5,1,0,0,2,1,1,0,1,0,1,0,0,ok,534
1049,1,12,5,user_hand,oppo_6,user_hand oppo_hand,user_hand: log_only=['unnerving grasp'] engine_only=['meat locker'] ; oppo_hand: log=1 engine=2,6,2,1,0,4,4,0,0,2,2,0,0,1,ok,671
1050,1,10,4,user_creatures,oppo_5,user_creatures,user_creatures: log_only=[] engine_only=['bottomless pool'],5,2,1,0,4,2,0,0,2,0,0,0,1,ok,471
1051,1,4,3,user_life,oppo_4,user_life oppo_hand,user_life: log=14 engine=17 ; oppo_hand: log=3 engine=4,2,2,0,0,3,2,0,0,1,0,0,0,3,ok,88
1052,1,6,2,user_creatures,oppo_3,user_creatures user_hand,user_creatures: log_only=['wildfire wickerfolk'] engine_only=['irreverent gremlin'] ; user_hand: log_only=['irreverent gremlin'] engine_only=['wildfire wickerfolk'],5,2,1,0,3,2,2,0,1,0,2,0,0,ok,134
1053,1,11,2,user_life,oppo_3,user_life,user_life: log=16 engine=17,6,0,3,0,2,0,0,0,2,0,0,0,0,ok,321
1054,1,11,3,user_creatures,user_4,user_creatures,user_creatures: log_only=['fear of surveillance'] engine_only=[],7,2,3,0,3,3,1,0,1,0,1,0,0,ok,460
1055,1,14,5,oppo_hand,oppo_6,oppo_hand,oppo_hand: log=2 engine=3,7,3,3,0,4,4,0,0,1,1,0,0,2,ok,420
1056,1,9,4,user_life,oppo_5,user_life user_hand,"user_life: log=17 engine=18 ; user_hand: log_only=['island', 'swamp'] engine_only=['creeping peeper', 'murder']",6,3,0,0,4,3,4,0,1,0,4,0,0,ok,284
1057,1,11,2,oppo_hand,oppo_3,oppo_hand,oppo_hand: log=4 engine=5,6,1,2,0,2,1,0,0,1,0,0,0,1,ok,313
1058,1,7,2,oppo_life,user_3,oppo_life user_hand,oppo_life: log=17 engine=18 ; user_hand: log_only=['forest'] engine_only=[],3,0,3,0,2,0,0,0,2,0,0,0,0,ok,100
1059,1,7,3,user_creatures,oppo_4,user_creatures user_hand,user_creatures: log_only=['glimmer'] engine_only=[] ; user_hand: log_only=['grand entryway'] engine_only=[],5,2,2,0,4,2,1,0,2,0,1,0,1,ok,162
1060,1,9,4,user_life,oppo_5,user_life,user_life: log=16 engine=19,8,3,2,0,4,3,0,0,1,0,0,0,2,ok,226
1061,1,9,1,user_hand,oppo_2,user_hand,"user_hand: log_only=[] engine_only=[""don't make a sound""]",4,0,0,0,2,0,0,0,2,0,0,0,1,ok,257
1062,1,8,2,user_hand,oppo_3,user_hand,user_hand: log_only=['forest'] engine_only=['slavering branchsnapper'],4,0,2,0,2,0,0,0,2,0,0,0,0,ok,205
1063,1,10,3,user_creatures,user_4,user_creatures user_hand,user_creatures: log_only=['plains'] engine_only=[] ; user_hand: log_only=[] engine_only=['manifest dread'],4,2,1,0,3,2,0,0,1,0,0,0,1,ok,303
1064,1,8,4,user_life,oppo_5,user_life user_creatures user_hand,"user_life: log=17 engine=15 ; user_creatures: log_only=[] engine_only=['glimmer'] ; user_hand: log_only=['fear of surveillance', 'island'] engine_only=['etched cornfield', 'plains']",6,3,0,0,4,3,2,0,1,0,2,0,1,ok,238
1065,1,8,2,oppo_life,user_3,oppo_life,oppo_life: log=16 engine=17,6,2,1,0,2,2,2,0,0,0,2,0,0,ok,272
1066,1,13,4,oppo_hand,oppo_5,oppo_hand,oppo_hand: log=4 engine=5,7,3,4,1,4,3,1,0,1,0,1,0,1,ok,339
1067,1,7,3,user_creatures,oppo_4,user_creatures,user_creatures: log_only=[] engine_only=['glimmerlight'],3,1,1,0,3,1,0,0,2,0,0,0,1,ok,146
1068,1,11,2,user_hand,user_3,user_hand,user_hand: log_only=['grasping longneck'] engine_only=['fear of burning alive'],6,1,0,0,2,1,0,1,1,0,0,1,0,ok,356
1069,1,12,5,oppo_hand,oppo_6,oppo_hand,oppo_hand: log=4 engine=2,6,4,2,0,4,5,1,1,1,0,1,1,0,ok,436
1070,1,4,3,user_hand,user_4,user_hand,user_hand: log_only=['smoky lounge'] engine_only=[],0,0,0,0,3,0,0,0,3,0,0,0,0,ok,69
1071,1,8,3,oppo_hand,oppo_4,oppo_hand,oppo_hand: log=5 engine=6,5,2,2,0,3,2,1,0,1,0,1,0,2,ok,237
1072,1,8,2,oppo_hand,user_3,oppo_hand,oppo_hand: log=4 engine=5,5,1,0,0,2,1,0,0,1,0,0,0,0,ok,219
1073,1,9,4,oppo_life,user_5,oppo_life user_creatures,oppo_life: log=16 engine=17 ; user_creatures: log_only=['razorkin needlehead'] engine_only=[],5,3,2,0,4,3,1,0,1,0,1,0,0,ok,269
1074,1,6,5,oppo_hand,oppo_6,oppo_hand,oppo_hand: log=8 engine=7,2,2,0,0,4,3,9,0,2,1,9,0,0,ok,67
1075,1,8,3,user_life,user_4,user_life oppo_life user_creatures,"user_life: log=21 engine=20 ; oppo_life: log=19 engine=20 ; user_creatures: log_only=[""betrayer's bargain"", 'popular egotist'] engine_only=['innocuous rat']",4,2,1,0,3,2,0,0,1,0,0,0,0,ok,206
1076,1,10,3,user_lands,user_4,user_lands user_hand,user_lands: log_only=['island'] engine_only=[] ; user_hand: log_only=[] engine_only=['island'],6,2,2,1,3,2,0,0,1,0,0,0,1,ok,374
1077,1,5,3,oppo_hand,oppo_4,oppo_hand,oppo_hand: log=4 engine=5,1,1,1,0,4,1,2,0,3,0,2,0,1,ok,75
1078,1,9,3,user_life,oppo_4,user_life,user_life: log=14 engine=16,4,2,1,0,3,2,0,0,1,0,0,0,0,ok,336
1079,1,15,2,user_lands,user_3,user_lands user_noncreatures user_hand,user_lands: log_only=['forest'] engine_only=[] ; user_noncreatures: log_only=[] engine_only=['glimmerlight'] ; user_hand: log_only=['glimmerlight'] engine_only=['forest'],9,1,2,0,2,1,0,0,1,0,0,0,0,ok,436
1080,1,7,2,user_lands,user_3,user_lands user_noncreatures user_hand,user_lands: log_only=['forest'] engine_only=[] ; user_noncreatures: log_only=['treasure'] engine_only=[] ; user_hand: log_only=[] engine_only=['slavering branchsnapper'],4,2,1,0,2,2,1,0,0,0,1,0,1,ok,216
1081,1,8,5,user_life,user_6,user_life oppo_life user_lands user_hand,user_life: log=18 engine=16 ; oppo_life: log=16 engine=18 ; user_lands: log_only=['island'] engine_only=[] ; user_hand: log_only=['moldering gym'] engine_only=['island'],6,4,1,0,5,4,1,1,1,0,1,1,2,ok,274
1082,1,9,3,user_creatures,oppo_4,user_creatures,user_creatures: log_only=['glimmer'] engine_only=['dashing bloodsucker'],4,2,2,0,4,2,2,0,2,0,2,0,0,ok,281
1083,1,13,4,oppo_life,user_5,oppo_life user_creatures user_noncreatures user_hand oppo_hand,"oppo_life: log=15 engine=17 ; user_creatures: log_only=['clockwork percussionist'] engine_only=[] ; user_noncreatures: log_only=[] engine_only=['disturbing mirth'] ; user_hand: log_only=[] engine_only=['swamp', 'turn inside out'] ; oppo_hand: log=5 engine=6",6,2,1,0,4,2,3,0,2,0,3,0,2,ok,234
1084,1,8,2,user_lands,user_3,user_lands user_creatures user_hand,"user_lands: log_only=['forest'] engine_only=[] ; user_creatures: log_only=['cryptid inspector'] engine_only=[] ; user_hand: log_only=[] engine_only=['forest', 'manifest dread']",5,1,2,0,2,1,0,0,1,0,0,0,2,ok,155
1085,1,7,2,user_creatures,oppo_3,user_creatures user_hand,user_creatures: log_only=['fear of surveillance'] engine_only=['irreverent gremlin'] ; user_hand: log_only=['irreverent gremlin'] engine_only=['fear of surveillance'],5,2,1,0,3,2,1,0,1,0,1,0,0,ok,205
1086,1,10,2,user_hand,oppo_3,user_hand,user_hand: log_only=['island'] engine_only=['daggermaw megalodon'],4,0,0,0,2,0,0,0,2,0,0,0,0,ok,112
1087,1,8,3,user_life,oppo_4,user_life oppo_hand,user_life: log=14 engine=18 ; oppo_hand: log=2 engine=3,5,2,2,1,3,2,0,0,1,0,0,0,2,ok,191
1088,1,7,4,oppo_life,user_5,oppo_life,oppo_life: log=10 engine=12,5,3,2,1,4,4,2,0,1,0,2,0,1,ok,148
1089,1,6,5,user_creatures,oppo_6,user_creatures user_noncreatures oppo_hand,"user_creatures: log_only=['the mindskinner'] engine_only=[] ; user_noncreatures: log_only=[""shardmage's rescue""] engine_only=[] ; oppo_hand: log=1 engine=2",4,4,1,1,6,4,3,0,2,0,3,0,2,ok,147
1090,1,7,5,user_creatures,user_6,user_creatures,"user_creatures: log_only=[] engine_only=['defiant survivor', 'wildfire wickerfolk']",5,3,1,1,4,4,5,1,1,1,5,1,1,ok,141
1091,1,8,5,user_life,oppo_6,user_life oppo_hand,user_life: log=9 engine=10 ; oppo_hand: log=3 engine=1,5,4,2,1,4,5,1,0,1,0,1,0,0,ok,323
1092,1,8,4,user_creatures,user_5,user_creatures,user_creatures: log_only=['fear of impostors'] engine_only=[],6,2,2,0,4,2,0,0,2,0,0,0,0,ok,356
1093,1,11,3,user_hand,user_4,user_hand,user_hand: log_only=['chainsaw'] engine_only=[],8,2,5,1,3,2,1,0,1,0,1,0,1,ok,439
1094,1,11,3,user_life,oppo_4,user_life user_hand,"user_life: log=17 engine=20 ; user_hand: log_only=['forest', 'twist reality'] engine_only=['island', 'piranha fly']",6,1,3,0,4,1,0,0,3,0,0,0,1,ok,432
1095,1,10,4,user_creatures,oppo_5,user_creatures,"user_creatures: log_only=['vicious clown'] engine_only=['arabella, abandoned doll']",5,3,0,0,4,4,1,0,1,0,1,0,0,ok,485
1096,1,10,3,user_creatures,oppo_4,user_creatures oppo_hand,user_creatures: log_only=[] engine_only=['twitching doll'] ; oppo_hand: log=5 engine=4,5,2,1,0,4,3,2,0,2,0,2,0,1,ok,286
1097,1,7,3,user_creatures,oppo_4,user_creatures user_noncreatures user_hand,"user_creatures: log_only=['arabella, abandoned doll'] engine_only=[] ; user_noncreatures: log_only=['ethereal armor', ""shardmage's rescue""] engine_only=[] ; user_hand: log_only=[] engine_only=[""shardmage's rescue""]",4,2,1,1,3,2,0,0,1,0,0,0,0,ok,181
1098,1,10,3,user_hand,oppo_4,user_hand oppo_hand,user_hand: log_only=[] engine_only=['get out'] ; oppo_hand: log=4 engine=5,1,0,4,0,3,0,0,0,3,0,0,0,2,ok,252
1099,1,7,2,user_creatures,user_3,user_creatures,user_creatures: log_only=['rampaging soulrager'] engine_only=[],4,2,1,0,2,2,0,0,0,0,0,0,0,ok,155
1100,1,7,3,oppo_life,user_4,oppo_life user_hand,oppo_life: log=16 engine=20 ; user_hand: log_only=['monstrous emergence'] engine_only=['swamp'],5,2,0,0,3,2,0,0,1,0,0,0,1,ok,1207
1101,1,7,5,user_life,oppo_6,user_life oppo_hand,user_life: log=15 engine=20 ; oppo_hand: log=1 engine=2,6,4,0,0,5,4,3,0,1,0,3,0,4,ok,628
1102,1,10,3,oppo_life,user_4,oppo_life user_lands user_creatures user_noncreatures user_hand,"oppo_life: log=14 engine=11 ; user_lands: log_only=['forest'] engine_only=[] ; user_creatures: log_only=['scorching dragonfire'] engine_only=['piggy bank'] ; user_noncreatures: log_only=['treasure'] engine_only=[] ; user_hand: log_only=['insidious fungus'] engine_only=['manifest dread', 'say its name']",7,3,0,0,3,3,4,0,0,0,4,0,4,ok,627
1103,1,9,4,user_creatures,oppo_5,user_creatures,user_creatures: log_only=['glimmer'] engine_only=[],6,2,1,0,5,2,0,0,3,0,0,0,0,ok,325
1104,1,8,3,user_hand,user_4,user_hand,user_hand: log_only=['waltz of rage'] engine_only=['mountain'],6,2,2,0,3,2,3,0,1,0,3,0,0,ok,379
1105,1,10,3,user_hand,oppo_4,user_hand,user_hand: log_only=['forest'] engine_only=['slavering branchsnapper'],4,0,1,1,3,1,0,0,3,0,0,0,0,ok,328
1106,1,6,3,user_creatures,oppo_4,user_creatures,"user_creatures: log_only=['toby, beastie befriender'] engine_only=['beast']",3,1,1,0,3,1,0,0,2,0,0,0,0,ok,255
1107,1,8,3,user_hand,user_4,user_hand,user_hand: log_only=['jump scare'] engine_only=['scorching dragonfire'],4,1,0,0,3,1,0,0,2,0,0,0,0,ok,334
1108,1,7,5,user_creatures,oppo_6,user_creatures user_noncreatures user_hand,user_creatures: log_only=['bashful beastie'] engine_only=[] ; user_noncreatures: log_only=['frantic strength'] engine_only=[] ; user_hand: log_only=[] engine_only=['frantic strength'],5,5,1,1,5,5,5,0,0,0,5,0,0,ok,321
1109,1,10,2,user_creatures,user_3,user_creatures,user_creatures: log_only=['forest'] engine_only=['ripchain razorkin'],7,0,2,0,2,0,0,0,2,0,0,0,0,ok,467
1110,1,9,3,user_noncreatures,user_4,user_noncreatures user_hand,user_noncreatures: log_only=['overlord of the boilerbilges'] engine_only=[] ; user_hand: log_only=[] engine_only=['overlord of the boilerbilges'],6,2,2,0,3,2,0,0,1,0,0,0,1,ok,326
1111,1,10,4,oppo_hand,oppo_5,oppo_hand,oppo_hand: log=2 engine=3,7,3,2,1,4,3,0,1,1,0,0,1,1,ok,271
1112,1,14,2,user_hand,user_3,user_hand,user_hand: log_only=['bleeding woods'] engine_only=['forest'],11,2,3,1,2,2,0,0,0,0,0,0,0,ok,994
1113,1,9,2,oppo_life,user_3,oppo_life user_creatures,oppo_life: log=17 engine=18 ; user_creatures: log_only=['the swarmweaver'] engine_only=[],3,1,2,0,2,1,0,0,1,0,0,0,0,ok,217
1114,1,6,3,user_life,user_4,user_life oppo_life,user_life: log=28 engine=27 ; oppo_life: log=12 engine=13,4,1,2,1,2,2,1,0,1,0,1,0,0,ok,230
1115,1,9,2,oppo_life,user_3,oppo_life user_creatures oppo_hand,"oppo_life: log=20 engine=19 ; user_creatures: log_only=['mountain'] engine_only=['glimmer', 'vicious clown'] ; oppo_hand: log=4 engine=5",5,2,2,0,2,2,0,0,0,0,0,0,2,ok,327
1116,1,9,3,user_hand,oppo_4,user_hand,user_hand: log_only=[] engine_only=['scorching dragonfire'],4,3,1,1,4,3,2,0,1,0,2,0,1,ok,204
1117,1,9,2,user_creatures,oppo_3,user_creatures,user_creatures: log_only=[] engine_only=['irreverent gremlin'],4,1,1,0,2,1,0,0,1,0,0,0,0,ok,287
1118,1,6,1,user_hand,user_2,user_hand,user_hand: log_only=['swamp'] engine_only=['spineseeker centipede'],5,0,0,0,1,0,0,0,1,0,0,0,0,ok,133
1119,1,9,3,user_creatures,oppo_4,user_creatures,user_creatures: log_only=[] engine_only=['acrobatic cheerleader'],5,1,2,1,3,1,0,0,2,0,0,0,0,ok,362
1120,1,7,5,oppo_life,user_6,oppo_life user_creatures user_hand oppo_hand,"oppo_life: log=11 engine=9 ; user_creatures: log_only=['swamp'] engine_only=['spineseeker centipede', 'the swarmweaver'] ; user_hand: log_only=['drag to the roots', 'the swarmweaver'] engine_only=['fear of lost teeth', 'forest'] ; oppo_hand: log=6 engine=7",4,3,0,0,5,4,5,0,2,0,5,0,1,ok,221
1121,1,11,3,user_life,oppo_4,user_life user_creatures,user_life: log=13 engine=11 ; user_creatures: log_only=[] engine_only=['gremlin tamer'],6,1,1,0,2,2,0,0,1,1,0,0,0,ok,515
1122,1,8,2,user_lands,oppo_3,user_lands user_hand,"user_lands: log_only=['forest'] engine_only=[] ; user_hand: log_only=[] engine_only=['altanak, the thrice-called']",5,1,0,0,3,1,1,0,2,0,1,0,0,ok,241
1123,1,12,3,user_creatures,user_4,user_creatures user_hand,user_creatures: log_only=['possessed goat'] engine_only=[] ; user_hand: log_only=[] engine_only=['possessed goat'],5,1,2,0,3,1,0,0,2,0,0,0,1,ok,367
1124,1,5,4,oppo_hand,user_5,oppo_hand,oppo_hand: log=1 engine=2,4,3,1,1,4,3,3,0,1,0,3,0,2,ok,114
1125,1,12,2,user_hand,oppo_3,user_hand,user_hand: log_only=['swamp'] engine_only=['spectral snatcher'],8,0,0,0,2,0,0,0,2,0,0,0,0,ok,260
1126,1,7,3,oppo_life,oppo_4,oppo_life oppo_hand,oppo_life: log=19 engine=20 ; oppo_hand: log=4 engine=5,4,2,3,0,3,2,0,0,1,0,0,0,1,ok,211
1127,1,9,2,user_creatures,oppo_3,user_creatures,user_creatures: log_only=[] engine_only=['house cartographer'],7,1,1,0,2,1,0,0,1,0,0,0,0,ok,342
1128,1,6,3,user_hand,oppo_4,user_hand,user_hand: log_only=['island'] engine_only=['daggermaw megalodon'],3,2,1,1,3,2,0,0,1,0,0,0,0,ok,171
1129,1,7,4,user_hand,oppo_5,user_hand,user_hand: log_only=['grand entryway'] engine_only=['fear of isolation'],5,3,0,0,4,3,2,1,1,0,2,1,0,ok,169
1130,1,10,3,user_creatures,user_4,user_creatures,user_creatures: log_only=['mountain'] engine_only=['irreverent gremlin'],4,1,2,0,3,1,1,0,2,0,1,0,0,ok,352
1131,1,10,2,user_hand,user_3,user_hand,user_hand: log_only=['mountain'] engine_only=[],6,1,3,0,2,1,0,0,1,0,0,0,0,ok,334
1132,1,6,3,user_life,oppo_4,user_life oppo_hand,user_life: log=17 engine=20 ; oppo_hand: log=2 engine=3,4,3,0,0,4,3,0,0,1,0,0,0,2,ok,186
1133,1,11,6,user_creatures,oppo_7,user_creatures user_noncreatures oppo_hand,user_creatures: log_only=['spectral snatcher'] engine_only=[] ; user_noncreatures: log_only=[] engine_only=['roaring furnace'] ; oppo_hand: log=2 engine=1,4,4,3,2,7,5,0,0,3,0,0,0,0,ok,620
1134,1,10,4,user_lands,user_5,user_lands user_creatures,user_lands: log_only=['plains'] engine_only=['forest'] ; user_creatures: log_only=['forest'] engine_only=['tunnel surveyor'],4,1,1,1,3,2,3,0,2,0,3,0,0,ok,436
1135,1,11,3,user_creatures,user_4,user_creatures,user_creatures: log_only=['plains'] engine_only=['fear of lost teeth'],5,0,1,0,3,0,0,0,3,0,0,0,0,ok,340
1136,1,8,3,user_creatures,oppo_4,user_creatures,user_creatures: log_only=[] engine_only=['fear of surveillance'],3,3,0,0,4,4,2,0,1,0,2,0,0,ok,312
1137,1,10,4,user_life,oppo_5,user_life oppo_life,user_life: log=14 engine=19 ; oppo_life: log=21 engine=16,7,3,1,1,4,4,4,0,2,0,4,0,2,ok,356
1138,1,5,3,oppo_life,user_4,oppo_life user_creatures user_hand,oppo_life: log=11 engine=14 ; user_creatures: log_only=['wildfire wickerfolk'] engine_only=[] ; user_hand: log_only=[] engine_only=['wildfire wickerfolk'],4,2,1,0,3,2,1,0,1,0,1,0,2,ok,117
1139,1,8,2,user_hand,user_3,user_hand,user_hand: log_only=['mountain'] engine_only=[],6,2,0,0,2,2,1,1,0,0,1,1,0,ok,191
1140,1,11,3,user_life,oppo_4,user_life user_noncreatures user_hand,user_life: log=18 engine=19 ; user_noncreatures: log_only=['nowhere to run'] engine_only=[] ; user_hand: log_only=[] engine_only=['nowhere to run'],5,1,2,0,3,1,0,0,2,0,0,0,0,ok,324
1141,1,9,3,user_hand,user_4,user_hand,user_hand: log_only=['shrewd storyteller'] engine_only=['etched cornfield'],4,1,0,0,3,1,0,0,2,0,0,0,0,ok,212
1142,1,8,4,user_life,oppo_5,user_life,user_life: log=20 engine=22,5,3,0,0,4,3,0,0,1,0,0,0,0,ok,284
1143,1,7,1,user_creatures,oppo_2,user_creatures,user_creatures: log_only=[] engine_only=['overgrown zealot'],6,1,1,0,2,1,0,0,1,0,0,0,0,ok,260
1144,1,11,2,oppo_life,user_3,oppo_life user_creatures user_noncreatures,oppo_life: log=18 engine=19 ; user_creatures: log_only=['clockwork percussionist'] engine_only=[] ; user_noncreatures: log_only=['surgical suite'] engine_only=[],7,1,0,0,2,1,2,0,1,0,2,0,1,ok,335
1145,1,8,2,user_creatures,user_3,user_creatures,user_creatures: log_only=[] engine_only=['wildfire wickerfolk'],6,1,1,0,2,1,1,0,1,0,1,0,0,ok,212
1146,1,8,3,user_life,oppo_4,user_life,user_life: log=14 engine=16,5,2,1,0,3,2,0,0,1,0,0,0,0,ok,228
1147,1,13,5,oppo_life,user_6,oppo_life user_creatures,oppo_life: log=18 engine=19 ; user_creatures: log_only=['unwilling vessel'] engine_only=[],6,2,1,0,3,3,0,3,1,1,0,3,0,ok,381
1148,1,9,2,user_life,oppo_3,user_life,user_life: log=17 engine=20,4,1,2,0,3,1,0,0,2,0,0,0,0,ok,437
1149,1,8,3,oppo_hand,oppo_4,oppo_hand,oppo_hand: log=3 engine=4,7,2,4,0,3,2,0,0,1,0,0,0,2,ok,335
1150,1,17,2,user_hand,oppo_3,user_hand,"user_hand: log_only=[] engine_only=[""don't make a sound""]",4,0,4,0,2,0,0,0,2,0,0,0,1,ok,671
1151,1,6,3,user_life,oppo_4,user_life,user_life: log=16 engine=12,3,3,0,0,3,4,0,0,0,1,0,0,0,ok,221
1152,1,10,1,user_hand,user_2,user_hand,user_hand: log_only=['forest'] engine_only=['cautious survivor'],4,0,1,0,1,0,0,0,1,0,0,0,0,ok,212
1153,1,14,1,oppo_life,user_2,oppo_life,oppo_life: log=18 engine=19,7,1,1,0,1,1,0,0,0,0,0,0,0,ok,351
1154,1,14,4,user_creatures,oppo_5,user_creatures user_noncreatures,user_creatures: log_only=['fear of surveillance'] engine_only=[] ; user_noncreatures: log_only=[] engine_only=['meat locker'],6,3,0,0,4,4,1,0,1,1,1,0,0,ok,359
1155,1,5,3,oppo_life,user_4,oppo_life,oppo_life: log=14 engine=16,4,2,1,0,3,2,1,0,1,0,1,0,0,ok,118
1156,1,6,4,user_creatures,user_5,user_creatures,user_creatures: log_only=['cryptid inspector'] engine_only=[],2,1,0,0,3,1,0,0,2,0,0,0,0,ok,93
1157,1,8,3,user_hand,oppo_4,user_hand,"user_hand: log_only=['floodpits drowner', 'meat locker', 'twist reality'] engine_only=['intruding soulrager', 'island', 'pyroclasm']",4,3,1,0,4,3,3,0,1,0,3,0,0,ok,244
1158,1,9,3,user_hand,user_4,user_hand,user_hand: log_only=['fear of immobility'] engine_only=['trapped in the screen'],5,1,0,0,3,1,0,0,2,0,0,0,0,ok,202
1159,1,12,3,user_life,oppo_4,user_life,user_life: log=17 engine=20,8,2,1,0,3,2,0,0,1,0,0,0,0,ok,421
1160,1,8,1,user_hand,user_2,user_hand,"user_hand: log_only=['altanak, the thrice-called'] engine_only=['terramorphic expanse']",6,0,1,0,1,0,0,0,1,0,0,0,0,ok,258
1161,1,8,4,user_creatures,user_5,user_creatures user_hand,user_creatures: log_only=['horror'] engine_only=[] ; user_hand: log_only=['sawblade skinripper'] engine_only=[],5,2,3,1,4,3,0,0,2,0,0,0,0,ok,221
1162,1,7,3,user_life,oppo_4,user_life user_creatures oppo_hand,user_life: log=11 engine=12 ; user_creatures: log_only=['swamp'] engine_only=['glassworks'] ; oppo_hand: log=2 engine=3,2,1,1,0,3,1,0,0,2,0,0,0,2,ok,179
1163,1,10,3,user_life,user_4,user_life oppo_life user_creatures oppo_hand,user_life: log=19 engine=20 ; oppo_life: log=20 engine=16 ; user_creatures: log_only=[] engine_only=['vicious clown'] ; oppo_hand: log=4 engine=5,6,2,2,0,3,2,0,0,1,0,0,0,1,ok,230
1164,1,9,3,oppo_life,user_4,oppo_life user_creatures oppo_hand,oppo_life: log=17 engine=13 ; user_creatures: log_only=[] engine_only=['vicious clown'] ; oppo_hand: log=3 engine=4,6,2,2,0,3,2,0,0,1,0,0,0,2,ok,245
1165,1,9,5,user_life,user_6,user_life oppo_life,user_life: log=19 engine=20 ; oppo_life: log=7 engine=6,7,4,0,0,5,5,3,1,1,0,3,1,4,ok,377
1166,1,9,5,oppo_life,user_6,oppo_life user_lands user_creatures user_noncreatures user_hand,"oppo_life: log=10 engine=13 ; user_lands: log_only=['island'] engine_only=[] ; user_creatures: log_only=['glimmer'] engine_only=[] ; user_noncreatures: log_only=['grand entryway'] engine_only=[] ; user_hand: log_only=[] engine_only=['grand entryway', 'island']",7,3,2,0,5,3,3,0,2,0,3,0,3,ok,267
1167,1,8,2,user_life,oppo_3,user_life user_creatures,user_life: log=20 engine=18 ; user_creatures: log_only=[] engine_only=['fear of surveillance'],4,0,2,0,3,0,0,0,3,0,0,0,1,ok,244
1168,1,12,5,user_hand,oppo_6,user_hand oppo_hand,"user_hand: log_only=[] engine_only=[""betrayer's bargain""] ; oppo_hand: log=2 engine=3",5,3,1,0,5,4,2,0,2,0,2,0,3,ok,444
1169,1,5,2,oppo_life,oppo_3,oppo_life oppo_hand,oppo_life: log=16 engine=17 ; oppo_hand: log=3 engine=4,4,1,2,0,2,1,1,0,1,0,1,0,1,ok,152
1170,1,7,3,user_life,user_4,user_life oppo_life user_creatures user_hand,user_life: log=27 engine=24 ; oppo_life: log=8 engine=11 ; user_creatures: log_only=['orphans of the wheat'] engine_only=[] ; user_hand: log_only=[] engine_only=['orphans of the wheat'],4,2,0,0,3,3,1,0,1,0,1,0,1,ok,148
1171,1,12,5,oppo_hand,oppo_6,oppo_hand,oppo_hand: log=2 engine=1,6,3,3,2,5,4,0,0,2,0,0,0,1,ok,566
1172,1,17,2,user_hand,user_3,user_hand,user_hand: log_only=['saw'] engine_only=['boilerbilges ripper'],7,1,3,0,2,1,0,0,1,0,0,0,0,ok,444
1173,1,9,2,user_life,oppo_3,user_life user_creatures user_hand oppo_hand,user_life: log=19 engine=18 ; user_creatures: log_only=[] engine_only=['friendly teddy'] ; user_hand: log_only=['fear of immobility'] engine_only=[] ; oppo_hand: log=5 engine=4,6,1,1,0,2,1,0,0,1,0,0,0,0,ok,488
1174,1,11,4,user_hand,oppo_5,user_hand,"user_hand: log_only=[] engine_only=[""don't make a sound""]",5,1,0,0,4,1,2,0,3,0,2,0,1,ok,396
1175,1,3,3,,,,,1,1,0,0,2,1,0,0,1,0,0,0,0,ok,30
1176,1,10,2,user_lands,user_3,user_lands user_hand,user_lands: log_only=['island'] engine_only=[] ; user_hand: log_only=[] engine_only=['daggermaw megalodon'],6,1,1,0,2,1,0,0,1,0,0,0,1,ok,312
1177,1,11,2,user_life,oppo_3,user_life user_creatures,user_life: log=18 engine=20 ; user_creatures: log_only=[] engine_only=['defiant survivor'],5,2,1,0,3,2,1,0,1,0,1,0,0,ok,195
1178,1,9,3,oppo_life,user_4,oppo_life,oppo_life: log=15 engine=16,4,2,2,0,3,3,1,0,1,0,1,0,0,ok,395
1179,1,7,1,user_hand,user_2,user_hand,user_hand: log_only=['moldering gym'] engine_only=['tunnel surveyor'],5,0,0,0,1,0,0,0,1,0,0,0,0,ok,239
1180,1,11,7,oppo_life,user_8,oppo_life user_creatures oppo_hand,oppo_life: log=11 engine=2 ; user_creatures: log_only=[] engine_only=['fear of immobility'] ; oppo_hand: log=3 engine=4,3,2,2,0,5,4,6,0,3,2,6,0,1,ok,246
1181,1,9,4,user_noncreatures,user_5,user_noncreatures,user_noncreatures: log_only=['unable to scream'] engine_only=[],6,2,3,0,3,3,1,0,1,1,1,0,0,ok,273
1182,1,8,2,user_creatures,user_3,user_creatures,user_creatures: log_only=['plains'] engine_only=[],4,2,1,0,2,2,0,0,0,0,0,0,0,ok,206
1183,1,7,2,user_lands,user_3,user_lands user_hand,user_lands: log_only=['forest'] engine_only=[] ; user_hand: log_only=[] engine_only=['slavering branchsnapper'],5,1,0,0,2,1,0,0,1,0,0,0,1,ok,95
1184,1,9,3,user_life,oppo_4,user_life,user_life: log=10 engine=11,4,1,0,0,2,2,0,0,1,1,0,0,0,ok,133
1185,1,8,2,user_hand,oppo_3,user_hand,"user_hand: log_only=[] engine_only=[""don't make a sound""]",4,0,0,0,2,0,0,0,2,0,0,0,1,ok,209
1186,1,11,3,oppo_life,user_4,oppo_life,oppo_life: log=16 engine=17,7,2,2,0,3,2,1,0,1,0,1,0,1,ok,461
1187,1,10,2,user_hand,oppo_3,user_hand,user_hand: log_only=['swamp'] engine_only=['final vengeance'],5,1,3,0,2,1,0,0,1,0,0,0,0,ok,217
1188,1,11,2,user_hand,user_3,user_hand,user_hand: log_only=['irreverent gremlin'] engine_only=['underwater tunnel'],4,1,0,0,2,1,0,0,1,0,0,0,0,ok,312
1189,1,12,4,user_life,oppo_5,user_life user_creatures user_hand,user_life: log=18 engine=16 ; user_creatures: log_only=['enduring curiosity'] engine_only=[] ; user_hand: log_only=[] engine_only=['enduring curiosity'],8,1,1,1,4,1,1,0,3,0,1,0,2,ok,297
1190,1,9,7,oppo_life,user_8,oppo_life,oppo_life: log=12 engine=17,6,4,3,2,7,6,1,1,3,0,1,1,1,ok,243
1191,1,12,3,user_creatures,oppo_4,user_creatures,user_creatures: log_only=[] engine_only=['dissection tools'],5,0,5,0,3,0,0,0,3,0,0,0,0,ok,525
1192,1,14,5,user_creatures,oppo_6,user_creatures oppo_hand,user_creatures: log_only=[] engine_only=['glimmerlight'] ; oppo_hand: log=3 engine=5,4,2,5,3,4,5,3,0,3,0,3,0,1,ok,362
1193,1,11,3,user_lands,user_4,user_lands user_hand,user_lands: log_only=['island'] engine_only=[] ; user_hand: log_only=[] engine_only=['cryptid inspector'],4,1,1,0,3,1,1,0,2,0,1,0,1,ok,220
1194,1,7,3,user_creatures,oppo_4,user_creatures,user_creatures: log_only=['razorkin needlehead'] engine_only=[],3,1,2,0,4,1,3,0,3,0,3,0,0,ok,141
1195,1,10,6,oppo_life,user_7,oppo_life user_lands user_creatures,oppo_life: log=18 engine=16 ; user_lands: log_only=['mountain'] engine_only=[] ; user_creatures: log_only=['diversion specialist'] engine_only=['friendly teddy'],5,2,3,1,6,3,0,0,4,0,0,0,2,ok,204
1196,1,6,3,oppo_life,user_4,oppo_life user_creatures user_hand,"oppo_life: log=14 engine=13 ; user_creatures: log_only=['gremlin', 'gremlin', 'gremlin tamer'] engine_only=[] ; user_hand: log_only=[] engine_only=['gremlin tamer']",4,2,0,0,3,2,2,0,1,0,2,0,1,ok,125
1197,1,10,2,oppo_life,user_3,oppo_life,oppo_life: log=20 engine=19,4,0,3,1,2,1,0,0,2,0,0,0,0,ok,199
1198,1,13,4,user_creatures,user_5,user_creatures oppo_hand,user_creatures: log_only=[] engine_only=['most valuable slayer'] ; oppo_hand: log=1 engine=2,9,2,0,0,4,2,0,0,2,0,0,0,2,ok,595
1199,1,12,2,user_creatures,oppo_3,user_creatures oppo_hand,user_creatures: log_only=[] engine_only=['popular egotist'] ; oppo_hand: log=5 engine=6,5,2,1,0,3,2,1,0,1,0,1,0,1,ok,360
1200,1,9,1,user_hand,user_2,user_hand,user_hand: log_only=['twist reality'] engine_only=['island'],8,0,0,0,1,0,0,0,1,0,0,0,0,ok,1410
1201,1,10,3,oppo_life,user_4,oppo_life,oppo_life: log=17 engine=16,6,2,1,0,3,2,2,0,1,0,2,0,0,ok,741
1202,1,9,1,user_noncreatures,oppo_2,user_noncreatures user_hand,user_noncreatures: log_only=['bear trap'] engine_only=[] ; user_hand: log_only=[] engine_only=['bear trap'],4,0,1,0,1,0,0,0,1,0,0,0,0,ok,469
1203,1,10,2,user_creatures,user_3,user_creatures user_hand,"user_creatures: log_only=['glimmer', 'tunnel surveyor'] engine_only=[] ; user_hand: log_only=[] engine_only=['tunnel surveyor']",3,1,2,0,2,1,0,0,1,0,0,0,1,ok,511
1204,1,6,2,oppo_life,user_3,oppo_life user_creatures oppo_hand,oppo_life: log=17 engine=15 ; user_creatures: log_only=[] engine_only=['hand that feeds'] ; oppo_hand: log=6 engine=7,5,2,0,0,2,2,2,0,0,0,2,0,1,ok,255
1205,1,8,2,user_creatures,user_3,user_creatures,user_creatures: log_only=['house cartographer'] engine_only=[],6,2,1,0,2,2,0,0,0,0,0,0,1,ok,306
1206,1,7,3,oppo_hand,oppo_4,oppo_hand,oppo_hand: log=3 engine=4,3,2,0,0,3,2,1,0,1,0,1,0,1,ok,293
1207,1,11,2,oppo_hand,oppo_3,oppo_hand,oppo_hand: log=3 engine=4,6,1,3,0,2,1,0,0,1,0,0,0,1,ok,447
1208,1,12,2,user_hand,user_3,user_hand,user_hand: log_only=['wary watchdog'] engine_only=['slavering branchsnapper'],5,1,2,0,2,1,0,0,1,0,0,0,0,ok,471
1209,1,9,2,user_hand,oppo_3,user_hand,"user_hand: log_only=[] engine_only=[""don't make a sound""]",2,0,2,0,3,0,0,0,3,0,0,0,1,ok,300
1210,1,10,4,user_noncreatures,oppo_5,user_noncreatures oppo_hand,user_noncreatures: log_only=[] engine_only=['unable to scream'] ; oppo_hand: log=4 engine=3,7,3,1,1,3,5,2,0,1,1,2,0,2,ok,586
1211,1,11,1,user_hand,user_2,user_hand,user_hand: log_only=['forest'] engine_only=['piggy bank'],6,1,3,0,1,1,0,0,0,0,0,0,0,ok,482
1212,1,8,2,user_creatures,oppo_3,user_creatures user_hand,user_creatures: log_only=['floodpits drowner'] engine_only=[] ; user_hand: log_only=[] engine_only=['floodpits drowner'],4,0,2,0,2,0,0,0,2,0,0,0,0,ok,208
1213,1,9,5,user_creatures,oppo_6,user_creatures user_noncreatures,user_creatures: log_only=['living phone'] engine_only=[] ; user_noncreatures: log_only=[] engine_only=['dissection tools'],5,2,0,0,5,2,0,2,3,0,0,2,1,ok,342
1214,1,10,2,user_hand,oppo_3,user_hand,"user_hand: log_only=[] engine_only=[""don't make a sound""]",4,1,1,0,2,1,0,0,1,0,0,0,1,ok,451
1215,1,8,2,user_hand,user_3,user_hand,user_hand: log_only=['swamp'] engine_only=[],4,1,2,0,2,1,0,0,1,0,0,0,0,ok,262
1216,1,5,2,user_hand,user_3,user_hand,user_hand: log_only=['unstoppable slasher'] engine_only=['live or die'],3,0,0,0,2,0,0,0,2,0,0,0,0,ok,147
1217,1,9,4,user_creatures,user_5,user_creatures,user_creatures: log_only=[] engine_only=['fear of being hunted'],6,4,2,0,4,4,4,0,0,0,4,0,0,ok,355
1218,1,8,4,user_life,oppo_5,user_life user_noncreatures user_hand,user_life: log=18 engine=16 ; user_noncreatures: log_only=['unable to scream'] engine_only=[] ; user_hand: log_only=[] engine_only=['unable to scream'],4,3,3,1,5,4,1,0,2,0,1,0,0,ok,255
1219,1,11,4,oppo_hand,oppo_5,oppo_hand,oppo_hand: log=4 engine=2,3,3,2,1,3,5,2,0,0,2,2,0,0,ok,455
1220,1,6,3,user_life,oppo_4,user_life,user_life: log=16 engine=17,3,1,0,0,3,1,0,0,2,0,0,0,1,ok,176
1221,1,14,3,user_lands,user_4,user_lands user_hand,user_lands: log_only=['plains'] engine_only=[] ; user_hand: log_only=[] engine_only=['shepherding spirits'],8,2,1,0,3,2,1,1,1,0,1,1,1,ok,620
1222,1,9,2,user_hand,user_3,user_hand,user_hand: log_only=['plains'] engine_only=['dissection tools'],5,2,2,1,2,2,2,0,0,0,2,0,1,ok,310
1223,1,8,4,user_creatures,user_5,user_creatures,user_creatures: log_only=['insidious fungus'] engine_only=[],4,3,1,0,4,3,1,0,1,0,1,0,0,ok,298
1224,1,8,3,oppo_hand,oppo_4,oppo_hand,oppo_hand: log=3 engine=4,6,3,2,1,3,4,0,0,0,0,0,0,1,ok,487
1225,1,6,2,oppo_life,user_3,oppo_life user_lands user_creatures,oppo_life: log=12 engine=9 ; user_lands: log_only=['mountain'] engine_only=[] ; user_creatures: log_only=['mountain'] engine_only=[],6,2,1,0,2,2,3,0,0,0,3,0,1,ok,116
1226,1,8,2,user_creatures,oppo_3,user_creatures,"user_creatures: log_only=['patchwork beastie', 'piggy bank'] engine_only=[]",4,1,2,0,3,1,1,0,2,0,1,0,0,ok,197
1227,1,8,1,user_hand,user_2,user_hand,"user_hand: log_only=['swamp'] engine_only=['bashful beastie', ""victor, valgavoth's seneschal""]",7,1,1,0,1,1,0,0,0,0,0,0,0,ok,256
1228,1,6,2,user_life,oppo_3,user_life,user_life: log=16 engine=18,4,1,2,1,2,1,0,0,1,0,0,0,1,ok,231
1229,1,10,7,oppo_life,user_8,oppo_life,oppo_life: log=17 engine=18,7,5,1,0,6,9,0,3,1,1,0,3,1,ok,504
1230,1,3,2,oppo_hand,oppo_3,oppo_hand,oppo_hand: log=8 engine=7,3,3,0,0,3,3,3,0,0,0,3,0,0,ok,57
1231,1,9,1,user_hand,user_2,user_hand,user_hand: log_only=['unsettling twins'] engine_only=['final vengeance'],5,0,3,0,1,0,0,0,1,0,0,0,0,ok,240
1232,1,8,2,oppo_hand,oppo_3,oppo_hand,oppo_hand: log=7 engine=6,5,1,2,0,3,1,1,0,2,0,1,0,0,ok,243
1233,1,9,3,user_creatures,user_4,user_creatures,user_creatures: log_only=['inquisitive glimmer'] engine_only=['stalked researcher'],5,2,2,0,3,2,1,0,1,0,1,0,1,ok,252
1234,1,9,2,user_creatures,user_3,user_creatures oppo_hand,"user_creatures: log_only=[] engine_only=['gremlin', 'gremlin tamer'] ; oppo_hand: log=5 engine=4",5,1,1,0,2,1,0,0,1,0,0,0,0,ok,388
1235,1,7,2,user_hand,user_3,user_hand,user_hand: log_only=['swamp'] engine_only=['say its name'],6,1,0,0,2,1,0,0,1,0,0,0,0,ok,182
1236,1,6,3,oppo_hand,oppo_4,oppo_hand,oppo_hand: log=4 engine=3,5,3,0,0,3,3,0,0,0,0,0,0,0,ok,194
1237,1,7,3,oppo_hand,oppo_4,oppo_hand,oppo_hand: log=5 engine=6,4,3,1,1,4,4,0,0,1,0,0,0,2,ok,157
1238,1,9,5,user_life,oppo_6,user_life oppo_life,user_life: log=14 engine=15 ; oppo_life: log=15 engine=14,6,4,1,1,4,6,3,0,1,0,3,0,0,ok,330
1239,1,10,3,user_lands,user_4,user_lands user_creatures,user_lands: log_only=['forest'] engine_only=['plains'] ; user_creatures: log_only=['erratic apparition'] engine_only=['forest'],5,2,2,2,3,4,0,0,1,0,0,0,0,ok,598
1240,1,8,2,user_hand,oppo_3,user_hand,"user_hand: log_only=[] engine_only=[""don't make a sound""]",3,0,2,0,2,0,0,0,2,0,0,0,1,ok,210
1241,1,6,3,user_creatures,user_4,user_creatures user_hand,user_creatures: log_only=['hand that feeds'] engine_only=[] ; user_hand: log_only=[] engine_only=['hand that feeds'],4,2,1,0,3,3,1,0,1,0,1,0,1,ok,130
1242,1,6,3,user_lands,user_4,user_lands user_hand,user_lands: log_only=['island'] engine_only=[] ; user_hand: log_only=[] engine_only=['daggermaw megalodon'],3,1,2,1,3,1,0,0,2,0,0,0,1,ok,121
1243,1,10,4,user_life,oppo_5,user_life,user_life: log=16 engine=18,7,2,2,1,4,2,0,0,2,0,0,0,0,ok,204
1244,1,13,2,user_hand,oppo_3,user_hand,"user_hand: log_only=[] engine_only=[""don't make a sound""]",7,0,2,0,2,0,0,0,2,0,0,0,1,ok,476
1245,1,4,4,,,,,1,1,0,0,3,1,0,0,2,0,0,0,0,ok,30
1246,1,9,5,oppo_life,user_6,oppo_life user_creatures,oppo_life: log=19 engine=18 ; user_creatures: log_only=['swamp'] engine_only=['glassworks'],5,3,1,0,5,3,1,0,2,0,1,0,0,ok,279
1247,1,12,2,user_creatures,user_3,user_creatures oppo_hand,"user_creatures: log_only=[] engine_only=['glimmer', 'tunnel surveyor'] ; oppo_hand: log=4 engine=5",9,1,1,0,2,1,0,0,1,0,0,0,0,ok,539
1248,1,9,1,user_creatures,oppo_2,user_creatures,user_creatures: log_only=['island'] engine_only=['meat locker'],6,1,0,0,2,1,1,0,1,0,1,0,0,ok,269
1249,1,9,2,oppo_life,user_3,oppo_life,oppo_life: log=18 engine=19,5,2,0,0,2,2,0,0,0,0,0,0,0,ok,393
1250,1,12,2,oppo_hand,oppo_3,oppo_hand,oppo_hand: log=3 engine=2,7,1,2,0,2,1,0,0,1,0,0,0,0,ok,364
1251,1,12,2,user_life,oppo_3,user_life user_hand,user_life: log=20 engine=19 ; user_hand: log_only=[] engine_only=['seized from slumber'],5,0,5,0,2,0,0,0,2,0,0,0,1,ok,386
1252,1,8,4,user_creatures,oppo_5,user_creatures user_hand,user_creatures: log_only=['the wandering rescuer'] engine_only=[] ; user_hand: log_only=[] engine_only=['the wandering rescuer'],4,3,0,0,4,3,1,0,1,0,1,0,0,ok,193
1253,1,7,3,oppo_hand,oppo_4,oppo_hand,oppo_hand: log=6 engine=5,0,0,2,0,3,1,0,0,3,1,0,0,0,ok,146
1254,1,9,3,user_creatures,oppo_4,user_creatures,user_creatures: log_only=['piggy bank'] engine_only=['irreverent gremlin'],7,2,1,0,3,2,1,0,1,0,1,0,0,ok,307
1255,1,7,3,user_life,oppo_4,user_life,user_life: log=16 engine=18,3,2,0,0,3,2,1,1,1,0,1,1,1,ok,258
1256,1,10,4,user_life,oppo_5,user_life user_creatures,user_life: log=16 engine=17 ; user_creatures: log_only=['razorkin hordecaller'] engine_only=['most valuable slayer'],4,3,3,1,5,3,3,0,2,0,3,0,0,ok,320
1257,1,6,4,user_life,oppo_5,user_life oppo_hand,user_life: log=7 engine=8 ; oppo_hand: log=2 engine=3,3,1,1,0,3,1,0,1,2,0,0,1,4,ok,134
1258,1,13,3,user_creatures,user_4,user_creatures user_noncreatures,user_creatures: log_only=['unidentified hovership'] engine_only=[] ; user_noncreatures: log_only=[] engine_only=['unidentified hovership'],6,1,1,0,3,1,0,0,2,0,0,0,0,ok,550
1259,1,4,4,,,,,2,2,0,0,3,3,3,0,1,1,3,0,1,ok,73
1260,1,5,2,user_life,oppo_3,user_life user_creatures oppo_hand,user_life: log=16 engine=18 ; user_creatures: log_only=[] engine_only=['stalked researcher'] ; oppo_hand: log=4 engine=3,2,1,0,0,2,1,0,0,1,0,0,0,0,ok,112
1261,1,6,2,oppo_life,user_3,oppo_life,oppo_life: log=10 engine=13,5,2,0,0,2,2,1,0,0,0,1,0,0,ok,164
1262,1,9,3,user_lands,user_4,user_lands user_creatures,user_lands: log_only=['forest'] engine_only=['mountain'] ; user_creatures: log_only=['bashful beastie'] engine_only=['forest'],4,1,2,1,3,2,0,0,2,0,0,0,0,ok,221
1263,1,8,3,user_lands,user_4,user_lands user_creatures user_hand,"user_lands: log_only=['swamp'] engine_only=[] ; user_creatures: log_only=['broodspinner'] engine_only=[] ; user_hand: log_only=[] engine_only=['broodspinner', 'flesh burrower']",6,2,0,0,3,2,0,0,1,0,0,0,2,ok,184
1264,1,8,4,oppo_life,user_5,oppo_life,oppo_life: log=15 engine=16,5,3,2,1,4,3,1,0,1,0,1,0,1,ok,212
1265,1,10,4,oppo_hand,oppo_5,oppo_hand,oppo_hand: log=2 engine=3,6,4,1,1,5,4,2,0,1,0,2,0,1,ok,307
1266,1,8,2,user_creatures,oppo_3,user_creatures,user_creatures: log_only=[] engine_only=['silent hallcreeper'],5,1,2,0,3,1,1,0,2,0,1,0,0,ok,188
1267,1,9,3,oppo_hand,oppo_4,oppo_hand,oppo_hand: log=4 engine=5,6,2,2,0,4,2,0,0,2,0,0,0,1,ok,275
1268,1,12,1,oppo_hand,oppo_2,oppo_hand,oppo_hand: log=7 engine=6,5,1,0,0,2,1,0,0,1,0,0,0,0,ok,503
1269,1,9,4,oppo_hand,oppo_5,oppo_hand,oppo_hand: log=0 engine=1,4,2,1,1,3,3,4,0,1,0,4,0,2,ok,219
1270,1,13,1,user_hand,user_2,user_hand,user_hand: log_only=['forest'] engine_only=['bashful beastie'],10,0,1,0,1,0,0,0,1,0,0,0,0,ok,364
1271,1,8,2,oppo_life,user_3,oppo_life,oppo_life: log=19 engine=20,5,1,1,0,2,1,0,0,1,0,0,0,0,ok,194
1272,1,10,1,user_hand,oppo_2,user_hand,user_hand: log_only=['mountain'] engine_only=['bedhead beastie'],2,0,3,0,2,0,0,0,2,0,0,0,0,ok,176
1273,1,6,1,user_hand,user_2,user_hand,user_hand: log_only=['broodspinner'] engine_only=['wary watchdog'],4,0,2,0,1,0,0,0,1,0,0,0,0,ok,178
1274,1,7,1,oppo_life,user_2,oppo_life user_hand,oppo_life: log=18 engine=20 ; user_hand: log_only=['swamp'] engine_only=['vile mutilator'],5,0,0,0,1,0,0,0,1,0,0,0,0,ok,130
1275,1,10,4,user_creatures,user_5,user_creatures,user_creatures: log_only=['twitching doll'] engine_only=['toy'],6,3,1,1,4,4,0,0,1,0,0,0,0,ok,302
1276,1,10,3,user_life,oppo_4,user_life oppo_life user_noncreatures oppo_hand,user_life: log=18 engine=16 ; oppo_life: log=22 engine=20 ; user_noncreatures: log_only=[] engine_only=['bear trap'] ; oppo_hand: log=3 engine=4,6,1,2,0,3,1,0,0,2,0,0,0,3,ok,479
1277,1,10,5,oppo_life,user_6,oppo_life,oppo_life: log=10 engine=12,6,4,2,1,5,4,2,0,1,0,2,0,0,ok,311
1278,1,11,2,user_lands,user_3,user_lands user_creatures user_hand,user_lands: log_only=['swamp'] engine_only=[] ; user_creatures: log_only=['spineseeker centipede'] engine_only=[] ; user_hand: log_only=[] engine_only=['spineseeker centipede'],6,1,4,0,2,1,0,0,1,0,0,0,2,ok,256
1279,1,15,5,oppo_life,user_6,oppo_life user_creatures user_noncreatures user_hand,oppo_life: log=18 engine=20 ; user_creatures: log_only=['spirit'] engine_only=[] ; user_noncreatures: log_only=[] engine_only=['glassworks'] ; user_hand: log_only=['underwater tunnel'] engine_only=[],9,4,0,0,4,5,2,0,1,0,2,0,0,ok,317
1280,1,8,5,user_life,user_6,user_life oppo_life user_creatures,user_life: log=20 engine=16 ; oppo_life: log=11 engine=13 ; user_creatures: log_only=[] engine_only=['gremlin'],5,4,2,1,5,4,3,0,1,0,3,0,1,ok,213
1281,1,10,4,user_noncreatures,user_5,user_noncreatures user_hand,user_noncreatures: log_only=['unidentified hovership'] engine_only=[] ; user_hand: log_only=[] engine_only=['unidentified hovership'],6,3,0,0,4,3,5,0,1,0,5,0,1,ok,234
1282,1,10,2,user_hand,user_3,user_hand,user_hand: log_only=['most valuable slayer'] engine_only=['forest'],6,1,1,0,2,1,0,0,1,0,0,0,0,ok,254
1283,1,9,4,oppo_life,user_5,oppo_life,oppo_life: log=25 engine=26,5,2,0,0,3,3,2,0,1,1,2,0,0,ok,283
1284,1,16,7,user_lands,user_8,user_lands user_hand,user_lands: log_only=['mountain'] engine_only=[] ; user_hand: log_only=[] engine_only=['infernal phantom'],8,4,3,1,7,4,1,3,3,0,1,3,2,ok,516
1285,1,9,6,oppo_hand,oppo_7,oppo_hand,oppo_hand: log=5 engine=3,5,3,2,1,6,3,1,0,3,0,1,0,1,ok,429
1286,1,11,5,user_creatures,oppo_6,user_creatures,user_creatures: log_only=[] engine_only=['hand that feeds'],7,4,1,0,5,5,5,0,1,1,5,0,0,ok,333
1287,1,10,3,oppo_life,user_4,oppo_life,oppo_life: log=10 engine=12,6,3,1,0,3,4,3,0,0,0,3,0,0,ok,301
1288,1,10,4,user_creatures,oppo_5,user_creatures user_hand oppo_hand,user_creatures: log_only=[] engine_only=['possessed goat'] ; user_hand: log_only=[] engine_only=['shroudstomper'] ; oppo_hand: log=2 engine=3,6,3,1,1,4,3,1,0,1,0,1,0,5,ok,220
1289,1,10,2,oppo_life,oppo_3,oppo_life,oppo_life: log=20 engine=19,4,2,2,0,3,2,0,0,1,0,0,0,0,ok,168
1290,1,13,2,user_hand,user_3,user_hand,user_hand: log_only=['defiant survivor'] engine_only=['withering torment'],8,1,2,0,2,1,0,0,1,0,0,0,0,ok,236
1291,1,6,3,oppo_hand,oppo_4,oppo_hand,oppo_hand: log=2 engine=3,3,1,2,0,3,1,1,0,2,0,1,0,3,ok,109
1292,1,9,2,user_creatures,user_3,user_creatures,user_creatures: log_only=['glimmer'] engine_only=[],4,1,1,0,2,1,0,0,1,0,0,0,0,ok,185
1293,1,9,2,user_creatures,oppo_3,user_creatures user_hand,user_creatures: log_only=['floodpits drowner'] engine_only=[] ; user_hand: log_only=[] engine_only=['floodpits drowner'],3,0,4,0,2,0,0,0,2,0,0,0,0,ok,197
1294,1,9,5,oppo_hand,oppo_6,oppo_hand,oppo_hand: log=2 engine=1,5,3,1,0,4,4,6,0,1,1,6,0,1,ok,239
1295,1,9,3,user_creatures,oppo_4,user_creatures,user_creatures: log_only=[] engine_only=['tunnel surveyor'],4,3,2,1,4,4,0,0,1,0,0,0,1,ok,304
1296,1,6,2,user_creatures,user_3,user_creatures,user_creatures: log_only=['the wandering rescuer'] engine_only=[],5,2,1,0,2,2,2,0,0,0,2,0,0,ok,146
1297,1,8,1,user_hand,user_2,user_hand,user_hand: log_only=['bottomless pool'] engine_only=['glimmerlight'],4,0,2,0,1,0,0,0,1,0,0,0,0,ok,272
1298,1,7,2,oppo_life,user_3,oppo_life,oppo_life: log=18 engine=19,2,1,1,0,2,1,0,0,1,0,0,0,0,ok,110
1299,1,14,2,user_hand,oppo_3,user_hand,user_hand: log_only=['plains'] engine_only=['shepherding spirits'],7,1,1,0,2,1,1,0,1,0,1,0,0,ok,268
1300,1,9,3,user_creatures,user_4,user_creatures,user_creatures: log_only=['scrabbling skullcrab'] engine_only=[],5,3,1,0,3,3,0,0,0,0,0,0,0,ok,1531
1301,1,7,1,user_hand,user_2,user_hand,user_hand: log_only=['balustrade wurm'] engine_only=['swamp'],4,1,0,0,1,1,0,0,0,0,0,0,0,ok,389
1302,1,7,2,user_life,oppo_3,user_life,user_life: log=16 engine=18,2,0,0,0,2,0,0,0,2,0,0,0,0,ok,347
1303,1,9,3,user_creatures,oppo_4,user_creatures,user_creatures: log_only=[] engine_only=['cryptid inspector'],5,2,0,0,3,2,0,0,1,0,0,0,0,ok,497
1304,1,8,3,user_life,oppo_4,user_life,user_life: log=19 engine=18,6,3,0,0,3,3,1,0,0,0,1,0,0,ok,525
1305,1,7,3,user_life,user_4,user_life oppo_life user_creatures,"user_life: log=22 engine=23 ; oppo_life: log=8 engine=11 ; user_creatures: log_only=['appendage amalgam', 'fear of lost teeth'] engine_only=[]",4,2,2,0,3,2,3,0,1,0,3,0,0,ok,301
1306,1,7,5,oppo_life,oppo_6,oppo_life oppo_hand,oppo_life: log=23 engine=24 ; oppo_hand: log=2 engine=1,4,4,0,0,5,4,0,1,1,0,0,1,0,ok,239
1307,1,11,2,user_hand,oppo_3,user_hand,user_hand: log_only=['forest'] engine_only=['slavering branchsnapper'],5,0,0,0,2,0,0,0,2,0,0,0,0,ok,420
1308,1,9,1,user_hand,user_2,user_hand,user_hand: log_only=['island'] engine_only=['hauntwoods shrieker'],5,1,3,0,1,1,0,0,0,0,0,0,0,ok,649
1309,1,9,5,user_life,oppo_6,user_life,user_life: log=14 engine=17,5,3,1,0,4,5,1,0,1,1,1,0,7,ok,513
1310,1,8,3,user_life,user_4,user_life oppo_life,user_life: log=24 engine=25 ; oppo_life: log=16 engine=15,4,2,5,1,3,2,1,0,1,0,1,0,0,ok,314
1311,1,11,1,user_hand,user_2,user_hand,"user_hand: log_only=['razorkin needlehead'] engine_only=['altanak, the thrice-called']",7,1,1,0,1,1,0,0,0,0,0,0,0,ok,370
1312,1,9,2,user_creatures,user_3,user_creatures,user_creatures: log_only=['splitskin doll'] engine_only=[],6,1,1,0,2,1,0,0,1,0,0,0,0,ok,358
1313,1,12,2,oppo_life,user_3,oppo_life user_creatures oppo_hand,oppo_life: log=20 engine=18 ; user_creatures: log_only=[] engine_only=['ragged playmate'] ; oppo_hand: log=4 engine=5,7,1,3,0,2,1,0,0,1,0,0,0,1,ok,458
1314,1,5,2,user_hand,oppo_3,user_hand,user_hand: log_only=['swamp'] engine_only=['spectral snatcher'],0,0,0,0,2,0,0,0,2,0,0,0,0,ok,122
1315,1,8,4,oppo_life,user_5,oppo_life user_lands user_hand,oppo_life: log=16 engine=12 ; user_lands: log_only=['island'] engine_only=[] ; user_hand: log_only=[] engine_only=['daggermaw megalodon'],6,3,0,0,4,3,1,0,1,0,1,0,2,ok,324
1316,1,11,2,user_lands,user_3,user_lands user_noncreatures user_hand,user_lands: log_only=['island'] engine_only=[] ; user_noncreatures: log_only=[] engine_only=['glimmerlight'] ; user_hand: log_only=['glimmerlight'] engine_only=['island'],6,1,0,0,2,1,0,0,1,0,0,0,0,ok,418
1317,1,11,2,user_creatures,user_3,user_creatures,user_creatures: log_only=[] engine_only=['insidious fungus'],5,1,3,0,2,1,0,0,1,0,0,0,0,ok,481
1318,1,9,2,user_creatures,user_3,user_creatures,user_creatures: log_only=['plains'] engine_only=['grand entryway'],4,1,0,0,2,1,0,0,1,0,0,0,0,ok,308
1319,1,8,4,user_creatures,oppo_5,user_creatures,user_creatures: log_only=['most valuable slayer'] engine_only=[],5,4,1,0,5,4,4,0,1,0,4,0,0,ok,295
1320,1,18,2,user_hand,oppo_3,user_hand,"user_hand: log_only=[] engine_only=[""don't make a sound""]",6,0,5,0,2,0,0,0,2,0,0,0,1,ok,940
1321,1,9,3,oppo_hand,oppo_4,oppo_hand,oppo_hand: log=4 engine=3,6,3,1,0,3,3,1,0,0,0,1,0,0,ok,298
1322,1,8,1,user_creatures,user_2,user_creatures,user_creatures: log_only=['mountain'] engine_only=['most valuable slayer'],5,0,1,0,1,0,0,0,1,0,0,0,0,ok,221
1323,1,7,4,user_life,oppo_5,user_life,user_life: log=12 engine=15,3,1,1,0,3,1,1,0,2,0,1,0,1,ok,220
1324,1,15,6,user_noncreatures,user_7,user_noncreatures oppo_hand,user_noncreatures: log_only=['derelict attic'] engine_only=['nowhere to run'] ; oppo_hand: log=3 engine=2,5,3,0,0,6,4,2,0,3,0,2,0,0,ok,1014
1325,1,7,1,user_creatures,user_2,user_creatures,"user_creatures: log_only=['forest'] engine_only=[""painter's studio""]",6,0,1,0,1,0,0,0,1,0,0,0,0,ok,239
1326,1,9,6,oppo_life,user_7,oppo_life,oppo_life: log=12 engine=9,5,3,2,0,4,4,3,0,1,1,3,0,0,ok,270
1327,1,7,4,user_hand,oppo_5,user_hand,user_hand: log_only=['plains'] engine_only=['glimmerlight'],5,2,3,0,4,2,3,0,2,0,3,0,1,ok,235
1328,1,9,1,user_noncreatures,user_2,user_noncreatures user_hand,user_noncreatures: log_only=[] engine_only=['keys to the house'] ; user_hand: log_only=['plains'] engine_only=[],7,1,3,0,1,1,0,0,0,0,0,0,0,ok,337
1329,1,13,4,user_life,oppo_5,user_life,user_life: log=13 engine=14,7,4,2,0,4,5,0,0,0,0,0,0,0,ok,509
1330,1,9,2,oppo_life,user_3,oppo_life user_creatures user_hand oppo_hand,oppo_life: log=20 engine=18 ; user_creatures: log_only=[] engine_only=['house cartographer'] ; user_hand: log_only=[] engine_only=['strangled cemetery'] ; oppo_hand: log=5 engine=6,6,1,2,0,2,1,0,0,1,0,0,0,1,ok,318
1331,1,8,3,user_creatures,oppo_4,user_creatures,"user_creatures: log_only=[] engine_only=['cryptid inspector', 'swamp']",5,2,1,0,4,2,1,0,2,0,1,0,0,ok,176
1332,1,9,4,oppo_hand,oppo_5,oppo_hand,oppo_hand: log=3 engine=1,5,3,0,0,5,3,1,0,2,0,1,0,0,ok,375
1333,1,9,1,user_hand,oppo_2,user_hand,user_hand: log_only=['swamp'] engine_only=['spectral snatcher'],6,0,1,0,2,0,0,0,2,0,0,0,0,ok,279
1334,1,10,1,user_hand,oppo_2,user_hand,user_hand: log_only=['forest'] engine_only=['slavering branchsnapper'],8,0,1,0,2,0,0,0,2,0,0,0,0,ok,161
1335,1,6,3,oppo_hand,user_4,oppo_hand,oppo_hand: log=5 engine=6,1,1,2,0,3,1,0,0,2,0,0,0,0,ok,78
1336,1,11,2,user_life,oppo_3,user_life user_creatures user_noncreatures user_hand,user_life: log=18 engine=17 ; user_creatures: log_only=['unable to scream'] engine_only=[] ; user_noncreatures: log_only=['growing dread'] engine_only=[] ; user_hand: log_only=[] engine_only=['growing dread'],3,0,3,0,2,0,0,0,2,0,0,0,1,ok,311
1337,1,10,1,user_hand,user_2,user_hand,user_hand: log_only=['vanish from sight'] engine_only=['forest'],8,0,1,0,1,0,0,0,1,0,0,0,0,ok,384
1338,1,9,3,user_hand,oppo_4,user_hand,"user_hand: log_only=[] engine_only=[""don't make a sound""]",4,2,2,0,4,2,3,0,2,0,3,0,1,ok,233
1339,1,17,2,oppo_life,oppo_3,oppo_life,oppo_life: log=20 engine=19,9,2,2,0,2,2,0,0,0,0,0,0,0,ok,547
1340,1,7,5,user_lands,user_6,user_lands user_creatures user_hand,user_lands: log_only=['swamp'] engine_only=[] ; user_creatures: log_only=['broodspinner'] engine_only=[] ; user_hand: log_only=[] engine_only=['swamp'],5,4,2,1,5,5,2,0,1,0,2,0,1,ok,141
1341,1,10,3,user_life,oppo_4,user_life,user_life: log=17 engine=18,6,1,1,0,3,1,0,0,2,0,0,0,0,ok,245
1342,1,8,1,user_lands,oppo_2,user_lands user_hand,"user_lands: log_only=['terramorphic expanse'] engine_only=[] ; user_hand: log_only=[] engine_only=['altanak, the thrice-called']",6,0,0,0,2,0,0,0,2,0,0,0,0,ok,218
1343,1,11,1,user_hand,user_2,user_hand,user_hand: log_only=['moldering gym'] engine_only=['terramorphic expanse'],7,0,1,0,1,0,0,0,1,0,0,0,0,ok,242
1344,1,8,2,user_creatures,user_3,user_creatures user_hand,user_creatures: log_only=['razorkin hordecaller'] engine_only=['mountain'] ; user_hand: log_only=['mountain'] engine_only=[],6,2,1,0,2,2,2,0,0,0,2,0,0,ok,513
1345,1,10,7,user_creatures,oppo_8,user_creatures oppo_hand,user_creatures: log_only=[] engine_only=['the mindskinner'] ; oppo_hand: log=4 engine=2,4,2,3,1,4,5,0,0,2,2,0,0,3,ok,285
1346,1,8,3,user_noncreatures,user_4,user_noncreatures,user_noncreatures: log_only=[] engine_only=['cracked skull'],5,2,3,1,3,2,0,0,1,0,0,0,0,ok,214
1347,1,7,2,user_creatures,user_3,user_creatures user_hand,"user_creatures: log_only=['norin, swift survivalist'] engine_only=[] ; user_hand: log_only=[] engine_only=['norin, swift survivalist']",5,1,2,0,2,1,0,0,1,0,0,0,1,ok,186
1348,1,10,4,user_life,oppo_5,user_life user_noncreatures,user_life: log=14 engine=18 ; user_noncreatures: log_only=[] engine_only=['funeral room'],4,3,2,1,5,3,1,0,2,0,1,0,1,ok,265
1349,1,5,3,oppo_hand,oppo_4,oppo_hand,oppo_hand: log=4 engine=3,2,2,1,0,4,2,0,0,2,0,0,0,0,ok,140
1350,1,7,4,user_life,oppo_5,user_life user_creatures,user_life: log=5 engine=6 ; user_creatures: log_only=[] engine_only=['ragged playmate'],5,3,0,0,4,3,0,1,1,0,0,1,0,ok,228
1351,1,11,2,user_lands,user_3,user_lands user_hand,user_lands: log_only=['plains'] engine_only=[] ; user_hand: log_only=[] engine_only=['shepherding spirits'],5,1,2,0,2,1,0,0,1,0,0,0,1,ok,428
1352,1,14,3,user_creatures,user_4,user_creatures user_hand,user_creatures: log_only=['forest'] engine_only=['island'] ; user_hand: log_only=['island'] engine_only=['cryptid inspector'],6,0,2,1,2,1,0,0,2,0,0,0,0,ok,226
1353,1,11,2,user_life,oppo_3,user_life,user_life: log=18 engine=20,6,0,2,0,2,0,0,0,2,0,0,0,1,ok,320
1354,1,5,3,oppo_life,user_4,oppo_life,oppo_life: log=14 engine=15,3,2,1,0,3,2,2,0,1,0,2,0,0,ok,112
1355,1,7,3,user_lands,user_4,user_lands user_creatures user_hand,user_lands: log_only=['island'] engine_only=[] ; user_creatures: log_only=[] engine_only=['twist reality'] ; user_hand: log_only=['twist reality'] engine_only=['island'],4,2,2,1,3,2,0,0,1,0,0,0,0,ok,178
1356,1,8,5,user_hand,user_6,user_hand,user_hand: log_only=['flesh burrower'] engine_only=['defiant survivor'],4,4,2,1,5,4,7,0,1,0,7,0,2,ok,193
1357,1,11,4,user_hand,user_5,user_hand,user_hand: log_only=[] engine_only=['surgical suite'],9,3,1,0,4,3,0,2,1,0,0,2,0,ok,428
1358,1,12,2,user_hand,oppo_3,user_hand,user_hand: log_only=['mountain'] engine_only=['bedhead beastie'],6,0,4,0,2,0,0,0,2,0,0,0,0,ok,447
1359,1,14,5,oppo_hand,oppo_6,oppo_hand,oppo_hand: log=3 engine=2,7,4,2,0,5,6,1,0,1,0,1,0,2,ok,691
1360,1,6,2,user_life,oppo_3,user_life,user_life: log=17 engine=18,4,1,0,0,2,1,0,0,1,0,0,0,0,ok,143
1361,1,12,3,user_life,user_4,user_life oppo_life user_lands user_hand,user_life: log=22 engine=20 ; oppo_life: log=16 engine=18 ; user_lands: log_only=['swamp'] engine_only=[] ; user_hand: log_only=[] engine_only=['spectral snatcher'],6,2,2,1,3,2,0,0,1,0,0,0,1,ok,204
1362,1,8,4,oppo_life,user_5,oppo_life,oppo_life: log=16 engine=20,6,3,1,0,4,3,0,0,1,0,0,0,1,ok,192
1363,1,9,3,user_lands,user_4,user_lands user_noncreatures user_hand,user_lands: log_only=['island'] engine_only=[] ; user_noncreatures: log_only=[] engine_only=['ticket booth'] ; user_hand: log_only=['meat locker'] engine_only=['island'],6,2,1,0,3,2,1,0,1,0,1,0,1,ok,315
1364,1,8,3,user_creatures,oppo_4,user_creatures oppo_hand,user_creatures: log_only=[] engine_only=['clockwork percussionist'] ; oppo_hand: log=3 engine=4,5,2,1,0,4,2,0,0,2,0,0,0,0,ok,270
1365,1,11,2,user_lands,user_3,user_lands user_hand,user_lands: log_only=['swamp'] engine_only=[] ; user_hand: log_only=[] engine_only=['spectral snatcher'],6,1,1,0,2,1,0,0,1,0,0,0,1,ok,341
1366,1,12,3,user_creatures,user_4,user_creatures,user_creatures: log_only=['island'] engine_only=[],7,2,0,0,3,2,0,0,1,0,0,0,0,ok,194
1367,1,7,3,user_hand,user_4,user_hand,user_hand: log_only=['defiled crypt'] engine_only=['shroudstomper'],4,1,0,0,3,1,0,1,2,0,0,1,0,ok,183
1368,1,9,2,oppo_life,user_3,oppo_life user_creatures oppo_hand,oppo_life: log=20 engine=17 ; user_creatures: log_only=[] engine_only=['wary watchdog'] ; oppo_hand: log=4 engine=5,6,2,1,0,2,2,0,0,0,0,0,0,1,ok,215
1369,1,10,3,oppo_hand,oppo_4,oppo_hand,oppo_hand: log=4 engine=3,6,1,2,0,4,1,0,0,3,0,0,0,0,ok,254
1370,1,10,3,user_lands,user_4,user_lands user_hand,user_lands: log_only=['forest'] engine_only=[] ; user_hand: log_only=[] engine_only=['slavering branchsnapper'],5,2,0,0,3,2,0,1,1,0,0,1,1,ok,266
1371,1,16,2,oppo_life,user_3,oppo_life user_creatures,oppo_life: log=20 engine=19 ; user_creatures: log_only=[] engine_only=['glimmer'],8,1,2,0,2,1,0,0,1,0,0,0,1,ok,697
1372,1,9,4,oppo_life,user_5,oppo_life oppo_hand,oppo_life: log=16 engine=20 ; oppo_hand: log=6 engine=5,6,3,2,0,3,4,1,0,1,0,1,0,0,ok,318
1373,1,6,1,user_hand,user_2,user_hand,user_hand: log_only=['anthropede'] engine_only=['island'],4,0,1,0,1,0,0,0,1,0,0,0,0,ok,88
1374,1,5,1,oppo_hand,oppo_2,oppo_hand,oppo_hand: log=6 engine=5,3,1,0,0,1,1,0,0,0,0,0,0,0,ok,93
1375,1,9,6,user_creatures,user_7,user_creatures user_noncreatures,user_creatures: log_only=[] engine_only=['glimmer'] ; user_noncreatures: log_only=[] engine_only=['unable to scream'],5,4,3,0,5,5,4,0,1,1,4,0,0,ok,272
1376,1,7,1,user_hand,user_2,user_hand,user_hand: log_only=['twitching doll'] engine_only=['slavering branchsnapper'],5,0,0,0,1,0,0,0,1,0,0,0,0,ok,152
1377,1,6,4,user_lands,user_5,user_lands user_hand,"user_lands: log_only=['mountain'] engine_only=[] ; user_hand: log_only=[""betrayer's bargain""] engine_only=['swamp']",4,3,0,0,4,3,6,0,1,0,6,0,1,ok,120
1378,1,12,1,user_hand,oppo_2,user_hand,user_hand: log_only=['island'] engine_only=['daggermaw megalodon'],7,0,1,0,2,0,0,0,2,0,0,0,0,ok,350
1379,1,9,1,user_creatures,user_2,user_creatures oppo_hand,user_creatures: log_only=[] engine_only=['stalked researcher'] ; oppo_hand: log=5 engine=6,5,0,0,0,1,0,0,0,1,0,0,0,1,ok,237
1380,1,9,3,oppo_hand,oppo_4,oppo_hand,oppo_hand: log=5 engine=4,5,2,2,0,4,2,1,1,2,0,1,1,0,ok,222
1381,1,9,7,oppo_hand,oppo_8,oppo_hand,oppo_hand: log=3 engine=1,5,5,2,2,6,6,0,0,1,1,0,0,2,ok,313
1382,1,10,5,user_lands,oppo_6,user_lands user_hand,user_lands: log_only=[] engine_only=['plains'] ; user_hand: log_only=['trapped in the screen'] engine_only=[],4,3,2,0,6,3,1,0,3,0,1,0,0,ok,278
1383,1,12,4,user_noncreatures,user_5,user_noncreatures,user_noncreatures: log_only=['glassworks'] engine_only=['nowhere to run'],5,3,3,0,4,3,0,0,1,0,0,0,1,ok,279
1384,1,10,3,user_life,user_4,user_life oppo_life user_creatures user_noncreatures user_hand,user_life: log=22 engine=21 ; oppo_life: log=12 engine=16 ; user_creatures: log_only=['popular egotist'] engine_only=[] ; user_noncreatures: log_only=[] engine_only=['treasure'] ; user_hand: log_only=[] engine_only=['turn inside out'],7,2,1,0,3,2,1,0,1,0,1,0,2,ok,329
1385,1,5,5,,,,,3,3,0,0,4,4,1,1,1,1,1,0,1,ok,111
1386,1,9,3,user_noncreatures,oppo_4,user_noncreatures,user_noncreatures: log_only=['glassworks'] engine_only=[],6,3,1,0,4,3,4,0,1,0,4,0,0,ok,276
1387,1,10,3,oppo_hand,oppo_4,oppo_hand,oppo_hand: log=8 engine=7,5,0,2,0,3,0,0,0,3,0,0,0,0,ok,199
1388,1,7,3,oppo_life,user_4,oppo_life user_creatures,"oppo_life: log=12 engine=11 ; user_creatures: log_only=[] engine_only=['arabella, abandoned doll']",4,2,1,0,3,2,1,0,1,0,1,0,1,ok,156
1389,1,8,1,user_hand,user_2,user_hand,user_hand: log_only=['the wandering rescuer'] engine_only=['terramorphic expanse'],6,0,0,0,1,0,0,0,1,0,0,0,0,ok,254
1390,1,9,2,user_lands,oppo_3,user_lands user_creatures user_hand,user_lands: log_only=['lakeside shack'] engine_only=[] ; user_creatures: log_only=[] engine_only=['insidious fungus'] ; user_hand: log_only=['forest'] engine_only=['lakeside shack'],5,1,4,0,2,1,0,0,1,0,0,0,0,ok,213
1391,1,13,2,user_hand,oppo_3,user_hand,user_hand: log_only=['swamp'] engine_only=['spectral snatcher'],8,0,3,0,2,0,0,0,2,0,0,0,0,ok,504
1392,1,8,6,user_hand,user_7,user_hand,user_hand: log_only=['overlord of the balemurk'] engine_only=['swamp'],3,1,2,1,5,2,0,0,4,0,0,0,1,ok,177
1393,1,7,2,user_hand,oppo_3,user_hand oppo_hand,user_hand: log_only=['swamp'] engine_only=['reluctant role model'] ; oppo_hand: log=6 engine=7,5,2,1,0,3,2,0,0,1,0,0,0,1,ok,187
1394,1,7,4,user_life,oppo_5,user_life oppo_life,user_life: log=9 engine=15 ; oppo_life: log=14 engine=8,4,4,2,1,5,5,6,0,1,0,6,0,0,ok,144
1395,1,18,3,user_hand,oppo_4,user_hand,user_hand: log_only=[] engine_only=['get out'],9,3,0,0,3,3,1,0,0,0,1,0,1,ok,1160
1396,1,11,3,user_life,oppo_4,user_life user_noncreatures oppo_hand,user_life: log=18 engine=17 ; user_noncreatures: log_only=[] engine_only=['glimmerlight'] ; oppo_hand: log=4 engine=3,4,2,2,0,4,2,0,0,2,0,0,0,1,ok,397
1397,1,8,3,user_life,oppo_4,user_life,user_life: log=13 engine=14,5,2,0,0,3,3,2,0,1,1,2,0,0,ok,239
1398,1,12,2,oppo_life,oppo_3,oppo_life user_creatures,oppo_life: log=21 engine=20 ; user_creatures: log_only=[] engine_only=['balemurk leech'],7,1,3,0,2,1,0,0,1,0,0,0,0,ok,387
1399,1,6,5,user_hand,user_6,user_hand,user_hand: log_only=[] engine_only=['tunnel surveyor'],4,3,0,0,4,4,4,0,1,1,4,0,1,ok,131
1400,1,12,3,user_hand,oppo_4,user_hand,"user_hand: log_only=['drag to the roots'] engine_only=[""winter's intervention""]",8,2,1,0,3,2,0,0,1,0,0,0,0,ok,1795
1401,1,6,4,oppo_life,user_5,oppo_life user_creatures user_noncreatures user_hand,oppo_life: log=8 engine=10 ; user_creatures: log_only=['vicious clown'] engine_only=[] ; user_noncreatures: log_only=[] engine_only=['treasure'] ; user_hand: log_only=[] engine_only=['ragged playmate'],5,4,0,0,4,4,4,0,0,0,4,0,2,ok,431
1402,1,9,2,user_life,oppo_3,user_life,user_life: log=20 engine=19,5,1,1,0,3,1,1,0,2,0,1,0,1,ok,515
1403,1,10,4,user_life,user_5,user_life oppo_life,user_life: log=20 engine=23 ; oppo_life: log=15 engine=14,5,3,1,0,4,3,4,0,1,0,4,0,1,ok,573
1404,1,10,2,user_life,oppo_3,user_life,user_life: log=17 engine=18,8,1,1,0,2,1,0,0,1,0,0,0,0,ok,477
1405,1,13,4,user_lands,user_5,user_lands user_creatures user_hand,user_lands: log_only=['island'] engine_only=[] ; user_creatures: log_only=[] engine_only=['unsettling twins'] ; user_hand: log_only=['unsettling twins'] engine_only=['island'],6,3,3,0,4,3,0,1,1,0,0,1,3,ok,622
1406,1,10,2,user_creatures,user_3,user_creatures user_hand,user_creatures: log_only=['forest'] engine_only=['vanish from sight'] ; user_hand: log_only=['forest'] engine_only=['oblivious bookworm'],6,2,2,0,2,2,0,0,0,0,0,0,0,ok,358
1407,1,14,6,oppo_life,oppo_7,oppo_life,oppo_life: log=47 engine=48,6,4,1,0,5,6,0,2,1,1,0,2,0,ok,453
1408,1,8,2,user_creatures,oppo_3,user_creatures user_hand,user_creatures: log_only=['piranha fly'] engine_only=[] ; user_hand: log_only=[] engine_only=['entity tracker'],6,1,0,0,3,1,1,0,2,0,1,0,0,ok,325
1409,1,9,4,user_creatures,user_5,user_creatures,user_creatures: log_only=['abandoned campground'] engine_only=[],5,3,1,0,4,4,0,1,1,0,0,1,0,ok,376
1410,1,11,2,oppo_life,user_3,oppo_life,oppo_life: log=16 engine=17,6,2,1,0,2,2,2,0,0,0,2,0,0,ok,448
1411,1,9,4,oppo_life,user_5,oppo_life user_creatures user_noncreatures,oppo_life: log=13 engine=9 ; user_creatures: log_only=['cult healer'] engine_only=['patched plaything'] ; user_noncreatures: log_only=[] engine_only=['unable to scream'],5,3,1,0,4,3,1,0,1,0,1,0,0,ok,478
1412,1,8,4,user_noncreatures,oppo_5,user_noncreatures user_hand oppo_hand,"user_noncreatures: log_only=[""shardmage's rescue""] engine_only=[] ; user_hand: log_only=[] engine_only=[""shardmage's rescue""] ; oppo_hand: log=3 engine=4",4,4,1,0,4,4,0,0,0,0,0,0,2,ok,344
1413,1,11,3,user_hand,user_4,user_hand oppo_hand,"user_hand: log_only=[] engine_only=[""don't make a sound""] ; oppo_hand: log=5 engine=6",6,0,3,1,3,1,0,0,3,0,0,0,1,ok,418
1414,1,9,3,user_hand,user_4,user_hand,user_hand: log_only=['spineseeker centipede'] engine_only=['wary watchdog'],5,2,3,0,3,2,0,0,1,0,0,0,0,ok,417
1415,1,8,1,user_hand,oppo_2,user_hand,user_hand: log_only=['forest'] engine_only=['slavering branchsnapper'],3,0,1,0,2,0,0,0,2,0,0,0,0,ok,154
1416,1,13,2,user_creatures,user_3,user_creatures user_hand,user_creatures: log_only=['fear of surveillance'] engine_only=[] ; user_hand: log_only=[] engine_only=['jump scare'],6,1,0,0,2,1,0,0,1,0,0,0,1,ok,361
1417,1,9,3,user_life,oppo_4,user_life,user_life: log=16 engine=18,5,1,2,1,3,2,0,0,2,0,0,0,0,ok,256
1418,1,11,4,user_life,oppo_5,user_life user_creatures,user_life: log=9 engine=8 ; user_creatures: log_only=[] engine_only=['fear of falling'],5,3,2,2,4,5,2,0,1,1,2,0,1,ok,430
1419,1,5,1,user_hand,user_2,user_hand,user_hand: log_only=['meathook massacre ii'] engine_only=['swamp'],4,1,0,0,1,1,0,0,0,0,0,0,0,ok,104
1420,1,10,3,user_hand,oppo_4,user_hand,user_hand: log_only=['midnight mayhem'] engine_only=['plains'],4,1,4,0,3,1,2,0,2,0,2,0,0,ok,335
1421,1,15,2,user_creatures,oppo_3,user_creatures,user_creatures: log_only=[] engine_only=['undead sprinter'],7,2,1,0,2,2,3,0,0,0,3,0,1,ok,444
1422,1,10,2,user_creatures,oppo_3,user_creatures,user_creatures: log_only=[] engine_only=['glimmer'],6,1,0,0,2,1,0,0,1,0,0,0,1,ok,371
1423,1,9,2,user_life,oppo_3,user_life,user_life: log=18 engine=20,4,0,1,0,3,0,0,0,3,0,0,0,0,ok,240
1424,1,10,2,user_life,oppo_3,user_life,user_life: log=20 engine=21,5,0,3,0,3,0,0,0,3,0,0,0,0,ok,266
1425,1,7,3,user_hand,user_4,user_hand,user_hand: log_only=['oblivious bookworm'] engine_only=['forest'],4,2,1,0,3,2,1,0,1,0,1,0,0,ok,283
1426,1,6,1,user_creatures,user_2,user_creatures,user_creatures: log_only=['mountain'] engine_only=['grasping longneck'],2,0,2,0,1,0,0,0,1,0,0,0,0,ok,123
1427,1,18,3,user_noncreatures,oppo_4,user_noncreatures,user_noncreatures: log_only=['trapped in the screen'] engine_only=[],7,2,5,0,4,2,1,0,2,0,1,0,0,ok,612
1428,1,7,3,oppo_life,user_4,oppo_life,oppo_life: log=14 engine=16,4,2,1,0,3,2,0,0,1,0,0,0,1,ok,193
1429,1,7,2,user_life,oppo_3,user_life,user_life: log=20 engine=18,1,0,2,0,3,0,0,0,3,0,0,0,1,ok,250
1430,1,8,3,user_life,oppo_4,user_life,user_life: log=13 engine=14,5,2,2,1,3,2,0,0,1,0,0,0,1,ok,327
1431,1,7,3,oppo_life,user_4,oppo_life user_creatures,oppo_life: log=14 engine=10 ; user_creatures: log_only=['attack-in-the-box'] engine_only=[],5,3,0,0,3,3,3,0,0,0,3,0,0,ok,206
1432,1,6,2,oppo_life,user_3,oppo_life user_creatures,oppo_life: log=16 engine=13 ; user_creatures: log_only=['impossible inferno'] engine_only=[],5,2,1,0,2,2,2,0,0,0,2,0,0,ok,140
1433,1,12,4,user_lands,user_5,user_lands user_hand,user_lands: log_only=['swamp'] engine_only=[] ; user_hand: log_only=[] engine_only=['spectral snatcher'],6,3,2,1,4,3,0,1,1,0,0,1,2,ok,231
1434,1,8,4,oppo_life,user_5,oppo_life,oppo_life: log=18 engine=22,5,3,0,0,4,4,0,2,1,0,0,2,2,ok,246
1435,1,9,4,oppo_hand,oppo_5,oppo_hand,oppo_hand: log=4 engine=5,6,4,0,0,4,4,2,0,0,0,2,0,2,ok,216
1436,1,6,2,user_life,oppo_3,user_life,user_life: log=17 engine=18,1,1,0,0,2,1,0,0,1,0,0,0,0,ok,135
1437,1,7,2,oppo_life,user_3,oppo_life,oppo_life: log=18 engine=17,3,1,1,0,2,1,0,0,1,0,0,0,0,ok,288
1438,1,9,1,user_hand,user_2,user_hand,user_hand: log_only=['meat locker'] engine_only=['terramorphic expanse'],4,0,0,0,1,0,0,0,1,0,0,0,0,ok,286
1439,1,8,6,user_hand,user_7,user_hand,user_hand: log_only=['fear of being hunted'] engine_only=['vile mutilator'],5,3,1,1,3,5,6,0,0,1,6,0,0,ok,228
1440,1,6,6,,,,,3,3,0,0,4,4,2,0,1,1,2,0,1,ok,116
1441,1,7,1,user_hand,user_2,user_hand,user_hand: log_only=['fear of burning alive'] engine_only=['grasping longneck'],4,0,0,0,1,0,0,0,1,0,0,0,0,ok,250
1442,1,6,5,oppo_life,user_6,oppo_life user_creatures,oppo_life: log=4 engine=7 ; user_creatures: log_only=['under the skin'] engine_only=[],4,4,0,0,5,4,4,0,1,0,4,0,1,ok,125
1443,1,7,1,user_hand,user_2,user_hand,user_hand: log_only=['balustrade wurm'] engine_only=['swamp'],4,0,0,0,1,0,0,0,1,0,0,0,0,ok,434
1444,1,8,3,user_hand,oppo_4,user_hand,user_hand: log_only=['plains'] engine_only=['shepherding spirits'],4,3,0,0,3,3,1,0,0,0,1,0,0,ok,191
1445,1,8,3,user_creatures,user_4,user_creatures user_noncreatures user_hand,"user_creatures: log_only=['insect', 'insect'] engine_only=[] ; user_noncreatures: log_only=['overlord of the mistmoors'] engine_only=[] ; user_hand: log_only=[] engine_only=['overlord of the mistmoors']",5,1,2,0,3,1,0,1,2,0,0,1,1,ok,201
1446,1,9,4,oppo_life,user_5,oppo_life user_creatures oppo_hand,oppo_life: log=11 engine=10 ; user_creatures: log_only=[] engine_only=['most valuable slayer'] ; oppo_hand: log=2 engine=3,7,3,1,1,4,4,2,1,1,0,2,1,3,ok,230
1447,1,8,4,user_creatures,oppo_5,user_creatures,user_creatures: log_only=[] engine_only=['ragged playmate'],5,3,0,0,4,3,4,0,1,0,4,0,1,ok,215
1448,1,13,2,user_hand,user_3,user_hand,user_hand: log_only=['slavering branchsnapper'] engine_only=['island'],6,0,4,0,2,0,0,0,2,0,0,0,0,ok,440
1449,1,12,4,user_life,oppo_5,user_life user_hand,"user_life: log=14 engine=13 ; user_hand: log_only=['terramorphic expanse', 'tunnel surveyor'] engine_only=['scrabbling skullcrab', 'swamp']",8,1,0,0,4,1,0,1,3,0,0,1,1,ok,600
1450,1,12,6,user_creatures,oppo_7,user_creatures user_noncreatures oppo_hand,user_creatures: log_only=['unidentified hovership'] engine_only=['fear of surveillance'] ; user_noncreatures: log_only=[] engine_only=['unidentified hovership'] ; oppo_hand: log=1 engine=2,6,4,3,2,6,5,1,2,2,0,1,2,2,ok,510
1451,1,5,3,oppo_life,user_4,oppo_life,oppo_life: log=6 engine=9,3,2,0,0,3,2,2,0,1,0,2,0,0,ok,124
1452,1,10,2,oppo_life,oppo_3,oppo_life user_noncreatures user_hand,"oppo_life: log=18 engine=20 ; user_noncreatures: log_only=[] engine_only=[""painter's studio""] ; user_hand: log_only=[""painter's studio""] engine_only=[]",7,1,0,0,2,2,0,0,1,1,0,0,0,ok,318
1453,1,5,2,user_hand,oppo_3,user_hand,user_hand: log_only=[] engine_only=['floodpits drowner'],2,0,0,0,2,0,0,0,2,0,0,0,0,ok,54
1454,1,8,1,user_creatures,user_2,user_creatures user_hand,user_creatures: log_only=['house cartographer'] engine_only=[] ; user_hand: log_only=[] engine_only=['fear of being hunted'],6,1,1,0,1,1,0,0,0,0,0,0,1,ok,167
1455,1,5,5,,,,,2,2,0,0,4,3,1,0,2,1,1,0,0,ok,107
1456,1,7,4,user_creatures,user_5,user_creatures,user_creatures: log_only=['plains'] engine_only=['moldering gym'],2,1,0,0,3,1,0,0,2,0,0,0,0,ok,149
1457,1,10,2,user_creatures,user_3,user_creatures user_hand,user_creatures: log_only=['ghostly keybearer'] engine_only=[] ; user_hand: log_only=[] engine_only=['ghostly keybearer'],5,1,0,0,2,1,0,0,1,0,0,0,1,ok,288
1458,1,9,2,user_creatures,user_3,user_creatures user_hand,"user_creatures: log_only=[""victor, valgavoth's seneschal""] engine_only=[] ; user_hand: log_only=[] engine_only=[""victor, valgavoth's seneschal""]",6,1,0,0,2,1,0,0,1,0,0,0,1,ok,208
1459,1,14,3,user_hand,oppo_4,user_hand,"user_hand: log_only=[] engine_only=[""don't make a sound""]",5,1,3,0,3,1,0,0,2,0,0,0,1,ok,429
1460,1,11,1,user_hand,user_2,user_hand,user_hand: log_only=['forest'] engine_only=['wickerfolk thresher'],7,0,1,0,1,0,0,0,1,0,0,0,0,ok,380
1461,1,13,3,oppo_hand,oppo_4,oppo_hand,oppo_hand: log=4 engine=5,6,1,1,0,3,1,0,0,2,0,0,0,0,ok,398
1462,1,5,3,oppo_life,user_4,oppo_life,oppo_life: log=11 engine=13,3,2,0,0,3,3,1,0,1,0,1,0,0,ok,90
1463,1,9,2,oppo_life,user_3,oppo_life,oppo_life: log=18 engine=19,6,1,1,0,2,1,0,0,1,0,0,0,0,ok,219
1464,1,7,2,user_life,oppo_3,user_life,user_life: log=18 engine=19,4,0,1,0,2,0,0,0,2,0,0,0,0,ok,184
1465,1,13,2,user_noncreatures,oppo_3,user_noncreatures user_hand,user_noncreatures: log_only=['underwater tunnel'] engine_only=[] ; user_hand: log_only=[] engine_only=['underwater tunnel'],7,1,5,0,2,1,0,0,1,0,0,0,0,ok,756
1466,1,16,1,user_hand,user_2,user_hand,user_hand: log_only=['savior of the small'] engine_only=['plains'],8,0,1,0,1,0,0,0,1,0,0,0,0,ok,699
1467,1,12,4,user_creatures,oppo_5,user_creatures oppo_hand,user_creatures: log_only=[] engine_only=['fear of infinity'] ; oppo_hand: log=2 engine=3,3,1,6,1,3,3,3,0,2,1,3,0,1,ok,280
1468,1,7,3,oppo_life,user_4,oppo_life user_creatures user_hand oppo_hand,"oppo_life: log=16 engine=13 ; user_creatures: log_only=[] engine_only=['glimmer seeker'] ; user_hand: log_only=[] engine_only=[""shardmage's rescue""] ; oppo_hand: log=5 engine=6",4,3,0,0,3,3,2,0,0,0,2,0,1,ok,137
1469,1,8,2,user_life,oppo_3,user_life,user_life: log=16 engine=17,4,1,2,0,2,1,0,0,1,0,0,0,0,ok,223
1470,1,10,5,user_creatures,oppo_6,user_creatures oppo_hand,user_creatures: log_only=['unwilling vessel'] engine_only=['enduring innocence'] ; oppo_hand: log=1 engine=2,6,5,1,1,5,6,3,0,1,0,3,0,1,ok,446
1471,1,18,4,oppo_hand,oppo_5,oppo_hand,oppo_hand: log=1 engine=2,7,2,2,0,4,4,1,0,2,1,1,0,2,ok,552
1472,1,9,4,user_lands,user_5,user_lands user_creatures user_hand,"user_lands: log_only=['island', 'plains'] engine_only=[] ; user_creatures: log_only=['splitskin doll'] engine_only=['floodpits drowner'] ; user_hand: log_only=['floodpits drowner'] engine_only=['island', 'splitskin doll']",5,1,1,0,3,1,1,0,2,0,1,0,2,ok,193
1473,1,5,3,user_creatures,user_4,user_creatures user_noncreatures user_hand oppo_hand,"user_creatures: log_only=['fear of surveillance', 'monstrous emergence'] engine_only=[] ; user_noncreatures: log_only=['moldering gym'] engine_only=[] ; user_hand: log_only=[] engine_only=[""valgavoth's onslaught""] ; oppo_hand: log=6 engine=5",4,2,0,0,3,2,1,0,1,0,1,0,1,ok,101
1474,1,9,3,user_life,oppo_4,user_life,user_life: log=15 engine=16,4,1,4,0,3,1,0,0,2,0,0,0,0,ok,181
1475,1,12,3,user_creatures,oppo_4,user_creatures,user_creatures: log_only=['glimmer'] engine_only=[],5,2,3,0,4,2,1,0,2,0,1,0,0,ok,264
1476,1,3,2,user_creatures,user_3,user_creatures,user_creatures: log_only=['veteran survivor'] engine_only=[],3,2,1,0,2,2,1,0,0,0,1,0,0,ok,44
1477,1,8,3,oppo_hand,oppo_4,oppo_hand,oppo_hand: log=4 engine=3,2,2,2,1,3,2,1,0,1,0,1,0,2,ok,182
1478,1,7,2,user_creatures,oppo_3,user_creatures oppo_hand,user_creatures: log_only=[] engine_only=['silent hallcreeper'] ; oppo_hand: log=4 engine=5,6,2,3,0,2,2,0,0,0,0,0,0,1,ok,211
1479,1,11,2,user_creatures,user_3,user_creatures,user_creatures: log_only=['floodpits drowner'] engine_only=['forest'],7,1,3,0,2,1,0,0,1,0,0,0,0,ok,544
1480,1,7,2,user_hand,user_3,user_hand,user_hand: log_only=['omnivorous flytrap'] engine_only=['house cartographer'],3,1,2,0,2,1,1,0,1,0,1,0,0,ok,167
1481,1,8,2,oppo_hand,oppo_3,oppo_hand,oppo_hand: log=4 engine=5,6,1,1,0,2,1,1,0,1,0,1,0,1,ok,209
1482,1,8,4,user_creatures,user_5,user_creatures,user_creatures: log_only=[] engine_only=['floodpits drowner'],4,2,1,0,3,2,3,0,1,0,3,0,0,ok,261
1483,1,10,5,user_life,oppo_6,user_life user_hand,user_life: log=17 engine=14 ; user_hand: log_only=[] engine_only=['murder'],5,4,3,1,5,4,0,0,1,0,0,0,1,ok,210
1484,1,12,4,user_life,oppo_5,user_life,user_life: log=17 engine=20,9,3,1,0,4,3,3,0,1,0,3,0,0,ok,490
1485,1,9,3,user_life,oppo_4,user_life,user_life: log=17 engine=18,6,3,2,1,4,3,1,0,1,0,1,0,1,ok,243
1486,1,7,2,user_creatures,user_3,user_creatures user_hand,user_creatures: log_only=['most valuable slayer'] engine_only=[] ; user_hand: log_only=[] engine_only=['most valuable slayer'],5,1,2,0,2,1,0,0,1,0,0,0,1,ok,122
1487,1,7,5,user_life,user_6,user_life user_creatures user_noncreatures,user_life: log=19 engine=18 ; user_creatures: log_only=[] engine_only=['fear of lost teeth'] ; user_noncreatures: log_only=['derelict attic'] engine_only=[],5,4,0,0,5,5,1,0,1,0,1,0,0,ok,133
1488,1,8,3,user_hand,user_4,user_hand,user_hand: log_only=['forest'] engine_only=[],7,2,0,0,3,2,0,0,1,0,0,0,0,ok,205
1489,1,7,5,user_life,user_6,user_life oppo_life user_hand,user_life: log=18 engine=16 ; oppo_life: log=11 engine=14 ; user_hand: log_only=['forest'] engine_only=[],6,4,0,0,5,4,0,0,1,0,0,0,0,ok,206
1490,1,8,4,user_life,oppo_5,user_life user_creatures,user_life: log=20 engine=17 ; user_creatures: log_only=[] engine_only=['spineseeker centipede'],6,3,1,1,5,4,0,0,2,0,0,0,1,ok,197
1491,1,9,1,user_hand,user_2,user_hand,user_hand: log_only=['forest'] engine_only=['flesh burrower'],7,1,0,0,1,1,0,0,0,0,0,0,0,ok,250
1492,1,9,2,oppo_life,user_3,oppo_life user_creatures,oppo_life: log=17 engine=20 ; user_creatures: log_only=['wary watchdog'] engine_only=['tunnel surveyor'],6,1,4,0,2,1,0,0,1,0,0,0,0,ok,242
1493,1,9,2,user_creatures,user_3,user_creatures user_noncreatures oppo_hand,user_creatures: log_only=[] engine_only=['emerge from the cocoon'] ; user_noncreatures: log_only=[] engine_only=['ticket booth'] ; oppo_hand: log=6 engine=7,3,1,2,0,2,1,1,0,1,0,1,0,1,ok,157
1494,1,9,1,user_noncreatures,oppo_2,user_noncreatures user_hand,user_noncreatures: log_only=[] engine_only=['keys to the house'] ; user_hand: log_only=['swamp'] engine_only=[],7,2,0,0,2,2,0,0,0,0,0,0,0,ok,227
1495,1,5,5,,,,,4,4,0,0,5,4,3,0,1,0,3,0,0,ok,109
1496,1,8,3,user_lands,user_4,user_lands,user_lands: log_only=['mountain'] engine_only=['swamp'],6,1,2,0,3,1,2,0,2,0,2,0,0,ok,194
1497,1,9,3,user_life,oppo_4,user_life user_creatures,user_life: log=17 engine=18 ; user_creatures: log_only=['plains'] engine_only=['fear of immobility'],5,2,3,1,4,2,0,0,2,0,0,0,0,ok,304
1498,1,6,4,user_life,oppo_5,user_life,user_life: log=12 engine=14,1,1,2,1,3,2,0,0,2,0,0,0,0,ok,126
1499,1,9,1,user_hand,oppo_2,user_hand,user_hand: log_only=['withering torment'] engine_only=['defiled crypt'],4,0,2,0,2,0,0,0,2,0,0,0,0,ok,220
1500,1,12,3,user_life,oppo_4,user_life user_hand,user_life: log=18 engine=19 ; user_hand: log_only=['swamp'] engine_only=['spectral snatcher'],3,1,3,1,3,1,0,0,2,0,0,0,0,ok,1747
1501,1,8,2,user_hand,user_3,user_hand,"user_hand: log_only=['plains', 'shrewd storyteller'] engine_only=['say its name', 'spineseeker centipede']",5,1,1,0,2,1,0,0,1,0,0,0,1,ok,398
1502,1,9,3,user_creatures,user_4,user_creatures user_hand,user_creatures: log_only=['screaming nemesis'] engine_only=[] ; user_hand: log_only=[] engine_only=['jump scare'],6,2,1,0,3,2,2,0,1,0,2,0,1,ok,329
1503,1,10,2,user_life,oppo_3,user_life user_noncreatures user_hand,user_life: log=20 engine=18 ; user_noncreatures: log_only=['growing dread'] engine_only=[] ; user_hand: log_only=[] engine_only=['growing dread'],3,0,1,0,2,0,0,0,2,0,0,0,2,ok,335
1504,1,10,2,user_hand,oppo_3,user_hand,user_hand: log_only=['swamp'] engine_only=['spectral snatcher'],7,0,2,0,2,0,0,0,2,0,0,0,0,ok,465
1505,1,14,3,oppo_life,user_4,oppo_life,oppo_life: log=13 engine=16,6,2,2,0,3,2,1,0,1,0,1,0,1,ok,688
1506,1,10,3,user_creatures,user_4,user_creatures,user_creatures: log_only=['tunnel surveyor'] engine_only=[],6,2,1,1,3,3,1,0,1,0,1,0,0,ok,525
1507,1,12,2,user_creatures,oppo_3,user_creatures,user_creatures: log_only=[] engine_only=['fear of surveillance'],8,1,0,0,2,1,0,0,1,0,0,0,0,ok,578
1508,1,8,4,user_creatures,user_5,user_creatures,user_creatures: log_only=['trapped in the screen'] engine_only=[],3,2,3,1,4,3,0,0,2,0,0,0,0,ok,275
1509,1,8,4,user_life,user_5,user_life oppo_life user_creatures,"user_life: log=15 engine=14 ; oppo_life: log=10 engine=12 ; user_creatures: log_only=['lionheart glimmer'] engine_only=['stay hidden, stay silent', 'unsettling twins']",4,3,2,0,4,3,3,0,1,0,3,0,0,ok,284
1510,1,10,1,user_creatures,user_2,user_creatures,"user_creatures: log_only=['norin, swift survivalist'] engine_only=[]",6,1,1,0,1,1,0,0,0,0,0,0,1,ok,413
1511,1,7,3,user_lands,user_4,user_lands user_hand,user_lands: log_only=['plains'] engine_only=[] ; user_hand: log_only=[] engine_only=['plains'],5,2,1,1,3,2,0,1,1,0,0,1,1,ok,225
1512,1,8,2,oppo_life,user_3,oppo_life,oppo_life: log=17 engine=18,6,1,2,1,2,2,0,1,1,0,0,1,0,ok,361
1513,1,8,3,user_creatures,user_4,user_creatures,user_creatures: log_only=['unstoppable slasher'] engine_only=[],5,3,3,2,3,4,2,0,0,0,2,0,1,ok,250
1514,1,11,3,user_creatures,user_4,user_creatures user_hand oppo_hand,"user_creatures: log_only=['clockwork percussionist'] engine_only=[] ; user_hand: log_only=[] engine_only=['cryptid inspector', 'manifest dread', 'manifest dread'] ; oppo_hand: log=4 engine=5",8,2,2,0,3,2,2,0,1,0,2,0,2,ok,305
1515,1,6,3,oppo_life,user_4,oppo_life user_creatures,oppo_life: log=16 engine=18 ; user_creatures: log_only=['optimistic scavenger'] engine_only=[],4,3,1,0,3,3,0,0,0,0,0,0,0,ok,287
1516,1,6,3,user_life,user_4,user_life oppo_life,user_life: log=17 engine=22 ; oppo_life: log=13 engine=12,5,2,3,0,3,2,1,0,1,0,1,0,0,ok,157
1517,1,10,5,user_creatures,oppo_6,user_creatures,user_creatures: log_only=[] engine_only=['ragged playmate'],6,4,3,0,5,5,2,0,1,0,2,0,0,ok,422
1518,1,11,2,user_creatures,oppo_3,user_creatures,user_creatures: log_only=[] engine_only=['piranha fly'],7,0,3,0,3,0,0,0,3,0,0,0,0,ok,324
1519,1,10,4,user_creatures,oppo_5,user_creatures,user_creatures: log_only=[] engine_only=['come back wrong'],7,4,0,0,5,4,0,1,1,0,0,1,0,ok,482
1520,1,10,4,user_creatures,user_5,user_creatures user_noncreatures,user_creatures: log_only=['forest'] engine_only=[] ; user_noncreatures: log_only=['meat locker'] engine_only=[],3,2,3,0,3,3,2,0,1,1,2,0,0,ok,285
1521,1,14,3,user_lands,user_4,user_lands user_hand,user_lands: log_only=['swamp'] engine_only=[] ; user_hand: log_only=[] engine_only=['spectral snatcher'],6,1,6,0,3,1,0,0,2,0,0,0,1,ok,329
1522,1,7,3,user_hand,user_4,user_hand,user_hand: log_only=['growing dread'] engine_only=['forest'],4,2,1,0,3,2,0,0,1,0,0,0,0,ok,182
1523,1,9,3,user_hand,user_4,user_hand,user_hand: log_only=['fear of isolation'] engine_only=['spineseeker centipede'],6,2,2,0,3,2,1,1,1,0,1,1,0,ok,226
1524,1,11,3,user_lands,user_4,user_lands user_creatures user_noncreatures user_hand,user_lands: log_only=['plains'] engine_only=[] ; user_creatures: log_only=['plains'] engine_only=[] ; user_noncreatures: log_only=['conductive machete'] engine_only=[] ; user_hand: log_only=[] engine_only=['conductive machete'],4,1,1,0,3,1,0,0,2,0,0,0,2,ok,332
1525,1,7,3,user_creatures,oppo_4,user_creatures,user_creatures: log_only=['patchwork beastie'] engine_only=['hand that feeds'],4,2,2,0,4,2,0,0,2,0,0,0,0,ok,232
1526,1,7,3,user_hand,user_4,user_hand,user_hand: log_only=['island'] engine_only=['saw'],5,2,0,0,3,2,0,0,1,0,0,0,0,ok,186
1527,1,8,8,,,,,6,6,2,2,7,8,6,0,2,0,6,0,0,ok,207
1528,1,5,1,user_hand,user_2,user_hand,"user_hand: log_only=['zimone, all-questioning'] engine_only=['razorkin hordecaller']",4,0,0,0,1,0,0,0,1,0,0,0,0,ok,94
1529,1,9,2,oppo_life,user_3,oppo_life user_creatures,oppo_life: log=19 engine=20 ; user_creatures: log_only=['mountain'] engine_only=['most valuable slayer'],6,1,3,0,2,1,2,0,1,0,2,0,0,ok,235
1530,1,9,3,user_lands,user_4,user_lands user_creatures user_hand,"user_lands: log_only=[""valgavoth's lair""] engine_only=[] ; user_creatures: log_only=['razortrap gorge'] engine_only=[] ; user_hand: log_only=['mountain'] engine_only=['ragged playmate']",4,2,3,0,3,2,0,1,1,0,0,1,0,ok,278
1531,1,5,3,oppo_life,user_4,oppo_life,oppo_life: log=20 engine=21,4,3,1,0,3,3,0,0,0,0,0,0,0,ok,189
1532,1,10,3,user_hand,user_4,user_hand,user_hand: log_only=['fear of infinity'] engine_only=[],8,2,1,0,3,2,0,0,1,0,0,0,0,ok,470
1533,1,9,6,oppo_life,user_7,oppo_life,oppo_life: log=18 engine=19,3,3,4,2,5,5,1,0,2,0,1,0,0,ok,235
1534,1,10,3,user_creatures,oppo_4,user_creatures,user_creatures: log_only=[] engine_only=['spineseeker centipede'],6,2,2,1,4,3,0,1,2,0,0,1,1,ok,289
1535,1,9,2,user_life,oppo_3,user_life,user_life: log=17 engine=18,6,1,2,0,2,1,0,0,1,0,0,0,0,ok,360
1536,1,7,2,oppo_hand,oppo_3,oppo_hand,oppo_hand: log=4 engine=5,5,1,2,1,2,1,0,0,1,0,0,0,1,ok,190
1537,1,10,4,user_creatures,oppo_5,user_creatures,"user_creatures: log_only=['acrobatic cheerleader'] engine_only=['arabella, abandoned doll']",6,3,0,0,4,4,0,0,1,0,0,0,0,ok,331
1538,1,7,2,user_creatures,oppo_3,user_creatures,user_creatures: log_only=['the jolly balloon man'] engine_only=['gremlin tamer'],3,2,1,0,3,2,0,0,1,0,0,0,0,ok,168
1539,1,8,2,user_creatures,oppo_3,user_creatures,user_creatures: log_only=[] engine_only=['house cartographer'],6,1,1,0,2,1,0,0,1,0,0,0,0,ok,332
1540,1,6,3,oppo_hand,oppo_4,oppo_hand,oppo_hand: log=8 engine=7,2,2,0,0,3,2,1,0,1,0,1,0,0,ok,89
1541,1,8,1,user_hand,user_2,user_hand,user_hand: log_only=['spineseeker centipede'] engine_only=['overgrown zealot'],5,1,0,0,1,1,0,0,0,0,0,0,0,ok,167
1542,1,9,4,oppo_hand,oppo_5,oppo_hand,oppo_hand: log=2 engine=3,5,4,2,1,5,4,3,0,1,0,3,0,2,ok,345
1543,1,8,4,user_life,oppo_5,user_life user_noncreatures,user_life: log=13 engine=17 ; user_noncreatures: log_only=[] engine_only=['bottomless pool'],5,3,1,0,3,4,1,0,1,0,1,0,0,ok,214
1544,1,10,3,user_life,oppo_4,user_life,user_life: log=16 engine=18,5,3,0,0,4,4,2,0,1,0,2,0,1,ok,308
1545,1,11,2,user_creatures,user_3,user_creatures,user_creatures: log_only=['clockwork percussionist'] engine_only=['innocuous rat'],6,1,2,0,2,1,0,0,1,0,0,0,0,ok,218
1546,1,11,2,oppo_life,user_3,oppo_life user_creatures user_noncreatures user_hand oppo_hand,"oppo_life: log=20 engine=18 ; user_creatures: log_only=['island'] engine_only=['flesh burrower', 'murky sewer'] ; user_noncreatures: log_only=[] engine_only=['growing dread'] ; user_hand: log_only=['growing dread'] engine_only=[] ; oppo_hand: log=6 engine=7",4,0,3,0,2,0,0,0,2,0,0,0,1,ok,414
1547,1,6,4,user_creatures,oppo_5,user_creatures,user_creatures: log_only=['the mindskinner'] engine_only=['cracked skull'],4,4,1,0,5,4,2,0,1,0,2,0,0,ok,192
1548,1,10,2,user_creatures,user_3,user_creatures,user_creatures: log_only=[] engine_only=['broodspinner'],6,1,1,0,2,1,0,1,1,0,0,1,0,ok,347
1549,1,9,5,oppo_hand,oppo_6,oppo_hand,oppo_hand: log=1 engine=2,7,4,0,0,5,5,1,1,1,0,1,1,2,ok,303
1550,1,6,3,user_creatures,user_4,user_creatures user_hand,user_creatures: log_only=['clockwork percussionist'] engine_only=[] ; user_hand: log_only=[] engine_only=['plains'],4,2,2,0,3,2,1,0,1,0,1,0,2,ok,185
1551,1,9,3,user_hand,oppo_4,user_hand,user_hand: log_only=['spectral snatcher'] engine_only=['island'],6,2,1,0,3,2,0,0,1,0,0,0,0,ok,238
1552,1,9,2,oppo_life,user_3,oppo_life user_hand,oppo_life: log=17 engine=18 ; user_hand: log_only=['turn inside out'] engine_only=['friendly ghost'],2,1,0,0,2,1,0,0,1,0,0,0,0,ok,187
1553,1,9,3,user_life,oppo_4,user_life oppo_life oppo_hand,user_life: log=18 engine=20 ; oppo_life: log=20 engine=18 ; oppo_hand: log=7 engine=6,4,2,2,0,4,2,2,0,2,0,2,0,0,ok,188
1554,1,12,3,user_life,oppo_4,user_life,user_life: log=12 engine=15,7,2,2,0,3,2,0,0,1,0,0,0,0,ok,453
1555,1,11,3,user_lands,user_4,user_lands user_creatures user_hand,user_lands: log_only=['plains'] engine_only=[] ; user_creatures: log_only=['unidentified hovership'] engine_only=[] ; user_hand: log_only=[] engine_only=['plains'],5,1,2,0,3,1,0,0,2,0,0,0,1,ok,341
1556,1,5,4,user_life,oppo_5,user_life user_creatures oppo_hand,user_life: log=13 engine=11 ; user_creatures: log_only=['grasping longneck'] engine_only=[] ; oppo_hand: log=3 engine=4,1,1,0,0,3,2,0,0,2,1,0,0,3,ok,114
1557,1,8,4,user_creatures,oppo_5,user_creatures,user_creatures: log_only=[] engine_only=['hardened escort'],7,4,0,0,4,4,1,0,0,0,1,0,0,ok,190
1558,1,9,2,user_lands,oppo_3,user_lands user_creatures,user_lands: log_only=['forest'] engine_only=[] ; user_creatures: log_only=[] engine_only=['insidious fungus'],5,2,2,0,3,2,2,0,1,0,2,0,2,ok,270
1559,1,7,2,oppo_hand,oppo_3,oppo_hand,oppo_hand: log=5 engine=6,4,1,1,0,3,1,0,0,2,0,0,0,1,ok,215
1560,1,6,2,user_hand,user_3,user_hand,user_hand: log_only=[] engine_only=['island'],4,1,2,0,2,1,0,0,1,0,0,0,0,ok,201
1561,1,10,2,oppo_life,user_3,oppo_life user_creatures,oppo_life: log=17 engine=16 ; user_creatures: log_only=[] engine_only=['clockwork percussionist'],6,1,1,0,2,1,0,0,1,0,0,0,1,ok,166
1562,1,5,2,user_life,oppo_3,user_life,user_life: log=16 engine=18,4,2,1,0,3,2,0,0,1,0,0,0,0,ok,145
1563,1,4,4,,,,,2,2,0,0,4,2,1,0,2,0,1,0,0,ok,75
1564,1,7,1,oppo_hand,oppo_2,oppo_hand,oppo_hand: log=6 engine=7,4,1,2,0,2,1,1,0,1,0,1,0,1,ok,145
1565,1,8,2,user_life,oppo_3,user_life,user_life: log=17 engine=18,4,2,2,0,3,2,0,0,1,0,0,0,0,ok,197
1566,1,7,5,user_life,user_6,user_life oppo_life user_creatures user_hand,"user_life: log=29 engine=23 ; oppo_life: log=3 engine=6 ; user_creatures: log_only=['gremlin', 'gremlin', 'gremlin'] engine_only=[] ; user_hand: log_only=['piggy bank'] engine_only=['mountain']",3,3,0,0,4,4,10,0,1,1,10,0,5,ok,161
1567,1,9,1,user_hand,user_2,user_hand,user_hand: log_only=['moldering gym'] engine_only=['island'],5,0,1,0,1,0,0,0,1,0,0,0,0,ok,369
1568,1,9,1,oppo_life,user_2,oppo_life,oppo_life: log=18 engine=19,5,1,0,0,1,1,1,0,0,0,1,0,0,ok,300
1569,1,7,3,user_life,oppo_4,user_life oppo_life user_creatures,user_life: log=18 engine=20 ; oppo_life: log=18 engine=16 ; user_creatures: log_only=['most valuable slayer'] engine_only=[],3,2,3,2,4,4,2,0,2,0,2,0,0,ok,152
1570,1,10,5,oppo_life,user_6,oppo_life user_creatures,oppo_life: log=12 engine=11 ; user_creatures: log_only=[] engine_only=['gremlin'],5,4,1,0,4,5,3,0,1,0,3,0,2,ok,344
1571,1,9,4,user_creatures,oppo_5,user_creatures oppo_hand,user_creatures: log_only=[] engine_only=['ragged playmate'] ; oppo_hand: log=2 engine=3,5,3,3,1,4,5,4,0,1,1,4,0,2,ok,217
1572,1,9,2,oppo_life,user_3,oppo_life,oppo_life: log=18 engine=19,4,1,3,0,2,1,0,0,1,0,0,0,0,ok,239
1573,1,9,1,user_hand,user_2,user_hand,user_hand: log_only=['greenhouse'] engine_only=['strangled cemetery'],6,0,1,0,1,0,0,0,1,0,0,0,0,ok,355
1574,1,10,5,oppo_hand,oppo_6,oppo_hand,oppo_hand: log=2 engine=3,8,4,1,0,5,4,2,1,1,0,2,1,2,ok,321
1575,1,7,1,user_hand,user_2,user_hand,user_hand: log_only=['the rollercrusher ride'] engine_only=['mountain'],4,0,0,0,1,0,0,0,1,0,0,0,0,ok,115
1576,1,13,4,user_life,oppo_5,user_life user_creatures user_hand,user_life: log=18 engine=16 ; user_creatures: log_only=[] engine_only=['glimmer'] ; user_hand: log_only=['house cartographer'] engine_only=['malevolent chandelier'],7,2,3,1,4,2,0,0,2,0,0,0,1,ok,923
1577,1,5,4,oppo_hand,oppo_5,oppo_hand,oppo_hand: log=6 engine=0,5,5,3,3,4,7,5,0,0,0,5,0,0,ok,138
1578,1,15,1,user_hand,user_2,user_hand,"user_hand: log_only=['altanak, the thrice-called'] engine_only=['forest']",9,0,2,0,1,0,0,0,1,0,0,0,0,ok,446
1579,1,8,2,user_life,oppo_3,user_life oppo_hand,user_life: log=15 engine=18 ; oppo_hand: log=3 engine=4,4,1,2,0,2,1,0,0,1,0,0,0,0,ok,136
1580,1,6,2,oppo_hand,oppo_3,oppo_hand,oppo_hand: log=6 engine=5,4,1,0,0,3,1,0,0,2,0,0,0,1,ok,163
1581,1,7,4,user_life,oppo_5,user_life,user_life: log=16 engine=17,3,3,0,0,3,3,0,0,0,0,0,0,1,ok,133
1582,1,12,5,user_creatures,oppo_6,user_creatures oppo_hand,user_creatures: log_only=['fear of exposure'] engine_only=['cryptid inspector'] ; oppo_hand: log=5 engine=2,6,4,2,0,6,4,2,0,2,0,2,0,0,ok,605
1583,1,4,3,oppo_life,user_4,oppo_life,oppo_life: log=2 engine=13,4,3,2,2,3,3,3,0,0,0,3,0,0,ok,102
1584,1,8,1,user_hand,user_2,user_hand,user_hand: log_only=['spineseeker centipede'] engine_only=['wildfire wickerfolk'],5,0,0,0,1,0,0,0,1,0,0,0,0,ok,284
1585,1,10,4,user_life,oppo_5,user_life,user_life: log=11 engine=14,5,2,1,0,4,2,0,1,2,0,0,1,0,ok,451
1586,1,10,2,oppo_life,user_3,oppo_life,oppo_life: log=18 engine=19,7,1,2,0,2,1,0,0,1,0,0,0,0,ok,308
1587,1,13,3,user_creatures,user_4,user_creatures,user_creatures: log_only=[] engine_only=['house cartographer'],9,3,0,0,3,3,0,0,0,0,0,0,0,ok,475
1588,1,8,2,user_creatures,user_3,user_creatures oppo_hand,user_creatures: log_only=[] engine_only=['enduring vitality'] ; oppo_hand: log=6 engine=7,6,1,2,0,2,1,0,0,1,0,0,0,1,ok,369
1589,1,7,4,oppo_hand,oppo_5,oppo_hand,oppo_hand: log=3 engine=2,2,2,0,0,4,3,5,0,2,1,5,0,0,ok,189
1590,1,8,3,user_hand,user_4,user_hand,"user_hand: log_only=['marvin, murderous mimic'] engine_only=[]",6,2,1,1,3,2,1,0,1,0,1,0,0,ok,209
1591,1,7,3,user_hand,oppo_4,user_hand,user_hand: log_only=['mountain'] engine_only=['bedhead beastie'],4,1,0,0,3,1,1,0,2,0,1,0,1,ok,162
1592,1,4,1,user_hand,user_2,user_hand,user_hand: log_only=['fear of falling'] engine_only=['fear of infinity'],3,0,3,0,1,0,0,0,1,0,0,0,0,ok,89
1593,1,10,5,user_hand,oppo_6,user_hand,"user_hand: log_only=['splitskin doll', 'tunnel surveyor'] engine_only=['orphans of the wheat', 'vanish from sight']",5,2,1,1,3,4,1,0,1,1,1,0,0,ok,355
1594,1,6,2,oppo_life,user_3,oppo_life,oppo_life: log=18 engine=20,4,1,2,0,2,1,0,0,1,0,0,0,0,ok,192
1595,1,7,5,user_hand,user_6,user_hand,"user_hand: log_only=[""betrayer's bargain""] engine_only=['fear of exposure']",3,2,3,1,4,3,2,0,2,0,2,0,0,ok,129
1596,1,6,1,user_hand,user_2,user_hand,user_hand: log_only=['twitching doll'] engine_only=['innocuous rat'],5,0,1,0,1,0,0,0,1,0,0,0,0,ok,180
1597,1,8,4,user_hand,oppo_5,user_hand,"user_hand: log_only=[] engine_only=[""don't make a sound""]",5,3,0,0,4,3,0,0,1,0,0,0,1,ok,354
1598,1,11,1,user_hand,oppo_2,user_hand,user_hand: log_only=['island'] engine_only=['daggermaw megalodon'],4,0,1,0,2,0,0,0,2,0,0,0,0,ok,236
1599,1,15,7,user_life,oppo_8,user_life,user_life: log=17 engine=18,6,5,1,0,7,5,0,0,2,0,0,0,1,ok,510
1600,1,8,1,oppo_hand,oppo_2,oppo_hand,oppo_hand: log=5 engine=6,6,0,2,0,1,0,0,0,1,0,0,0,1,ok,1462
1601,1,9,2,user_hand,user_3,user_hand,user_hand: log_only=['forest'] engine_only=['flesh burrower'],6,1,0,0,2,1,0,1,1,0,0,1,0,ok,533
1602,1,11,4,user_hand,user_5,user_hand,user_hand: log_only=['ticket booth'] engine_only=['clockwork percussionist'],6,2,2,1,4,3,0,0,2,0,0,0,0,ok,827
1603,1,5,1,user_hand,user_2,user_hand,user_hand: log_only=['clockwork percussionist'] engine_only=['glimmerlight'],3,1,0,0,1,1,0,0,0,0,0,0,0,ok,237
1604,1,6,1,user_hand,user_2,user_hand,user_hand: log_only=['bottomless pool'] engine_only=['insidious fungus'],4,0,0,0,1,0,0,0,1,0,0,0,0,ok,193
1605,1,9,1,user_hand,user_2,user_hand,user_hand: log_only=['slavering branchsnapper'] engine_only=['wary watchdog'],7,0,0,0,1,0,0,0,1,0,0,0,0,ok,572
1606,1,6,6,,,,,4,4,1,1,5,6,3,0,1,1,3,0,1,ok,260
1607,1,9,4,user_lands,user_5,user_lands user_creatures,user_lands: log_only=[] engine_only=['forest'] ; user_creatures: log_only=['forest'] engine_only=[],6,3,1,1,4,4,0,0,1,0,0,0,0,ok,529
1608,1,9,6,oppo_life,user_7,oppo_life,oppo_life: log=6 engine=8,5,4,1,1,6,5,3,0,2,0,3,0,0,ok,377
1609,1,8,1,user_hand,user_2,user_hand,user_hand: log_only=['swamp'] engine_only=['patchwork beastie'],5,1,1,0,1,1,0,0,0,0,0,0,0,ok,250
1610,1,7,4,oppo_life,user_5,oppo_life user_creatures,oppo_life: log=11 engine=8 ; user_creatures: log_only=[] engine_only=['unwilling vessel'],4,3,1,1,4,3,3,0,1,0,3,0,1,ok,201
1611,1,7,2,user_creatures,user_3,user_creatures,user_creatures: log_only=['glimmerlight'] engine_only=['island'],4,1,0,0,2,1,0,0,1,0,0,0,0,ok,274
1612,1,8,2,user_creatures,oppo_3,user_creatures user_hand,user_creatures: log_only=['rootwise survivor'] engine_only=[] ; user_hand: log_only=[] engine_only=['appendage amalgam'],3,1,0,0,3,1,1,0,2,0,1,0,0,ok,294
1613,1,7,4,user_creatures,oppo_5,user_creatures oppo_hand,user_creatures: log_only=[] engine_only=['glimmerlight'] ; oppo_hand: log=5 engine=6,3,2,3,1,3,2,0,0,1,0,0,0,2,ok,213
1614,1,11,4,user_lands,user_5,user_lands user_creatures user_hand,"user_lands: log_only=['forest'] engine_only=[] ; user_creatures: log_only=['grasping longneck'] engine_only=[] ; user_hand: log_only=[] engine_only=['forest', 'grasping longneck']",8,3,0,0,4,3,0,0,1,0,0,0,2,ok,208
1615,1,10,2,user_lands,user_3,user_lands user_hand,user_lands: log_only=['plains'] engine_only=[] ; user_hand: log_only=[] engine_only=['shepherding spirits'],3,1,2,1,2,2,0,0,1,0,0,0,1,ok,369
1616,1,10,2,user_noncreatures,oppo_3,user_noncreatures user_hand,user_noncreatures: log_only=['nowhere to run'] engine_only=[] ; user_hand: log_only=[] engine_only=['nowhere to run'],7,0,0,0,2,0,0,0,2,0,0,0,0,ok,420
1617,1,7,4,user_noncreatures,user_5,user_noncreatures,user_noncreatures: log_only=['treasure'] engine_only=[],6,4,1,0,3,5,4,0,0,0,4,0,0,ok,291
1618,1,7,3,user_lands,user_4,user_lands user_creatures user_hand,user_lands: log_only=['island'] engine_only=[] ; user_creatures: log_only=['splitskin doll'] engine_only=[] ; user_hand: log_only=[] engine_only=['splitskin doll'],3,2,0,0,3,2,1,0,1,0,1,0,2,ok,151
1619,1,12,3,oppo_life,user_4,oppo_life,oppo_life: log=20 engine=16,7,1,1,0,3,1,0,0,2,0,0,0,1,ok,598
1620,1,12,3,user_life,oppo_4,user_life user_creatures user_hand oppo_hand,user_life: log=17 engine=18 ; user_creatures: log_only=['insidious fungus'] engine_only=[] ; user_hand: log_only=[] engine_only=['insidious fungus'] ; oppo_hand: log=4 engine=5,8,2,3,0,3,2,0,1,1,0,0,1,0,ok,514
1621,1,9,4,user_creatures,oppo_5,user_creatures,user_creatures: log_only=['glimmer'] engine_only=[],6,2,1,0,4,2,0,0,2,0,0,0,0,ok,351
1622,1,8,3,user_life,oppo_4,user_life oppo_hand,user_life: log=17 engine=20 ; oppo_hand: log=4 engine=5,6,2,0,0,3,2,1,0,1,0,1,0,1,ok,363
1623,1,11,3,user_creatures,user_4,user_creatures user_noncreatures user_hand,user_creatures: log_only=['swamp'] engine_only=[] ; user_noncreatures: log_only=['conductive machete'] engine_only=[] ; user_hand: log_only=[] engine_only=['conductive machete'],8,2,1,0,3,2,1,1,1,0,1,1,1,ok,248
1624,1,9,2,user_hand,oppo_3,user_hand,user_hand: log_only=['island'] engine_only=['daggermaw megalodon'],5,1,1,0,2,1,0,0,1,0,0,0,0,ok,210
1625,1,16,5,user_life,oppo_6,user_life,user_life: log=10 engine=12,4,3,3,1,5,4,0,0,2,0,0,0,0,ok,762
1626,1,6,3,user_creatures,user_4,user_creatures,user_creatures: log_only=['hand that feeds'] engine_only=[],3,2,0,0,3,2,5,0,1,0,5,0,1,ok,177
1627,1,7,2,user_life,oppo_3,user_life,user_life: log=18 engine=20,5,2,0,0,3,2,1,0,1,0,1,0,0,ok,240
1628,1,12,4,user_creatures,user_5,user_creatures,user_creatures: log_only=['unstoppable slasher'] engine_only=[],5,2,2,0,3,3,0,0,1,1,0,0,1,ok,538
1629,1,6,1,oppo_life,user_2,oppo_life,oppo_life: log=18 engine=19,5,1,2,0,1,1,0,0,0,0,0,0,0,ok,209
1630,1,9,4,user_life,user_5,user_life user_creatures,user_life: log=18 engine=17 ; user_creatures: log_only=[] engine_only=['fear of being hunted'],4,3,2,1,4,4,4,0,1,0,4,0,0,ok,239
1631,1,6,3,oppo_life,user_4,oppo_life,oppo_life: log=16 engine=18,5,2,0,0,3,2,0,0,1,0,0,0,0,ok,188
1632,1,9,5,user_creatures,user_6,user_creatures user_noncreatures,user_creatures: log_only=['vicious clown'] engine_only=[] ; user_noncreatures: log_only=[] engine_only=['disturbing mirth'],6,3,2,0,5,4,4,0,2,0,4,0,0,ok,324
1633,1,6,6,,,,,5,5,0,0,6,6,2,0,1,0,2,0,0,ok,206
1634,1,7,1,oppo_hand,user_2,oppo_hand,oppo_hand: log=6 engine=5,6,0,0,0,1,0,0,0,1,0,0,0,0,ok,333
1635,1,7,4,user_creatures,user_5,user_creatures,user_creatures: log_only=['spirit'] engine_only=[],3,2,2,1,4,3,0,0,2,0,0,0,0,ok,197
1636,1,9,2,user_life,oppo_3,user_life,user_life: log=17 engine=16,6,0,0,0,3,0,0,0,3,0,0,0,0,ok,283
1637,1,6,4,user_life,oppo_5,user_life oppo_life user_creatures,user_life: log=13 engine=12 ; oppo_life: log=20 engine=21 ; user_creatures: log_only=['innocuous rat'] engine_only=[],3,2,1,1,3,3,1,0,1,0,1,0,1,ok,180
1638,1,12,5,user_life,oppo_6,user_life,user_life: log=17 engine=20,4,2,4,2,5,3,0,0,3,0,0,0,2,ok,503
1639,1,10,4,user_lands,user_5,user_lands user_noncreatures user_hand,user_lands: log_only=['plains'] engine_only=[] ; user_noncreatures: log_only=[] engine_only=['ethereal armor'] ; user_hand: log_only=[] engine_only=['orphans of the wheat'],5,3,1,1,4,5,0,0,1,0,0,0,1,ok,432
1640,1,11,2,oppo_life,user_3,oppo_life,oppo_life: log=16 engine=18,4,0,0,0,2,0,0,0,2,0,0,0,0,ok,206
1641,1,6,3,user_creatures,oppo_4,user_creatures user_hand,user_creatures: log_only=['entity tracker'] engine_only=[] ; user_hand: log_only=[] engine_only=['entity tracker'],2,1,0,0,3,1,0,0,2,0,0,0,0,ok,119
1642,1,13,2,user_hand,oppo_3,user_hand,user_hand: log_only=['mountain'] engine_only=['smoky lounge'],7,1,3,0,2,1,0,0,1,0,0,0,0,ok,496
1643,1,10,3,user_creatures,user_4,user_creatures,user_creatures: log_only=[] engine_only=['floodpits drowner'],5,1,1,0,3,1,1,0,2,0,1,0,0,ok,424
1644,1,9,2,oppo_hand,oppo_3,oppo_hand,oppo_hand: log=4 engine=5,4,1,1,0,2,1,0,0,1,0,0,0,1,ok,225
1645,1,8,2,user_creatures,oppo_3,user_creatures user_noncreatures user_hand,user_creatures: log_only=['defiant survivor'] engine_only=[] ; user_noncreatures: log_only=['growing dread'] engine_only=[] ; user_hand: log_only=[] engine_only=['growing dread'],3,0,1,0,2,0,0,0,2,0,0,0,0,ok,145
1646,1,14,2,user_creatures,oppo_3,user_creatures,user_creatures: log_only=[] engine_only=['friendly teddy'],7,1,2,0,2,1,0,0,1,0,0,0,0,ok,383
1647,1,12,2,user_creatures,user_3,user_creatures,user_creatures: log_only=['clockwork percussionist'] engine_only=[],7,1,2,0,2,1,0,0,1,0,0,0,0,ok,307
1648,1,13,5,user_creatures,user_6,user_creatures,user_creatures: log_only=[] engine_only=['innocuous rat'],6,3,3,0,5,3,0,1,2,0,0,1,0,ok,318
1649,1,10,3,user_life,oppo_4,user_life,user_life: log=17 engine=18,7,3,1,0,3,4,0,0,0,1,0,0,0,ok,385
1650,1,7,2,user_hand,user_3,user_hand,user_hand: log_only=['flesh burrower'] engine_only=['bashful beastie'],4,2,1,0,2,2,2,0,0,0,2,0,0,ok,159
1651,1,8,6,user_life,oppo_7,user_life oppo_hand,user_life: log=3 engine=4 ; oppo_hand: log=2 engine=3,4,4,1,0,4,6,3,0,0,2,3,0,2,ok,201
1652,1,8,3,user_life,oppo_4,user_life user_creatures,"user_life: log=17 engine=13 ; user_creatures: log_only=['island'] engine_only=['threats around every corner', 'wary watchdog']",4,3,0,0,4,3,2,0,1,0,2,0,0,ok,236
1653,1,10,3,user_life,oppo_4,user_life,user_life: log=18 engine=16,4,2,1,0,4,2,0,0,2,0,0,0,0,ok,273
1654,1,4,3,user_hand,user_4,user_hand,user_hand: log_only=['manifest dread'] engine_only=['insidious fungus'],3,2,0,0,3,2,1,0,1,0,1,0,1,ok,61
1655,1,8,2,user_creatures,user_3,user_creatures user_hand,user_creatures: log_only=['island'] engine_only=['glimmerburst'] ; user_hand: log_only=['meat locker'] engine_only=['island'],7,1,1,0,2,1,0,0,1,0,0,0,0,ok,229
1656,1,8,3,user_creatures,user_4,user_creatures,user_creatures: log_only=['overlord of the floodpits'] engine_only=[],5,3,1,1,3,3,1,0,0,0,1,0,0,ok,160
1657,1,11,2,user_lands,user_3,user_lands user_hand,user_lands: log_only=['island'] engine_only=['plains'] ; user_hand: log_only=['plains'] engine_only=['island'],8,1,1,1,2,1,0,0,1,0,0,0,0,ok,366
1658,1,7,3,user_life,user_4,user_life user_creatures,user_life: log=20 engine=23 ; user_creatures: log_only=[] engine_only=['fear of surveillance'],4,2,1,0,3,2,1,0,1,0,1,0,0,ok,212
1659,1,13,1,user_hand,oppo_2,user_hand,"user_hand: log_only=[] engine_only=[""don't make a sound""]",5,0,3,0,2,0,0,0,2,0,0,0,1,ok,690
1660,1,14,7,user_creatures,oppo_8,user_creatures,user_creatures: log_only=['piggy bank'] engine_only=['irreverent gremlin'],4,2,3,0,2,7,7,0,0,5,7,0,1,ok,426
1661,1,12,4,user_creatures,user_5,user_creatures,user_creatures: log_only=['forest'] engine_only=['friendly ghost'],5,3,4,0,4,3,0,0,1,0,0,0,0,ok,417
1662,1,6,6,,,,,4,4,0,0,5,4,6,0,1,0,6,0,1,ok,144
1663,1,6,2,user_life,oppo_3,user_life user_hand,user_life: log=13 engine=14 ; user_hand: log_only=['swamp'] engine_only=['spectral snatcher'],3,0,0,0,2,0,0,0,2,0,0,0,0,ok,121
1664,1,11,4,user_hand,user_5,user_hand,user_hand: log_only=['wary watchdog'] engine_only=['patchwork beastie'],6,3,2,1,4,3,0,0,1,0,0,0,0,ok,411
1665,1,13,4,user_lands,user_5,user_lands user_creatures user_hand,user_lands: log_only=['island'] engine_only=[] ; user_creatures: log_only=['spineseeker centipede'] engine_only=[] ; user_hand: log_only=['swamp'] engine_only=['spineseeker centipede'],4,0,0,0,2,1,0,0,2,1,0,0,2,ok,231
1666,1,16,2,user_creatures,oppo_3,user_creatures,user_creatures: log_only=['splitskin doll'] engine_only=[],8,2,3,0,3,2,0,0,1,0,0,0,0,ok,466
1667,1,10,4,user_life,oppo_5,user_life,user_life: log=16 engine=17,5,3,2,0,3,5,7,0,0,2,7,0,0,ok,415
1668,1,10,2,user_creatures,oppo_3,user_creatures user_noncreatures user_hand,user_creatures: log_only=['plains'] engine_only=[] ; user_noncreatures: log_only=['growing dread'] engine_only=[] ; user_hand: log_only=[] engine_only=['growing dread'],4,0,1,0,2,0,0,0,2,0,0,0,0,ok,345
1669,1,8,2,user_life,user_3,user_life,user_life: log=20 engine=22,6,2,1,0,2,2,2,0,0,0,2,0,1,ok,171
1670,1,6,3,user_hand,user_4,user_hand,user_hand: log_only=['overlord of the mistmoors'] engine_only=['island'],5,2,0,0,3,2,1,0,1,0,1,0,0,ok,108
1671,1,8,4,user_creatures,user_5,user_creatures,user_creatures: log_only=['ghostly keybearer'] engine_only=['beast'],5,3,2,0,4,3,0,0,1,0,0,0,0,ok,272
1672,1,13,3,user_hand,user_4,user_hand,user_hand: log_only=[] engine_only=['scorching dragonfire'],7,1,3,0,3,1,0,0,2,0,0,0,1,ok,399
1673,1,7,4,user_life,user_5,user_life oppo_life user_creatures oppo_hand,user_life: log=16 engine=18 ; oppo_life: log=18 engine=14 ; user_creatures: log_only=[] engine_only=['vicious clown'] ; oppo_hand: log=2 engine=1,6,4,0,0,4,4,1,0,0,0,1,0,1,ok,278
1674,1,8,4,oppo_life,user_5,oppo_life,oppo_life: log=16 engine=17,6,3,1,0,4,4,1,2,1,0,1,2,1,ok,336
1675,1,8,3,user_creatures,oppo_4,user_creatures user_hand,user_creatures: log_only=['entity tracker'] engine_only=[] ; user_hand: log_only=[] engine_only=['entity tracker'],6,1,0,0,3,1,0,0,2,0,0,0,0,ok,266
1676,1,10,4,user_creatures,oppo_5,user_creatures,user_creatures: log_only=[] engine_only=['glimmerlight'],6,2,2,0,4,2,1,0,2,0,1,0,0,ok,247
1677,1,9,2,user_hand,oppo_3,user_hand,user_hand: log_only=['hedge shredder'] engine_only=['defiant survivor'],5,1,3,0,2,1,0,0,1,0,0,0,0,ok,167
1678,1,9,3,user_hand,user_4,user_hand,user_hand: log_only=['forest'] engine_only=['fear of the dark'],4,0,2,1,2,2,0,0,2,1,0,0,0,ok,124
1679,1,13,3,user_life,oppo_4,user_life,user_life: log=16 engine=12,5,2,0,0,3,2,0,0,1,0,0,0,0,ok,503
1680,1,9,3,oppo_hand,oppo_4,oppo_hand,oppo_hand: log=4 engine=3,4,1,1,0,2,2,0,0,1,1,0,0,0,ok,303
1681,1,7,4,user_creatures,oppo_5,user_creatures oppo_hand,user_creatures: log_only=['ghostly dancers'] engine_only=[] ; oppo_hand: log=2 engine=1,5,3,0,0,5,3,2,0,2,0,2,0,0,ok,217
1682,1,12,4,user_life,oppo_5,user_life oppo_life user_creatures,user_life: log=14 engine=15 ; oppo_life: log=26 engine=25 ; user_creatures: log_only=['cautious survivor'] engine_only=[],6,2,1,0,4,2,0,1,2,0,0,1,1,ok,203
1683,1,11,4,oppo_hand,oppo_5,oppo_hand,oppo_hand: log=2 engine=3,4,2,2,1,4,3,0,0,2,0,0,0,2,ok,220
1684,1,8,3,user_creatures,oppo_4,user_creatures oppo_hand,"user_creatures: log_only=[] engine_only=['glimmer', 'patched plaything'] ; oppo_hand: log=2 engine=3",5,2,0,0,3,2,0,0,1,0,0,0,1,ok,140
1685,1,8,1,user_hand,oppo_2,user_hand,user_hand: log_only=['swamp'] engine_only=['spectral snatcher'],6,1,2,0,2,1,2,0,1,0,2,0,0,ok,197
1686,1,7,2,oppo_life,user_3,oppo_life,oppo_life: log=19 engine=20,3,1,1,0,2,1,0,0,1,0,0,0,0,ok,155
1687,1,7,4,oppo_hand,oppo_5,oppo_hand,oppo_hand: log=0 engine=1,5,3,0,0,4,3,2,0,1,0,2,0,1,ok,351
1688,1,6,2,oppo_life,oppo_3,oppo_life oppo_hand,oppo_life: log=18 engine=20 ; oppo_hand: log=6 engine=5,0,0,0,0,2,0,0,0,2,0,0,0,1,ok,130
1689,1,9,2,oppo_hand,oppo_3,oppo_hand,oppo_hand: log=5 engine=6,7,3,0,0,3,3,3,0,0,0,3,0,0,ok,235
1690,1,7,3,user_life,oppo_4,user_life,user_life: log=16 engine=18,3,2,0,0,3,2,1,0,1,0,1,0,0,ok,160
1691,1,6,1,user_creatures,user_2,user_creatures,user_creatures: log_only=['mountain'] engine_only=['clockwork percussionist'],4,0,1,0,1,0,0,0,1,0,0,0,0,ok,119
1692,1,11,2,user_hand,user_3,user_hand,user_hand: log_only=['vengeful possession'] engine_only=['unstoppable slasher'],7,0,1,0,2,0,0,0,2,0,0,0,0,ok,301
1693,1,14,3,user_life,oppo_4,user_life,user_life: log=15 engine=16,6,2,6,0,3,3,1,0,1,0,1,0,0,ok,510
1694,1,7,2,user_life,user_3,user_life oppo_life,user_life: log=21 engine=20 ; oppo_life: log=17 engine=18,5,1,1,0,2,1,0,0,1,0,0,0,0,ok,202
1695,1,12,2,user_noncreatures,oppo_3,user_noncreatures user_hand,user_noncreatures: log_only=[] engine_only=['found footage'] ; user_hand: log_only=['abandoned campground'] engine_only=[],6,1,1,0,2,1,0,0,1,0,0,0,0,ok,397
1696,1,9,3,user_creatures,oppo_4,user_creatures,"user_creatures: log_only=['primo, the indivisible'] engine_only=['zimone, all-questioning']",6,1,2,0,3,1,1,0,2,0,1,0,0,ok,183
1697,1,9,6,oppo_life,user_7,oppo_life oppo_hand,oppo_life: log=18 engine=20 ; oppo_hand: log=1 engine=2,4,4,0,0,5,5,2,1,2,0,2,1,3,ok,307
1698,1,9,3,oppo_hand,oppo_4,oppo_hand,oppo_hand: log=5 engine=4,5,2,3,1,4,3,0,0,2,0,0,0,0,ok,330
1699,1,12,1,user_hand,user_2,user_hand,user_hand: log_only=['broodspinner'] engine_only=['friendly teddy'],7,0,0,0,1,0,0,0,1,0,0,0,0,ok,174
1700,1,8,1,user_hand,user_2,user_hand,user_hand: log_only=['horrid vigor'] engine_only=['piranha fly'],5,0,1,0,1,0,0,0,1,0,0,0,0,ok,1386
1701,1,8,4,oppo_life,user_5,oppo_life,oppo_life: log=11 engine=12,6,2,0,0,4,2,1,0,2,0,1,0,0,ok,672
1702,1,11,5,oppo_life,user_6,oppo_life,oppo_life: log=9 engine=11,6,2,3,0,5,2,3,0,3,0,3,0,0,ok,950
1703,1,10,2,user_life,oppo_3,user_life,user_life: log=13 engine=16,5,1,3,0,3,1,0,0,2,0,0,0,0,ok,536
1704,1,14,2,oppo_life,user_3,oppo_life user_noncreatures oppo_hand,"oppo_life: log=18 engine=17 ; user_noncreatures: log_only=[] engine_only=[""painter's studio""] ; oppo_hand: log=6 engine=7",8,1,3,0,2,1,0,0,1,0,0,0,1,ok,1029
1705,1,12,3,user_lands,user_4,user_lands user_creatures user_hand,user_lands: log_only=['forest'] engine_only=[] ; user_creatures: log_only=['spineseeker centipede'] engine_only=[] ; user_hand: log_only=[] engine_only=['spineseeker centipede'],8,2,2,0,3,2,0,0,1,0,0,0,2,ok,630
1706,1,9,2,user_creatures,user_3,user_creatures user_hand,user_creatures: log_only=['forest'] engine_only=['mountain'] ; user_hand: log_only=['mountain'] engine_only=['twitching doll'],8,2,0,0,2,2,3,0,0,0,3,0,0,ok,363
1707,1,8,3,user_creatures,oppo_4,user_creatures oppo_hand,user_creatures: log_only=[] engine_only=['tunnel surveyor'] ; oppo_hand: log=4 engine=3,6,2,2,0,3,2,0,0,1,0,0,0,0,ok,329
1708,1,6,4,user_creatures,oppo_5,user_creatures user_noncreatures,"user_creatures: log_only=['clockwork percussionist', 'razorkin needlehead'] engine_only=[] ; user_noncreatures: log_only=[] engine_only=['trapped in the screen']",3,3,1,0,3,4,8,0,0,1,8,0,0,ok,150
1709,1,9,2,user_noncreatures,user_3,user_noncreatures user_hand,user_noncreatures: log_only=['overlord of the floodpits'] engine_only=[] ; user_hand: log_only=['mountain'] engine_only=['overlord of the floodpits'],5,0,0,0,2,0,0,0,2,0,0,0,1,ok,395
1710,1,11,3,user_lands,user_4,user_lands user_hand,user_lands: log_only=['swamp'] engine_only=[] ; user_hand: log_only=[] engine_only=['fear of the dark'],5,2,1,0,3,2,1,0,1,0,1,0,1,ok,458
1711,1,8,3,user_hand,user_4,user_hand,"user_hand: log_only=['glassworks', 'trial of agony'] engine_only=['razorkin hordecaller', 'swamp']",5,2,0,0,3,2,1,0,1,0,1,0,0,ok,266
1712,1,11,1,user_hand,user_2,user_hand,user_hand: log_only=['twist reality'] engine_only=['grasping longneck'],4,1,3,0,1,1,0,0,0,0,0,0,0,ok,569
1713,1,7,5,user_creatures,oppo_6,user_creatures oppo_hand,user_creatures: log_only=[] engine_only=['intruding soulrager'] ; oppo_hand: log=4 engine=3,5,4,2,2,4,6,4,0,1,0,4,0,0,ok,310
1714,1,9,5,oppo_hand,oppo_6,oppo_hand,oppo_hand: log=1 engine=2,6,4,2,1,5,5,0,2,1,0,0,2,3,ok,385
1715,1,8,2,oppo_life,user_3,oppo_life,oppo_life: log=19 engine=20,5,1,1,0,2,1,0,0,1,0,0,0,0,ok,298
1716,1,9,6,oppo_hand,oppo_7,oppo_hand,oppo_hand: log=0 engine=1,6,5,0,0,6,5,2,2,1,0,2,2,1,ok,371
1717,1,11,3,user_creatures,user_4,user_creatures user_hand,"user_creatures: log_only=['island', ""let's play a game""] engine_only=[] ; user_hand: log_only=[] engine_only=[""valgavoth's onslaught""]",8,2,3,0,3,2,0,1,1,0,0,1,1,ok,390
1718,1,13,3,user_noncreatures,oppo_4,user_noncreatures user_hand,user_noncreatures: log_only=[] engine_only=['found footage'] ; user_hand: log_only=['commune with evil'] engine_only=[],8,3,3,0,3,3,0,0,0,0,0,0,0,ok,282
1719,1,7,3,user_hand,oppo_4,user_hand,user_hand: log_only=['ghostly keybearer'] engine_only=['jump scare'],3,2,1,0,4,3,2,0,2,0,2,0,0,ok,158
1720,1,6,3,user_creatures,user_4,user_creatures user_hand,user_creatures: log_only=['sawblade skinripper'] engine_only=[] ; user_hand: log_only=['swamp'] engine_only=[],3,1,2,0,3,1,0,0,2,0,0,0,1,ok,137
1721,1,8,1,user_hand,user_2,user_hand,user_hand: log_only=['vile mutilator'] engine_only=['bashful beastie'],6,0,0,0,1,0,0,0,1,0,0,0,0,ok,296
1722,1,8,2,user_hand,oppo_3,user_hand,user_hand: log_only=['mountain'] engine_only=['bedhead beastie'],4,0,1,0,2,0,0,0,2,0,0,0,0,ok,387
1723,1,7,1,user_hand,user_2,user_hand,user_hand: log_only=['mountain'] engine_only=['most valuable slayer'],5,0,0,0,1,0,0,0,1,0,0,0,0,ok,199
1724,1,14,4,oppo_life,user_5,oppo_life user_lands user_creatures user_noncreatures user_hand,oppo_life: log=15 engine=13 ; user_lands: log_only=['swamp'] engine_only=[] ; user_creatures: log_only=[] engine_only=['piggy bank'] ; user_noncreatures: log_only=['treasure'] engine_only=[] ; user_hand: log_only=[] engine_only=['swamp'],9,3,2,1,4,3,2,0,1,0,2,0,1,ok,395
1725,1,9,4,user_life,oppo_5,user_life,user_life: log=18 engine=20,5,2,2,1,5,3,2,0,3,0,2,0,0,ok,471
1726,1,10,2,user_hand,user_3,user_hand,user_hand: log_only=['vanish from sight'] engine_only=['forest'],7,1,2,0,2,1,0,0,1,0,0,0,0,ok,723
1727,1,12,4,user_creatures,user_5,user_creatures oppo_hand,user_creatures: log_only=[] engine_only=['vicious clown'] ; oppo_hand: log=4 engine=5,6,2,1,0,3,3,2,0,1,1,2,0,1,ok,310
1728,1,5,3,user_life,oppo_4,user_life oppo_life,user_life: log=18 engine=20 ; oppo_life: log=19 engine=15,1,1,0,0,3,1,1,0,2,0,1,0,0,ok,136
1729,1,11,3,user_creatures,user_4,user_creatures,user_creatures: log_only=['mountain'] engine_only=['popular egotist'],8,2,2,0,3,2,2,0,1,0,2,0,0,ok,507
1730,1,7,3,oppo_life,user_4,oppo_life,oppo_life: log=14 engine=15,5,3,1,0,3,3,1,0,0,0,1,0,0,ok,212
1731,1,8,1,user_hand,user_2,user_hand,user_hand: log_only=['vanish from sight'] engine_only=['cryptid inspector'],5,0,0,0,1,0,0,0,1,0,0,0,0,ok,247
1732,1,17,4,user_hand,oppo_5,user_hand,"user_hand: log_only=['defiled crypt', 'forest'] engine_only=['plains', 'terramorphic expanse']",9,1,4,1,4,1,0,0,3,0,0,0,0,ok,831
1733,1,9,1,user_hand,user_2,user_hand,user_hand: log_only=['moldering gym'] engine_only=['island'],5,0,0,0,1,0,0,0,1,0,0,0,0,ok,214
1734,1,9,5,user_life,oppo_6,user_life,user_life: log=16 engine=17,4,4,2,0,5,6,1,0,2,0,1,0,1,ok,340
1735,1,10,2,user_life,user_3,user_life user_hand,user_life: log=20 engine=23 ; user_hand: log_only=[] engine_only=['trapped in the screen'],6,1,1,0,2,1,0,0,1,0,0,0,0,ok,197
1736,1,7,3,user_life,oppo_4,user_life,user_life: log=12 engine=14,4,2,1,0,3,2,0,0,1,0,0,0,0,ok,185
1737,1,9,3,user_lands,user_4,user_lands user_creatures user_noncreatures user_hand,"user_lands: log_only=['thornspire verge'] engine_only=[] ; user_creatures: log_only=['glimmer'] engine_only=[] ; user_noncreatures: log_only=['glimmerlight'] engine_only=[] ; user_hand: log_only=[] engine_only=['glimmerlight', 'thornspire verge']",5,2,0,0,3,2,2,0,1,0,2,0,2,ok,284
1738,1,10,2,oppo_life,user_3,oppo_life user_creatures,oppo_life: log=11 engine=17 ; user_creatures: log_only=['mountain'] engine_only=['wildfire wickerfolk'],5,1,2,0,2,1,1,0,1,0,1,0,0,ok,304
1739,1,11,3,user_creatures,oppo_4,user_creatures oppo_hand,user_creatures: log_only=[] engine_only=['clockwork percussionist'] ; oppo_hand: log=1 engine=2,4,1,2,0,3,1,0,0,2,0,0,0,2,ok,271
1740,1,9,2,user_noncreatures,user_3,user_noncreatures oppo_hand,user_noncreatures: log_only=['cracked skull'] engine_only=[] ; oppo_hand: log=4 engine=5,8,2,0,0,2,2,1,0,0,0,1,0,1,ok,299
1741,1,7,2,user_hand,user_3,user_hand,user_hand: log_only=['plains'] engine_only=[],5,2,1,0,2,2,2,0,0,0,2,0,0,ok,157
1742,1,11,5,user_life,oppo_6,user_life,user_life: log=16 engine=18,4,3,2,0,4,5,2,0,1,1,2,0,0,ok,376
1743,1,7,1,oppo_hand,oppo_2,oppo_hand,oppo_hand: log=6 engine=5,5,0,1,0,1,0,0,0,1,0,0,0,0,ok,287
1744,1,8,1,user_life,oppo_2,user_life,user_life: log=18 engine=20,6,0,0,0,1,0,0,0,1,0,0,0,0,ok,203
1745,1,9,4,oppo_life,user_5,oppo_life user_creatures oppo_hand,oppo_life: log=15 engine=13 ; user_creatures: log_only=[] engine_only=['vicious clown'] ; oppo_hand: log=4 engine=5,5,2,0,0,3,3,2,0,1,1,2,0,1,ok,234
1746,1,6,4,user_creatures,oppo_5,user_creatures oppo_hand,"user_creatures: log_only=[] engine_only=['primo, the indivisible'] ; oppo_hand: log=3 engine=2",3,3,0,0,4,3,1,1,1,0,1,1,0,ok,143
1747,1,9,3,user_creatures,oppo_4,user_creatures user_hand,user_creatures: log_only=['veteran survivor'] engine_only=[] ; user_hand: log_only=[] engine_only=['jump scare'],4,3,2,0,4,3,4,0,1,0,4,0,1,ok,237
1748,1,13,4,user_creatures,user_5,user_creatures,"user_creatures: log_only=['island'] engine_only=[""painter's studio""]",7,3,0,0,4,3,1,0,1,0,1,0,0,ok,514
1749,1,7,2,oppo_life,user_3,oppo_life,oppo_life: log=18 engine=20,4,1,1,0,2,1,0,0,1,0,0,0,0,ok,245
1750,1,5,2,user_creatures,user_3,user_creatures user_hand,user_creatures: log_only=['swamp'] engine_only=[] ; user_hand: log_only=[] engine_only=['fear of being hunted'],3,2,0,0,2,2,1,0,0,0,1,0,1,ok,71
1751,1,6,1,user_hand,user_2,user_hand,"user_hand: log_only=['meat locker'] engine_only=[""duskmourn's domination""]",2,0,0,0,1,0,0,0,1,0,0,0,0,ok,128
1752,1,13,2,oppo_hand,oppo_3,oppo_hand,oppo_hand: log=4 engine=3,5,1,0,0,2,1,0,0,1,0,0,0,0,ok,652
1753,1,9,2,user_hand,oppo_3,user_hand,user_hand: log_only=['swamp'] engine_only=['mountain'],6,1,1,0,2,1,0,0,1,0,0,0,0,ok,268
1754,1,13,3,oppo_life,user_4,oppo_life user_creatures user_hand,oppo_life: log=20 engine=18 ; user_creatures: log_only=['ragged playmate'] engine_only=['house cartographer'] ; user_hand: log_only=[] engine_only=['forest'],5,2,2,0,3,3,0,0,1,0,0,0,0,ok,271
1755,1,16,2,user_hand,oppo_3,user_hand,user_hand: log_only=['defiled crypt'] engine_only=['sawblade skinripper'],7,1,1,0,2,1,0,0,1,0,0,0,0,ok,389
1756,1,7,3,oppo_life,user_4,oppo_life,oppo_life: log=15 engine=16,6,2,1,0,3,2,0,0,1,0,0,0,0,ok,149
1757,1,6,2,oppo_life,user_3,oppo_life,oppo_life: log=14 engine=16,4,2,0,0,2,2,2,0,0,0,2,0,0,ok,109
1758,1,8,2,user_hand,user_3,user_hand,user_hand: log_only=['terramorphic expanse'] engine_only=['flesh burrower'],5,2,0,0,2,2,1,0,0,0,1,0,0,ok,175
1759,1,10,3,user_life,oppo_4,user_life user_creatures,user_life: log=15 engine=17 ; user_creatures: log_only=[] engine_only=['balemurk leech'],6,2,0,0,3,2,0,0,1,0,0,0,0,ok,278
1760,1,8,3,user_life,oppo_4,user_life,user_life: log=18 engine=19,6,1,1,1,3,1,0,0,2,0,0,0,1,ok,243
1761,1,5,4,oppo_life,user_5,oppo_life user_creatures user_hand,"oppo_life: log=14 engine=13 ; user_creatures: log_only=['creeping peeper'] engine_only=['forest'] ; user_hand: log_only=['forest', 'hauntwoods shrieker'] engine_only=['defiant survivor']",5,4,1,1,4,4,2,0,0,0,2,0,0,ok,105
1762,1,6,2,user_lands,user_3,user_lands user_hand,user_lands: log_only=['plains'] engine_only=[] ; user_hand: log_only=['glassworks'] engine_only=['unidentified hovership'],5,2,1,0,2,2,2,0,0,0,2,0,2,ok,148
1763,1,5,1,user_hand,user_2,user_hand,user_hand: log_only=['moldering gym'] engine_only=['mountain'],3,0,0,0,1,0,0,0,1,0,0,0,0,ok,83
1764,1,9,4,user_creatures,user_5,user_creatures user_hand,"user_creatures: log_only=['fear of surveillance'] engine_only=[] ; user_hand: log_only=[] engine_only=['rip, spawn hunter']",6,4,1,1,4,5,3,0,0,0,3,0,1,ok,311
1765,1,10,4,oppo_life,user_5,oppo_life,oppo_life: log=11 engine=13,4,3,2,1,4,3,4,0,1,0,4,0,0,ok,259
1766,1,7,2,user_life,oppo_3,user_life,user_life: log=17 engine=18,3,1,3,0,2,1,0,0,1,0,0,0,0,ok,122
1767,1,11,2,user_hand,user_3,user_hand,"user_hand: log_only=['hand that feeds'] engine_only=[""painter's studio""]",4,1,2,0,2,1,0,0,1,0,0,0,0,ok,266
1768,1,13,3,user_life,oppo_4,user_life,user_life: log=16 engine=17,5,2,4,2,3,3,0,0,1,0,0,0,1,ok,359
1769,1,4,4,,,,,2,2,1,1,3,2,0,1,1,0,0,1,0,ok,45
1770,1,9,5,oppo_life,user_6,oppo_life,oppo_life: log=9 engine=10,6,4,0,0,5,4,5,0,1,0,5,0,0,ok,270
1771,1,8,5,user_creatures,user_6,user_creatures user_hand,user_creatures: log_only=['flesh burrower'] engine_only=[] ; user_hand: log_only=[] engine_only=['bedhead beastie'],6,4,4,1,4,5,2,0,1,0,2,0,2,ok,244
1772,1,9,4,user_life,user_5,user_life,user_life: log=13 engine=14,5,3,1,0,4,3,2,0,1,0,2,0,0,ok,257
1773,1,11,3,user_lands,user_4,user_lands user_hand,user_lands: log_only=['island'] engine_only=[] ; user_hand: log_only=[] engine_only=['say its name'],8,2,1,0,3,2,1,0,1,0,1,0,2,ok,301
1774,1,7,1,user_creatures,user_2,user_creatures oppo_hand,user_creatures: log_only=[] engine_only=['manifest dread'] ; oppo_hand: log=4 engine=5,5,0,2,0,1,0,0,0,1,0,0,0,1,ok,122
1775,1,6,4,user_life,oppo_5,user_life oppo_hand,user_life: log=11 engine=14 ; oppo_hand: log=3 engine=4,1,1,1,0,3,1,0,0,2,0,0,0,2,ok,81
1776,1,10,3,oppo_life,user_4,oppo_life user_creatures user_hand,oppo_life: log=17 engine=20 ; user_creatures: log_only=['wildfire wickerfolk'] engine_only=[] ; user_hand: log_only=[] engine_only=['wary watchdog'],8,2,3,0,3,2,0,0,1,0,0,0,3,ok,268
1777,1,17,1,user_hand,user_2,user_hand,user_hand: log_only=['mountain'] engine_only=['bleeding woods'],7,0,2,0,1,0,0,0,1,0,0,0,0,ok,405
1778,1,10,4,user_hand,user_5,user_hand,"user_hand: log_only=['monstrous emergence'] engine_only=[""betrayer's bargain""]",7,1,3,0,4,1,0,0,3,0,0,0,0,ok,256
1779,1,8,4,user_creatures,oppo_5,user_creatures,user_creatures: log_only=['hand that feeds'] engine_only=['ripchain razorkin'],5,3,3,1,4,3,0,0,1,0,0,0,1,ok,180
1780,1,10,2,user_lands,user_3,user_lands user_creatures user_hand,user_lands: log_only=['forest'] engine_only=[] ; user_creatures: log_only=[] engine_only=['under the skin'] ; user_hand: log_only=['under the skin'] engine_only=['forest'],7,1,3,0,2,1,0,0,1,0,0,0,0,ok,256
1781,1,5,1,oppo_hand,oppo_2,oppo_hand,oppo_hand: log=7 engine=6,3,1,0,0,2,1,1,0,1,0,1,0,0,ok,93
1782,1,8,2,user_hand,oppo_3,user_hand,user_hand: log_only=['forest'] engine_only=['slavering branchsnapper'],5,0,0,0,2,0,0,0,2,0,0,0,0,ok,178
1783,1,8,3,user_creatures,user_4,user_creatures,user_creatures: log_only=['island'] engine_only=['tunnel surveyor'],4,2,2,0,3,2,0,0,1,0,0,0,0,ok,276
1784,1,11,2,user_hand,user_3,user_hand,user_hand: log_only=['defiled crypt'] engine_only=['enduring tenacity'],7,1,2,0,2,1,0,0,1,0,0,0,0,ok,226
1785,1,9,2,oppo_life,user_3,oppo_life,oppo_life: log=20 engine=17,5,1,1,0,2,1,0,0,1,0,0,0,1,ok,239
1786,1,7,4,oppo_life,user_5,oppo_life,oppo_life: log=10 engine=12,4,3,1,1,4,5,2,1,1,0,2,1,0,ok,167
1787,1,9,5,oppo_life,user_6,oppo_life,oppo_life: log=13 engine=12,4,4,0,0,5,4,3,0,1,0,3,0,0,ok,247
1788,1,9,4,user_creatures,oppo_5,user_creatures,user_creatures: log_only=[] engine_only=['glassworks'],3,1,1,0,4,2,0,0,3,1,0,0,0,ok,298
1789,1,7,4,oppo_life,user_5,oppo_life,oppo_life: log=18 engine=19,4,3,1,0,4,3,1,0,1,0,1,0,0,ok,184
1790,1,9,3,user_lands,user_4,user_lands user_creatures user_hand,"user_lands: log_only=['swamp'] engine_only=[] ; user_creatures: log_only=['primo, the indivisible', 'zimone, all-questioning'] engine_only=[] ; user_hand: log_only=[] engine_only=['twitching doll', 'zimone, all-questioning']",7,2,1,0,3,2,0,0,1,0,0,0,2,ok,206
1791,1,15,3,oppo_hand,oppo_4,oppo_hand,oppo_hand: log=3 engine=4,7,1,4,1,3,2,0,0,2,0,0,0,1,ok,238
1792,1,6,4,user_life,oppo_5,user_life,user_life: log=10 engine=13,4,3,0,0,4,3,0,2,1,0,0,2,1,ok,120
1793,1,5,3,user_hand,user_4,user_hand,"user_hand: log_only=[""betrayer's bargain""] engine_only=['plains']",5,3,1,0,3,3,3,1,0,0,3,1,0,ok,86
1794,1,11,2,user_hand,oppo_3,user_hand,"user_hand: log_only=[] engine_only=[""don't make a sound""]",6,0,1,0,3,0,0,0,3,0,0,0,1,ok,391
1795,1,7,2,oppo_hand,oppo_3,oppo_hand,oppo_hand: log=5 engine=6,3,1,0,0,2,1,0,0,1,0,0,0,1,ok,154
1796,1,7,2,user_hand,user_3,user_hand oppo_hand,"user_hand: log_only=[] engine_only=['kona, rescue beastie'] ; oppo_hand: log=6 engine=7",5,1,1,0,2,1,0,0,1,0,0,0,2,ok,212
1797,1,5,2,oppo_life,user_3,oppo_life,oppo_life: log=13 engine=14,4,1,1,0,2,1,1,0,1,0,1,0,1,ok,160
1798,1,7,2,oppo_hand,oppo_3,oppo_hand,oppo_hand: log=4 engine=6,6,2,2,0,2,2,0,0,0,0,0,0,2,ok,165
1799,1,11,2,user_creatures,user_3,user_creatures,user_creatures: log_only=['island'] engine_only=['terramorphic expanse'],6,1,3,0,2,1,0,0,1,0,0,0,0,ok,296
1800,1,4,3,user_hand,user_4,user_hand,user_hand: log_only=[] engine_only=['pyroclasm'],2,2,0,0,3,2,0,1,1,0,0,1,0,ok,961
1801,1,8,2,user_lands,user_3,user_lands user_hand,user_lands: log_only=['island'] engine_only=[] ; user_hand: log_only=[] engine_only=['daggermaw megalodon'],3,1,2,0,2,1,0,0,1,0,0,0,1,ok,609
1802,1,10,2,user_hand,oppo_3,user_hand oppo_hand,user_hand: log_only=[] engine_only=['plains'] ; oppo_hand: log=5 engine=6,6,2,0,0,3,2,1,0,1,0,1,0,2,ok,616
1803,1,11,3,user_creatures,oppo_4,user_creatures,user_creatures: log_only=[] engine_only=['vanish from sight'],7,0,2,0,4,0,0,0,4,0,0,0,0,ok,772
1804,1,11,4,user_creatures,user_5,user_creatures user_noncreatures user_hand,user_creatures: log_only=['flesh burrower'] engine_only=[] ; user_noncreatures: log_only=['ticket booth'] engine_only=[] ; user_hand: log_only=['forest'] engine_only=['flesh burrower'],8,2,1,0,4,2,0,1,2,0,0,1,1,ok,574
1805,1,4,3,oppo_life,user_4,oppo_life user_creatures,oppo_life: log=16 engine=15 ; user_creatures: log_only=['swamp'] engine_only=['trapped in the screen'],3,2,0,0,3,2,1,0,1,0,1,0,0,ok,127
1806,1,6,3,user_hand,user_4,user_hand,user_hand: log_only=['forest'] engine_only=['spineseeker centipede'],4,2,1,0,3,2,1,0,1,0,1,0,0,ok,304
1807,1,10,2,user_life,oppo_3,user_life,user_life: log=18 engine=19,7,1,0,0,2,1,0,0,1,0,0,0,0,ok,536
1808,1,14,2,oppo_hand,oppo_3,oppo_hand,oppo_hand: log=2 engine=3,8,1,1,0,2,1,0,0,1,0,0,0,1,ok,660
1809,1,8,4,oppo_hand,oppo_5,oppo_hand,oppo_hand: log=3 engine=2,4,3,1,0,4,3,1,0,1,0,1,0,0,ok,369
1810,1,8,1,user_hand,user_2,user_hand,user_hand: log_only=['enduring vitality'] engine_only=['mountain'],6,0,1,0,1,0,0,0,1,0,0,0,0,ok,336
1811,1,9,3,oppo_life,user_4,oppo_life,oppo_life: log=18 engine=19,5,3,1,0,3,3,1,0,0,0,1,0,0,ok,347
1812,1,7,2,user_lands,user_3,user_lands user_creatures user_hand,user_lands: log_only=['island'] engine_only=[] ; user_creatures: log_only=[] engine_only=['fear of isolation'] ; user_hand: log_only=['reluctant role model'] engine_only=['island'],4,1,1,0,2,1,0,0,1,0,0,0,0,ok,186
1813,1,9,2,user_creatures,oppo_3,user_creatures user_hand,user_creatures: log_only=['floodpits drowner'] engine_only=[] ; user_hand: log_only=[] engine_only=['floodpits drowner'],5,0,2,0,2,0,0,0,2,0,0,0,0,ok,378
1814,1,7,3,user_creatures,user_4,user_creatures,user_creatures: log_only=['swamp'] engine_only=['forest'],4,2,0,0,3,2,0,1,1,0,0,1,1,ok,174
1815,1,8,4,user_creatures,oppo_5,user_creatures user_hand oppo_hand,user_creatures: log_only=['piranha fly'] engine_only=[] ; user_hand: log_only=[] engine_only=['piranha fly'] ; oppo_hand: log=3 engine=2,4,3,2,1,4,4,0,0,1,0,0,0,0,ok,284
1816,1,8,4,user_lands,user_5,user_lands user_creatures,user_lands: log_only=['raucous carnival'] engine_only=[] ; user_creatures: log_only=['innocuous rat'] engine_only=['clockwork percussionist'],7,3,0,0,4,4,0,0,1,0,0,0,2,ok,268
1817,1,5,3,oppo_life,user_4,oppo_life user_lands user_creatures,oppo_life: log=14 engine=15 ; user_lands: log_only=['mountain'] engine_only=[] ; user_creatures: log_only=['clockwork percussionist'] engine_only=[],5,3,0,0,3,3,4,0,0,0,4,0,2,ok,115
1818,1,7,2,oppo_life,user_3,oppo_life user_creatures oppo_hand,oppo_life: log=20 engine=18 ; user_creatures: log_only=[] engine_only=['acrobatic cheerleader'] ; oppo_hand: log=3 engine=4,4,1,1,0,2,1,0,0,1,0,0,0,1,ok,170
1819,1,9,4,oppo_life,user_5,oppo_life user_creatures,"oppo_life: log=15 engine=16 ; user_creatures: log_only=['toby, beastie befriender'] engine_only=[]",4,2,3,0,4,2,0,1,2,0,0,1,0,ok,338
1820,1,11,1,user_hand,user_2,user_hand,user_hand: log_only=['hand that feeds'] engine_only=['wildfire wickerfolk'],6,0,0,0,1,0,0,0,1,0,0,0,0,ok,296
1821,1,8,4,user_hand,user_5,user_hand,user_hand: log_only=['twist reality'] engine_only=['forest'],4,3,0,0,4,3,3,0,1,0,3,0,0,ok,406
1822,1,8,2,user_life,oppo_3,user_life user_creatures,user_life: log=14 engine=17 ; user_creatures: log_only=[] engine_only=['defiant survivor'],5,2,1,0,3,2,1,0,1,0,1,0,1,ok,203
1823,1,5,5,,,,,1,1,0,0,2,1,1,0,1,0,1,0,0,ok,79
1824,1,10,4,oppo_hand,oppo_5,oppo_hand,oppo_hand: log=3 engine=4,5,2,3,0,4,2,0,0,2,0,0,0,1,ok,387
1825,1,8,1,user_hand,user_2,user_hand,user_hand: log_only=['underwater tunnel'] engine_only=['razortrap gorge'],3,1,2,0,1,1,0,0,0,0,0,0,0,ok,192
1826,1,13,3,user_lands,user_4,user_lands user_noncreatures,user_lands: log_only=['swamp'] engine_only=[] ; user_noncreatures: log_only=[] engine_only=['keys to the house'],8,1,2,0,3,1,0,0,2,0,0,0,1,ok,495
1827,1,8,4,user_life,oppo_5,user_life oppo_life user_creatures,user_life: log=19 engine=20 ; oppo_life: log=17 engine=16 ; user_creatures: log_only=[] engine_only=['most valuable slayer'],5,3,2,0,4,3,2,0,1,0,2,0,0,ok,247
1828,1,9,3,user_hand,user_4,user_hand,user_hand: log_only=['glassworks'] engine_only=['boilerbilges ripper'],5,1,1,0,3,1,0,1,2,0,0,1,0,ok,224
1829,1,8,4,user_life,oppo_5,user_life user_creatures user_hand,user_life: log=15 engine=20 ; user_creatures: log_only=['appendage amalgam'] engine_only=[] ; user_hand: log_only=[] engine_only=['appendage amalgam'],2,1,2,0,3,1,0,1,2,0,0,1,1,ok,194
1830,1,11,1,user_life,oppo_2,user_life,user_life: log=18 engine=19,7,0,4,0,1,0,0,0,1,0,0,0,0,ok,458
1831,1,5,2,user_lands,user_3,user_lands user_hand,user_lands: log_only=['mountain'] engine_only=[] ; user_hand: log_only=[] engine_only=['razorkin hordecaller'],4,1,1,0,2,1,0,0,1,0,0,0,1,ok,123
1832,1,4,3,user_creatures,user_4,user_creatures,user_creatures: log_only=['forest'] engine_only=['overgrown zealot'],3,2,0,0,3,2,0,0,1,0,0,0,2,ok,60
1833,1,7,2,user_creatures,oppo_3,user_creatures,user_creatures: log_only=['piggy bank'] engine_only=['vicious clown'],3,2,1,0,3,2,1,0,1,0,1,0,0,ok,171
1834,1,12,4,user_life,oppo_5,user_life,user_life: log=12 engine=11,5,3,1,1,5,4,1,0,2,0,1,0,0,ok,229
1835,1,10,4,user_life,oppo_5,user_life oppo_life,user_life: log=18 engine=20 ; oppo_life: log=22 engine=20,3,2,5,1,5,2,0,0,3,0,0,0,3,ok,295
1836,1,10,2,oppo_hand,oppo_3,oppo_hand,oppo_hand: log=4 engine=5,7,1,1,0,2,1,1,0,1,0,1,0,1,ok,350
1837,1,12,2,user_hand,user_3,user_hand,user_hand: log_only=['forest'] engine_only=['fear of burning alive'],8,1,4,1,2,1,0,0,1,0,0,0,0,ok,441
1838,1,7,4,oppo_hand,oppo_5,oppo_hand,oppo_hand: log=1 engine=2,5,3,0,0,4,4,1,0,1,0,1,0,1,ok,337
1839,1,5,2,user_hand,oppo_3,user_hand,user_hand: log_only=['swamp'] engine_only=['spectral snatcher'],2,0,1,0,2,0,0,0,2,0,0,0,0,ok,96
1840,1,8,1,user_hand,oppo_2,user_hand,user_hand: log_only=['island'] engine_only=['daggermaw megalodon'],4,0,1,0,2,0,0,0,2,0,0,0,0,ok,145
1841,1,9,3,oppo_life,user_4,oppo_life user_hand,oppo_life: log=17 engine=20 ; user_hand: log_only=['omnivorous flytrap'] engine_only=['island'],3,1,2,0,3,1,0,0,2,0,0,0,0,ok,257
1842,1,11,3,oppo_hand,oppo_4,oppo_hand,oppo_hand: log=4 engine=3,4,2,2,0,3,2,0,0,1,0,0,0,0,ok,371
1843,1,9,2,user_life,oppo_3,user_life,user_life: log=18 engine=20,2,0,0,0,2,0,0,0,2,0,0,0,0,ok,277
1844,1,7,3,oppo_life,user_4,oppo_life user_creatures oppo_hand,oppo_life: log=15 engine=13 ; user_creatures: log_only=[] engine_only=['veteran survivor'] ; oppo_hand: log=3 engine=4,6,3,1,0,3,3,2,0,0,0,2,0,1,ok,317
1845,1,16,4,oppo_hand,oppo_5,oppo_hand,oppo_hand: log=0 engine=1,6,3,3,0,4,3,1,0,1,0,1,0,1,ok,625
1846,1,7,3,oppo_life,user_4,oppo_life,oppo_life: log=13 engine=12,5,2,2,0,3,3,3,0,1,0,3,0,1,ok,223
1847,1,14,6,oppo_hand,oppo_7,oppo_hand,oppo_hand: log=2 engine=3,6,3,3,1,5,5,0,0,2,1,0,0,2,ok,619
1848,1,11,1,user_hand,user_2,user_hand,user_hand: log_only=['jump scare'] engine_only=['plains'],6,1,0,0,1,1,1,0,0,0,1,0,1,ok,353
1849,1,12,3,user_creatures,oppo_4,user_creatures oppo_hand,user_creatures: log_only=[] engine_only=['popular egotist'] ; oppo_hand: log=4 engine=3,6,1,2,0,3,1,0,0,2,0,0,0,0,ok,329
1850,1,9,1,user_creatures,user_2,user_creatures,"user_creatures: log_only=['stay hidden, stay silent'] engine_only=[]",6,0,2,0,1,0,0,0,1,0,0,0,0,ok,303
1851,1,5,1,user_hand,user_2,user_hand,user_hand: log_only=['the wandering rescuer'] engine_only=['mountain'],4,1,0,0,1,1,0,0,0,0,0,0,0,ok,136
1852,1,5,5,,,,,2,2,0,0,3,2,0,0,1,0,0,0,1,ok,138
1853,1,8,4,user_hand,user_5,user_hand,"user_hand: log_only=['mountain', 'plains'] engine_only=['glimmer seeker', 'ragged playmate']",6,3,0,0,4,3,1,0,1,0,1,0,0,ok,353
1854,1,6,4,oppo_life,user_5,oppo_life,oppo_life: log=12 engine=13,5,3,4,2,4,3,3,0,1,0,3,0,0,ok,177
1855,1,8,3,oppo_life,user_4,oppo_life user_noncreatures,oppo_life: log=22 engine=20 ; user_noncreatures: log_only=['glassworks'] engine_only=[],7,2,1,1,3,2,0,0,1,0,0,0,1,ok,242
1856,1,4,4,,,,,3,3,0,0,3,4,0,0,1,0,0,0,0,ok,71
1857,1,9,4,user_creatures,oppo_5,user_creatures user_noncreatures user_hand oppo_hand,user_creatures: log_only=['spineseeker centipede'] engine_only=[] ; user_noncreatures: log_only=['growing dread'] engine_only=[] ; user_hand: log_only=[] engine_only=['growing dread'] ; oppo_hand: log=5 engine=4,6,3,1,0,4,3,0,0,1,0,0,0,0,ok,323
1858,1,10,4,oppo_life,user_5,oppo_life user_creatures oppo_hand,oppo_life: log=14 engine=15 ; user_creatures: log_only=[] engine_only=['orphans of the wheat'] ; oppo_hand: log=1 engine=2,5,3,1,0,4,3,3,0,1,0,3,0,2,ok,347
1859,1,9,3,user_hand,user_4,user_hand,user_hand: log_only=['forest'] engine_only=['most valuable slayer'],5,1,1,0,3,1,0,0,2,0,0,0,0,ok,327
1860,1,7,2,user_hand,oppo_3,user_hand oppo_hand,user_hand: log_only=[] engine_only=['floodpits drowner'] ; oppo_hand: log=4 engine=5,4,0,0,0,2,0,0,0,2,0,0,0,1,ok,198
1861,1,7,3,oppo_life,user_4,oppo_life user_noncreatures,oppo_life: log=16 engine=15 ; user_noncreatures: log_only=[] engine_only=['unable to scream'],5,2,1,0,3,2,0,0,1,0,0,0,0,ok,175
1862,1,10,6,user_life,oppo_7,user_life,user_life: log=6 engine=7,5,3,4,1,4,5,1,3,1,1,1,3,1,ok,269
1863,1,10,3,user_creatures,oppo_4,user_creatures oppo_hand,user_creatures: log_only=['unsettling twins'] engine_only=['inquisitive glimmer'] ; oppo_hand: log=3 engine=4,5,2,0,0,3,2,0,0,1,0,0,0,1,ok,287
1864,1,9,4,oppo_life,user_5,oppo_life user_creatures oppo_hand,oppo_life: log=19 engine=17 ; user_creatures: log_only=[] engine_only=['unsettling twins'] ; oppo_hand: log=4 engine=5,6,3,1,0,4,3,1,0,1,0,1,0,1,ok,228
1865,1,9,3,user_life,oppo_4,user_life,user_life: log=20 engine=18,3,1,3,0,4,1,0,0,3,0,0,0,0,ok,167
1866,1,6,1,user_creatures,user_2,user_creatures user_hand,user_creatures: log_only=['rootwise survivor'] engine_only=[] ; user_hand: log_only=[] engine_only=['house cartographer'],3,1,1,0,1,1,0,0,0,0,0,0,1,ok,131
1867,1,8,6,user_life,oppo_7,user_life user_creatures user_noncreatures,"user_life: log=5 engine=4 ; user_creatures: log_only=[] engine_only=[""valgavoth's faithful""] ; user_noncreatures: log_only=['nowhere to run'] engine_only=['sporogenic infection']",3,3,2,1,7,4,0,1,4,0,0,1,0,ok,202
1868,1,12,4,user_creatures,user_5,user_creatures,user_creatures: log_only=['fear of being hunted'] engine_only=[],6,1,3,0,3,1,0,0,2,0,0,0,0,ok,333
1869,1,8,3,oppo_hand,user_4,oppo_hand,oppo_hand: log=5 engine=6,3,1,1,0,3,1,0,0,2,0,0,0,0,ok,123
1870,1,6,1,user_hand,user_2,user_hand,"user_hand: log_only=['forest', 'island'] engine_only=['cryptid inspector', 'house cartographer']",5,1,0,0,1,1,0,0,0,0,0,0,0,ok,128
1871,1,5,5,,,,,3,3,1,1,4,4,2,0,1,0,2,0,0,ok,73
1872,1,7,1,user_creatures,oppo_2,user_creatures,user_creatures: log_only=[] engine_only=['fear of missing out'],5,1,2,0,2,1,0,0,1,0,0,0,0,ok,201
1873,1,10,2,oppo_hand,oppo_3,oppo_hand,oppo_hand: log=5 engine=6,4,1,1,0,2,1,0,0,1,0,0,0,1,ok,404
1874,1,9,2,user_creatures,user_3,user_creatures,user_creatures: log_only=[] engine_only=['fear of infinity'],6,1,1,0,2,1,0,0,1,0,0,0,0,ok,199
1875,1,15,4,user_creatures,oppo_5,user_creatures user_hand oppo_hand,user_creatures: log_only=['the wandering rescuer'] engine_only=[] ; user_hand: log_only=[] engine_only=['the wandering rescuer'] ; oppo_hand: log=5 engine=6,12,3,4,0,4,3,0,0,1,0,0,0,2,ok,1292
1876,1,9,5,user_life,oppo_6,user_life,user_life: log=16 engine=17,4,3,0,0,4,4,0,1,1,1,0,1,0,ok,291
1877,1,15,2,user_hand,oppo_3,user_hand,user_hand: log_only=['shroudstomper'] engine_only=['commune with evil'],10,2,5,0,3,2,0,0,1,0,0,0,0,ok,395
1878,1,6,3,user_noncreatures,user_4,user_noncreatures user_hand,user_noncreatures: log_only=['overlord of the boilerbilges'] engine_only=[] ; user_hand: log_only=[] engine_only=['overlord of the boilerbilges'],5,2,1,0,3,2,1,0,1,0,1,0,1,ok,179
1879,1,16,3,user_life,oppo_4,user_life user_hand,user_life: log=18 engine=20 ; user_hand: log_only=[] engine_only=['appendage amalgam'],7,0,3,0,3,0,0,0,3,0,0,0,0,ok,551
1880,1,8,2,user_lands,user_3,user_lands user_noncreatures user_hand,"user_lands: log_only=['island'] engine_only=[] ; user_noncreatures: log_only=[] engine_only=[""shardmage's rescue""] ; user_hand: log_only=[""shardmage's rescue""] engine_only=['island']",3,1,2,0,2,1,0,0,1,0,0,0,0,ok,237
1881,1,8,4,user_hand,oppo_5,user_hand,user_hand: log_only=['vicious clown'] engine_only=['hardened escort'],4,2,0,0,3,3,0,1,1,1,0,1,0,ok,198
1882,1,7,1,user_lands,user_2,user_lands user_noncreatures user_hand,user_lands: log_only=['island'] engine_only=[] ; user_noncreatures: log_only=[] engine_only=['underwater tunnel'] ; user_hand: log_only=['underwater tunnel'] engine_only=['island'],5,1,0,0,1,1,0,0,0,0,0,0,0,ok,224
1883,1,10,5,user_life,oppo_6,user_life oppo_life oppo_hand,user_life: log=18 engine=20 ; oppo_life: log=10 engine=8 ; oppo_hand: log=4 engine=3,5,4,1,0,4,6,13,0,1,1,13,0,0,ok,199
1884,1,8,4,user_life,oppo_5,user_life oppo_life oppo_hand,user_life: log=10 engine=12 ; oppo_life: log=22 engine=18 ; oppo_hand: log=3 engine=2,4,3,1,0,4,4,3,0,1,0,3,0,0,ok,255
1885,1,7,4,user_creatures,user_5,user_creatures,user_creatures: log_only=[] engine_only=['insidious fungus'],4,3,0,0,4,4,2,0,1,0,2,0,1,ok,207
1886,1,11,4,user_hand,user_5,user_hand,"user_hand: log_only=[""valgavoth's onslaught""] engine_only=[]",7,2,1,1,4,2,1,0,2,0,1,0,0,ok,403
1887,1,7,3,user_lands,user_4,user_lands user_hand,user_lands: log_only=['island'] engine_only=[] ; user_hand: log_only=[] engine_only=['island'],4,2,0,0,3,2,0,1,1,0,0,1,1,ok,148
1888,1,6,0,oppo_hand,oppo_1,oppo_hand,oppo_hand: log=5 engine=6,4,0,0,0,0,0,0,0,0,0,0,0,0,ok,164
1889,1,9,1,user_hand,user_2,user_hand,user_hand: log_only=['slavering branchsnapper'] engine_only=['forest'],6,0,1,0,1,0,0,0,1,0,0,0,0,ok,262
1890,1,8,2,user_life,oppo_3,user_life,user_life: log=18 engine=19,4,0,2,0,2,0,0,0,2,0,0,0,0,ok,193
1891,1,7,2,user_life,oppo_3,user_life user_creatures,user_life: log=18 engine=20 ; user_creatures: log_only=[] engine_only=['fear of surveillance'],2,2,0,0,3,2,1,0,1,0,1,0,0,ok,138
1892,1,8,3,user_lands,user_4,user_lands user_hand,user_lands: log_only=['mountain'] engine_only=[] ; user_hand: log_only=[] engine_only=['mountain'],7,2,1,0,3,2,1,0,1,0,1,0,1,ok,278
1893,1,12,3,user_noncreatures,user_4,user_noncreatures user_hand,user_noncreatures: log_only=['overlord of the boilerbilges'] engine_only=[] ; user_hand: log_only=[] engine_only=['overlord of the boilerbilges'],6,3,0,0,3,3,0,0,0,0,0,0,1,ok,655
1894,1,11,3,user_creatures,user_4,user_creatures oppo_hand,user_creatures: log_only=['dissection tools'] engine_only=[] ; oppo_hand: log=4 engine=3,6,3,1,0,3,3,1,0,0,0,1,0,0,ok,362
1895,1,9,1,user_hand,user_2,user_hand,user_hand: log_only=['vicious clown'] engine_only=['mountain'],4,0,3,0,1,0,0,0,1,0,0,0,0,ok,147
1896,1,9,3,user_life,oppo_4,user_life,user_life: log=16 engine=18,7,2,2,0,3,2,0,0,1,0,0,0,0,ok,368
1897,1,8,2,user_creatures,user_3,user_creatures user_hand,user_creatures: log_only=[] engine_only=['growing dread'] ; user_hand: log_only=['growing dread'] engine_only=[],6,1,3,0,2,1,0,0,1,0,0,0,0,ok,230
1898,1,12,3,user_hand,user_4,user_hand,user_hand: log_only=['resurrected cultist'] engine_only=['wary watchdog'],7,2,1,1,3,2,1,0,1,0,1,0,0,ok,486
1899,1,10,3,user_hand,user_4,user_hand,user_hand: log_only=['meat locker'] engine_only=['forest'],8,1,1,0,3,1,1,0,2,0,1,0,0,ok,334
1900,1,8,3,user_lands,user_4,user_lands user_creatures user_noncreatures user_hand,user_lands: log_only=['swamp'] engine_only=[] ; user_creatures: log_only=['skullsnap nuisance'] engine_only=[] ; user_noncreatures: log_only=[] engine_only=['keys to the house'] ; user_hand: log_only=[] engine_only=['skullsnap nuisance'],6,2,1,1,3,2,1,0,1,0,1,0,2,ok,1321
1901,1,9,4,user_creatures,user_5,user_creatures,user_creatures: log_only=['bashful beastie'] engine_only=['dissection tools'],7,4,0,0,4,4,2,0,0,0,2,0,0,ok,717
1902,1,9,2,user_lands,user_3,user_lands user_hand,user_lands: log_only=['island'] engine_only=[] ; user_hand: log_only=[] engine_only=['island'],6,2,0,0,2,2,0,0,0,0,0,0,1,ok,580
1903,1,7,2,user_creatures,user_3,user_creatures user_hand,user_creatures: log_only=['cryptid inspector'] engine_only=[] ; user_hand: log_only=[] engine_only=['unnerving grasp'],4,1,1,0,2,1,0,0,1,0,0,0,1,ok,422
1904,1,7,3,oppo_hand,oppo_4,oppo_hand,oppo_hand: log=6 engine=7,5,3,1,0,3,4,6,0,0,1,6,0,1,ok,263
1905,1,7,4,oppo_life,user_5,oppo_life user_creatures user_noncreatures,"oppo_life: log=16 engine=17 ; user_creatures: log_only=['unidentified hovership', 'wary watchdog'] engine_only=[] ; user_noncreatures: log_only=[] engine_only=['unidentified hovership']",6,3,0,0,4,4,0,0,1,0,0,0,1,ok,348
1906,1,10,2,user_creatures,user_3,user_creatures user_hand,user_creatures: log_only=['insidious fungus'] engine_only=['forest'] ; user_hand: log_only=['forest'] engine_only=['thornspire verge'],8,1,0,0,2,1,0,0,1,0,0,0,0,ok,491
1907,1,8,4,user_creatures,user_5,user_creatures,user_creatures: log_only=['hand that feeds'] engine_only=[],5,3,2,1,4,3,3,0,1,0,3,0,0,ok,328
1908,1,11,2,user_lands,user_3,user_lands user_hand,user_lands: log_only=['swamp'] engine_only=[] ; user_hand: log_only=[] engine_only=['bashful beastie'],6,1,0,0,2,1,0,0,1,0,0,0,1,ok,474
1909,1,12,2,oppo_hand,oppo_3,oppo_hand,oppo_hand: log=8 engine=7,5,3,4,0,3,3,1,0,0,0,1,0,0,ok,462
1910,1,14,3,oppo_life,user_4,oppo_life user_creatures,oppo_life: log=16 engine=13 ; user_creatures: log_only=[] engine_only=['wary watchdog'],9,2,2,0,3,2,1,1,1,0,1,1,1,ok,499
1911,1,6,1,user_hand,user_2,user_hand,user_hand: log_only=['greenhouse'] engine_only=['fear of infinity'],4,0,1,0,1,0,0,0,1,0,0,0,0,ok,238
1912,1,11,2,user_hand,user_3,user_hand,"user_hand: log_only=['rip, spawn hunter'] engine_only=['forest']",7,1,1,0,2,1,0,0,1,0,0,0,0,ok,402
1913,1,6,2,user_life,oppo_3,user_life,user_life: log=15 engine=14,2,0,0,0,2,0,0,0,2,0,0,0,0,ok,146
1914,1,8,2,user_hand,user_3,user_hand,user_hand: log_only=['meat locker'] engine_only=['island'],5,1,1,0,2,1,0,0,1,0,0,0,0,ok,289
1915,1,5,3,oppo_hand,oppo_4,oppo_hand,oppo_hand: log=3 engine=4,1,1,0,0,4,1,0,0,3,0,0,0,2,ok,114
1916,1,10,1,user_creatures,user_2,user_creatures oppo_hand,"user_creatures: log_only=[] engine_only=['arabella, abandoned doll'] ; oppo_hand: log=5 engine=6",8,0,0,0,1,0,0,0,1,0,0,0,1,ok,601
1917,1,7,3,oppo_life,user_4,oppo_life user_creatures,oppo_life: log=11 engine=12 ; user_creatures: log_only=['island'] engine_only=[],5,3,2,0,3,3,2,0,0,0,2,0,0,ok,224
1918,1,8,2,user_creatures,oppo_3,user_creatures oppo_hand,user_creatures: log_only=[] engine_only=['flesh burrower'] ; oppo_hand: log=4 engine=5,6,2,1,0,3,2,0,0,1,0,0,0,0,ok,238
1919,1,8,3,oppo_life,user_4,oppo_life,oppo_life: log=16 engine=18,5,2,1,0,3,2,0,0,1,0,0,0,0,ok,256
1920,1,6,3,user_life,oppo_4,user_life oppo_hand,user_life: log=12 engine=14 ; oppo_hand: log=4 engine=3,3,2,1,0,4,2,0,0,2,0,0,0,0,ok,204
1921,1,8,2,user_hand,user_3,user_hand,user_hand: log_only=['spineseeker centipede'] engine_only=['terramorphic expanse'],5,1,1,0,2,1,0,0,1,0,0,0,0,ok,263
1922,1,10,2,user_hand,oppo_3,user_hand,user_hand: log_only=['plains'] engine_only=['shepherding spirits'],7,0,1,0,2,0,0,0,2,0,0,0,0,ok,444
1923,1,9,1,user_noncreatures,oppo_2,user_noncreatures user_hand,user_noncreatures: log_only=[] engine_only=['found footage'] ; user_hand: log_only=['mountain'] engine_only=[],7,1,1,0,2,1,0,0,1,0,0,0,0,ok,206
1924,1,11,2,user_life,oppo_3,user_life oppo_hand,user_life: log=18 engine=20 ; oppo_hand: log=5 engine=4,6,0,4,0,2,0,0,0,2,0,0,0,0,ok,329
1925,1,9,3,user_life,oppo_4,user_life,user_life: log=18 engine=19,5,2,1,0,3,2,1,0,1,0,1,0,0,ok,305
1926,1,11,2,user_life,oppo_3,user_life,user_life: log=17 engine=18,7,1,2,1,2,1,0,0,1,0,0,0,1,ok,595
1927,1,9,2,user_creatures,user_3,user_creatures user_hand,user_creatures: log_only=['forest'] engine_only=['slavering branchsnapper'] ; user_hand: log_only=['fear of burning alive'] engine_only=['hand that feeds'],8,2,0,0,2,2,0,0,0,0,0,0,0,ok,290
1928,1,8,6,user_life,oppo_7,user_life user_creatures user_noncreatures user_hand,user_life: log=10 engine=11 ; user_creatures: log_only=['haunted screen'] engine_only=[] ; user_noncreatures: log_only=[] engine_only=['haunted screen'] ; user_hand: log_only=['break down the door'] engine_only=[],5,5,0,0,6,6,2,2,1,0,2,2,1,ok,326
1929,1,11,2,user_creatures,user_3,user_creatures,user_creatures: log_only=['scrabbling skullcrab'] engine_only=['trapped in the screen'],6,2,1,0,2,2,0,0,0,0,0,0,0,ok,531
1930,1,13,2,user_noncreatures,user_3,user_noncreatures user_hand,user_noncreatures: log_only=[] engine_only=['keys to the house'] ; user_hand: log_only=['creeping peeper'] engine_only=[],8,2,2,0,2,2,0,0,0,0,0,0,0,ok,500
1931,1,8,3,oppo_hand,user_4,oppo_hand,oppo_hand: log=4 engine=5,3,1,2,0,2,2,1,0,1,1,1,0,0,ok,191
1932,1,9,1,user_hand,user_2,user_hand,user_hand: log_only=['vanish from sight'] engine_only=['wary watchdog'],5,0,4,0,1,0,0,0,1,0,0,0,0,ok,360
1933,1,9,1,oppo_hand,oppo_2,oppo_hand,oppo_hand: log=6 engine=5,6,1,3,0,2,1,0,0,1,0,0,0,0,ok,301
1934,1,13,2,oppo_hand,oppo_3,oppo_hand,oppo_hand: log=4 engine=5,8,2,0,0,2,2,0,0,0,0,0,0,1,ok,407
1935,1,17,4,user_hand,oppo_5,user_hand,user_hand: log_only=[] engine_only=['plains'],12,4,2,0,4,4,5,0,0,0,5,0,0,ok,375
1936,1,7,1,user_creatures,user_2,user_creatures,user_creatures: log_only=['mountain'] engine_only=['say its name'],5,0,1,0,1,0,0,0,1,0,0,0,0,ok,209
1937,1,6,3,user_life,oppo_4,user_life,user_life: log=18 engine=19,3,3,0,0,4,3,2,0,1,0,2,0,0,ok,148
1938,1,8,2,user_creatures,user_3,user_creatures user_hand,user_creatures: log_only=['island'] engine_only=['say its name'] ; user_hand: log_only=['forest'] engine_only=['spineseeker centipede'],5,1,2,0,2,1,0,0,1,0,0,0,0,ok,300
1939,1,15,6,user_lands,user_7,user_lands,user_lands: log_only=['island'] engine_only=[],10,3,1,1,3,6,3,0,1,1,3,0,1,ok,483
1940,1,11,2,user_creatures,oppo_3,user_creatures,user_creatures: log_only=['patchwork beastie'] engine_only=['wildfire wickerfolk'],4,2,3,0,3,2,1,0,1,0,1,0,0,ok,297
1941,1,9,2,oppo_life,user_3,oppo_life,oppo_life: log=17 engine=20,4,1,5,0,2,1,0,0,1,0,0,0,0,ok,262
1942,1,8,1,user_hand,user_2,user_hand,user_hand: log_only=['swamp'] engine_only=['forest'],6,1,1,0,1,1,0,0,0,0,0,0,0,ok,184
1943,1,7,4,oppo_life,user_5,oppo_life,oppo_life: log=9 engine=14,6,4,2,0,4,4,2,0,0,0,2,0,1,ok,395
1944,1,9,2,user_creatures,oppo_3,user_creatures,user_creatures: log_only=['island'] engine_only=['unable to scream'],1,0,4,0,3,0,0,0,3,0,0,0,0,ok,158
1945,1,9,3,user_creatures,oppo_4,user_creatures user_noncreatures user_hand,user_creatures: log_only=['lakeside shack'] engine_only=[] ; user_noncreatures: log_only=['growing dread'] engine_only=[] ; user_hand: log_only=[] engine_only=['growing dread'],5,1,2,1,3,1,0,0,2,0,0,0,0,ok,200
1946,1,9,2,oppo_hand,oppo_3,oppo_hand,oppo_hand: log=6 engine=5,7,1,3,0,3,1,0,0,2,0,0,0,0,ok,223
1947,1,10,3,user_lands,user_4,user_lands user_creatures,user_lands: log_only=['forest'] engine_only=['swamp'] ; user_creatures: log_only=['paranormal analyst'] engine_only=['forest'],8,2,1,0,3,2,0,1,1,0,0,1,0,ok,289
1948,1,14,2,user_hand,oppo_3,user_hand oppo_hand,user_hand: log_only=[] engine_only=['unable to scream'] ; oppo_hand: log=5 engine=4,6,1,3,1,2,1,0,0,1,0,0,0,0,ok,418
1949,1,12,3,oppo_life,user_4,oppo_life,oppo_life: log=14 engine=16,5,3,3,1,3,4,1,1,0,0,1,1,0,ok,369
1950,1,6,2,user_life,oppo_3,user_life,user_life: log=20 engine=17,3,0,2,0,2,0,0,0,2,0,0,0,0,ok,116
1951,1,6,4,oppo_life,user_5,oppo_life,oppo_life: log=13 engine=9,4,3,1,0,4,3,2,0,1,0,2,0,1,ok,102
1952,1,7,3,user_creatures,oppo_4,user_creatures oppo_hand,user_creatures: log_only=[] engine_only=['twitching doll'] ; oppo_hand: log=2 engine=3,5,2,0,0,3,3,1,0,1,1,1,0,2,ok,167
1953,1,10,3,user_lands,user_4,user_lands user_hand,user_lands: log_only=['mountain'] engine_only=[] ; user_hand: log_only=[] engine_only=['bedhead beastie'],4,2,2,0,3,2,1,0,1,0,1,0,1,ok,243
1954,1,5,2,user_life,oppo_3,user_life,user_life: log=14 engine=15,3,1,0,0,2,1,0,0,1,0,0,0,0,ok,132
1955,1,8,2,user_creatures,user_3,user_creatures,user_creatures: log_only=['flesh burrower'] engine_only=[],6,1,3,0,2,1,0,0,1,0,0,0,0,ok,154
1956,1,10,2,user_lands,user_3,user_lands user_hand,user_lands: log_only=['forest'] engine_only=[] ; user_hand: log_only=[] engine_only=['forest'],5,0,1,0,2,0,0,0,2,0,0,0,1,ok,276
1957,1,13,2,user_lands,user_3,user_lands user_creatures user_hand,"user_lands: log_only=['mountain'] engine_only=[] ; user_creatures: log_only=['spineseeker centipede'] engine_only=[] ; user_hand: log_only=['forest'] engine_only=['mountain', 'spineseeker centipede']",8,1,1,0,2,1,0,0,1,0,0,0,2,ok,337
1958,1,11,3,user_lands,user_4,user_lands user_creatures user_hand,"user_lands: log_only=['forest'] engine_only=[] ; user_creatures: log_only=['wary watchdog'] engine_only=['spineseeker centipede'] ; user_hand: log_only=['spineseeker centipede'] engine_only=['forest', 'wary watchdog']",6,1,1,0,3,1,0,0,2,0,0,0,1,ok,496
1959,1,15,2,user_hand,oppo_3,user_hand,user_hand: log_only=['swamp'] engine_only=['spectral snatcher'],7,0,1,0,2,0,0,0,2,0,0,0,0,ok,660
1960,1,6,2,user_creatures,user_3,user_creatures,user_creatures: log_only=['forest'] engine_only=['anthropede'],4,1,3,0,2,1,1,0,1,0,1,0,0,ok,183
1961,1,7,4,user_life,oppo_5,user_life oppo_life oppo_hand,user_life: log=17 engine=19 ; oppo_life: log=19 engine=17 ; oppo_hand: log=2 engine=3,4,4,1,1,5,4,1,0,1,0,1,0,2,ok,161
1962,1,8,5,oppo_life,oppo_6,oppo_life,oppo_life: log=6 engine=4,4,3,0,0,5,4,15,0,2,1,15,0,0,ok,123
1963,1,6,3,user_hand,oppo_4,user_hand,user_hand: log_only=['swamp'] engine_only=['spectral snatcher'],2,1,1,1,4,1,0,0,3,0,0,0,0,ok,85
1964,1,6,3,user_life,user_4,user_life oppo_life user_creatures oppo_hand,user_life: log=22 engine=24 ; oppo_life: log=13 engine=15 ; user_creatures: log_only=['razorkin needlehead'] engine_only=[] ; oppo_hand: log=5 engine=6,4,2,2,0,3,2,1,0,1,0,1,0,0,ok,96
1965,1,10,4,user_lands,user_5,user_lands user_creatures,user_lands: log_only=[] engine_only=['mountain'] ; user_creatures: log_only=['mountain'] engine_only=[],6,2,0,0,4,2,2,0,2,0,2,0,0,ok,311
1966,1,5,4,user_lands,user_5,user_lands user_hand,"user_lands: log_only=['mountain'] engine_only=[] ; user_hand: log_only=[] engine_only=['mountain', 'scorching dragonfire']",3,2,0,0,4,2,1,0,2,0,1,0,1,ok,117
1967,1,8,5,user_creatures,user_6,user_creatures,"user_creatures: log_only=['arabella, abandoned doll', 'norin, swift survivalist'] engine_only=[]",6,3,1,1,5,4,3,0,2,0,3,0,2,ok,200
1968,1,8,2,user_hand,user_3,user_hand,user_hand: log_only=['vicious clown'] engine_only=[],3,1,0,0,2,1,0,0,1,0,0,0,0,ok,171
1969,1,9,4,user_life,oppo_5,user_life,user_life: log=13 engine=16,5,1,1,1,4,2,0,0,3,0,0,0,0,ok,262
1970,1,6,3,oppo_hand,oppo_4,oppo_hand,oppo_hand: log=3 engine=4,3,2,1,0,4,2,1,0,2,0,1,0,2,ok,131
1971,1,8,4,oppo_hand,oppo_5,oppo_hand,oppo_hand: log=3 engine=4,4,3,0,0,4,4,5,0,1,1,5,0,2,ok,237
1972,1,11,4,oppo_hand,oppo_5,oppo_hand,oppo_hand: log=3 engine=4,8,3,2,0,4,3,2,0,1,0,2,0,2,ok,246
1973,1,7,2,oppo_hand,oppo_3,oppo_hand,oppo_hand: log=5 engine=6,5,3,0,0,3,3,1,0,0,0,1,0,1,ok,145
1974,1,8,4,user_creatures,oppo_5,user_creatures user_noncreatures user_hand,"user_creatures: log_only=['patched plaything'] engine_only=[] ; user_noncreatures: log_only=[""shardmage's rescue""] engine_only=[] ; user_hand: log_only=[] engine_only=[""shardmage's rescue""]",4,2,0,0,4,2,0,0,2,0,0,0,0,ok,208
1975,1,7,2,user_hand,user_3,user_hand,user_hand: log_only=['grasping longneck'] engine_only=['insidious fungus'],5,1,1,0,2,1,0,1,1,0,0,1,0,ok,129
1976,1,9,4,user_lands,user_5,user_lands user_hand,user_lands: log_only=['island'] engine_only=[] ; user_hand: log_only=[] engine_only=['daggermaw megalodon'],6,3,2,0,4,3,2,0,1,0,2,0,1,ok,296
1977,1,10,1,user_hand,user_2,user_hand,user_hand: log_only=['wickerfolk thresher'] engine_only=['under the skin'],8,1,1,0,1,1,0,0,0,0,0,0,0,ok,281
1978,1,8,4,user_creatures,user_5,user_creatures user_noncreatures oppo_hand,"user_creatures: log_only=[] engine_only=['niko, light of hope'] ; user_noncreatures: log_only=[] engine_only=['dissection tools'] ; oppo_hand: log=4 engine=5",4,3,0,0,4,3,2,1,1,0,2,1,1,ok,321
1979,1,12,4,user_hand,user_5,user_hand,user_hand: log_only=[] engine_only=['beastie beatdown'],6,2,1,0,4,2,0,1,2,0,0,1,1,ok,331
1980,1,9,1,user_hand,user_2,user_hand,user_hand: log_only=['seized from slumber'] engine_only=['twist reality'],6,0,0,0,1,0,0,0,1,0,0,0,0,ok,353
1981,1,11,4,oppo_life,user_5,oppo_life,oppo_life: log=10 engine=11,6,2,0,0,3,3,3,0,1,1,3,0,0,ok,282
1982,1,12,2,user_lands,user_3,user_lands user_creatures user_hand,user_lands: log_only=['island'] engine_only=[] ; user_creatures: log_only=[] engine_only=['piranha fly'] ; user_hand: log_only=['piranha fly'] engine_only=['terramorphic expanse'],5,1,1,0,2,1,0,0,1,0,0,0,0,ok,264
1983,1,13,7,user_creatures,user_8,user_creatures,user_creatures: log_only=['clockwork percussionist'] engine_only=[],6,2,2,1,3,4,1,0,1,1,1,0,2,ok,457
1984,1,11,2,user_creatures,oppo_3,user_creatures oppo_hand,user_creatures: log_only=[] engine_only=['skullsnap nuisance'] ; oppo_hand: log=4 engine=3,5,1,3,0,2,1,0,0,1,0,0,0,0,ok,331
1985,1,10,2,user_hand,user_3,user_hand,user_hand: log_only=['unidentified hovership'] engine_only=[],5,1,3,0,2,1,0,0,1,0,0,0,0,ok,230
1986,1,11,4,oppo_hand,oppo_5,oppo_hand,oppo_hand: log=4 engine=3,6,3,1,0,4,3,1,0,1,0,1,0,0,ok,222
1987,1,9,3,oppo_hand,oppo_4,oppo_hand,oppo_hand: log=6 engine=5,3,0,2,0,4,0,0,0,4,0,0,0,0,ok,220
1988,1,6,3,oppo_hand,oppo_4,oppo_hand,oppo_hand: log=5 engine=4,3,2,1,0,4,2,0,0,2,0,0,0,1,ok,175
1989,1,10,3,user_creatures,oppo_4,user_creatures,user_creatures: log_only=[] engine_only=['meat locker'],9,2,1,0,3,2,0,0,1,0,0,0,0,ok,615
1990,1,5,2,user_creatures,oppo_3,user_creatures,user_creatures: log_only=['unnerving grasp'] engine_only=['gremlin tamer'],4,2,1,1,3,2,1,0,1,0,1,0,0,ok,95
1991,1,10,1,user_lands,user_2,user_lands user_hand,user_lands: log_only=['strangled cemetery'] engine_only=[] ; user_hand: log_only=[] engine_only=['live or die'],6,1,2,0,1,1,0,0,0,0,0,0,1,ok,266
1992,1,7,2,user_hand,user_3,user_hand,user_hand: log_only=['withering torment'] engine_only=['funeral room'],4,1,0,0,2,1,0,0,1,0,0,0,0,ok,128
1993,1,8,6,user_creatures,oppo_7,user_creatures,user_creatures: log_only=['glimmer'] engine_only=['fear of immobility'],3,3,0,0,5,4,11,0,2,1,11,0,0,ok,126
1994,1,6,3,user_creatures,user_4,user_creatures user_hand,user_creatures: log_only=['twitching doll'] engine_only=[] ; user_hand: log_only=[] engine_only=['twitching doll'],5,2,2,0,3,2,1,0,1,0,1,0,1,ok,161
1995,1,12,3,user_life,oppo_4,user_life,user_life: log=18 engine=20,7,2,1,0,3,2,0,0,1,0,0,0,2,ok,334
1996,1,10,2,user_creatures,user_3,user_creatures user_hand,user_creatures: log_only=['island'] engine_only=['forest'] ; user_hand: log_only=['forest'] engine_only=['floodpits drowner'],5,1,1,0,2,1,0,0,1,0,0,0,0,ok,249
1997,1,9,4,oppo_hand,oppo_5,oppo_hand,oppo_hand: log=3 engine=4,4,3,4,0,5,4,3,0,2,0,3,0,1,ok,252
1998,1,7,2,user_creatures,user_3,user_creatures user_hand,user_creatures: log_only=['cryptid inspector'] engine_only=['forest'] ; user_hand: log_only=['forest'] engine_only=['island'],5,1,1,0,2,1,0,0,1,0,0,0,0,ok,185
1999,1,8,3,user_hand,user_4,user_hand,user_hand: log_only=['bedhead beastie'] engine_only=['glimmerlight'],5,2,2,0,3,2,0,0,1,0,0,0,0,ok,151
