game,covered,turns_logged,turns_matched,first_mismatch_field,first_mismatch_side_turn,mismatch_fields,mismatch_detail,ambiguous_order_turns,ambiguous_order_turns_matched,targeted_spells,targeted_spells_matched,labels_land,labels_spell,labels_attack,labels_block,unamb_land,unamb_spell,unamb_attack,unamb_block,forced_fails_before_mismatch,engine_status,ms
0,1,6,3,oppo_life,user_4,oppo_life user_creatures,oppo_life: log=8 engine=5 ; user_creatures: log_only=['ripchain razorkin'] engine_only=['wildfire wickerfolk'],4,2,1,0,3,2,4,0,1,0,4,0,0,ok,1079
1,1,6,2,user_life,oppo_3,user_life,user_life: log=17 engine=16,2,1,1,0,2,1,0,0,1,0,0,0,0,ok,470
2,1,9,4,oppo_life,user_5,oppo_life user_lands user_creatures user_noncreatures user_hand,oppo_life: log=15 engine=20 ; user_lands: log_only=['forest'] engine_only=[] ; user_creatures: log_only=['hedge shredder'] engine_only=[] ; user_noncreatures: log_only=[] engine_only=['hedge shredder'] ; user_hand: log_only=[] engine_only=['forest'],5,2,2,1,4,3,0,1,2,0,0,1,1,ok,605
3,1,9,1,oppo_hand,oppo_2,oppo_hand,oppo_hand: log=6 engine=5,6,0,1,0,1,0,0,0,1,0,0,0,0,ok,638
4,1,8,2,oppo_hand,oppo_3,oppo_hand,oppo_hand: log=4 engine=5,6,1,0,0,2,1,0,0,1,0,0,0,1,ok,376
5,1,9,1,oppo_hand,user_2,oppo_hand,oppo_hand: log=6 engine=5,5,0,3,0,1,0,0,0,1,0,0,0,0,ok,614
6,1,12,3,user_creatures,user_4,user_creatures user_hand,user_creatures: log_only=['unnerving grasp'] engine_only=[] ; user_hand: log_only=['island'] engine_only=['spineseeker centipede'],9,2,1,0,3,2,0,0,1,0,0,0,1,ok,1409
7,1,7,3,user_creatures,oppo_4,user_creatures,user_creatures: log_only=['stalked researcher'] engine_only=['paranormal analyst'],4,2,0,0,3,3,2,0,1,1,2,0,0,ok,287
8,1,7,4,user_life,oppo_5,user_life oppo_hand,user_life: log=16 engine=17 ; oppo_hand: log=2 engine=3,2,2,1,1,2,4,1,0,0,2,1,0,2,ok,289
9,1,7,4,oppo_life,user_5,oppo_life user_lands user_creatures user_hand,"oppo_life: log=12 engine=16 ; user_lands: log_only=['swamp'] engine_only=[] ; user_creatures: log_only=['swamp'] engine_only=[] ; user_hand: log_only=[""winter's intervention""] engine_only=['mountain']",5,3,3,1,4,3,1,0,1,0,1,0,4,ok,284
10,1,7,1,user_hand,user_2,user_hand,user_hand: log_only=['fear of burning alive'] engine_only=['mountain'],6,1,0,0,1,1,0,0,0,0,0,0,0,ok,489
11,1,14,3,user_creatures,user_4,user_creatures,user_creatures: log_only=[] engine_only=['floodpits drowner'],6,0,5,1,3,1,0,0,3,0,0,0,0,ok,739
12,1,9,5,oppo_life,user_6,oppo_life,oppo_life: log=13 engine=14,7,4,1,0,5,4,2,1,1,0,2,1,1,ok,614
13,1,11,1,user_hand,oppo_2,user_hand,user_hand: log_only=['island'] engine_only=['daggermaw megalodon'],7,0,3,0,2,0,0,0,2,0,0,0,0,ok,550
14,1,13,3,user_life,oppo_4,user_life oppo_life,user_life: log=16 engine=17 ; oppo_life: log=24 engine=20,9,2,4,0,4,2,0,0,2,0,0,0,0,ok,621
15,1,10,3,user_hand,user_4,user_hand,user_hand: log_only=['cautious survivor'] engine_only=['plains'],5,2,2,0,3,2,0,1,1,0,0,1,1,ok,520
16,1,9,5,user_lands,user_6,user_lands user_hand,user_lands: log_only=['mountain'] engine_only=[] ; user_hand: log_only=[] engine_only=['mountain'],7,4,2,1,5,5,4,0,1,0,4,0,1,ok,284
17,1,19,3,oppo_life,user_4,oppo_life,oppo_life: log=18 engine=16,6,2,2,0,3,2,0,0,1,0,0,0,1,ok,708
18,1,8,2,user_lands,user_3,user_lands user_hand,user_lands: log_only=['forest'] engine_only=[] ; user_hand: log_only=[] engine_only=['slavering branchsnapper'],6,1,0,0,2,1,0,0,1,0,0,0,1,ok,340
19,1,11,6,user_noncreatures,user_7,user_noncreatures,user_noncreatures: log_only=['unable to scream'] engine_only=[],8,4,2,1,6,4,2,0,2,0,2,0,0,ok,582
20,1,5,3,oppo_life,user_4,oppo_life user_creatures,oppo_life: log=15 engine=16 ; user_creatures: log_only=['wildfire wickerfolk'] engine_only=[],5,3,2,0,3,3,3,0,0,0,3,0,1,ok,139
21,1,9,1,user_hand,user_2,user_hand,user_hand: log_only=['ticket booth'] engine_only=['island'],7,0,2,0,1,0,0,0,1,0,0,0,0,ok,376
22,1,6,2,user_lands,oppo_3,user_lands user_creatures,user_lands: log_only=['forest'] engine_only=[] ; user_creatures: log_only=[] engine_only=['lakeside shack'],3,2,0,0,3,2,3,0,1,0,3,0,0,ok,209
23,1,8,3,user_life,user_4,user_life oppo_life user_creatures user_noncreatures user_hand,user_life: log=21 engine=20 ; oppo_life: log=16 engine=17 ; user_creatures: log_only=['horror'] engine_only=[] ; user_noncreatures: log_only=[] engine_only=['treasure'] ; user_hand: log_only=['piggy bank'] engine_only=[],5,2,0,0,3,2,1,0,1,0,1,0,0,ok,424
24,1,8,2,user_life,oppo_3,user_life,user_life: log=18 engine=20,5,2,2,0,3,2,0,0,1,0,0,0,0,ok,363
25,1,9,3,user_creatures,user_4,user_creatures user_hand,user_creatures: log_only=['wary watchdog'] engine_only=[] ; user_hand: log_only=[] engine_only=['wary watchdog'],7,2,2,0,3,2,0,1,1,0,0,1,1,ok,423
26,1,10,5,user_creatures,user_6,user_creatures user_hand,user_creatures: log_only=['clockwork percussionist'] engine_only=[] ; user_hand: log_only=[] engine_only=['frantic strength'],6,3,5,1,4,4,2,0,1,0,2,0,1,ok,403
27,1,9,2,user_creatures,user_3,user_creatures user_noncreatures oppo_hand,"user_creatures: log_only=[] engine_only=[""killer's mask""] ; user_noncreatures: log_only=[] engine_only=[""killer's mask""] ; oppo_hand: log=6 engine=7",6,1,2,0,2,1,0,0,1,0,0,0,1,ok,316
28,1,10,3,user_life,user_4,user_life oppo_life,user_life: log=24 engine=23 ; oppo_life: log=13 engine=14,7,2,1,0,3,2,0,0,1,0,0,0,0,ok,367
29,1,9,3,oppo_life,user_4,oppo_life,oppo_life: log=15 engine=16,6,2,2,0,3,2,0,0,1,0,0,0,0,ok,474
30,1,5,2,user_creatures,user_3,user_creatures user_hand,user_creatures: log_only=['island'] engine_only=['underwater tunnel'] ; user_hand: log_only=['mountain'] engine_only=['terramorphic expanse'],3,0,0,0,2,0,0,0,2,0,0,0,0,ok,114
31,1,7,3,user_life,oppo_4,user_life,user_life: log=14 engine=16,3,1,1,0,3,1,0,0,2,0,0,0,0,ok,234
32,1,8,2,user_creatures,user_3,user_creatures,user_creatures: log_only=['plains'] engine_only=['flesh burrower'],5,1,1,0,2,1,0,0,1,0,0,0,0,ok,255
33,1,7,2,user_life,oppo_3,user_life,user_life: log=18 engine=19,5,2,1,0,2,2,0,0,0,0,0,0,0,ok,246
34,1,7,3,oppo_life,user_4,oppo_life,oppo_life: log=16 engine=18,4,2,0,0,3,2,1,0,1,0,1,0,1,ok,110
35,1,8,1,user_hand,oppo_2,user_hand,user_hand: log_only=['forest'] engine_only=['slavering branchsnapper'],5,0,1,0,2,0,0,0,2,0,0,0,0,ok,329
36,1,9,3,user_creatures,user_4,user_creatures,user_creatures: log_only=['manifest dread'] engine_only=[],5,2,5,1,3,2,0,0,1,0,0,0,0,ok,229
37,1,13,4,user_lands,user_5,user_lands user_noncreatures user_hand,user_lands: log_only=['island'] engine_only=[] ; user_noncreatures: log_only=['unable to scream'] engine_only=[] ; user_hand: log_only=['glimmerlight'] engine_only=['island'],6,3,3,1,4,3,1,0,1,0,1,0,2,ok,650
38,1,7,3,user_creatures,user_4,user_creatures,user_creatures: log_only=['forest'] engine_only=['midnight mayhem'],4,2,1,0,3,2,0,1,1,0,0,1,0,ok,162
39,1,7,3,user_life,oppo_4,user_life,user_life: log=16 engine=19,4,3,0,0,4,3,1,0,1,0,1,0,0,ok,341
40,1,13,4,user_life,oppo_5,user_life user_noncreatures,user_life: log=17 engine=19 ; user_noncreatures: log_only=['unable to scream'] engine_only=[],9,4,5,2,5,4,1,0,1,0,1,0,1,ok,564
41,1,11,1,user_creatures,oppo_2,user_creatures,user_creatures: log_only=['forest'] engine_only=['wary watchdog'],7,2,0,0,2,2,1,0,0,0,1,0,0,ok,538
42,1,6,4,oppo_life,user_5,oppo_life user_creatures,oppo_life: log=14 engine=15 ; user_creatures: log_only=['gremlin'] engine_only=[],4,3,1,0,4,4,1,1,1,0,1,1,0,ok,136
43,1,11,4,user_creatures,oppo_5,user_creatures,user_creatures: log_only=[] engine_only=['ragged playmate'],7,4,2,0,4,4,2,0,0,0,2,0,0,ok,332
44,1,10,3,user_creatures,oppo_4,user_creatures,user_creatures: log_only=[] engine_only=['diversion specialist'],7,3,0,0,4,3,1,0,1,0,1,0,0,ok,282
45,1,9,5,oppo_life,user_6,oppo_life,oppo_life: log=17 engine=18,4,2,3,1,5,3,0,0,3,0,0,0,0,ok,304
46,1,7,3,user_noncreatures,user_4,user_noncreatures,user_noncreatures: log_only=['glassworks'] engine_only=[],6,3,3,0,3,3,5,0,0,0,5,0,0,ok,181
47,1,9,5,user_creatures,user_6,user_creatures user_noncreatures,user_creatures: log_only=['terramorphic expanse'] engine_only=[] ; user_noncreatures: log_only=[] engine_only=['ticket booth'],7,4,0,0,5,5,1,0,1,0,1,0,1,ok,366
48,1,7,3,oppo_life,user_4,oppo_life,oppo_life: log=17 engine=18,5,2,1,0,3,2,1,0,1,0,1,0,0,ok,231
49,1,9,1,oppo_life,user_2,oppo_life user_creatures,oppo_life: log=20 engine=18 ; user_creatures: log_only=[] engine_only=['undead sprinter'],5,0,0,0,1,0,0,0,1,0,0,0,1,ok,360
50,1,14,1,user_life,oppo_2,user_life,user_life: log=18 engine=19,6,0,2,0,2,0,0,0,2,0,0,0,0,ok,364
51,1,8,3,oppo_life,user_4,oppo_life user_creatures,oppo_life: log=15 engine=16 ; user_creatures: log_only=[] engine_only=['patched plaything'],3,1,0,0,3,1,1,0,2,0,1,0,0,ok,195
52,1,6,1,user_lands,oppo_2,user_lands user_creatures,user_lands: log_only=['forest'] engine_only=[] ; user_creatures: log_only=[] engine_only=['insidious fungus'],4,1,1,0,2,1,1,0,1,0,1,0,0,ok,110
53,1,8,3,user_creatures,user_4,user_creatures,user_creatures: log_only=['spineseeker centipede'] engine_only=[],5,2,2,1,3,3,1,0,1,0,1,0,0,ok,254
54,1,5,3,user_creatures,user_4,user_creatures,user_creatures: log_only=[] engine_only=['glimmer'],3,2,0,0,3,3,1,0,1,0,1,0,1,ok,158
55,1,11,3,user_hand,user_4,user_hand,user_hand: log_only=['plains'] engine_only=[],8,3,0,0,3,3,2,0,0,0,2,0,0,ok,345
56,1,6,2,user_hand,user_3,user_hand,user_hand: log_only=['forest'] engine_only=[],4,1,0,0,2,1,0,0,1,0,0,0,0,ok,169
57,1,8,4,oppo_life,user_5,oppo_life user_creatures,oppo_life: log=13 engine=11 ; user_creatures: log_only=[] engine_only=['fear of surveillance'],4,3,1,0,4,4,2,1,1,0,2,1,1,ok,190
58,1,11,4,user_creatures,user_5,user_creatures,"user_creatures: log_only=['norin, swift survivalist'] engine_only=[]",9,4,0,0,4,5,5,0,0,0,5,0,1,ok,513
59,1,11,4,user_creatures,user_5,user_creatures,user_creatures: log_only=[] engine_only=['razorkin hordecaller'],5,2,2,0,4,2,0,1,2,0,0,1,0,ok,196
60,1,12,1,user_hand,oppo_2,user_hand,user_hand: log_only=['swamp'] engine_only=['spectral snatcher'],6,0,5,0,2,0,0,0,2,0,0,0,0,ok,381
61,1,11,3,oppo_hand,oppo_4,oppo_hand,oppo_hand: log=2 engine=3,7,2,3,0,4,2,0,0,2,0,0,0,2,ok,255
62,1,10,3,user_life,oppo_4,user_life,user_life: log=12 engine=10,6,1,1,0,3,1,0,0,2,0,0,0,0,ok,249
63,1,13,8,user_creatures,user_9,user_creatures,user_creatures: log_only=['tunnel surveyor'] engine_only=[],7,4,6,2,8,4,2,0,4,0,2,0,0,ok,352
64,1,8,4,user_life,user_5,user_life oppo_life user_creatures,"user_life: log=16 engine=17 ; oppo_life: log=9 engine=6 ; user_creatures: log_only=[] engine_only=['glimmer', 'glimmer seeker']",4,3,2,1,4,5,2,0,1,0,2,0,1,ok,223
65,1,11,2,user_creatures,oppo_3,user_creatures,user_creatures: log_only=[] engine_only=['glimmer'],6,2,1,0,2,2,0,0,0,0,0,0,0,ok,329
66,1,9,3,user_hand,user_4,user_hand,user_hand: log_only=['spineseeker centipede'] engine_only=['patchwork beastie'],5,1,2,0,3,1,0,1,2,0,0,1,0,ok,249
67,1,11,5,user_lands,user_6,user_lands user_creatures,user_lands: log_only=[] engine_only=['forest'] ; user_creatures: log_only=['forest'] engine_only=[],5,2,3,1,4,4,0,1,2,1,0,1,0,ok,447
68,1,10,2,user_hand,user_3,user_hand,user_hand: log_only=['terramorphic expanse'] engine_only=['glassworks'],5,1,1,0,2,1,0,0,1,0,0,0,0,ok,210
69,1,9,3,user_creatures,oppo_4,user_creatures user_hand,user_creatures: log_only=['appendage amalgam'] engine_only=[] ; user_hand: log_only=[] engine_only=['appendage amalgam'],6,1,5,0,3,1,1,0,2,0,1,0,0,ok,216
70,1,8,3,user_creatures,user_4,user_creatures user_hand oppo_hand,user_creatures: log_only=['paranormal analyst'] engine_only=[] ; user_hand: log_only=[] engine_only=['unnerving grasp'] ; oppo_hand: log=7 engine=6,2,1,0,0,2,2,0,0,1,1,0,0,1,ok,224
71,1,9,3,user_life,oppo_4,user_life oppo_life user_creatures user_hand,"user_life: log=13 engine=15 ; oppo_life: log=21 engine=20 ; user_creatures: log_only=[] engine_only=['living phone'] ; user_hand: log_only=['arabella, abandoned doll'] engine_only=[]",5,3,0,0,3,3,0,0,0,0,0,0,1,ok,235
72,1,7,2,user_creatures,user_3,user_creatures oppo_hand,user_creatures: log_only=[] engine_only=['glimmer seeker'] ; oppo_hand: log=6 engine=7,4,1,1,0,2,1,0,0,1,0,0,0,1,ok,119
73,1,8,3,user_hand,user_4,user_hand,user_hand: log_only=['ripchain razorkin'] engine_only=['forest'],6,3,1,0,3,3,2,1,0,0,2,1,0,ok,225
74,1,8,3,oppo_life,oppo_4,oppo_life oppo_hand,oppo_life: log=16 engine=17 ; oppo_hand: log=3 engine=4,6,3,2,0,4,3,5,0,1,0,5,0,1,ok,224
75,1,12,2,oppo_hand,oppo_3,oppo_hand,oppo_hand: log=5 engine=4,7,2,4,0,2,2,1,0,0,0,1,0,0,ok,340
76,1,7,2,user_life,oppo_3,user_life,user_life: log=18 engine=20,6,3,1,0,3,3,4,0,0,0,4,0,0,ok,192
77,1,10,4,oppo_life,user_5,oppo_life,oppo_life: log=17 engine=18,6,2,2,1,3,4,1,0,1,0,1,0,0,ok,270
78,1,8,4,user_life,oppo_5,user_life oppo_hand,user_life: log=15 engine=17 ; oppo_hand: log=2 engine=3,5,4,1,0,5,5,3,1,1,0,3,1,4,ok,306
79,1,12,4,oppo_hand,oppo_5,oppo_hand,oppo_hand: log=3 engine=4,6,3,0,0,5,4,3,0,2,0,3,0,1,ok,323
80,1,9,2,user_creatures,oppo_3,user_creatures,user_creatures: log_only=[] engine_only=['hardened escort'],7,3,2,0,3,3,2,0,0,0,2,0,0,ok,248
81,1,7,4,user_creatures,user_5,user_creatures,user_creatures: log_only=['house cartographer'] engine_only=[],5,3,0,0,4,3,0,0,1,0,0,0,0,ok,188
82,1,2,1,user_hand,user_2,user_hand,user_hand: log_only=[] engine_only=['grand entryway'],1,1,0,0,1,1,0,0,0,0,0,0,0,ok,35
83,1,9,3,oppo_life,user_4,oppo_life,oppo_life: log=9 engine=10,7,3,1,0,3,3,6,0,0,0,6,0,1,ok,249
84,1,10,1,user_hand,user_2,user_hand,user_hand: log_only=['bashful beastie'] engine_only=['stalked researcher'],8,1,2,0,1,1,0,0,0,0,0,0,0,ok,235
85,1,12,2,user_creatures,oppo_3,user_creatures user_hand,user_creatures: log_only=['floodpits drowner'] engine_only=[] ; user_hand: log_only=[] engine_only=['floodpits drowner'],5,0,4,0,2,0,0,0,2,0,0,0,0,ok,439
86,1,10,2,oppo_life,oppo_3,oppo_life,oppo_life: log=19 engine=18,8,2,2,0,2,2,1,0,0,0,1,0,0,ok,241
87,1,9,3,user_noncreatures,user_4,user_noncreatures oppo_hand,user_noncreatures: log_only=['ticket booth'] engine_only=[] ; oppo_hand: log=4 engine=5,6,3,3,0,3,3,3,0,0,0,3,0,0,ok,270
88,1,11,3,user_creatures,user_4,user_creatures,user_creatures: log_only=['mountain'] engine_only=['island'],4,1,4,1,2,2,0,0,1,0,0,0,0,ok,291
89,1,9,2,user_hand,oppo_3,user_hand,"user_hand: log_only=[] engine_only=[""don't make a sound""]",5,0,2,0,2,0,0,0,2,0,0,0,1,ok,243
90,1,10,3,user_creatures,oppo_4,user_creatures,user_creatures: log_only=[] engine_only=['vicious clown'],7,4,0,0,4,4,4,0,0,0,4,0,0,ok,308
91,1,8,5,user_creatures,user_6,user_creatures,user_creatures: log_only=['spirit'] engine_only=[],2,1,3,1,3,3,0,0,2,1,0,0,0,ok,291
92,1,10,2,oppo_hand,oppo_3,oppo_hand,oppo_hand: log=4 engine=5,8,2,2,0,3,2,1,0,1,0,1,0,2,ok,327
93,1,19,6,user_hand,user_7,user_hand,"user_hand: log_only=['trial of agony'] engine_only=['arabella, abandoned doll']",9,1,2,0,3,4,1,0,2,3,1,0,0,ok,776
94,1,6,2,oppo_hand,oppo_3,oppo_hand,oppo_hand: log=4 engine=5,4,1,2,0,2,2,0,0,1,1,0,0,1,ok,119
95,1,8,3,user_hand,user_4,user_hand,user_hand: log_only=['swamp'] engine_only=['vile mutilator'],6,2,1,0,3,2,2,0,1,0,2,0,0,ok,158
96,1,9,5,user_life,user_6,user_life oppo_life user_noncreatures user_hand,user_life: log=15 engine=11 ; oppo_life: log=13 engine=15 ; user_noncreatures: log_only=['sheltered by ghosts'] engine_only=[] ; user_hand: log_only=[] engine_only=['sheltered by ghosts'],5,3,1,0,4,4,1,0,1,1,1,0,3,ok,270
97,1,11,5,oppo_life,user_6,oppo_life,oppo_life: log=14 engine=15,6,3,3,1,5,4,4,3,2,0,4,3,0,ok,264
98,1,11,2,user_creatures,oppo_3,user_creatures user_hand,user_creatures: log_only=['floodpits drowner'] engine_only=[] ; user_hand: log_only=[] engine_only=['floodpits drowner'],7,1,0,0,2,1,0,0,1,0,0,0,0,ok,587
99,1,8,3,oppo_life,user_4,oppo_life user_creatures,oppo_life: log=19 engine=18 ; user_creatures: log_only=[] engine_only=['most valuable slayer'],4,2,0,0,3,2,0,1,1,0,0,1,0,ok,216
100,1,8,1,oppo_life,user_2,oppo_life user_hand,oppo_life: log=17 engine=20 ; user_hand: log_only=['overlord of the boilerbilges'] engine_only=['forest'],7,1,1,0,1,1,0,0,0,0,0,0,0,ok,1292
101,1,9,4,user_life,oppo_5,user_life user_creatures,user_life: log=16 engine=13 ; user_creatures: log_only=[] engine_only=['demon'],5,3,2,1,4,3,0,0,1,0,0,0,1,ok,745
102,1,11,2,user_hand,oppo_3,user_hand,user_hand: log_only=['island'] engine_only=['daggermaw megalodon'],6,2,1,1,3,2,1,0,1,0,1,0,0,ok,844
103,1,13,1,user_hand,user_2,user_hand,user_hand: log_only=['under the skin'] engine_only=['sporogenic infection'],6,0,0,0,1,0,0,0,1,0,0,0,0,ok,929
104,1,9,4,user_lands,user_5,user_lands user_hand,user_lands: log_only=['island'] engine_only=[] ; user_hand: log_only=[] engine_only=['daggermaw megalodon'],6,3,2,0,4,3,1,2,1,0,1,2,1,ok,412
105,1,9,1,user_creatures,user_2,user_creatures,user_creatures: log_only=['veteran survivor'] engine_only=[],6,1,1,0,1,1,1,0,0,0,1,0,1,ok,517
106,1,9,4,oppo_life,user_5,oppo_life,oppo_life: log=16 engine=20,6,3,2,1,4,3,0,1,1,0,0,1,1,ok,413
107,1,7,4,user_life,oppo_5,user_life,user_life: log=11 engine=13,6,4,1,1,4,5,0,1,0,0,0,1,1,ok,268
108,1,11,2,user_creatures,user_3,user_creatures,user_creatures: log_only=['mountain'] engine_only=['grand entryway'],4,1,1,0,2,1,0,0,1,0,0,0,0,ok,787
109,1,9,3,user_life,oppo_4,user_life oppo_hand,user_life: log=13 engine=16 ; oppo_hand: log=3 engine=4,4,2,2,0,4,2,0,0,2,0,0,0,1,ok,502
110,1,8,3,oppo_life,user_4,oppo_life user_creatures user_noncreatures,oppo_life: log=14 engine=16 ; user_creatures: log_only=['piggy bank'] engine_only=['glimmer'] ; user_noncreatures: log_only=[] engine_only=['treasure'],4,2,0,0,3,2,1,0,1,0,1,0,0,ok,229
111,1,9,2,oppo_life,user_3,oppo_life,oppo_life: log=17 engine=18,6,1,1,0,2,1,1,0,1,0,1,0,0,ok,315
112,1,11,3,user_lands,user_4,user_lands user_hand,user_lands: log_only=['mountain'] engine_only=[] ; user_hand: log_only=[] engine_only=['say its name'],7,2,2,0,3,2,0,0,1,0,0,0,2,ok,366
113,1,7,6,user_life,oppo_7,user_life oppo_hand,user_life: log=20 engine=10 ; oppo_hand: log=2 engine=3,5,5,1,1,7,5,1,0,2,0,1,0,3,ok,318
114,1,8,0,user_lands,user_1,user_lands user_noncreatures user_hand,user_lands: log_only=['island'] engine_only=[] ; user_noncreatures: log_only=['underwater tunnel'] engine_only=[] ; user_hand: log_only=[] engine_only=['underwater tunnel'],6,0,0,0,0,0,0,0,0,0,0,0,2,ok,650
115,1,9,3,user_hand,oppo_4,user_hand oppo_hand,"user_hand: log_only=['fear of isolation', 'plains'] engine_only=['inquisitive glimmer', 'trapped in the screen'] ; oppo_hand: log=5 engine=4",5,1,0,0,4,1,0,0,3,0,0,0,0,ok,288
116,1,11,3,user_life,oppo_4,user_life,user_life: log=16 engine=19,5,3,1,0,3,3,2,0,0,0,2,0,0,ok,491
117,1,11,2,user_life,user_3,user_life user_creatures,user_life: log=19 engine=18 ; user_creatures: log_only=[] engine_only=['fear of surveillance'],6,1,2,0,2,1,0,0,1,0,0,0,0,ok,523
118,1,7,3,user_creatures,user_4,user_creatures user_noncreatures,"user_creatures: log_only=['norin, swift survivalist'] engine_only=[] ; user_noncreatures: log_only=['cracked skull', 'treasure'] engine_only=[]",6,3,2,0,3,3,4,0,0,0,4,0,1,ok,201
119,1,5,1,user_life,oppo_2,user_life,user_life: log=18 engine=19,1,0,2,0,1,0,0,0,1,0,0,0,0,ok,127
120,1,9,2,oppo_hand,user_3,oppo_hand,oppo_hand: log=7 engine=6,3,0,3,0,2,0,0,0,2,0,0,0,0,ok,376
121,1,7,1,user_life,oppo_2,user_life oppo_hand,user_life: log=19 engine=17 ; oppo_hand: log=5 engine=6,5,1,1,0,2,1,0,0,1,0,0,0,0,ok,324
122,1,5,5,,,,,4,4,2,2,5,5,5,0,1,0,5,0,0,ok,118
123,1,7,5,user_creatures,user_6,user_creatures user_hand,user_creatures: log_only=['island'] engine_only=['glimmerburst'] ; user_hand: log_only=['unable to scream'] engine_only=['say its name'],6,4,2,1,5,5,2,0,1,0,2,0,0,ok,287
124,1,10,2,user_hand,oppo_3,user_hand oppo_hand,"user_hand: log_only=[] engine_only=[""don't make a sound""] ; oppo_hand: log=4 engine=5",4,0,1,0,2,0,0,0,2,0,0,0,2,ok,418
125,1,8,4,user_life,user_5,user_life user_creatures,user_life: log=22 engine=20 ; user_creatures: log_only=[] engine_only=['grasping longneck'],4,3,0,0,4,3,2,0,1,0,2,0,0,ok,173
126,1,9,5,user_life,user_6,user_life oppo_life,user_life: log=17 engine=14 ; oppo_life: log=17 engine=18,4,2,4,1,5,3,0,0,3,0,0,0,0,ok,486
127,1,12,3,user_creatures,user_4,user_creatures,user_creatures: log_only=['moldering gym'] engine_only=[],8,3,2,0,3,3,1,0,0,0,1,0,0,ok,541
128,1,11,1,user_creatures,user_2,user_creatures user_noncreatures oppo_hand,user_creatures: log_only=[] engine_only=['glimmer'] ; user_noncreatures: log_only=[] engine_only=['grand entryway'] ; oppo_hand: log=5 engine=6,6,0,1,0,1,0,0,0,1,0,0,0,1,ok,350
129,1,6,2,user_creatures,user_3,user_creatures oppo_hand,"user_creatures: log_only=[] engine_only=['beast', 'toby, beastie befriender'] ; oppo_hand: log=6 engine=7",3,1,1,0,2,1,0,0,1,0,0,0,1,ok,302
130,1,10,1,user_hand,user_2,user_hand,user_hand: log_only=['forest'] engine_only=[],7,0,0,0,1,0,0,0,1,0,0,0,0,ok,380
131,1,9,4,user_creatures,oppo_5,user_creatures oppo_hand,user_creatures: log_only=[] engine_only=['scrabbling skullcrab'] ; oppo_hand: log=2 engine=3,6,4,2,1,5,4,0,0,1,0,0,0,2,ok,313
132,1,17,3,user_hand,user_4,user_hand,user_hand: log_only=['glimmerlight'] engine_only=['plains'],4,1,5,1,3,2,0,0,2,0,0,0,0,ok,613
133,1,8,6,user_life,oppo_7,user_life user_creatures,"user_life: log=5 engine=2 ; user_creatures: log_only=['the swarmweaver'] engine_only=['insect', 'insect']",1,1,1,1,4,4,2,1,3,2,2,1,1,ok,264
134,1,8,1,user_hand,user_2,user_hand,user_hand: log_only=['final vengeance'] engine_only=['coordinated clobbering'],3,1,2,0,1,1,0,0,0,0,0,0,0,ok,220
135,1,10,2,user_hand,user_3,user_hand,user_hand: log_only=['strangled cemetery'] engine_only=['bashful beastie'],6,2,3,0,2,2,1,0,0,0,1,0,0,ok,311
136,1,11,4,oppo_hand,oppo_5,oppo_hand,oppo_hand: log=2 engine=3,6,3,4,2,4,4,0,0,1,0,0,0,2,ok,375
137,1,6,5,user_lands,user_6,user_lands user_noncreatures user_hand oppo_hand,"user_lands: log_only=['mountain'] engine_only=[] ; user_noncreatures: log_only=[""painter's studio""] engine_only=[] ; user_hand: log_only=[] engine_only=[""painter's studio""] ; oppo_hand: log=4 engine=0",5,4,0,0,5,4,6,0,1,0,6,0,2,ok,101
138,1,13,4,oppo_life,oppo_5,oppo_life user_creatures oppo_hand,oppo_life: log=28 engine=24 ; user_creatures: log_only=[] engine_only=['skullsnap nuisance'] ; oppo_hand: log=3 engine=4,5,2,0,0,4,2,0,1,2,0,0,1,2,ok,291
139,1,9,1,user_hand,oppo_2,user_hand,user_hand: log_only=['swamp'] engine_only=['spectral snatcher'],5,0,1,0,2,0,0,0,2,0,0,0,0,ok,297
140,1,10,2,user_creatures,user_3,user_creatures user_hand,user_creatures: log_only=['cautious survivor'] engine_only=[] ; user_hand: log_only=[] engine_only=['cautious survivor'],5,1,2,0,2,1,0,0,1,0,0,0,1,ok,393
141,1,11,3,user_life,oppo_4,user_life user_creatures,user_life: log=9 engine=12 ; user_creatures: log_only=[] engine_only=['tunnel surveyor'],7,1,2,0,3,1,0,0,2,0,0,0,0,ok,604
142,1,7,1,user_hand,oppo_2,user_hand,user_hand: log_only=['forest'] engine_only=['slavering branchsnapper'],5,1,4,0,2,1,0,0,1,0,0,0,0,ok,306
143,1,14,5,user_creatures,user_6,user_creatures user_hand,"user_creatures: log_only=['fear of lost teeth'] engine_only=[] ; user_hand: log_only=['rite of the moth'] engine_only=['fear of lost teeth', 'swamp']",11,5,4,1,5,5,3,1,0,0,3,1,3,ok,710
144,1,11,4,user_life,oppo_5,user_life user_creatures user_noncreatures,user_life: log=15 engine=17 ; user_creatures: log_only=['hedge shredder'] engine_only=[] ; user_noncreatures: log_only=[] engine_only=['hedge shredder'],5,2,0,0,5,2,0,0,3,0,0,0,2,ok,470
145,1,12,2,user_life,oppo_3,user_life user_creatures,user_life: log=20 engine=18 ; user_creatures: log_only=[] engine_only=['impossible inferno'],5,2,2,0,3,2,0,0,1,0,0,0,1,ok,378
146,1,10,3,user_life,oppo_4,user_life,user_life: log=14 engine=17,6,2,1,0,3,2,0,1,1,0,0,1,1,ok,408
147,1,12,2,user_life,oppo_3,user_life,user_life: log=18 engine=19,7,1,2,0,3,1,0,0,2,0,0,0,0,ok,830
148,1,12,3,oppo_life,user_4,oppo_life,oppo_life: log=18 engine=20,7,1,1,0,3,1,0,0,2,0,0,0,1,ok,259
149,1,10,4,user_creatures,oppo_5,user_creatures user_hand,"user_creatures: log_only=[] engine_only=['glimmer'] ; user_hand: log_only=['erratic apparition', 'glimmerlight'] engine_only=['island', 'sheltered by ghosts']",4,2,3,1,4,2,0,0,2,0,0,0,3,ok,434
150,1,13,4,user_hand,user_5,user_hand,user_hand: log_only=['the mindskinner'] engine_only=['house cartographer'],7,3,2,1,4,3,2,0,1,0,2,0,0,ok,358
151,1,16,3,user_creatures,user_4,user_creatures,user_creatures: log_only=['friendly teddy'] engine_only=['reluctant role model'],6,1,3,0,2,2,1,0,1,1,1,0,1,ok,505
152,1,12,2,oppo_hand,oppo_3,oppo_hand,oppo_hand: log=4 engine=5,8,1,3,0,3,1,0,0,2,0,0,0,1,ok,429
153,1,10,3,user_creatures,user_4,user_creatures,user_creatures: log_only=['spineseeker centipede'] engine_only=['resurrected cultist'],5,1,1,0,3,1,0,0,2,0,0,0,0,ok,334
154,1,10,3,user_life,user_4,user_life oppo_life,user_life: log=11 engine=12 ; oppo_life: log=23 engine=22,6,2,2,0,3,2,0,0,1,0,0,0,0,ok,338
155,1,11,1,user_hand,user_2,user_hand,user_hand: log_only=['meat locker'] engine_only=['bashful beastie'],8,0,1,0,1,0,0,0,1,0,0,0,0,ok,431
156,1,9,2,user_creatures,oppo_3,user_creatures,user_creatures: log_only=['inquisitive glimmer'] engine_only=[],6,2,3,0,3,2,1,0,1,0,1,0,0,ok,346
157,1,9,1,user_hand,user_2,user_hand,user_hand: log_only=['grasping longneck'] engine_only=['fear of burning alive'],5,0,1,0,1,0,0,0,1,0,0,0,0,ok,232
158,1,13,2,user_creatures,oppo_3,user_creatures user_noncreatures,"user_creatures: log_only=['acrobatic cheerleader'] engine_only=[] ; user_noncreatures: log_only=[] engine_only=[""dollmaker's shop""]",7,2,1,0,3,3,0,0,1,0,0,0,0,ok,416
159,1,7,2,user_noncreatures,oppo_3,user_noncreatures user_hand oppo_hand,user_noncreatures: log_only=['growing dread'] engine_only=[] ; user_hand: log_only=[] engine_only=['growing dread'] ; oppo_hand: log=2 engine=3,4,0,3,0,2,0,0,0,2,0,0,0,5,ok,149
160,1,9,3,user_hand,user_4,user_hand,"user_hand: log_only=[""painter's studio""] engine_only=['swamp']",5,1,2,0,3,1,1,0,2,0,1,0,0,ok,335
161,1,12,1,user_hand,oppo_2,user_hand,user_hand: log_only=['island'] engine_only=['daggermaw megalodon'],4,0,2,0,2,0,0,0,2,0,0,0,0,ok,482
162,1,6,4,user_life,oppo_5,user_life,user_life: log=12 engine=14,3,2,0,0,4,2,0,0,2,0,0,0,0,ok,139
163,1,8,3,user_creatures,user_4,user_creatures user_hand,user_creatures: log_only=['unstoppable slasher'] engine_only=[] ; user_hand: log_only=[] engine_only=['unstoppable slasher'],5,2,1,0,3,2,0,1,1,0,0,1,1,ok,254
164,1,10,2,user_lands,user_3,user_lands user_hand,"user_lands: log_only=['forest'] engine_only=[] ; user_hand: log_only=['impossible inferno'] engine_only=['mountain', 'terramorphic expanse']",6,0,1,0,2,0,0,0,2,0,0,0,1,ok,290
165,1,5,3,oppo_hand,oppo_4,oppo_hand,oppo_hand: log=6 engine=7,4,3,0,0,4,3,3,0,1,0,3,0,2,ok,73
166,1,8,4,user_life,user_5,user_life oppo_life,user_life: log=18 engine=17 ; oppo_life: log=14 engine=15,6,3,3,0,4,3,2,0,1,0,2,0,1,ok,276
167,1,11,4,user_creatures,oppo_5,user_creatures,user_creatures: log_only=[] engine_only=['fear of exposure'],10,4,3,1,4,5,1,1,0,0,1,1,0,ok,463
168,1,8,4,user_creatures,user_5,user_creatures,user_creatures: log_only=['forest'] engine_only=[],5,2,0,0,4,2,0,0,2,0,0,0,0,ok,280
169,1,10,4,oppo_hand,oppo_5,oppo_hand,oppo_hand: log=3 engine=4,5,2,1,0,3,3,1,0,1,1,1,0,3,ok,220
170,1,5,3,user_hand,user_4,user_hand oppo_hand,"user_hand: log_only=[""shardmage's rescue""] engine_only=['splitskin doll'] ; oppo_hand: log=6 engine=5",4,2,1,0,3,2,1,0,1,0,1,0,0,ok,75
171,1,7,4,user_life,oppo_5,user_life,user_life: log=8 engine=11,4,3,0,0,4,3,2,0,1,0,2,0,1,ok,197
172,1,10,3,user_lands,user_4,user_lands user_creatures user_hand,user_lands: log_only=['island'] engine_only=[] ; user_creatures: log_only=['spineseeker centipede'] engine_only=[] ; user_hand: log_only=[] engine_only=['spineseeker centipede'],5,2,1,0,3,2,0,0,1,0,0,0,2,ok,234
173,1,8,1,user_hand,user_2,user_hand,user_hand: log_only=['swamp'] engine_only=['patchwork beastie'],3,1,1,0,1,1,0,0,0,0,0,0,0,ok,218
174,1,11,3,user_life,oppo_4,user_life oppo_life user_creatures oppo_hand,user_life: log=12 engine=13 ; oppo_life: log=25 engine=20 ; user_creatures: log_only=[] engine_only=['glimmer seeker'] ; oppo_hand: log=2 engine=3,7,1,1,0,3,1,0,0,2,0,0,0,2,ok,316
175,1,4,2,user_hand,user_3,user_hand,user_hand: log_only=['terramorphic expanse'] engine_only=['wary watchdog'],2,1,0,0,2,1,0,0,1,0,0,0,2,ok,75
176,1,8,3,user_hand,user_4,user_hand,user_hand: log_only=['ghostly dancers'] engine_only=['fear of surveillance'],6,2,1,0,3,2,0,0,1,0,0,0,0,ok,238
177,1,9,5,oppo_hand,oppo_6,oppo_hand,oppo_hand: log=5 engine=3,7,4,1,0,5,4,0,0,1,0,0,0,0,ok,332
178,1,8,4,user_creatures,user_5,user_creatures user_noncreatures,"user_creatures: log_only=['hedge shredder', 'slavering branchsnapper'] engine_only=[] ; user_noncreatures: log_only=[] engine_only=['hedge shredder']",6,3,2,0,4,3,0,1,1,0,0,1,0,ok,276
179,1,10,4,user_noncreatures,oppo_5,user_noncreatures,user_noncreatures: log_only=['trapped in the screen'] engine_only=[],3,2,3,0,4,2,2,0,2,0,2,0,0,ok,251
180,1,9,1,oppo_hand,user_2,oppo_hand,oppo_hand: log=6 engine=5,7,1,0,0,1,1,0,0,0,0,0,0,0,ok,185
181,1,6,2,user_life,user_3,user_life oppo_life user_creatures oppo_hand,user_life: log=21 engine=20 ; oppo_life: log=21 engine=20 ; user_creatures: log_only=[] engine_only=['fear of lost teeth'] ; oppo_hand: log=3 engine=4,6,2,0,0,2,2,1,0,0,0,1,0,1,ok,144
182,1,9,4,user_hand,user_5,user_hand,user_hand: log_only=['monstrous emergence'] engine_only=['island'],6,3,4,1,4,3,3,0,1,0,3,0,0,ok,271
183,1,9,2,oppo_life,user_3,oppo_life,oppo_life: log=20 engine=22,6,1,0,0,2,1,0,0,1,0,0,0,0,ok,184
184,1,8,4,user_life,oppo_5,user_life,user_life: log=14 engine=15,4,3,2,0,5,3,1,0,2,0,1,0,0,ok,272
185,1,7,2,oppo_life,user_3,oppo_life,oppo_life: log=17 engine=18,4,1,1,0,2,1,0,0,1,0,0,0,0,ok,140
186,1,9,2,user_life,oppo_3,user_life,user_life: log=15 engine=18,4,2,2,0,3,2,0,0,1,0,0,0,1,ok,213
187,1,18,5,user_life,oppo_6,user_life,user_life: log=9 engine=10,3,0,5,1,4,1,0,0,4,0,0,0,0,ok,467
188,1,7,5,user_creatures,user_6,user_creatures,user_creatures: log_only=['veteran survivor'] engine_only=[],5,3,3,0,4,4,4,0,1,1,4,0,0,ok,188
189,1,13,2,oppo_life,user_3,oppo_life,oppo_life: log=20 engine=21,4,1,1,0,2,1,1,0,1,0,1,0,0,ok,316
190,1,12,2,oppo_hand,oppo_3,oppo_hand,oppo_hand: log=3 engine=4,8,2,2,0,3,2,0,0,1,0,0,0,1,ok,599
191,1,9,5,user_hand,oppo_6,user_hand,user_hand: log_only=['forest'] engine_only=['drag to the roots'],6,4,1,0,6,4,0,0,2,0,0,0,0,ok,199
192,1,8,3,user_hand,oppo_4,user_hand,"user_hand: log_only=['swamp'] engine_only=[""shardmage's rescue"", 'spectral snatcher']",4,1,1,1,4,1,0,0,3,0,0,0,0,ok,147
193,1,14,4,user_creatures,user_5,user_creatures user_hand oppo_hand,user_creatures: log_only=[] engine_only=['oblivious bookworm'] ; user_hand: log_only=['paranormal analyst'] engine_only=['island'] ; oppo_hand: log=4 engine=5,12,2,1,0,4,3,0,0,2,0,0,0,1,ok,886
194,1,9,4,oppo_life,user_5,oppo_life user_creatures,oppo_life: log=13 engine=11 ; user_creatures: log_only=[] engine_only=['ragged playmate'],4,2,2,0,4,2,1,0,2,0,1,0,0,ok,256
195,1,8,1,user_hand,user_2,user_hand,user_hand: log_only=['abhorrent oculus'] engine_only=['wickerfolk thresher'],6,1,2,0,1,1,0,0,0,0,0,0,0,ok,199
196,1,10,5,user_creatures,oppo_6,user_creatures,"user_creatures: log_only=['tyvar, the pummeler'] engine_only=[]",7,4,3,0,5,4,0,2,1,0,0,2,0,ok,311
197,1,10,4,oppo_hand,oppo_5,oppo_hand,oppo_hand: log=5 engine=1,6,2,0,0,4,2,0,0,2,0,0,0,0,ok,320
198,1,7,4,user_creatures,user_5,user_creatures user_hand,user_creatures: log_only=[] engine_only=['floodpits drowner'] ; user_hand: log_only=['vanish from sight'] engine_only=['forest'],3,2,1,0,4,2,4,0,2,0,4,0,0,ok,179
199,1,10,2,oppo_hand,oppo_3,oppo_hand,oppo_hand: log=4 engine=5,5,1,1,0,3,1,1,0,2,0,1,0,1,ok,329
200,1,11,2,oppo_life,user_3,oppo_life user_creatures,oppo_life: log=15 engine=19 ; user_creatures: log_only=['fear of being hunted'] engine_only=['optimistic scavenger'],3,1,0,0,2,1,0,0,1,0,0,0,0,ok,1648
201,1,12,2,user_hand,user_3,user_hand,user_hand: log_only=['mountain'] engine_only=[],4,1,2,0,2,1,2,0,1,0,2,0,0,ok,1427
202,1,8,3,user_noncreatures,oppo_4,user_noncreatures,user_noncreatures: log_only=[] engine_only=['smoky lounge'],3,1,0,0,3,2,0,0,2,1,0,0,0,ok,543
203,1,8,5,user_life,oppo_6,user_life,user_life: log=5 engine=12,4,2,0,0,4,3,0,0,2,1,0,0,1,ok,890
204,1,9,2,user_creatures,oppo_3,user_creatures,user_creatures: log_only=[] engine_only=['overgrown zealot'],6,1,1,0,2,1,0,0,1,0,0,0,0,ok,846
205,1,8,1,user_hand,user_2,user_hand,user_hand: log_only=['moldering gym'] engine_only=['island'],4,0,3,0,1,0,0,0,1,0,0,0,0,ok,601
206,1,18,3,user_creatures,oppo_4,user_creatures,user_creatures: log_only=[] engine_only=['unsettling twins'],4,2,5,0,4,2,1,0,2,0,1,0,0,ok,898
207,1,10,4,user_life,user_5,user_life oppo_life user_creatures,user_life: log=16 engine=14 ; oppo_life: log=17 engine=23 ; user_creatures: log_only=['vicious clown'] engine_only=['lionheart glimmer'],7,3,1,0,4,3,2,1,1,0,2,1,3,ok,828
208,1,14,4,user_lands,user_5,user_lands user_creatures user_hand,user_lands: log_only=['forest'] engine_only=[] ; user_creatures: log_only=['spineseeker centipede'] engine_only=[] ; user_hand: log_only=[] engine_only=['spineseeker centipede'],8,2,2,1,4,3,0,1,2,0,0,1,2,ok,651
209,1,10,2,user_life,oppo_3,user_life,user_life: log=18 engine=19,3,1,3,0,3,1,0,0,2,0,0,0,0,ok,453
210,1,7,3,oppo_hand,user_4,oppo_hand,oppo_hand: log=6 engine=5,6,3,3,0,3,3,3,0,0,0,3,0,0,ok,218
211,1,9,3,oppo_hand,oppo_4,oppo_hand,oppo_hand: log=2 engine=3,5,2,3,0,3,2,1,0,1,0,1,0,2,ok,422
212,1,12,4,user_creatures,user_5,user_creatures user_hand,"user_creatures: log_only=['wickerfolk thresher'] engine_only=['marvin, murderous mimic'] ; user_hand: log_only=['spineseeker centipede'] engine_only=['swamp']",6,3,2,0,4,3,1,0,1,0,1,0,0,ok,474
213,1,7,2,user_creatures,user_3,user_creatures user_noncreatures user_hand,user_creatures: log_only=['most valuable slayer'] engine_only=[] ; user_noncreatures: log_only=[] engine_only=['treasure'] ; user_hand: log_only=[] engine_only=['most valuable slayer'],6,2,1,0,2,2,1,0,0,0,1,0,1,ok,216
214,1,10,4,user_life,user_5,user_life oppo_life,user_life: log=26 engine=27 ; oppo_life: log=16 engine=15,5,2,5,1,3,3,1,1,1,1,1,1,0,ok,431
215,1,12,3,user_creatures,user_4,user_creatures user_hand,user_creatures: log_only=['mountain'] engine_only=[] ; user_hand: log_only=[] engine_only=['manifest dread'],8,2,3,0,3,2,0,0,1,0,0,0,1,ok,697
216,1,6,4,oppo_life,user_5,oppo_life user_creatures user_hand,"oppo_life: log=13 engine=12 ; user_creatures: log_only=['forest', 'spineseeker centipede'] engine_only=['hand that feeds'] ; user_hand: log_only=[] engine_only=['turn inside out']",4,3,1,0,4,3,1,0,1,0,1,0,1,ok,199
217,1,10,2,user_noncreatures,oppo_3,user_noncreatures user_hand,user_noncreatures: log_only=[] engine_only=['keys to the house'] ; user_hand: log_only=['island'] engine_only=[],7,1,2,0,2,1,0,0,1,0,0,0,0,ok,449
218,1,10,5,oppo_life,user_6,oppo_life user_creatures,oppo_life: log=10 engine=11 ; user_creatures: log_only=[] engine_only=['gremlin'],5,4,1,0,5,4,6,0,1,0,6,0,0,ok,571
219,1,7,3,oppo_hand,user_4,oppo_hand,oppo_hand: log=6 engine=5,3,2,0,0,3,2,0,0,1,0,0,0,0,ok,264
220,1,13,2,user_hand,user_3,user_hand,user_hand: log_only=['forest'] engine_only=['plains'],5,0,2,0,2,0,0,0,2,0,0,0,0,ok,708
221,1,8,2,user_creatures,oppo_3,user_creatures,user_creatures: log_only=['flesh burrower'] engine_only=['broodspinner'],6,2,0,0,3,2,0,0,1,0,0,0,0,ok,220
222,1,6,2,oppo_life,oppo_3,oppo_life,oppo_life: log=18 engine=17,1,1,0,0,2,2,1,0,1,1,1,0,0,ok,216
223,1,8,5,oppo_life,user_6,oppo_life user_lands,oppo_life: log=14 engine=13 ; user_lands: log_only=['mountain'] engine_only=[],4,2,2,0,4,3,1,0,2,1,1,0,1,ok,272
224,1,9,2,oppo_life,user_3,oppo_life,oppo_life: log=16 engine=17,7,2,0,0,2,2,2,0,0,0,2,0,0,ok,363
225,1,7,2,oppo_life,user_3,oppo_life user_creatures user_hand,"oppo_life: log=17 engine=18 ; user_creatures: log_only=['kaito, bane of nightmares'] engine_only=['friendly teddy'] ; user_hand: log_only=['friendly teddy', 'withering torment'] engine_only=['kaito, bane of nightmares']",5,1,1,0,2,1,0,0,1,0,0,0,0,ok,325
226,1,9,5,oppo_life,user_6,oppo_life,oppo_life: log=16 engine=17,6,4,1,1,4,6,0,0,0,0,0,0,2,ok,555
227,1,10,1,user_hand,user_2,user_hand,user_hand: log_only=['glimmerburst'] engine_only=['twist reality'],7,0,1,0,1,0,0,0,1,0,0,0,0,ok,582
228,1,9,6,user_creatures,user_7,user_creatures user_hand,user_creatures: log_only=['flesh burrower'] engine_only=[] ; user_hand: log_only=['moldering gym'] engine_only=[],7,5,1,1,6,6,6,0,1,0,6,0,2,ok,357
229,1,13,2,oppo_life,user_3,oppo_life,oppo_life: log=17 engine=20,8,1,2,0,2,1,0,0,1,0,0,0,0,ok,522
230,1,9,1,user_hand,user_2,user_hand,user_hand: log_only=['dissection tools'] engine_only=['forest'],6,0,2,0,1,0,0,0,1,0,0,0,0,ok,315
231,1,9,3,oppo_life,user_4,oppo_life,oppo_life: log=18 engine=19,6,2,2,0,3,2,0,0,1,0,0,0,0,ok,227
232,1,5,3,user_life,oppo_4,user_life,user_life: log=17 engine=20,4,3,1,1,3,3,1,0,0,0,1,0,0,ok,86
233,1,12,3,user_creatures,user_4,user_creatures,user_creatures: log_only=['island'] engine_only=[],6,2,5,0,3,3,0,2,1,0,0,2,1,ok,684
234,1,13,2,user_creatures,user_3,user_creatures user_noncreatures,user_creatures: log_only=['fear of lost teeth'] engine_only=[] ; user_noncreatures: log_only=[] engine_only=['found footage'],6,2,3,0,2,2,0,0,0,0,0,0,1,ok,459
235,1,15,2,user_creatures,oppo_3,user_creatures oppo_hand,user_creatures: log_only=[] engine_only=['plains'] ; oppo_hand: log=5 engine=4,5,0,4,0,3,0,0,0,3,0,0,0,0,ok,639
236,1,8,2,user_creatures,oppo_3,user_creatures,user_creatures: log_only=[] engine_only=['gremlin tamer'],5,2,2,0,3,2,1,0,1,0,1,0,0,ok,153
237,1,13,3,user_creatures,oppo_4,user_creatures user_hand,user_creatures: log_only=['fear of impostors'] engine_only=[] ; user_hand: log_only=[] engine_only=['fear of impostors'],7,1,2,0,3,1,1,0,2,0,1,0,0,ok,333
238,1,10,3,oppo_life,user_4,oppo_life oppo_hand,oppo_life: log=18 engine=19 ; oppo_hand: log=6 engine=5,4,2,0,0,3,2,0,0,1,0,0,0,0,ok,272
239,1,7,3,user_creatures,oppo_4,user_creatures,user_creatures: log_only=[] engine_only=['glimmer'],4,2,1,0,3,2,1,0,1,0,1,0,0,ok,303
240,1,11,3,user_life,oppo_4,user_life user_hand oppo_hand,user_life: log=15 engine=13 ; user_hand: log_only=[] engine_only=['appendage amalgam'] ; oppo_hand: log=2 engine=1,6,1,2,0,3,1,0,1,2,0,0,1,1,ok,347
241,1,9,4,oppo_hand,oppo_5,oppo_hand,oppo_hand: log=4 engine=3,6,3,4,1,5,4,3,0,2,0,3,0,0,ok,253
242,1,8,1,user_hand,user_2,user_hand,user_hand: log_only=['razorkin hordecaller'] engine_only=['mountain'],5,1,1,0,1,1,0,0,0,0,0,0,0,ok,248
243,1,15,3,user_life,oppo_4,user_life user_hand,user_life: log=20 engine=17 ; user_hand: log_only=[] engine_only=['appendage amalgam'],5,2,5,0,4,2,2,0,2,0,2,0,1,ok,324
244,1,7,2,user_hand,oppo_3,user_hand,user_hand: log_only=['trapped in the screen'] engine_only=['enduring innocence'],5,2,1,0,3,2,0,0,1,0,0,0,0,ok,137
245,1,10,3,user_life,oppo_4,user_life user_creatures user_hand,"user_life: log=18 engine=8 ; user_creatures: log_only=[] engine_only=['glimmer'] ; user_hand: log_only=['floodpits drowner', 'say its name'] engine_only=['island', 'moldering gym']",6,1,1,0,3,1,0,0,2,0,0,0,1,ok,452
246,1,15,2,user_creatures,oppo_3,user_creatures,user_creatures: log_only=[] engine_only=['spineseeker centipede'],6,2,1,0,3,2,0,0,1,0,0,0,0,ok,517
247,1,10,5,user_creatures,user_6,user_creatures,"user_creatures: log_only=['ghostly dancers', 'gremlin'] engine_only=[]",4,3,2,1,3,5,2,1,0,1,2,1,0,ok,359
248,1,4,4,,,,,2,2,0,0,4,2,0,0,2,0,0,0,0,ok,78
249,1,7,1,user_creatures,user_2,user_creatures,user_creatures: log_only=[] engine_only=['insidious fungus'],5,1,1,0,1,1,0,0,0,0,0,0,0,ok,120
250,1,6,3,user_life,oppo_4,user_life,user_life: log=13 engine=14,4,3,1,0,3,3,2,0,0,0,2,0,0,ok,131
251,1,17,4,user_life,oppo_5,user_life,user_life: log=17 engine=18,6,3,2,1,5,3,3,0,2,0,3,0,0,ok,720
252,1,11,1,user_creatures,user_2,user_creatures user_hand,user_creatures: log_only=['fear of surveillance'] engine_only=[] ; user_hand: log_only=[] engine_only=['fear of surveillance'],8,0,5,0,1,0,0,0,1,0,0,0,1,ok,489
253,1,13,2,user_hand,oppo_3,user_hand,user_hand: log_only=['island'] engine_only=['daggermaw megalodon'],4,1,2,0,3,1,0,0,2,0,0,0,0,ok,506
254,1,11,2,user_hand,user_3,user_hand,user_hand: log_only=['forest'] engine_only=['glimmerlight'],6,0,4,0,2,0,0,0,2,0,0,0,0,ok,484
255,1,8,6,user_creatures,user_7,user_creatures user_hand,"user_creatures: log_only=['glimmer', 'tunnel surveyor'] engine_only=[] ; user_hand: log_only=[] engine_only=['tunnel surveyor']",7,5,1,1,6,5,3,0,1,0,3,0,1,ok,335
256,1,12,3,user_creatures,oppo_4,user_creatures user_hand,user_creatures: log_only=['appendage amalgam'] engine_only=[] ; user_hand: log_only=[] engine_only=['appendage amalgam'],7,1,0,0,3,1,1,0,2,0,1,0,0,ok,707
257,1,6,4,oppo_life,user_5,oppo_life,oppo_life: log=15 engine=17,4,3,0,0,4,3,1,0,1,0,1,0,1,ok,130
258,1,9,3,user_creatures,oppo_4,user_creatures oppo_hand,user_creatures: log_only=[] engine_only=['the swarmweaver'] ; oppo_hand: log=6 engine=7,4,1,0,0,4,1,1,0,3,0,1,0,1,ok,413
259,1,9,4,user_creatures,user_5,user_creatures user_noncreatures,"user_creatures: log_only=['arabella, abandoned doll'] engine_only=[] ; user_noncreatures: log_only=['glassworks'] engine_only=[]",5,3,1,0,4,3,2,0,1,0,2,0,2,ok,653
260,1,7,1,user_hand,user_2,user_hand,user_hand: log_only=['the jolly balloon man'] engine_only=[],4,0,1,0,1,0,0,0,1,0,0,0,0,ok,231
261,1,10,3,oppo_life,user_4,oppo_life,oppo_life: log=17 engine=19,5,2,1,1,3,2,1,0,1,0,1,0,0,ok,312
262,1,11,4,user_life,user_5,user_life user_creatures,user_life: log=20 engine=19 ; user_creatures: log_only=[] engine_only=['tunnel surveyor'],5,1,1,0,4,1,1,0,3,0,1,0,0,ok,463
263,1,10,1,oppo_hand,oppo_2,oppo_hand,oppo_hand: log=5 engine=6,6,0,2,0,2,0,0,0,2,0,0,0,0,ok,364
264,1,9,3,user_creatures,oppo_4,user_creatures oppo_hand,user_creatures: log_only=[] engine_only=['wary watchdog'] ; oppo_hand: log=3 engine=4,6,2,0,0,3,2,0,1,1,0,0,1,3,ok,254
265,1,10,5,user_creatures,user_6,user_creatures,user_creatures: log_only=['untimely malfunction'] engine_only=['bashful beastie'],7,4,1,0,5,4,1,0,1,0,1,0,0,ok,365
266,1,9,4,user_hand,oppo_5,user_hand oppo_hand,user_hand: log_only=[] engine_only=['monstrous emergence'] ; oppo_hand: log=3 engine=4,6,4,1,0,5,5,0,0,1,0,0,0,2,ok,345
267,1,9,5,oppo_life,user_6,oppo_life user_creatures,oppo_life: log=14 engine=11 ; user_creatures: log_only=[] engine_only=['fear of being hunted'],5,3,1,0,5,3,4,0,2,0,4,0,1,ok,383
268,1,17,3,oppo_life,user_4,oppo_life user_creatures oppo_hand,oppo_life: log=22 engine=20 ; user_creatures: log_only=['vanish from sight'] engine_only=['fear of surveillance'] ; oppo_hand: log=5 engine=6,6,3,2,0,3,3,1,0,0,0,1,0,1,ok,717
269,1,6,4,oppo_life,user_5,oppo_life,oppo_life: log=7 engine=8,6,4,2,1,4,4,6,0,0,0,6,0,0,ok,175
270,1,8,1,user_creatures,user_2,user_creatures user_hand,user_creatures: log_only=['wary watchdog'] engine_only=[] ; user_hand: log_only=[] engine_only=['clockwork percussionist'],6,1,3,0,1,1,0,0,0,0,0,0,1,ok,250
271,1,8,4,user_creatures,user_5,user_creatures,user_creatures: log_only=['orphans of the wheat'] engine_only=[],4,3,3,0,4,3,1,0,1,0,1,0,0,ok,331
272,1,16,2,oppo_life,user_3,oppo_life,oppo_life: log=20 engine=19,10,1,2,0,2,1,0,0,1,0,0,0,0,ok,870
273,1,5,2,oppo_life,user_3,oppo_life user_hand,oppo_life: log=19 engine=20 ; user_hand: log_only=['threats around every corner'] engine_only=['island'],4,1,1,0,2,1,0,0,1,0,0,0,0,ok,104
274,1,6,2,user_creatures,user_3,user_creatures,user_creatures: log_only=['fear of immobility'] engine_only=[],3,2,0,0,2,2,0,0,0,0,0,0,0,ok,153
275,1,6,2,user_life,oppo_3,user_life,user_life: log=18 engine=20,4,2,1,0,2,2,0,0,0,0,0,0,0,ok,159
276,1,7,1,user_hand,oppo_2,user_hand,user_hand: log_only=['mountain'] engine_only=['bedhead beastie'],3,0,0,0,2,0,0,0,2,0,0,0,0,ok,178
277,1,8,2,oppo_hand,oppo_3,oppo_hand,oppo_hand: log=5 engine=6,5,3,3,0,3,3,4,0,0,0,4,0,2,ok,190
278,1,6,4,user_lands,user_5,user_lands user_creatures user_noncreatures,"user_lands: log_only=['swamp'] engine_only=[] ; user_creatures: log_only=['kaito, bane of nightmares'] engine_only=[] ; user_noncreatures: log_only=[] engine_only=['kaito, bane of nightmares']",2,1,0,0,4,1,1,0,3,0,1,0,1,ok,124
279,1,8,3,user_hand,oppo_4,user_hand,user_hand: log_only=[] engine_only=['horrid vigor'],4,2,1,0,4,2,0,0,2,0,0,0,1,ok,206
280,1,10,3,user_life,oppo_4,user_life oppo_hand,user_life: log=16 engine=19 ; oppo_hand: log=3 engine=4,4,2,2,0,3,3,3,0,1,1,3,0,0,ok,270
281,1,6,1,user_hand,user_2,user_hand,user_hand: log_only=['violent urge'] engine_only=['enduring vitality'],6,1,1,0,1,1,0,0,0,0,0,0,0,ok,238
282,1,10,1,oppo_life,user_2,oppo_life user_creatures user_hand,oppo_life: log=19 engine=18 ; user_creatures: log_only=[] engine_only=['clockwork percussionist'] ; user_hand: log_only=['mountain'] engine_only=[],8,1,0,0,1,1,1,0,0,0,1,0,1,ok,416
283,1,8,3,user_creatures,oppo_4,user_creatures user_noncreatures user_hand oppo_hand,"user_creatures: log_only=['terramorphic expanse'] engine_only=[] ; user_noncreatures: log_only=[""shardmage's rescue""] engine_only=[] ; user_hand: log_only=[] engine_only=[""shardmage's rescue""] ; oppo_hand: log=2 engine=3",3,1,1,1,3,2,0,0,2,0,0,0,2,ok,290
284,1,7,3,user_hand,user_4,user_hand,user_hand: log_only=['plains'] engine_only=['mountain'],5,2,0,0,3,2,0,1,1,0,0,1,0,ok,185
285,1,7,4,oppo_life,user_5,oppo_life user_creatures,oppo_life: log=14 engine=18 ; user_creatures: log_only=['screaming nemesis'] engine_only=[],5,3,1,0,4,3,1,0,1,0,1,0,0,ok,164
286,1,11,4,user_hand,user_5,user_hand,user_hand: log_only=['moldering gym'] engine_only=['enter the enigma'],7,3,1,1,4,3,0,0,1,0,0,0,0,ok,449
287,1,8,3,user_creatures,user_4,user_creatures user_hand,user_creatures: log_only=[] engine_only=['spineseeker centipede'] ; user_hand: log_only=[] engine_only=['swamp'],6,2,1,0,3,2,1,0,1,0,1,0,0,ok,240
288,1,8,3,user_creatures,user_4,user_creatures user_noncreatures user_hand,user_creatures: log_only=['mountain'] engine_only=[] ; user_noncreatures: log_only=['ticket booth'] engine_only=[] ; user_hand: log_only=['clockwork percussionist'] engine_only=[],6,1,0,0,3,1,0,0,2,0,0,0,1,ok,458
289,1,6,4,user_life,oppo_5,user_life,user_life: log=4 engine=3,2,2,0,0,4,2,0,0,2,0,0,0,0,ok,218
290,1,7,4,oppo_life,user_5,oppo_life,oppo_life: log=13 engine=12,5,3,0,0,4,3,2,0,1,0,2,0,0,ok,280
291,1,9,4,user_creatures,user_5,user_creatures,user_creatures: log_only=['unwilling vessel'] engine_only=[],4,2,1,0,3,3,1,1,1,1,1,1,0,ok,294
292,1,11,3,user_noncreatures,user_4,user_noncreatures user_hand,user_noncreatures: log_only=['moldering gym'] engine_only=[] ; user_hand: log_only=['final vengeance'] engine_only=[],3,2,1,0,3,2,0,0,1,0,0,0,0,ok,386
293,1,6,3,user_life,oppo_4,user_life,user_life: log=15 engine=18,4,2,1,0,3,2,1,0,1,0,1,0,1,ok,142
294,1,7,3,user_noncreatures,user_4,user_noncreatures user_hand,user_noncreatures: log_only=[] engine_only=['found footage'] ; user_hand: log_only=['scrabbling skullcrab'] engine_only=[],3,3,0,0,3,3,0,0,0,0,0,0,0,ok,240
295,1,10,2,user_life,oppo_3,user_life oppo_life,user_life: log=18 engine=17 ; oppo_life: log=17 engine=18,6,2,3,0,3,2,2,0,1,0,2,0,0,ok,327
296,1,6,1,user_hand,user_2,user_hand,"user_hand: log_only=['altanak, the thrice-called'] engine_only=['island']",5,0,1,0,1,0,0,0,1,0,0,0,0,ok,217
297,1,4,3,user_life,oppo_4,user_life user_creatures user_hand,user_life: log=18 engine=16 ; user_creatures: log_only=['entity tracker'] engine_only=[] ; user_hand: log_only=[] engine_only=['entity tracker'],2,1,0,0,3,1,0,0,2,0,0,0,1,ok,93
298,1,8,4,user_creatures,user_5,user_creatures,user_creatures: log_only=[] engine_only=['wildfire wickerfolk'],5,3,2,1,4,3,2,0,1,0,2,0,0,ok,237
299,1,6,3,oppo_life,oppo_4,oppo_life oppo_hand,oppo_life: log=19 engine=20 ; oppo_hand: log=4 engine=5,1,1,0,0,3,1,0,0,2,0,0,0,1,ok,105
300,1,11,6,oppo_life,user_7,oppo_life,oppo_life: log=17 engine=14,7,3,3,1,4,5,2,1,1,2,2,1,1,ok,1753
301,1,5,2,oppo_hand,oppo_3,oppo_hand,oppo_hand: log=8 engine=7,3,2,0,0,3,2,1,0,1,0,1,0,0,ok,169
302,1,7,4,user_creatures,oppo_5,user_creatures,"user_creatures: log_only=['appendage amalgam', 'appendage amalgam'] engine_only=['broodspinner', 'broodspinner']",1,1,1,1,5,3,2,0,4,0,2,0,1,ok,644
303,1,8,2,user_hand,user_3,user_hand,user_hand: log_only=['scorching dragonfire'] engine_only=['drag to the roots'],6,1,1,0,2,1,0,0,1,0,0,0,0,ok,667
304,1,7,4,user_life,oppo_5,user_life,user_life: log=7 engine=15,5,3,0,0,4,3,1,0,1,0,1,0,0,ok,425
305,1,10,0,oppo_hand,user_1,oppo_hand,oppo_hand: log=5 engine=6,5,0,3,0,0,0,0,0,0,0,0,0,0,ok,492
306,1,9,2,user_creatures,user_3,user_creatures,user_creatures: log_only=[] engine_only=['ragged playmate'],5,1,1,0,2,1,0,0,1,0,0,0,1,ok,416
307,1,6,2,user_life,oppo_3,user_life,user_life: log=18 engine=19,4,2,0,0,3,2,1,0,1,0,1,0,0,ok,348
308,1,12,1,user_hand,user_2,user_hand,user_hand: log_only=['meat locker'] engine_only=['trapped in the screen'],6,0,5,0,1,0,0,0,1,0,0,0,0,ok,978
309,1,7,2,oppo_life,user_3,oppo_life,oppo_life: log=18 engine=16,6,2,0,0,2,2,0,0,0,0,0,0,0,ok,366
310,1,7,0,oppo_hand,oppo_1,oppo_hand,oppo_hand: log=5 engine=6,3,0,1,0,0,0,0,0,0,0,0,0,0,ok,200
311,1,16,2,oppo_life,user_3,oppo_life,oppo_life: log=18 engine=19,5,1,2,0,2,1,0,0,1,0,0,0,0,ok,647
312,1,8,2,oppo_life,user_3,oppo_life user_creatures,oppo_life: log=17 engine=18 ; user_creatures: log_only=['glimmer'] engine_only=[],5,1,4,0,2,1,0,0,1,0,0,0,0,ok,370
313,1,16,3,oppo_life,oppo_4,oppo_life user_creatures oppo_hand,oppo_life: log=17 engine=18 ; user_creatures: log_only=[] engine_only=['osseous sticktwister'] ; oppo_hand: log=4 engine=3,9,3,5,1,4,3,2,0,1,0,2,0,1,ok,818
314,1,7,3,user_life,oppo_4,user_life oppo_life,user_life: log=18 engine=20 ; oppo_life: log=22 engine=20,2,1,1,0,2,2,0,1,1,1,0,1,0,ok,254
315,1,6,3,user_hand,user_4,user_hand,user_hand: log_only=[] engine_only=['acrobatic cheerleader'],4,2,1,0,3,2,1,0,1,0,1,0,0,ok,141
316,1,9,4,user_life,oppo_5,user_life,user_life: log=12 engine=10,4,1,2,1,4,1,0,0,3,0,0,0,0,ok,265
317,1,6,2,user_hand,user_3,user_hand,user_hand: log_only=['forest'] engine_only=[],4,1,2,0,2,1,0,0,1,0,0,0,0,ok,249
318,1,7,4,user_creatures,user_5,user_creatures user_noncreatures user_hand,user_creatures: log_only=['glimmer'] engine_only=[] ; user_noncreatures: log_only=['grand entryway'] engine_only=[] ; user_hand: log_only=[] engine_only=['grand entryway'],5,2,0,0,4,2,1,0,2,0,1,0,1,ok,265
319,1,8,1,user_hand,oppo_2,user_hand,user_hand: log_only=[] engine_only=['get out'],2,0,1,0,2,0,0,0,2,0,0,0,1,ok,285
320,1,6,1,user_creatures,user_2,user_creatures oppo_hand,user_creatures: log_only=[] engine_only=['reluctant role model'] ; oppo_hand: log=5 engine=6,4,0,1,0,1,0,0,0,1,0,0,0,1,ok,153
321,1,10,3,user_lands,user_4,user_lands user_hand,user_lands: log_only=['swamp'] engine_only=[] ; user_hand: log_only=[] engine_only=['spectral snatcher'],7,2,2,0,3,2,1,0,1,0,1,0,1,ok,424
322,1,12,4,user_noncreatures,user_5,user_noncreatures,user_noncreatures: log_only=['nowhere to run'] engine_only=[],6,4,3,0,4,4,1,2,0,0,1,0,1,ok,496
323,1,7,1,user_hand,user_2,user_hand,user_hand: log_only=['meat locker'] engine_only=['swamp'],5,0,0,0,1,0,0,0,1,0,0,0,0,ok,274
324,1,5,4,user_life,oppo_5,user_life user_hand,user_life: log=-2 engine=1 ; user_hand: log_only=[] engine_only=['turn inside out'],2,2,1,1,4,2,0,0,2,0,0,0,1,ok,97
325,1,11,3,oppo_hand,oppo_4,oppo_hand,oppo_hand: log=4 engine=5,5,3,3,0,3,5,1,0,0,1,1,0,1,ok,632
326,1,5,1,user_creatures,user_2,user_creatures,user_creatures: log_only=['mountain'] engine_only=['wary watchdog'],5,1,1,0,1,1,0,0,0,0,0,0,0,ok,177
327,1,14,2,oppo_hand,oppo_3,oppo_hand,oppo_hand: log=5 engine=6,6,2,3,1,3,2,1,0,1,0,1,0,2,ok,517
328,1,10,3,user_hand,oppo_4,user_hand,user_hand: log_only=['terramorphic expanse'] engine_only=['live or die'],6,2,3,0,4,2,0,0,2,0,0,0,0,ok,535
329,1,18,3,user_creatures,oppo_4,user_creatures,user_creatures: log_only=['stalked researcher'] engine_only=['cult healer'],5,2,4,0,3,2,0,0,1,0,0,0,1,ok,1087
330,1,8,2,oppo_life,user_3,oppo_life user_creatures user_hand,"oppo_life: log=18 engine=20 ; user_creatures: log_only=['oblivious bookworm'] engine_only=[] ; user_hand: log_only=[] engine_only=[""don't make a sound""]",4,1,2,0,2,1,0,0,1,0,0,0,2,ok,205
331,1,7,3,user_hand,oppo_4,user_hand,user_hand: log_only=['scorching dragonfire'] engine_only=['piranha fly'],5,2,2,0,4,2,3,0,2,0,3,0,0,ok,229
332,1,7,3,user_creatures,user_4,user_creatures,user_creatures: log_only=[] engine_only=['floodpits drowner'],3,1,2,0,3,1,1,0,2,0,1,0,0,ok,139
333,1,9,2,oppo_life,user_3,oppo_life user_creatures,oppo_life: log=20 engine=18 ; user_creatures: log_only=[] engine_only=['flesh burrower'],4,1,3,0,2,1,0,0,1,0,0,0,1,ok,313
334,1,8,3,user_creatures,oppo_4,user_creatures user_noncreatures oppo_hand,user_creatures: log_only=[] engine_only=['piggy bank'] ; user_noncreatures: log_only=['treasure'] engine_only=[] ; oppo_hand: log=4 engine=5,6,3,1,0,3,3,4,0,0,0,4,0,2,ok,235
335,1,12,3,oppo_life,user_4,oppo_life,oppo_life: log=18 engine=20,6,2,1,0,3,2,0,0,1,0,0,0,0,ok,519
336,1,12,2,oppo_life,user_3,oppo_life user_creatures oppo_hand,oppo_life: log=20 engine=18 ; user_creatures: log_only=[] engine_only=['fear of surveillance'] ; oppo_hand: log=3 engine=4,6,1,0,0,2,1,0,0,1,0,0,0,1,ok,370
337,1,7,1,user_hand,user_2,user_hand,user_hand: log_only=['mountain'] engine_only=['plains'],3,0,0,0,1,0,0,0,1,0,0,0,0,ok,225
338,1,9,1,user_noncreatures,user_2,user_noncreatures user_hand,user_noncreatures: log_only=[] engine_only=['keys to the house'] ; user_hand: log_only=['island'] engine_only=[],5,1,1,0,1,1,0,0,0,0,0,0,0,ok,334
339,1,11,4,user_life,oppo_5,user_life user_creatures,"user_life: log=12 engine=11 ; user_creatures: log_only=[] engine_only=['enduring curiosity', 'threats around every corner']",6,3,1,0,4,3,0,0,1,0,0,0,1,ok,509
340,1,8,3,user_hand,user_4,user_hand,user_hand: log_only=['chainsaw'] engine_only=['ticket booth'],4,2,1,0,3,2,0,0,1,0,0,0,0,ok,317
341,1,8,4,user_life,oppo_5,user_life,user_life: log=18 engine=20,4,3,0,0,4,4,3,0,1,1,3,0,0,ok,292
342,1,10,3,oppo_life,user_4,oppo_life,oppo_life: log=22 engine=23,8,2,2,0,3,2,0,0,1,0,0,0,0,ok,315
343,1,14,1,user_creatures,oppo_2,user_creatures,user_creatures: log_only=[] engine_only=['fear of surveillance'],5,1,2,0,2,1,0,0,1,0,0,0,0,ok,330
344,1,7,1,user_hand,user_2,user_hand,user_hand: log_only=['broodspinner'] engine_only=['daggermaw megalodon'],4,0,0,0,1,0,0,0,1,0,0,0,0,ok,239
345,1,7,2,oppo_life,user_3,oppo_life user_creatures,oppo_life: log=16 engine=13 ; user_creatures: log_only=['vicious clown'] engine_only=[],5,2,1,0,2,2,2,0,0,0,2,0,0,ok,219
346,1,11,3,user_life,oppo_4,user_life,user_life: log=15 engine=16,6,3,1,0,3,3,0,0,0,0,0,0,0,ok,446
347,1,9,5,user_creatures,oppo_6,user_creatures,user_creatures: log_only=['wary watchdog'] engine_only=['bashful beastie'],4,2,1,0,5,2,0,1,3,0,0,1,1,ok,160
348,1,8,1,user_hand,user_2,user_hand,user_hand: log_only=['most valuable slayer'] engine_only=['ragged playmate'],5,0,0,0,1,0,0,0,1,0,0,0,0,ok,182
349,1,9,1,user_creatures,user_2,user_creatures oppo_hand,user_creatures: log_only=[] engine_only=['piranha fly'] ; oppo_hand: log=5 engine=6,7,0,0,0,1,0,0,0,1,0,0,0,1,ok,329
350,1,9,2,user_lands,user_3,user_lands user_hand,user_lands: log_only=['forest'] engine_only=[] ; user_hand: log_only=[] engine_only=['forest'],7,1,1,0,2,1,0,0,1,0,0,0,1,ok,276
351,1,6,3,oppo_hand,oppo_4,oppo_hand,oppo_hand: log=4 engine=3,5,3,2,2,4,4,2,0,1,0,2,0,0,ok,207
352,1,9,5,oppo_hand,oppo_6,oppo_hand,oppo_hand: log=5 engine=4,4,2,3,0,5,4,4,0,3,1,4,0,0,ok,350
353,1,8,2,user_hand,user_3,user_hand,user_hand: log_only=['cursed windbreaker'] engine_only=['cryptid inspector'],5,1,0,0,2,1,0,0,1,0,0,0,0,ok,215
354,1,11,2,oppo_life,user_3,oppo_life user_creatures,oppo_life: log=20 engine=18 ; user_creatures: log_only=[] engine_only=['ragged playmate'],7,1,1,0,2,1,0,0,1,0,0,0,1,ok,438
355,1,9,3,oppo_hand,oppo_4,oppo_hand,oppo_hand: log=3 engine=2,6,1,0,0,3,1,1,0,2,0,1,0,0,ok,286
356,1,13,1,user_hand,user_2,user_hand,user_hand: log_only=['anthropede'] engine_only=['island'],8,0,2,0,1,0,0,0,1,0,0,0,0,ok,381
357,1,12,3,oppo_hand,oppo_4,oppo_hand,oppo_hand: log=3 engine=4,5,3,2,1,4,3,2,0,1,0,2,0,2,ok,364
358,1,8,3,user_life,user_4,user_life user_lands user_noncreatures user_hand,user_life: log=20 engine=22 ; user_lands: log_only=['swamp'] engine_only=[] ; user_noncreatures: log_only=['unholy annex'] engine_only=[] ; user_hand: log_only=['swamp'] engine_only=[],5,2,1,0,3,2,1,0,1,0,1,0,1,ok,181
359,1,9,4,oppo_hand,oppo_5,oppo_hand,oppo_hand: log=2 engine=3,7,3,0,0,4,3,0,0,1,0,0,0,2,ok,272
360,1,9,2,user_life,oppo_3,user_life,user_life: log=18 engine=20,3,1,2,0,3,1,1,0,2,0,1,0,0,ok,195
361,1,7,3,user_noncreatures,user_4,user_noncreatures,user_noncreatures: log_only=['smoky lounge'] engine_only=[],4,2,1,0,3,3,1,0,1,0,1,0,1,ok,187
362,1,8,3,user_life,oppo_4,user_life,user_life: log=14 engine=15,5,2,2,0,3,2,0,0,1,0,0,0,0,ok,258
363,1,11,3,oppo_life,user_4,oppo_life,oppo_life: log=16 engine=15,7,1,1,0,3,1,1,0,2,0,1,0,0,ok,426
364,1,10,4,user_life,oppo_5,user_life,user_life: log=7 engine=6,6,3,1,0,4,3,0,0,1,0,0,0,0,ok,394
365,1,15,2,oppo_life,user_3,oppo_life user_lands,oppo_life: log=17 engine=18 ; user_lands: log_only=['plains'] engine_only=[],6,2,0,0,2,2,2,0,0,0,2,0,1,ok,345
366,1,8,2,user_creatures,user_3,user_creatures,user_creatures: log_only=['mountain'] engine_only=['ragged playmate'],4,1,1,0,2,1,1,0,1,0,1,0,0,ok,204
367,1,8,2,user_hand,user_3,user_hand,user_hand: log_only=['balustrade wurm'] engine_only=['enduring vitality'],5,1,0,0,2,1,0,0,1,0,0,0,0,ok,224
368,1,9,3,user_life,oppo_4,user_life,user_life: log=15 engine=18,5,1,2,0,3,1,0,0,2,0,0,0,1,ok,333
369,1,7,3,user_hand,oppo_4,user_hand,user_hand: log_only=[] engine_only=['entity tracker'],4,1,0,0,3,1,0,1,2,0,0,1,1,ok,137
370,1,14,6,user_creatures,oppo_7,user_creatures,user_creatures: log_only=['glimmer'] engine_only=[],5,4,5,3,6,5,4,0,2,0,4,0,0,ok,299
371,1,16,1,user_creatures,oppo_2,user_creatures,user_creatures: log_only=[] engine_only=['scrabbling skullcrab'],7,1,3,0,1,1,0,0,0,0,0,0,0,ok,429
372,1,10,5,user_lands,user_6,user_lands user_hand,user_lands: log_only=['island'] engine_only=[] ; user_hand: log_only=[] engine_only=['island'],7,4,2,1,5,6,0,1,1,0,0,1,1,ok,312
373,1,12,3,user_lands,user_4,user_lands,user_lands: log_only=['mountain'] engine_only=[],10,2,1,0,3,2,0,0,1,0,0,0,1,ok,686
374,1,5,1,oppo_life,user_2,oppo_life,oppo_life: log=18 engine=17,4,1,2,0,1,1,0,0,0,0,0,0,0,ok,119
375,1,3,2,oppo_hand,oppo_3,oppo_hand,oppo_hand: log=3 engine=2,1,1,0,0,2,1,0,0,1,0,0,0,0,ok,52
376,1,13,3,oppo_life,user_4,oppo_life,oppo_life: log=16 engine=17,10,2,1,0,3,2,1,0,1,0,1,0,0,ok,516
377,1,9,3,oppo_hand,oppo_4,oppo_hand,oppo_hand: log=4 engine=3,5,1,1,0,3,1,1,0,2,0,1,0,0,ok,433
378,1,9,4,user_lands,user_5,user_lands user_creatures user_hand oppo_hand,user_lands: log_only=['forest'] engine_only=[] ; user_creatures: log_only=['glimmer'] engine_only=[] ; user_hand: log_only=[] engine_only=['forest'] ; oppo_hand: log=4 engine=3,6,3,1,0,4,3,2,0,1,0,2,0,2,ok,316
379,1,8,3,user_life,oppo_4,user_life user_creatures,user_life: log=13 engine=11 ; user_creatures: log_only=[] engine_only=['fear of surveillance'],1,1,1,0,2,2,0,0,1,1,0,0,0,ok,192
380,1,6,4,oppo_hand,oppo_5,oppo_hand,oppo_hand: log=3 engine=4,5,4,0,0,5,4,3,0,1,0,3,0,0,ok,134
381,1,9,2,user_creatures,user_3,user_creatures user_noncreatures user_hand,user_creatures: log_only=['cautious survivor'] engine_only=[] ; user_noncreatures: log_only=[] engine_only=['treasure'] ; user_hand: log_only=[] engine_only=['cautious survivor'],6,1,0,0,2,1,0,0,1,0,0,0,1,ok,314
382,1,11,4,user_life,oppo_5,user_life,user_life: log=15 engine=17,6,4,3,1,4,4,1,0,0,0,1,0,3,ok,293
383,1,9,5,oppo_life,oppo_6,oppo_life,oppo_life: log=21 engine=19,6,3,0,0,4,4,2,1,1,1,2,1,0,ok,209
384,1,12,2,user_hand,user_3,user_hand,user_hand: log_only=['island'] engine_only=['oblivious bookworm'],5,2,2,0,2,2,0,0,0,0,0,0,0,ok,484
385,1,8,1,user_hand,user_2,user_hand,"user_hand: log_only=['twist reality'] engine_only=['altanak, the thrice-called']",4,1,0,0,1,1,0,0,0,0,0,0,0,ok,310
386,1,9,3,user_creatures,user_4,user_creatures user_noncreatures,"user_creatures: log_only=['kaito, bane of nightmares'] engine_only=[] ; user_noncreatures: log_only=[] engine_only=['kaito, bane of nightmares']",6,2,3,0,3,2,1,0,1,0,1,0,0,ok,437
387,1,6,3,user_life,oppo_4,user_life oppo_hand,user_life: log=17 engine=21 ; oppo_hand: log=4 engine=3,5,3,0,0,4,3,2,0,1,0,2,0,2,ok,242
388,1,8,4,user_creatures,user_5,user_creatures user_hand,"user_creatures: log_only=[] engine_only=['insidious fungus'] ; user_hand: log_only=[""winter's intervention""] engine_only=[]",3,3,1,0,4,3,2,1,1,0,2,1,1,ok,139
389,1,8,3,oppo_life,user_4,oppo_life,oppo_life: log=13 engine=16,2,2,1,0,3,2,1,0,1,0,1,0,1,ok,211
390,1,8,2,oppo_life,user_3,oppo_life user_hand,oppo_life: log=18 engine=20 ; user_hand: log_only=['terramorphic expanse'] engine_only=['underwater tunnel'],4,1,1,0,2,1,0,0,1,0,0,0,0,ok,327
391,1,8,1,user_lands,user_2,user_lands user_noncreatures user_hand,user_lands: log_only=['island'] engine_only=[] ; user_noncreatures: log_only=['underwater tunnel'] engine_only=['keys to the house'] ; user_hand: log_only=[] engine_only=['underwater tunnel'],6,1,1,0,1,1,0,0,0,0,0,0,2,ok,332
392,1,12,4,user_hand,user_5,user_hand,user_hand: log_only=['swamp'] engine_only=[],9,3,4,1,4,3,0,1,1,0,0,1,0,ok,311
393,1,6,3,user_lands,user_4,user_lands user_hand,user_lands: log_only=['mountain'] engine_only=[] ; user_hand: log_only=[] engine_only=['mountain'],3,1,1,1,3,1,0,0,2,0,0,0,1,ok,109
394,1,10,2,oppo_life,user_3,oppo_life user_creatures,oppo_life: log=20 engine=18 ; user_creatures: log_only=[] engine_only=['reluctant role model'],6,1,1,0,2,1,0,0,1,0,0,0,1,ok,350
395,1,9,4,oppo_life,oppo_5,oppo_life oppo_hand,oppo_life: log=19 engine=16 ; oppo_hand: log=4 engine=5,6,3,0,0,4,4,2,0,1,0,2,0,1,ok,385
396,1,4,4,,,,,4,4,2,2,4,4,1,1,0,0,1,1,0,ok,161
397,1,13,2,oppo_life,user_3,oppo_life,oppo_life: log=21 engine=20,4,2,1,0,2,2,0,0,0,0,0,0,0,ok,538
398,1,8,2,oppo_life,user_3,oppo_life user_creatures user_noncreatures,oppo_life: log=16 engine=18 ; user_creatures: log_only=['overgrown zealot'] engine_only=[] ; user_noncreatures: log_only=[] engine_only=['moldering gym'],6,1,1,0,2,1,0,0,1,0,0,0,0,ok,386
399,1,12,2,oppo_life,user_3,oppo_life user_creatures oppo_hand,"oppo_life: log=18 engine=19 ; user_creatures: log_only=[""valgavoth's faithful""] engine_only=[] ; oppo_hand: log=5 engine=6",8,1,3,0,2,1,1,0,1,0,1,0,0,ok,436
400,1,8,4,oppo_life,user_5,oppo_life,oppo_life: log=18 engine=19,7,3,1,0,4,3,2,0,1,0,2,0,0,ok,1641
401,1,15,4,user_life,oppo_5,user_life,user_life: log=16 engine=17,8,3,2,0,4,3,3,0,1,0,3,0,0,ok,1033
402,1,14,4,user_life,oppo_5,user_life,user_life: log=17 engine=18,6,2,4,0,4,4,2,0,2,1,2,0,0,ok,1187
403,1,9,2,oppo_hand,oppo_3,oppo_hand,oppo_hand: log=4 engine=5,7,1,1,0,3,1,0,0,2,0,0,0,1,ok,471
404,1,8,3,user_lands,user_4,user_lands user_hand,user_lands: log_only=['strangled cemetery'] engine_only=[] ; user_hand: log_only=[] engine_only=['strangled cemetery'],5,2,2,0,3,2,0,0,1,0,0,0,1,ok,486
405,1,12,3,user_noncreatures,oppo_4,user_noncreatures,user_noncreatures: log_only=['cracked skull'] engine_only=[],5,2,2,1,3,3,1,1,1,0,1,1,0,ok,356
406,1,8,2,oppo_life,user_3,oppo_life,oppo_life: log=16 engine=17,4,1,0,0,2,1,0,0,1,0,0,0,0,ok,306
407,1,7,2,user_lands,user_3,user_lands user_creatures user_hand,user_lands: log_only=['island'] engine_only=[] ; user_creatures: log_only=['forest'] engine_only=[] ; user_hand: log_only=[] engine_only=['manifest dread'],4,1,0,0,2,1,0,0,1,0,0,0,2,ok,222
408,1,9,3,user_life,oppo_4,user_life oppo_life,user_life: log=18 engine=16 ; oppo_life: log=20 engine=22,4,1,1,0,3,1,0,0,2,0,0,0,0,ok,514
409,1,12,4,user_creatures,oppo_5,user_creatures oppo_hand,user_creatures: log_only=[] engine_only=['most valuable slayer'] ; oppo_hand: log=3 engine=4,5,2,2,0,4,3,1,1,2,1,1,1,0,ok,586
410,1,10,2,oppo_life,user_3,oppo_life,oppo_life: log=18 engine=19,6,1,0,0,2,1,0,0,1,0,0,0,1,ok,498
411,1,8,3,oppo_life,user_4,oppo_life user_hand,oppo_life: log=13 engine=20 ; user_hand: log_only=[] engine_only=['plains'],4,2,3,0,3,2,1,0,1,0,1,0,0,ok,378
412,1,8,4,user_life,oppo_5,user_life,user_life: log=15 engine=16,5,3,2,1,4,4,0,0,1,0,0,0,0,ok,400
413,1,8,3,oppo_hand,oppo_4,oppo_hand,oppo_hand: log=4 engine=5,5,3,2,0,3,3,2,0,0,0,2,0,1,ok,445
414,1,6,3,user_creatures,user_4,user_creatures,user_creatures: log_only=['island'] engine_only=[],5,3,1,0,3,3,3,0,0,0,3,0,0,ok,260
415,1,7,3,user_life,oppo_4,user_life,user_life: log=14 engine=12,4,1,0,0,4,1,2,0,3,0,2,0,0,ok,331
416,1,7,3,oppo_life,user_4,oppo_life user_creatures oppo_hand,oppo_life: log=17 engine=16 ; user_creatures: log_only=['gremlin'] engine_only=['gremlin tamer'] ; oppo_hand: log=6 engine=7,2,1,3,0,2,2,1,0,1,1,1,0,1,ok,194
417,1,8,2,oppo_life,user_3,oppo_life,oppo_life: log=13 engine=14,6,2,1,0,2,2,2,0,0,0,2,0,0,ok,297
418,1,19,3,user_creatures,oppo_4,user_creatures oppo_hand,user_creatures: log_only=[] engine_only=['creeping peeper'] ; oppo_hand: log=3 engine=4,6,1,5,0,3,1,0,1,2,0,0,1,2,ok,886
419,1,5,5,,,,,3,3,0,0,4,3,4,2,1,0,4,2,0,ok,128
420,1,12,2,user_hand,user_3,user_hand,user_hand: log_only=['fear of failed tests'] engine_only=['island'],7,1,4,1,2,1,0,0,1,0,0,0,0,ok,643
421,1,6,2,user_creatures,user_3,user_creatures,user_creatures: log_only=['optimistic scavenger'] engine_only=[],4,1,2,0,2,1,0,0,1,0,0,0,1,ok,307
422,1,7,7,,,,,4,4,0,0,6,4,0,2,2,0,0,2,0,ok,179
423,1,8,3,user_hand,user_4,user_hand,user_hand: log_only=['mountain'] engine_only=[],5,2,0,0,3,2,1,0,1,0,1,0,0,ok,383
424,1,9,3,user_hand,user_4,user_hand,user_hand: log_only=[] engine_only=['plains'],6,2,0,0,3,2,0,0,1,0,0,0,0,ok,382
425,1,10,2,oppo_life,user_3,oppo_life,oppo_life: log=17 engine=18,6,1,3,0,2,1,0,0,1,0,0,0,0,ok,331
426,1,8,3,user_creatures,oppo_4,user_creatures,user_creatures: log_only=[] engine_only=['gremlin'],6,2,0,0,3,2,0,0,1,0,0,0,0,ok,363
427,1,8,6,oppo_life,user_7,oppo_life,oppo_life: log=4 engine=7,4,4,3,1,5,6,3,0,1,0,3,0,2,ok,364
428,1,7,4,oppo_life,oppo_5,oppo_life oppo_hand,oppo_life: log=23 engine=22 ; oppo_hand: log=2 engine=3,6,3,0,0,4,3,0,1,1,0,0,1,2,ok,245
429,1,6,1,user_hand,user_2,user_hand,user_hand: log_only=['fear of isolation'] engine_only=['forest'],4,0,0,0,1,0,0,0,1,0,0,0,0,ok,213
430,1,9,5,user_hand,user_6,user_hand,user_hand: log_only=['forest'] engine_only=['enduring curiosity'],8,4,0,0,5,4,3,0,1,0,3,0,0,ok,334
431,1,12,3,user_creatures,user_4,user_creatures oppo_hand,user_creatures: log_only=[] engine_only=['cryptid inspector'] ; oppo_hand: log=5 engine=6,4,2,2,0,3,2,1,0,1,0,1,0,1,ok,410
432,1,8,1,user_lands,user_2,user_lands user_noncreatures user_hand,user_lands: log_only=['island'] engine_only=[] ; user_noncreatures: log_only=[] engine_only=['underwater tunnel'] ; user_hand: log_only=['underwater tunnel'] engine_only=['island'],7,1,1,0,1,1,0,0,0,0,0,0,0,ok,260
433,1,9,7,user_life,user_8,user_life oppo_life user_creatures,user_life: log=15 engine=17 ; oppo_life: log=8 engine=10 ; user_creatures: log_only=['forest'] engine_only=['cautious survivor'],4,3,3,1,5,5,3,1,2,1,3,1,2,ok,244
434,1,7,3,user_creatures,oppo_4,user_creatures,user_creatures: log_only=['forest'] engine_only=['plains'],4,2,1,0,4,2,1,0,2,0,1,0,0,ok,178
435,1,6,1,user_hand,user_2,user_hand,user_hand: log_only=['forest'] engine_only=['slavering branchsnapper'],4,0,0,0,1,0,0,0,1,0,0,0,0,ok,133
436,1,9,2,oppo_life,user_3,oppo_life,oppo_life: log=17 engine=18,5,1,2,0,2,1,0,0,1,0,0,0,0,ok,234
437,1,7,1,user_hand,user_2,user_hand,user_hand: log_only=['wickerfolk thresher'] engine_only=['miasma demon'],5,0,1,0,1,0,0,0,1,0,0,0,0,ok,137
438,1,7,1,oppo_hand,oppo_2,oppo_hand,oppo_hand: log=6 engine=5,4,1,1,0,2,1,0,0,1,0,0,0,0,ok,156
439,1,5,2,oppo_life,user_3,oppo_life user_creatures oppo_hand,oppo_life: log=16 engine=17 ; user_creatures: log_only=['glimmer'] engine_only=[] ; oppo_hand: log=5 engine=6,4,2,1,0,2,2,2,0,0,0,2,0,0,ok,75
440,1,6,3,user_creatures,user_4,user_creatures user_noncreatures user_hand,"user_creatures: log_only=['mountain', 'spineseeker centipede'] engine_only=['grasping longneck'] ; user_noncreatures: log_only=[] engine_only=['treasure'] ; user_hand: log_only=['mountain'] engine_only=['spineseeker centipede']",6,3,0,0,3,3,4,0,0,0,4,0,1,ok,164
441,1,8,3,user_creatures,user_4,user_creatures,user_creatures: log_only=['island'] engine_only=['skullsnap nuisance'],6,2,1,0,3,2,0,1,1,0,0,1,0,ok,281
442,1,7,4,user_lands,user_5,user_lands user_creatures,user_lands: log_only=[] engine_only=['swamp'] ; user_creatures: log_only=['swamp'] engine_only=[],4,2,1,0,4,3,1,0,2,0,1,0,0,ok,175
443,1,8,7,user_creatures,user_8,user_creatures oppo_hand,user_creatures: log_only=[] engine_only=['glimmer'] ; oppo_hand: log=2 engine=3,4,3,2,2,6,3,0,1,3,0,0,1,1,ok,124
444,1,9,2,oppo_hand,oppo_3,oppo_hand,oppo_hand: log=3 engine=4,5,1,2,0,2,1,1,0,1,0,1,0,2,ok,239
445,1,8,3,user_creatures,user_4,user_creatures,user_creatures: log_only=['wary watchdog'] engine_only=[],5,3,2,0,3,3,1,0,0,0,1,0,1,ok,177
446,1,6,5,user_life,oppo_6,user_life user_creatures oppo_hand,user_life: log=-2 engine=5 ; user_creatures: log_only=[] engine_only=['glimmer'] ; oppo_hand: log=3 engine=4,4,4,0,0,5,5,6,0,2,0,6,0,4,ok,151
447,1,8,3,oppo_life,user_4,oppo_life user_creatures oppo_hand,oppo_life: log=18 engine=20 ; user_creatures: log_only=['entity tracker'] engine_only=[] ; oppo_hand: log=6 engine=7,4,0,1,0,3,0,0,0,3,0,0,0,0,ok,145
448,1,12,3,user_creatures,user_4,user_creatures,user_creatures: log_only=[] engine_only=['wickerfolk thresher'],8,2,4,0,3,2,0,0,1,0,0,0,0,ok,527
449,1,9,3,oppo_hand,oppo_4,oppo_hand,oppo_hand: log=4 engine=3,5,3,3,1,4,3,1,0,1,0,1,0,0,ok,204
450,1,6,2,oppo_hand,oppo_3,oppo_hand,oppo_hand: log=5 engine=6,3,1,1,0,3,1,0,0,2,0,0,0,1,ok,110
451,1,5,2,oppo_life,user_3,oppo_life,oppo_life: log=16 engine=17,3,1,0,0,2,1,0,0,1,0,0,0,0,ok,103
452,1,8,4,oppo_hand,oppo_5,oppo_hand,oppo_hand: log=0 engine=1,2,2,2,1,3,5,4,0,1,2,4,0,1,ok,162
453,1,15,3,user_hand,user_4,user_hand,user_hand: log_only=['swamp'] engine_only=['shroudstomper'],6,2,5,0,3,2,0,0,1,0,0,0,0,ok,518
454,1,5,3,oppo_life,user_4,oppo_life,oppo_life: log=17 engine=20,3,2,0,0,3,2,0,0,1,0,0,0,0,ok,65
455,1,7,4,oppo_life,user_5,oppo_life,oppo_life: log=10 engine=12,4,3,1,1,4,4,3,0,1,0,3,0,0,ok,140
456,1,12,2,oppo_life,user_3,oppo_life,oppo_life: log=17 engine=18,4,1,1,0,2,1,0,0,1,0,0,0,0,ok,319
457,1,9,3,oppo_hand,oppo_4,oppo_hand,oppo_hand: log=5 engine=4,7,3,1,0,3,3,2,1,0,0,2,1,0,ok,351
458,1,6,4,user_creatures,user_5,user_creatures,user_creatures: log_only=['break down the door'] engine_only=[],2,2,0,0,3,3,0,0,1,1,0,0,2,ok,140
459,1,10,3,oppo_hand,oppo_4,oppo_hand,oppo_hand: log=6 engine=5,5,0,3,0,2,0,0,0,2,0,0,0,1,ok,425
460,1,7,2,user_lands,user_3,user_lands user_hand,user_lands: log_only=['forest'] engine_only=[] ; user_hand: log_only=[] engine_only=['slavering branchsnapper'],4,1,1,0,2,1,0,0,1,0,0,0,1,ok,143
461,1,8,2,user_creatures,oppo_3,user_creatures,user_creatures: log_only=[] engine_only=['wildfire wickerfolk'],5,1,1,0,2,1,1,0,1,0,1,0,0,ok,215
462,1,9,2,oppo_life,user_3,oppo_life,oppo_life: log=16 engine=17,5,2,2,0,2,2,2,0,0,0,2,0,0,ok,346
463,1,7,3,user_life,oppo_4,user_life,user_life: log=16 engine=18,2,1,2,1,2,2,1,0,1,0,1,0,0,ok,119
464,1,6,2,user_life,oppo_3,user_life,user_life: log=18 engine=17,4,1,1,0,2,1,0,0,1,0,0,0,0,ok,167
465,1,8,0,oppo_hand,user_1,oppo_hand,oppo_hand: log=5 engine=6,7,0,1,0,0,0,0,0,0,0,0,0,0,ok,256
466,1,9,4,user_hand,oppo_5,user_hand,"user_hand: log_only=['emerge from the cocoon', 'swamp'] engine_only=['fear of abduction', 'plains']",6,3,3,1,4,3,1,0,1,0,1,0,0,ok,285
467,1,7,2,user_hand,oppo_3,user_hand,user_hand: log_only=['forest'] engine_only=['slavering branchsnapper'],4,0,1,0,2,0,0,0,2,0,0,0,0,ok,144
468,1,9,4,oppo_hand,oppo_5,oppo_hand,oppo_hand: log=4 engine=3,6,3,1,0,4,3,0,0,1,0,0,0,1,ok,402
469,1,9,3,user_lands,user_4,user_lands user_creatures,"user_lands: log_only=['plains'] engine_only=[] ; user_creatures: log_only=['rip, spawn hunter'] engine_only=[]",5,2,2,0,3,2,2,0,1,0,2,0,1,ok,200
470,1,13,4,user_creatures,user_5,user_creatures user_hand,user_creatures: log_only=['mirror room'] engine_only=['moldering gym'] ; user_hand: log_only=['moldering gym'] engine_only=['tunnel surveyor'],7,3,2,0,4,3,1,2,1,0,1,2,0,ok,396
471,1,9,1,user_hand,oppo_2,user_hand,user_hand: log_only=['island'] engine_only=['daggermaw megalodon'],6,0,1,0,2,0,0,0,2,0,0,0,0,ok,282
472,1,12,2,user_creatures,oppo_3,user_creatures oppo_hand,user_creatures: log_only=[] engine_only=['twitching doll'] ; oppo_hand: log=3 engine=4,7,1,1,0,2,1,0,0,1,0,0,0,1,ok,271
473,1,9,4,oppo_life,oppo_5,oppo_life user_noncreatures,oppo_life: log=20 engine=18 ; user_noncreatures: log_only=[] engine_only=['cracked skull'],7,4,3,1,4,6,3,0,0,0,3,0,0,ok,280
474,1,6,3,user_lands,user_4,user_lands user_creatures user_hand,user_lands: log_only=['plains'] engine_only=[] ; user_creatures: log_only=['splitskin doll'] engine_only=[] ; user_hand: log_only=[] engine_only=['splitskin doll'],5,2,0,0,3,2,1,0,1,0,1,0,2,ok,199
475,1,11,5,user_creatures,oppo_6,user_creatures,user_creatures: log_only=[] engine_only=['oblivious bookworm'],6,3,2,0,5,3,0,1,2,0,0,1,0,ok,470
476,1,8,3,oppo_life,user_4,oppo_life user_hand,oppo_life: log=16 engine=14 ; user_hand: log_only=[] engine_only=['ragged playmate'],5,2,1,0,3,2,1,0,1,0,1,0,3,ok,240
477,1,8,1,user_hand,user_2,user_hand,user_hand: log_only=['the swarmweaver'] engine_only=['mountain'],6,0,0,0,1,0,0,0,1,0,0,0,0,ok,240
478,1,8,2,oppo_hand,oppo_3,oppo_hand,oppo_hand: log=4 engine=3,6,2,0,0,3,2,0,1,1,0,0,1,0,ok,256
479,1,9,6,user_life,oppo_7,user_life user_hand oppo_hand,user_life: log=12 engine=9 ; user_hand: log_only=[] engine_only=['drag to the roots'] ; oppo_hand: log=1 engine=3,4,4,3,1,6,5,0,1,2,0,0,1,5,ok,234
480,1,8,4,user_life,oppo_5,user_life oppo_life oppo_hand,user_life: log=18 engine=20 ; oppo_life: log=25 engine=23 ; oppo_hand: log=4 engine=3,2,2,1,0,4,2,1,0,2,0,1,0,0,ok,189
481,1,13,2,user_hand,oppo_3,user_hand,user_hand: log_only=['swamp'] engine_only=['spectral snatcher'],8,0,3,0,2,0,0,0,2,0,0,0,0,ok,381
482,1,10,1,user_hand,user_2,user_hand,user_hand: log_only=['mountain'] engine_only=['plains'],8,1,0,0,1,1,1,0,0,0,1,0,0,ok,254
483,1,8,4,user_creatures,user_5,user_creatures user_noncreatures user_hand,user_creatures: log_only=['overlord of the floodpits'] engine_only=[] ; user_noncreatures: log_only=[] engine_only=['overlord of the floodpits'] ; user_hand: log_only=['moldering gym'] engine_only=['lakeside shack'],5,2,3,0,4,2,0,2,2,0,0,2,0,ok,162
484,1,6,2,user_lands,user_3,user_lands user_hand,user_lands: log_only=['forest'] engine_only=[] ; user_hand: log_only=[] engine_only=['slavering branchsnapper'],3,1,1,0,2,1,0,0,1,0,0,0,1,ok,120
485,1,7,2,user_hand,user_3,user_hand,user_hand: log_only=['under the skin'] engine_only=['growing dread'],5,1,0,0,2,1,0,0,1,0,0,0,0,ok,157
486,1,6,4,oppo_hand,oppo_5,oppo_hand,oppo_hand: log=2 engine=4,5,4,2,2,5,5,5,0,1,0,5,0,5,ok,106
487,1,7,2,user_creatures,user_3,user_creatures,user_creatures: log_only=['innocuous rat'] engine_only=['piggy bank'],6,1,1,0,2,1,0,0,1,0,0,0,0,ok,173
488,1,9,4,user_creatures,oppo_5,user_creatures user_hand oppo_hand,user_creatures: log_only=['floodpits drowner'] engine_only=['stalked researcher'] ; user_hand: log_only=[] engine_only=['floodpits drowner'] ; oppo_hand: log=2 engine=3,7,3,3,1,4,3,0,0,1,0,0,0,3,ok,348
489,1,12,2,user_life,oppo_3,user_life,user_life: log=18 engine=19,5,1,2,0,2,1,0,0,1,0,0,0,0,ok,611
490,1,11,3,user_creatures,user_4,user_creatures user_hand,user_creatures: log_only=['patchwork beastie'] engine_only=[] ; user_hand: log_only=['insidious fungus'] engine_only=['fear of being hunted'],7,2,1,0,3,2,4,0,1,0,4,0,1,ok,598
491,1,10,7,user_creatures,user_8,user_creatures,user_creatures: log_only=['fear of surveillance'] engine_only=['acrobatic cheerleader'],6,4,1,1,4,6,6,0,1,1,6,0,1,ok,417
492,1,6,2,oppo_life,user_3,oppo_life,oppo_life: log=9 engine=18,3,1,1,0,2,1,0,1,1,0,0,1,0,ok,116
493,1,11,6,user_creatures,oppo_7,user_creatures oppo_hand,user_creatures: log_only=[] engine_only=['omnivorous flytrap'] ; oppo_hand: log=3 engine=4,6,4,2,1,6,4,0,0,2,0,0,0,4,ok,320
494,1,9,4,user_creatures,oppo_5,user_creatures user_hand,"user_creatures: log_only=[] engine_only=['glimmer'] ; user_hand: log_only=['most valuable slayer', 'plains'] engine_only=['forest', 'island']",5,2,2,0,4,2,0,1,2,0,0,1,1,ok,211
495,1,8,3,oppo_life,user_4,oppo_life user_creatures user_hand,"oppo_life: log=20 engine=22 ; user_creatures: log_only=['gremlin', 'razorkin hordecaller'] engine_only=[] ; user_hand: log_only=[] engine_only=['razorkin hordecaller']",5,2,1,0,3,2,0,0,1,0,0,0,3,ok,160
496,1,7,4,user_life,oppo_5,user_life,user_life: log=10 engine=11,6,4,1,0,4,4,4,0,0,0,4,0,0,ok,197
497,1,9,4,user_lands,user_5,user_lands user_hand,user_lands: log_only=['plains'] engine_only=[] ; user_hand: log_only=[] engine_only=['shepherding spirits'],6,3,3,1,4,3,1,0,1,0,1,0,2,ok,195
498,1,6,4,user_life,oppo_5,user_life oppo_life,user_life: log=9 engine=11 ; oppo_life: log=20 engine=16,2,2,0,0,3,2,0,0,1,0,0,0,0,ok,95
499,1,8,5,oppo_hand,oppo_6,oppo_hand,oppo_hand: log=2 engine=3,5,4,1,0,5,5,0,0,1,0,0,0,2,ok,250
500,1,5,4,user_hand,user_5,user_hand,user_hand: log_only=['island'] engine_only=['bleeding woods'],4,3,0,0,4,3,3,0,1,0,3,0,0,ok,1194
501,1,9,4,user_creatures,user_5,user_creatures,user_creatures: log_only=['glimmer'] engine_only=[],7,4,0,0,4,5,4,0,0,0,4,0,0,ok,988
502,1,10,4,user_hand,oppo_5,user_hand,"user_hand: log_only=['creeping peeper', 'fear of falling'] engine_only=['conductive machete', 'trapped in the screen']",5,2,0,0,4,3,2,0,2,0,2,0,0,ok,1003
503,1,8,1,user_hand,user_2,user_hand,user_hand: log_only=['growing dread'] engine_only=['vanish from sight'],5,1,1,0,1,1,0,0,0,0,0,0,0,ok,610
504,1,14,3,oppo_life,user_4,oppo_life,oppo_life: log=17 engine=16,7,2,4,1,3,3,1,0,1,0,1,0,0,ok,1056
505,1,7,1,oppo_life,user_2,oppo_life user_hand,oppo_life: log=17 engine=20 ; user_hand: log_only=['spineseeker centipede'] engine_only=['terramorphic expanse'],6,1,1,0,1,1,0,0,0,0,0,0,1,ok,272
506,1,6,1,user_hand,user_2,user_hand,user_hand: log_only=['fanatic of the harrowing'] engine_only=['shroudstomper'],4,0,2,0,1,0,0,0,1,0,0,0,0,ok,161
507,1,7,5,user_life,oppo_6,user_life oppo_hand,user_life: log=10 engine=12 ; oppo_hand: log=3 engine=5,3,3,0,0,4,3,0,0,1,0,0,0,2,ok,212
508,1,6,2,user_creatures,oppo_3,user_creatures user_noncreatures user_hand,user_creatures: log_only=['cryptid inspector'] engine_only=[] ; user_noncreatures: log_only=['growing dread'] engine_only=[] ; user_hand: log_only=[] engine_only=['growing dread'],2,1,0,0,2,1,0,0,1,0,0,0,0,ok,150
509,1,9,2,user_hand,oppo_3,user_hand,user_hand: log_only=['mountain'] engine_only=['bedhead beastie'],4,0,2,0,2,0,0,0,2,0,0,0,0,ok,450
510,1,10,0,oppo_hand,user_1,oppo_hand,oppo_hand: log=5 engine=6,5,0,5,0,0,0,0,0,0,0,0,0,0,ok,384
511,1,8,2,user_hand,user_3,user_hand,user_hand: log_only=['mountain'] engine_only=['raucous carnival'],6,1,0,0,2,1,0,0,1,0,0,0,0,ok,407
512,1,15,1,user_hand,oppo_2,user_hand,user_hand: log_only=['forest'] engine_only=['slavering branchsnapper'],6,0,2,0,2,0,0,0,2,0,0,0,0,ok,565
513,1,9,2,user_life,oppo_3,user_life,user_life: log=17 engine=18,8,2,0,0,2,2,1,0,0,0,1,0,0,ok,324
514,1,9,4,user_noncreatures,user_5,user_noncreatures,user_noncreatures: log_only=['glassworks'] engine_only=['nowhere to run'],8,4,0,0,4,4,3,0,0,0,3,0,1,ok,407
515,1,10,4,user_creatures,user_5,user_creatures oppo_hand,user_creatures: log_only=[] engine_only=['irreverent gremlin'] ; oppo_hand: log=2 engine=3,5,2,1,0,3,3,1,0,1,1,1,0,0,ok,365
516,1,10,3,user_creatures,user_4,user_creatures user_hand,user_creatures: log_only=['wary watchdog'] engine_only=[] ; user_hand: log_only=[] engine_only=['wary watchdog'],5,2,1,1,3,2,0,0,1,0,0,0,1,ok,271
517,1,11,3,user_hand,oppo_4,user_hand,user_hand: log_only=['seized from slumber'] engine_only=['shepherding spirits'],3,0,3,0,4,0,0,0,4,0,0,0,0,ok,400
518,1,8,6,oppo_life,user_7,oppo_life,oppo_life: log=5 engine=6,5,4,2,1,5,5,4,0,1,1,4,0,1,ok,245
519,1,5,4,oppo_hand,oppo_5,oppo_hand,oppo_hand: log=8 engine=7,3,3,0,0,4,3,2,0,1,0,2,0,0,ok,93
520,1,10,1,user_hand,user_2,user_hand,user_hand: log_only=['meat locker'] engine_only=['vanish from sight'],8,1,1,0,1,1,0,0,0,0,0,0,0,ok,479
521,1,6,2,user_hand,user_3,user_hand,user_hand: log_only=['island'] engine_only=['forest'],4,0,1,0,2,0,0,0,2,0,0,0,0,ok,274
522,1,3,1,oppo_life,user_2,oppo_life,oppo_life: log=18 engine=19,3,1,0,0,1,1,0,0,0,0,0,0,0,ok,81
523,1,7,4,user_life,oppo_5,user_life,user_life: log=16 engine=14,5,3,2,0,4,3,0,1,1,0,0,1,0,ok,289
524,1,11,2,user_hand,user_3,user_hand,user_hand: log_only=['plains'] engine_only=['the jolly balloon man'],4,1,2,0,2,1,0,0,1,0,0,0,0,ok,384
525,1,6,3,user_lands,user_4,user_lands user_hand,"user_lands: log_only=['plains'] engine_only=[] ; user_hand: log_only=['arabella, abandoned doll'] engine_only=['impossible inferno', 'plains']",5,2,1,0,3,2,1,0,1,0,1,0,1,ok,116
526,1,7,5,user_life,oppo_6,user_life,user_life: log=2 engine=5,4,3,0,0,4,4,1,0,2,0,1,0,2,ok,219
527,1,8,4,user_hand,user_5,user_hand,user_hand: log_only=['plains'] engine_only=[],5,4,1,0,4,5,2,1,0,0,2,1,0,ok,302
528,1,10,3,user_life,user_4,user_life,user_life: log=20 engine=22,4,1,2,0,2,2,1,0,1,1,1,0,0,ok,408
529,1,8,2,user_hand,oppo_3,user_hand oppo_hand,user_hand: log_only=['island'] engine_only=['daggermaw megalodon'] ; oppo_hand: log=4 engine=5,6,1,0,0,3,1,0,0,2,0,0,0,0,ok,294
530,1,5,2,user_hand,user_3,user_hand,user_hand: log_only=['defiant survivor'] engine_only=['bashful beastie'],2,1,0,0,2,1,0,0,1,0,0,0,0,ok,121
531,1,7,1,user_hand,user_2,user_hand,"user_hand: log_only=['meat locker'] engine_only=['forest', 'monstrous emergence']",6,1,1,0,1,1,0,0,0,0,0,0,0,ok,241
532,1,6,4,user_life,oppo_5,user_life user_creatures user_hand oppo_hand,user_life: log=6 engine=8 ; user_creatures: log_only=[] engine_only=['irreverent gremlin'] ; user_hand: log_only=['irreverent gremlin'] engine_only=[] ; oppo_hand: log=5 engine=3,4,3,0,0,4,4,1,0,1,0,1,0,4,ok,229
533,1,5,3,user_life,oppo_4,user_life,user_life: log=16 engine=18,1,1,0,0,3,2,0,0,2,1,0,0,0,ok,77
534,1,8,2,oppo_life,user_3,oppo_life,oppo_life: log=18 engine=19,5,1,0,0,2,1,0,0,1,0,0,0,0,ok,283
535,1,9,4,oppo_hand,oppo_5,oppo_hand,oppo_hand: log=3 engine=4,6,3,1,1,4,4,5,0,1,0,5,0,6,ok,258
536,1,10,2,oppo_life,user_3,oppo_life user_creatures,"oppo_life: log=16 engine=18 ; user_creatures: log_only=['norin, swift survivalist'] engine_only=[]",5,1,2,0,2,1,1,0,1,0,1,0,0,ok,279
537,1,7,2,user_lands,user_3,user_lands user_hand,"user_lands: log_only=['mountain'] engine_only=[] ; user_hand: log_only=['glassworks'] engine_only=['mountain', 'unsettling twins']",5,1,0,0,2,1,0,0,1,0,0,0,1,ok,257
538,1,12,4,user_creatures,user_5,user_creatures,user_creatures: log_only=[] engine_only=['floodpits drowner'],6,2,3,0,4,2,1,0,2,0,1,0,0,ok,542
539,1,6,5,user_life,oppo_6,user_life user_creatures user_hand,"user_life: log=0 engine=-1 ; user_creatures: log_only=['unsettling twins'] engine_only=[] ; user_hand: log_only=['fear of burning alive', 'jump scare', 'violent urge'] engine_only=[]",3,3,2,1,5,3,2,0,2,0,2,0,0,ok,157
540,1,10,2,oppo_hand,user_3,oppo_hand,oppo_hand: log=5 engine=4,4,1,1,0,2,1,0,0,1,0,0,0,0,ok,204
541,1,5,5,,,,,3,3,1,1,5,3,4,0,2,0,4,0,0,ok,86
542,1,7,4,user_creatures,user_5,user_creatures,user_creatures: log_only=['dashing bloodsucker'] engine_only=[],4,3,2,1,4,3,0,0,1,0,0,0,0,ok,174
543,1,9,2,oppo_life,user_3,oppo_life,oppo_life: log=17 engine=18,4,1,0,0,2,1,0,0,1,0,0,0,0,ok,322
544,1,9,5,user_creatures,oppo_6,user_creatures user_noncreatures user_hand oppo_hand,"user_creatures: log_only=['gremlin'] engine_only=[] ; user_noncreatures: log_only=[""shardmage's rescue""] engine_only=[] ; user_hand: log_only=[] engine_only=[""shardmage's rescue""] ; oppo_hand: log=0 engine=1",7,4,0,0,5,4,0,1,1,0,0,1,1,ok,375
545,1,9,3,user_life,user_4,user_life oppo_life user_creatures,"user_life: log=23 engine=20 ; oppo_life: log=15 engine=18 ; user_creatures: log_only=['gremlin', 'gremlin', 'gremlin'] engine_only=[]",5,2,3,1,3,3,1,0,1,0,1,0,1,ok,230
546,1,6,4,oppo_life,user_5,oppo_life user_lands user_creatures user_noncreatures,oppo_life: log=13 engine=18 ; user_lands: log_only=['swamp'] engine_only=[] ; user_creatures: log_only=['hedge shredder'] engine_only=[] ; user_noncreatures: log_only=[] engine_only=['hedge shredder'],5,3,2,0,4,3,2,0,1,0,2,0,1,ok,148
547,1,9,6,oppo_hand,oppo_7,oppo_hand,oppo_hand: log=3 engine=1,4,2,2,0,4,4,3,3,2,2,3,3,1,ok,225
548,1,11,3,user_creatures,user_4,user_creatures,"user_creatures: log_only=['defiant survivor', 'patchwork beastie'] engine_only=[]",6,3,3,0,3,3,1,0,0,0,1,0,0,ok,242
549,1,7,1,user_creatures,oppo_2,user_creatures,user_creatures: log_only=[] engine_only=['hand that feeds'],4,1,0,0,2,1,0,0,1,0,0,0,0,ok,218
550,1,12,3,user_life,oppo_4,user_life,user_life: log=14 engine=15,8,2,1,1,4,2,0,0,2,0,0,0,0,ok,344
551,1,9,6,user_creatures,user_7,user_creatures,user_creatures: log_only=['resurrected cultist'] engine_only=[],5,4,0,0,5,6,3,2,1,1,3,2,0,ok,208
552,1,10,3,oppo_hand,oppo_4,oppo_hand,oppo_hand: log=2 engine=4,4,2,2,0,3,2,0,0,1,0,0,0,3,ok,316
553,1,7,2,user_creatures,user_3,user_creatures,"user_creatures: log_only=['norin, swift survivalist'] engine_only=[]",5,2,1,0,2,2,1,0,0,0,1,0,1,ok,226
554,1,7,5,oppo_life,user_6,oppo_life,oppo_life: log=11 engine=13,5,5,0,0,5,7,2,0,0,0,2,0,0,ok,218
555,1,12,2,user_lands,user_3,user_lands user_noncreatures user_hand,user_lands: log_only=['forest'] engine_only=[] ; user_noncreatures: log_only=[] engine_only=['growing dread'] ; user_hand: log_only=['growing dread'] engine_only=['forest'],6,0,2,0,2,0,0,0,2,0,0,0,0,ok,709
556,1,10,1,user_creatures,user_2,user_creatures oppo_hand,user_creatures: log_only=[] engine_only=['wildfire wickerfolk'] ; oppo_hand: log=5 engine=6,5,0,2,0,1,0,0,0,1,0,0,0,1,ok,209
557,1,7,3,user_life,oppo_4,user_life,user_life: log=14 engine=16,3,1,0,0,2,2,0,0,1,1,0,0,0,ok,177
558,1,11,3,user_creatures,user_4,user_creatures,user_creatures: log_only=['spineseeker centipede'] engine_only=[],6,2,5,0,3,2,1,0,1,0,1,0,0,ok,371
559,1,10,1,oppo_hand,user_2,oppo_hand,oppo_hand: log=6 engine=5,6,0,0,0,1,0,0,0,1,0,0,0,0,ok,393
560,1,9,2,oppo_life,user_3,oppo_life user_creatures,oppo_life: log=17 engine=15 ; user_creatures: log_only=['clockwork percussionist'] engine_only=['wary watchdog'],6,2,2,0,2,2,2,0,0,0,2,0,1,ok,230
561,1,8,2,user_hand,oppo_3,user_hand,user_hand: log_only=['swamp'] engine_only=['spectral snatcher'],5,1,1,0,2,1,2,0,1,0,2,0,0,ok,200
562,1,7,2,user_creatures,user_3,user_creatures user_hand oppo_hand,user_creatures: log_only=['mountain'] engine_only=[] ; user_hand: log_only=[] engine_only=['unnerving grasp'] ; oppo_hand: log=5 engine=4,5,1,0,0,2,1,0,0,1,0,0,0,1,ok,171
563,1,10,3,user_creatures,oppo_4,user_creatures,"user_creatures: log_only=[] engine_only=[""valgavoth's lair""]",5,1,2,0,3,1,1,0,2,0,1,0,0,ok,195
564,1,8,3,user_creatures,oppo_4,user_creatures,user_creatures: log_only=['fear of surveillance'] engine_only=['living phone'],4,2,0,0,3,2,1,0,1,0,1,0,0,ok,268
565,1,6,3,user_life,oppo_4,user_life oppo_hand,user_life: log=17 engine=20 ; oppo_hand: log=4 engine=3,4,2,0,0,3,2,0,0,1,0,0,0,0,ok,131
566,1,8,2,user_lands,oppo_3,user_lands user_hand,user_lands: log_only=['bleeding woods'] engine_only=[] ; user_hand: log_only=['bashful beastie'] engine_only=['bleeding woods'],5,1,0,0,2,1,0,0,1,0,0,0,0,ok,232
567,1,11,3,user_creatures,oppo_4,user_creatures oppo_hand,user_creatures: log_only=[] engine_only=['glimmer'] ; oppo_hand: log=2 engine=3,5,3,3,1,4,3,1,0,1,0,1,0,2,ok,425
568,1,9,2,user_hand,user_3,user_hand,user_hand: log_only=['turn inside out'] engine_only=['ticket booth'],6,1,2,0,2,1,0,0,1,0,0,0,0,ok,277
569,1,9,2,user_hand,oppo_3,user_hand,"user_hand: log_only=[""duskmourn's domination""] engine_only=['vanish from sight']",5,2,0,0,3,2,1,0,1,0,1,0,0,ok,288
570,1,8,2,user_lands,user_3,user_lands user_hand,user_lands: log_only=['plains'] engine_only=[] ; user_hand: log_only=[] engine_only=['shepherding spirits'],4,1,2,0,2,1,0,0,1,0,0,0,1,ok,167
571,1,9,4,user_hand,oppo_5,user_hand,"user_hand: log_only=['stay hidden, stay silent'] engine_only=['break down the door']",7,3,2,0,4,3,0,0,1,0,0,0,0,ok,434
572,1,9,4,oppo_life,user_5,oppo_life,oppo_life: log=11 engine=10,6,4,1,0,4,4,8,0,0,0,8,0,0,ok,194
573,1,9,4,oppo_hand,oppo_5,oppo_hand,oppo_hand: log=7 engine=5,8,3,2,0,4,3,1,0,1,0,1,0,1,ok,499
574,1,11,1,user_hand,user_2,user_hand,user_hand: log_only=['fear of isolation'] engine_only=[],6,0,2,0,1,0,0,0,1,0,0,0,0,ok,344
575,1,7,3,user_noncreatures,oppo_4,user_noncreatures user_hand,user_noncreatures: log_only=[] engine_only=['keys to the house'] ; user_hand: log_only=['plains'] engine_only=[],5,2,1,0,3,2,0,0,1,0,0,0,1,ok,223
576,1,11,6,user_creatures,user_7,user_creatures user_noncreatures,user_creatures: log_only=['gremlin'] engine_only=[] ; user_noncreatures: log_only=['unidentified hovership'] engine_only=[],4,3,2,0,6,3,3,0,3,0,3,0,1,ok,292
577,1,8,2,user_creatures,oppo_3,user_creatures user_hand,"user_creatures: log_only=['glimmer'] engine_only=[] ; user_hand: log_only=['island', 'mountain'] engine_only=['glimmerburst']",6,2,2,0,3,2,1,0,1,0,1,0,1,ok,199
578,1,6,3,oppo_life,user_4,oppo_life user_lands,oppo_life: log=7 engine=8 ; user_lands: log_only=['swamp'] engine_only=[],4,2,2,0,3,2,2,0,1,0,2,0,2,ok,138
579,1,14,2,user_hand,user_3,user_hand,user_hand: log_only=['scorching dragonfire'] engine_only=['mountain'],7,1,5,1,2,1,0,0,1,0,0,0,0,ok,874
580,1,8,2,user_lands,user_3,user_lands user_creatures user_hand,user_lands: log_only=['plains'] engine_only=[] ; user_creatures: log_only=[] engine_only=['veteran survivor'] ; user_hand: log_only=['veteran survivor'] engine_only=['plains'],5,1,0,0,2,1,0,0,1,0,0,0,1,ok,236
581,1,7,2,oppo_life,user_3,oppo_life,oppo_life: log=16 engine=18,3,1,0,0,2,1,0,0,1,0,0,0,0,ok,156
582,1,10,1,user_hand,user_2,user_hand,user_hand: log_only=['tunnel surveyor'] engine_only=['fear of isolation'],5,0,0,0,1,0,0,0,1,0,0,0,0,ok,455
583,1,9,2,user_hand,user_3,user_hand,user_hand: log_only=['unable to scream'] engine_only=['floodpits drowner'],8,1,2,0,2,1,0,0,1,0,0,0,0,ok,426
584,1,6,4,oppo_hand,oppo_5,oppo_hand,oppo_hand: log=8 engine=7,4,3,0,0,4,3,2,0,1,0,2,0,0,ok,89
585,1,10,4,oppo_life,user_5,oppo_life,oppo_life: log=11 engine=12,4,2,4,1,3,3,3,0,1,1,3,0,0,ok,468
586,1,7,1,user_hand,user_2,user_hand,user_hand: log_only=['fear of exposure'] engine_only=['cryptid inspector'],6,0,1,0,1,0,0,0,1,0,0,0,0,ok,314
587,1,7,3,user_life,oppo_4,user_life,user_life: log=16 engine=17,6,3,0,0,3,3,1,0,0,0,1,0,0,ok,220
588,1,11,3,oppo_hand,oppo_4,oppo_hand,oppo_hand: log=5 engine=6,6,1,1,0,3,1,0,0,2,0,0,0,2,ok,460
589,1,6,5,oppo_hand,oppo_6,oppo_hand,oppo_hand: log=0 engine=1,2,2,0,0,4,3,0,0,2,1,0,0,2,ok,167
590,1,11,3,user_noncreatures,user_4,user_noncreatures user_hand,user_noncreatures: log_only=['roaring furnace'] engine_only=[] ; user_hand: log_only=['balustrade wurm'] engine_only=['roaring furnace'],8,2,1,0,3,2,0,0,1,0,0,0,1,ok,414
591,1,7,4,oppo_life,oppo_5,oppo_life oppo_hand,oppo_life: log=17 engine=14 ; oppo_hand: log=3 engine=4,5,4,0,0,4,4,3,0,0,0,3,0,2,ok,205
592,1,9,2,oppo_life,user_3,oppo_life user_creatures,oppo_life: log=20 engine=16 ; user_creatures: log_only=[] engine_only=['fear of being hunted'],6,0,2,0,2,0,0,0,2,0,0,0,1,ok,172
593,1,7,4,oppo_life,user_5,oppo_life,oppo_life: log=11 engine=12,4,3,1,0,4,4,0,0,1,0,0,0,0,ok,139
594,1,9,4,user_life,user_5,user_life,user_life: log=22 engine=20,6,3,3,1,4,4,1,0,1,0,1,0,1,ok,312
595,1,8,4,user_noncreatures,user_5,user_noncreatures,user_noncreatures: log_only=['unable to scream'] engine_only=[],2,1,1,0,4,1,0,0,3,0,0,0,0,ok,207
596,1,9,3,user_life,oppo_4,user_life user_creatures,user_life: log=14 engine=15 ; user_creatures: log_only=[] engine_only=['acrobatic cheerleader'],2,2,0,0,3,2,1,0,1,0,1,0,0,ok,221
597,1,7,2,user_lands,user_3,user_lands user_hand,user_lands: log_only=['mountain'] engine_only=[] ; user_hand: log_only=[] engine_only=['bedhead beastie'],4,2,1,0,2,2,1,0,0,0,1,0,1,ok,150
598,1,14,3,user_hand,user_4,user_hand oppo_hand,user_hand: log_only=['vanish from sight'] engine_only=[] ; oppo_hand: log=4 engine=5,8,1,3,0,3,1,0,0,2,0,0,0,2,ok,535
599,1,10,5,user_creatures,oppo_6,user_creatures,user_creatures: log_only=['glimmer'] engine_only=['splitskin doll'],7,3,0,0,5,4,0,0,2,0,0,0,0,ok,417
600,1,5,4,user_creatures,user_5,user_creatures,user_creatures: log_only=['ghostly dancers'] engine_only=[],3,3,0,0,4,3,2,0,1,0,2,0,0,ok,987
601,1,9,2,user_creatures,user_3,user_creatures user_hand,user_creatures: log_only=['wary watchdog'] engine_only=[] ; user_hand: log_only=[] engine_only=['wary watchdog'],5,1,1,0,2,1,0,0,1,0,0,0,1,ok,753
602,1,7,3,oppo_life,user_4,oppo_life user_creatures,oppo_life: log=20 engine=17 ; user_creatures: log_only=[] engine_only=['fear of impostors'],3,1,0,0,3,1,0,0,2,0,0,0,1,ok,434
603,1,12,5,user_life,oppo_6,user_life user_creatures user_hand,user_life: log=16 engine=12 ; user_creatures: log_only=['appendage amalgam'] engine_only=[] ; user_hand: log_only=[] engine_only=['appendage amalgam'],4,2,2,1,5,3,0,2,3,0,0,2,0,ok,714
604,1,9,2,user_life,oppo_3,user_life,user_life: log=17 engine=20,5,2,1,0,3,2,0,0,1,0,0,0,0,ok,856
605,1,7,1,user_creatures,user_2,user_creatures,user_creatures: log_only=['forest'] engine_only=['tunnel surveyor'],4,0,1,0,1,0,0,0,1,0,0,0,0,ok,700
606,1,5,3,oppo_hand,oppo_4,oppo_hand,oppo_hand: log=1 engine=2,4,2,2,0,3,2,1,0,1,0,1,0,1,ok,310
607,1,8,4,user_creatures,oppo_5,user_creatures,user_creatures: log_only=[] engine_only=['insidious fungus'],4,2,3,2,4,3,0,0,2,0,0,0,0,ok,335
608,1,7,3,oppo_life,user_4,oppo_life,oppo_life: log=16 engine=17,6,3,0,0,3,3,1,0,0,0,1,0,0,ok,329
609,1,8,3,oppo_life,user_4,oppo_life,oppo_life: log=14 engine=13,5,3,1,0,3,3,2,0,0,0,2,0,0,ok,494
610,1,15,2,user_hand,oppo_3,user_hand,user_hand: log_only=[] engine_only=['get out'],2,0,3,0,2,0,0,0,2,0,0,0,1,ok,617
611,1,6,2,user_hand,user_3,user_hand,user_hand: log_only=['mountain'] engine_only=[],4,1,2,1,2,2,2,0,1,0,2,0,0,ok,199
612,1,12,2,user_lands,user_3,user_lands user_hand,user_lands: log_only=['mountain'] engine_only=[] ; user_hand: log_only=[] engine_only=['mountain'],7,1,3,0,2,1,0,0,1,0,0,0,1,ok,547
613,1,10,5,oppo_life,user_6,oppo_life,oppo_life: log=12 engine=13,6,4,0,0,5,4,5,0,1,0,5,0,0,ok,395
614,1,6,3,user_creatures,user_4,user_creatures,user_creatures: log_only=['wary watchdog'] engine_only=['mountain'],4,2,0,0,3,2,1,0,1,0,1,0,0,ok,216
615,1,12,3,oppo_hand,user_4,oppo_hand,oppo_hand: log=5 engine=6,7,2,2,0,3,2,1,0,1,0,1,0,0,ok,469
616,1,7,4,user_lands,user_5,user_lands user_hand,user_lands: log_only=['forest'] engine_only=[] ; user_hand: log_only=[] engine_only=['slavering branchsnapper'],5,3,1,0,4,3,1,0,1,0,1,0,1,ok,272
617,1,9,3,oppo_life,user_4,oppo_life,oppo_life: log=16 engine=17,5,2,0,0,3,2,1,0,1,0,1,0,0,ok,345
618,1,13,2,user_hand,user_3,user_hand,user_hand: log_only=['slavering branchsnapper'] engine_only=['swamp'],7,1,3,0,2,1,0,0,1,0,0,0,0,ok,546
619,1,13,2,user_hand,oppo_3,user_hand,user_hand: log_only=['forest'] engine_only=['slavering branchsnapper'],5,0,4,0,2,0,0,0,2,0,0,0,0,ok,627
620,1,8,2,user_creatures,oppo_3,user_creatures user_hand,user_creatures: log_only=['piggy bank'] engine_only=['erratic apparition'] ; user_hand: log_only=['erratic apparition'] engine_only=['piggy bank'],6,2,0,0,3,2,1,0,1,0,1,0,0,ok,269
621,1,10,3,user_hand,user_4,user_hand,user_hand: log_only=['forest'] engine_only=['spineseeker centipede'],4,1,1,0,3,1,0,0,2,0,0,0,0,ok,637
622,1,11,1,user_hand,user_2,user_hand,user_hand: log_only=['emerge from the cocoon'] engine_only=['conductive machete'],6,0,2,0,1,0,0,0,1,0,0,0,0,ok,466
623,1,11,5,oppo_hand,oppo_6,oppo_hand,oppo_hand: log=2 engine=3,4,2,1,1,4,5,9,0,2,2,9,0,1,ok,423
624,1,7,2,user_creatures,user_3,user_creatures user_noncreatures user_hand,"user_creatures: log_only=['popular egotist', 'swamp'] engine_only=[] ; user_noncreatures: log_only=[] engine_only=['disturbing mirth'] ; user_hand: log_only=['mountain', 'popular egotist'] engine_only=['clockwork percussionist', 'spectral snatcher']",5,1,2,0,2,1,0,0,1,0,0,0,0,ok,302
625,1,10,3,oppo_life,user_4,oppo_life user_noncreatures,oppo_life: log=14 engine=13 ; user_noncreatures: log_only=[] engine_only=['sporogenic infection'],6,3,2,1,3,3,3,0,0,0,3,0,0,ok,329
626,1,9,1,user_lands,user_2,user_lands user_noncreatures user_hand,user_lands: log_only=['island'] engine_only=[] ; user_noncreatures: log_only=[] engine_only=['underwater tunnel'] ; user_hand: log_only=['underwater tunnel'] engine_only=['island'],7,1,0,0,1,1,0,0,0,0,0,0,0,ok,357
627,1,7,4,oppo_life,user_5,oppo_life user_lands user_creatures user_noncreatures,oppo_life: log=9 engine=8 ; user_lands: log_only=[] engine_only=['forest'] ; user_creatures: log_only=['forest'] engine_only=[] ; user_noncreatures: log_only=[] engine_only=['baseball bat'],5,3,1,1,4,4,2,0,1,0,2,0,0,ok,294
628,1,8,4,oppo_life,user_5,oppo_life oppo_hand,oppo_life: log=12 engine=16 ; oppo_hand: log=4 engine=5,6,3,0,0,4,3,0,1,1,0,0,1,3,ok,299
629,1,9,4,user_hand,oppo_5,user_hand,user_hand: log_only=['fear of immobility'] engine_only=['island'],5,3,0,0,4,3,1,1,1,0,1,1,0,ok,370
630,1,12,2,user_hand,oppo_3,user_hand oppo_hand,user_hand: log_only=['mountain'] engine_only=['bedhead beastie'] ; oppo_hand: log=3 engine=4,8,1,2,0,2,1,2,0,1,0,2,0,1,ok,278
631,1,8,3,oppo_life,user_4,oppo_life user_creatures,"oppo_life: log=17 engine=18 ; user_creatures: log_only=[] engine_only=['zimone, all-questioning']",5,2,1,0,3,2,1,0,1,0,1,0,4,ok,323
632,1,12,2,user_life,oppo_3,user_life,user_life: log=18 engine=19,7,2,1,0,2,2,2,0,0,0,2,0,0,ok,302
633,1,10,5,oppo_hand,oppo_6,oppo_hand,oppo_hand: log=4 engine=3,7,4,1,1,5,5,1,0,1,0,1,0,1,ok,607
634,1,9,2,user_hand,user_3,user_hand,user_hand: log_only=['mountain'] engine_only=['bashful beastie'],4,1,4,0,2,1,0,0,1,0,0,0,0,ok,291
635,1,10,2,oppo_hand,user_3,oppo_hand,oppo_hand: log=5 engine=6,7,1,3,0,2,1,0,0,1,0,0,0,0,ok,375
636,1,10,4,user_creatures,oppo_5,user_creatures user_hand,"user_creatures: log_only=[] engine_only=['glimmer'] ; user_hand: log_only=['bottomless pool', 'fear of surveillance'] engine_only=['entity tracker', 'terramorphic expanse']",5,3,1,0,5,3,1,0,2,0,1,0,1,ok,308
637,1,6,4,oppo_life,user_5,oppo_life user_creatures user_hand,"oppo_life: log=12 engine=13 ; user_creatures: log_only=['island'] engine_only=['rip, spawn hunter'] ; user_hand: log_only=['unsettling twins'] engine_only=['threats around every corner']",3,3,0,0,4,3,2,4,1,0,2,0,0,ok,152
638,1,7,4,user_creatures,user_5,user_creatures,user_creatures: log_only=['spirit'] engine_only=[],4,2,2,0,4,2,1,0,2,0,1,0,0,ok,202
639,1,8,4,oppo_hand,oppo_5,oppo_hand,oppo_hand: log=5 engine=4,3,2,0,0,5,2,3,0,3,0,3,0,0,ok,284
640,1,10,3,oppo_life,user_4,oppo_life,oppo_life: log=14 engine=12,7,2,0,0,3,2,1,0,1,0,1,0,0,ok,595
641,1,9,4,user_creatures,oppo_5,user_creatures,user_creatures: log_only=['unsettling twins'] engine_only=['fear of surveillance'],5,3,1,0,4,4,0,0,1,0,0,0,0,ok,301
642,1,9,4,user_hand,user_5,user_hand,user_hand: log_only=['roaring furnace'] engine_only=[],6,3,1,0,4,4,2,0,1,0,2,0,0,ok,292
643,1,10,4,oppo_life,user_5,oppo_life,oppo_life: log=17 engine=20,6,3,1,0,4,3,0,1,1,0,0,1,0,ok,459
644,1,8,2,user_creatures,oppo_3,user_creatures oppo_hand,user_creatures: log_only=[] engine_only=['piranha fly'] ; oppo_hand: log=3 engine=4,4,2,2,0,3,2,1,0,1,0,1,0,1,ok,186
645,1,6,3,oppo_life,user_4,oppo_life user_creatures oppo_hand,oppo_life: log=14 engine=11 ; user_creatures: log_only=[] engine_only=['shrewd storyteller'] ; oppo_hand: log=4 engine=5,5,3,0,0,3,3,1,0,0,0,1,0,1,ok,140
646,1,8,3,user_creatures,user_4,user_creatures,user_creatures: log_only=['murky sewer'] engine_only=[],4,3,1,0,3,3,0,0,0,0,0,0,0,ok,269
647,1,11,3,user_creatures,user_4,user_creatures,user_creatures: log_only=['plains'] engine_only=['savior of the small'],6,2,2,1,3,2,0,1,1,0,0,1,0,ok,488
648,1,8,3,oppo_life,oppo_4,oppo_life user_creatures,oppo_life: log=26 engine=24 ; user_creatures: log_only=[] engine_only=['hardened escort'],4,2,1,0,3,2,0,0,1,0,0,0,0,ok,212
649,1,9,3,user_creatures,user_4,user_creatures,user_creatures: log_only=['splitskin doll'] engine_only=[],5,2,2,1,3,3,1,0,1,0,1,0,0,ok,358
650,1,8,2,user_lands,user_3,user_lands user_hand,"user_lands: log_only=['mountain'] engine_only=[] ; user_hand: log_only=['turn inside out'] engine_only=['bashful beastie', 'mountain']",4,1,1,0,2,1,0,0,1,0,0,0,1,ok,154
651,1,8,3,oppo_life,user_4,oppo_life user_creatures oppo_hand,oppo_life: log=14 engine=11 ; user_creatures: log_only=[] engine_only=['unwilling vessel'] ; oppo_hand: log=4 engine=5,5,2,1,0,3,2,2,0,1,0,2,0,2,ok,290
652,1,15,4,user_creatures,user_5,user_creatures user_hand,user_creatures: log_only=['innocuous rat'] engine_only=[] ; user_hand: log_only=[] engine_only=['miasma demon'],8,2,3,1,4,3,0,0,2,0,0,0,1,ok,527
653,1,8,4,oppo_life,user_5,oppo_life user_creatures,oppo_life: log=16 engine=17 ; user_creatures: log_only=['spirit'] engine_only=[],5,3,0,0,4,3,1,0,1,0,1,0,0,ok,216
654,1,7,1,user_life,oppo_2,user_life,user_life: log=18 engine=19,4,0,0,0,1,0,0,0,1,0,0,0,0,ok,209
655,1,6,3,user_life,oppo_4,user_life,user_life: log=18 engine=20,3,3,1,0,4,3,0,1,1,0,0,1,0,ok,125
656,1,11,2,user_lands,user_3,user_lands user_hand,user_lands: log_only=['forest'] engine_only=[] ; user_hand: log_only=[] engine_only=['wickerfolk thresher'],5,1,3,0,2,1,0,0,1,0,0,0,1,ok,384
657,1,10,5,oppo_life,user_6,oppo_life,oppo_life: log=9 engine=12,5,4,0,0,5,5,4,0,1,0,4,0,0,ok,270
658,1,11,7,user_creatures,oppo_8,user_creatures user_noncreatures,user_creatures: log_only=['glimmer'] engine_only=[] ; user_noncreatures: log_only=[] engine_only=['glassworks'],6,5,3,1,7,6,2,2,2,0,2,2,0,ok,326
659,1,9,5,oppo_hand,oppo_6,oppo_hand,oppo_hand: log=1 engine=2,6,3,2,1,4,5,0,0,2,1,0,0,2,ok,270
660,1,10,4,user_hand,user_5,user_hand,user_hand: log_only=[] engine_only=['meat locker'],6,3,1,1,4,4,3,0,1,0,3,0,0,ok,377
661,1,12,2,oppo_life,user_3,oppo_life,oppo_life: log=17 engine=18,7,1,3,0,2,1,0,0,1,0,0,0,0,ok,331
662,1,10,2,user_hand,user_3,user_hand,user_hand: log_only=['get out'] engine_only=[],9,1,3,0,2,1,0,0,1,0,0,0,0,ok,368
663,1,8,2,oppo_hand,oppo_3,oppo_hand,oppo_hand: log=4 engine=5,6,1,1,0,2,1,1,0,1,0,1,0,0,ok,164
664,1,12,3,user_creatures,oppo_4,user_creatures,user_creatures: log_only=[] engine_only=['rampaging soulrager'],8,2,0,0,3,2,0,1,1,0,0,1,0,ok,425
665,1,6,3,oppo_life,user_4,oppo_life,oppo_life: log=15 engine=16,5,2,2,0,3,2,1,0,1,0,1,0,0,ok,137
666,1,11,3,user_hand,oppo_4,user_hand,user_hand: log_only=['bashful beastie'] engine_only=['manifest dread'],3,1,2,0,3,1,0,0,2,0,0,0,0,ok,250
667,1,13,4,user_creatures,oppo_5,user_creatures,"user_creatures: log_only=[] engine_only=['fear of surveillance', 'glimmer']",5,3,2,0,4,4,0,0,1,1,0,0,1,ok,388
668,1,7,3,user_noncreatures,user_4,user_noncreatures user_hand,user_noncreatures: log_only=['overlord of the boilerbilges'] engine_only=[] ; user_hand: log_only=[] engine_only=['overlord of the boilerbilges'],4,1,1,0,3,1,1,0,2,0,1,0,1,ok,132
669,1,12,4,user_creatures,oppo_5,user_creatures user_hand,user_creatures: log_only=['appendage amalgam'] engine_only=[] ; user_hand: log_only=[] engine_only=['appendage amalgam'],6,3,2,0,4,3,3,0,1,0,3,0,0,ok,635
670,1,10,5,user_life,oppo_6,user_life user_creatures,"user_life: log=14 engine=13 ; user_creatures: log_only=[] engine_only=['daggermaw megalodon', 'glimmer']",5,3,1,0,5,4,1,0,2,0,1,0,0,ok,426
671,1,8,4,oppo_life,user_5,oppo_life user_creatures user_noncreatures user_hand oppo_hand,oppo_life: log=11 engine=13 ; user_creatures: log_only=['swamp'] engine_only=['innocuous rat'] ; user_noncreatures: log_only=[] engine_only=['disturbing mirth'] ; user_hand: log_only=[] engine_only=['final vengeance'] ; oppo_hand: log=2 engine=3,7,3,1,0,4,3,2,0,1,0,2,0,3,ok,277
672,1,7,4,user_hand,user_5,user_hand,user_hand: log_only=['meat locker'] engine_only=['forest'],5,2,1,0,4,2,1,2,2,0,1,2,0,ok,251
673,1,10,5,user_hand,user_6,user_hand,user_hand: log_only=['peer past the veil'] engine_only=[],5,1,2,0,3,1,3,0,2,0,3,0,1,ok,292
674,1,7,2,oppo_life,user_3,oppo_life,oppo_life: log=17 engine=16,4,1,2,0,2,1,0,0,1,0,0,0,0,ok,162
675,1,5,3,user_noncreatures,user_4,user_noncreatures user_hand,user_noncreatures: log_only=['overlord of the floodpits'] engine_only=[] ; user_hand: log_only=['island'] engine_only=['overlord of the floodpits'],3,2,0,0,3,2,1,0,1,0,1,0,1,ok,88
676,1,7,1,user_creatures,user_2,user_creatures,user_creatures: log_only=['plains'] engine_only=['shrewd storyteller'],4,0,0,0,1,0,0,0,1,0,0,0,0,ok,174
677,1,7,3,oppo_life,user_4,oppo_life user_lands user_hand,oppo_life: log=20 engine=19 ; user_lands: log_only=['forest'] engine_only=[] ; user_hand: log_only=[] engine_only=['omnivorous flytrap'],3,1,2,0,3,1,0,0,2,0,0,0,1,ok,147
678,1,7,2,oppo_hand,oppo_3,oppo_hand,oppo_hand: log=4 engine=3,4,1,0,0,2,1,0,0,1,0,0,0,0,ok,207
679,1,15,2,oppo_life,user_3,oppo_life user_hand oppo_hand,oppo_life: log=19 engine=20 ; user_hand: log_only=['forest'] engine_only=[] ; oppo_hand: log=4 engine=3,8,2,9,0,2,2,0,0,0,0,0,0,0,ok,747
680,1,6,5,user_life,oppo_6,user_life oppo_life user_creatures user_noncreatures oppo_hand,user_life: log=21 engine=20 ; oppo_life: log=11 engine=12 ; user_creatures: log_only=['mountain'] engine_only=[] ; user_noncreatures: log_only=[] engine_only=['disturbing mirth'] ; oppo_hand: log=3 engine=4,4,4,1,1,5,5,4,0,1,0,4,0,1,ok,105
681,1,8,3,oppo_life,user_4,oppo_life user_creatures user_hand,oppo_life: log=20 engine=18 ; user_creatures: log_only=['beastie beatdown'] engine_only=['mountain'] ; user_hand: log_only=['mountain'] engine_only=['unnerving grasp'],5,1,2,0,3,1,0,0,2,0,0,0,1,ok,381
682,1,8,2,oppo_life,user_3,oppo_life,oppo_life: log=18 engine=20,6,2,1,0,2,2,0,0,0,0,0,0,0,ok,250
683,1,7,5,user_creatures,user_6,user_creatures,user_creatures: log_only=['swamp'] engine_only=[],3,3,0,0,5,3,3,0,2,0,3,0,0,ok,175
684,1,10,2,oppo_life,user_3,oppo_life,oppo_life: log=16 engine=17,7,2,4,0,2,2,1,0,0,0,1,0,0,ok,283
685,1,8,4,user_life,oppo_5,user_life oppo_hand,user_life: log=14 engine=16 ; oppo_hand: log=2 engine=3,5,3,1,0,4,4,2,2,1,1,2,2,2,ok,168
686,1,6,2,user_hand,user_3,user_hand,user_hand: log_only=['sawblade skinripper'] engine_only=['vengeful possession'],5,2,1,0,2,2,1,0,0,0,1,0,0,ok,120
687,1,5,4,oppo_hand,oppo_5,oppo_hand,oppo_hand: log=4 engine=2,1,1,0,0,4,1,0,0,3,0,0,0,0,ok,73
688,1,9,3,oppo_life,user_4,oppo_life,oppo_life: log=16 engine=15,6,2,4,1,3,2,1,0,1,0,1,0,0,ok,281
689,1,7,1,user_hand,user_2,user_hand,user_hand: log_only=['vanish from sight'] engine_only=['forest'],4,0,3,0,1,0,0,0,1,0,0,0,0,ok,289
690,1,6,3,user_creatures,user_4,user_creatures,user_creatures: log_only=['plains'] engine_only=['fear of falling'],4,2,0,0,3,2,1,0,1,0,1,0,0,ok,230
691,1,5,2,user_lands,oppo_3,user_lands user_creatures user_hand,user_lands: log_only=['swamp'] engine_only=[] ; user_creatures: log_only=[] engine_only=['insidious fungus'] ; user_hand: log_only=['malevolent chandelier'] engine_only=['swamp'],4,1,2,0,2,1,0,0,1,0,0,0,0,ok,108
692,1,6,2,user_hand,user_3,user_hand,user_hand: log_only=['attack-in-the-box'] engine_only=[],1,0,0,0,2,0,0,0,2,0,0,0,0,ok,79
693,1,11,3,user_hand,user_4,user_hand,"user_hand: log_only=[""valgavoth's onslaught""] engine_only=['ragged playmate']",4,2,2,1,3,2,1,0,1,0,1,0,0,ok,149
694,1,10,4,oppo_life,oppo_5,oppo_life user_creatures user_hand,oppo_life: log=15 engine=16 ; user_creatures: log_only=['balemurk leech'] engine_only=[] ; user_hand: log_only=[] engine_only=['fear of impostors'],6,2,1,0,4,2,2,0,2,0,2,0,1,ok,270
695,1,11,3,user_creatures,user_4,user_creatures,user_creatures: log_only=[] engine_only=['floodpits drowner'],4,1,2,0,3,1,0,0,2,0,0,0,0,ok,270
696,1,4,3,oppo_life,user_4,oppo_life,oppo_life: log=16 engine=18,3,2,0,0,3,2,1,0,1,0,1,0,0,ok,64
697,1,10,2,oppo_life,user_3,oppo_life,oppo_life: log=17 engine=18,4,1,1,0,2,1,0,0,1,0,0,0,0,ok,222
698,1,7,5,oppo_life,user_6,oppo_life user_hand,oppo_life: log=7 engine=5 ; user_hand: log_only=[] engine_only=['murder'],4,2,2,1,5,2,5,0,3,0,5,0,1,ok,146
699,1,9,1,user_hand,user_2,user_hand,user_hand: log_only=['broodspinner'] engine_only=['defiant survivor'],6,0,1,0,1,0,0,0,1,0,0,0,0,ok,273
700,1,9,4,user_hand,user_5,user_hand,user_hand: log_only=['wickerfolk thresher'] engine_only=['bashful beastie'],6,4,1,0,4,4,1,1,0,0,1,1,0,ok,1807
701,1,7,1,user_creatures,oppo_2,user_creatures,user_creatures: log_only=[] engine_only=['insidious fungus'],5,1,1,0,1,1,0,0,0,0,0,0,0,ok,612
702,1,9,3,user_lands,user_4,user_lands user_noncreatures user_hand,user_lands: log_only=['mountain'] engine_only=[] ; user_noncreatures: log_only=['roaring furnace'] engine_only=[] ; user_hand: log_only=[] engine_only=['roaring furnace'],5,1,3,0,3,1,0,0,2,0,0,0,2,ok,1275
703,1,6,2,user_creatures,user_3,user_creatures user_hand oppo_hand,user_creatures: log_only=[] engine_only=['spineseeker centipede'] ; user_hand: log_only=[] engine_only=['mountain'] ; oppo_hand: log=4 engine=5,4,1,0,0,2,1,0,0,1,0,0,0,1,ok,238
704,1,14,2,oppo_hand,oppo_3,oppo_hand,oppo_hand: log=5 engine=4,6,1,3,0,2,1,0,0,1,0,0,0,0,ok,1304
705,1,8,5,user_life,oppo_6,user_life user_creatures user_hand,user_life: log=6 engine=12 ; user_creatures: log_only=['razorkin hordecaller'] engine_only=['wildfire wickerfolk'] ; user_hand: log_only=['wildfire wickerfolk'] engine_only=['razorkin hordecaller'],5,4,1,0,6,5,2,2,2,0,2,2,0,ok,682
706,1,5,3,user_creatures,oppo_4,user_creatures user_hand oppo_hand,user_creatures: log_only=['entity tracker'] engine_only=[] ; user_hand: log_only=[] engine_only=['entity tracker'] ; oppo_hand: log=8 engine=7,2,1,0,0,3,1,0,0,2,0,0,0,0,ok,95
707,1,6,4,user_lands,user_5,user_lands user_hand oppo_hand,"user_lands: log_only=['plains'] engine_only=[] ; user_hand: log_only=['turn inside out'] engine_only=['fear of burning alive', 'plains'] ; oppo_hand: log=5 engine=4",3,2,2,1,3,3,3,0,1,1,3,0,1,ok,356
708,1,7,3,user_creatures,user_4,user_creatures,user_creatures: log_only=['swamp'] engine_only=['sawblade skinripper'],3,1,1,0,3,1,0,0,2,0,0,0,0,ok,317
709,1,6,5,user_creatures,oppo_6,user_creatures oppo_hand,user_creatures: log_only=[] engine_only=['cautious survivor'] ; oppo_hand: log=2 engine=3,4,4,0,0,5,6,6,0,1,0,6,0,1,ok,220
710,1,6,5,oppo_life,oppo_6,oppo_life oppo_hand,oppo_life: log=4 engine=2 ; oppo_hand: log=5 engine=6,4,4,0,0,4,6,7,0,1,1,7,0,0,ok,193
711,1,7,4,user_creatures,user_5,user_creatures,user_creatures: log_only=['forest'] engine_only=['bashful beastie'],4,2,2,1,3,3,2,1,1,0,2,1,0,ok,253
712,1,8,4,user_life,oppo_5,user_life,user_life: log=18 engine=20,4,2,2,1,4,2,0,0,2,0,0,0,0,ok,566
713,1,12,1,oppo_hand,oppo_2,oppo_hand,oppo_hand: log=3 engine=4,6,0,3,0,1,0,0,0,1,0,0,0,1,ok,713
714,1,9,1,user_hand,user_2,user_hand,user_hand: log_only=['fear of immobility'] engine_only=['mountain'],5,0,0,0,1,0,0,0,1,0,0,0,0,ok,411
715,1,14,4,oppo_life,user_5,oppo_life user_creatures,oppo_life: log=17 engine=14 ; user_creatures: log_only=[] engine_only=['appendage amalgam'],5,2,1,0,4,2,1,0,2,0,1,0,1,ok,675
716,1,11,3,user_creatures,user_4,user_creatures,user_creatures: log_only=[] engine_only=['insidious fungus'],7,2,2,0,3,2,0,0,1,0,0,0,0,ok,571
717,1,10,1,user_hand,user_2,user_hand,user_hand: log_only=['fear of being hunted'] engine_only=['swamp'],7,1,2,0,1,1,0,0,0,0,0,0,0,ok,354
718,1,9,6,oppo_hand,oppo_7,oppo_hand,oppo_hand: log=0 engine=1,6,4,2,1,5,6,0,1,2,0,0,1,1,ok,309
719,1,8,4,user_creatures,user_5,user_creatures,user_creatures: log_only=[] engine_only=['stalked researcher'],6,2,1,0,4,2,2,0,2,0,2,0,2,ok,316
720,1,6,4,user_creatures,user_5,user_creatures user_hand,user_creatures: log_only=['defiant survivor'] engine_only=[] ; user_hand: log_only=[] engine_only=['overgrown zealot'],4,3,2,1,4,4,4,0,1,0,4,0,1,ok,174
721,1,12,2,oppo_life,user_3,oppo_life,oppo_life: log=18 engine=20,6,1,2,0,2,1,0,0,1,0,0,0,0,ok,485
722,1,12,3,oppo_life,oppo_4,oppo_life user_creatures user_noncreatures oppo_hand,oppo_life: log=16 engine=14 ; user_creatures: log_only=[] engine_only=['insidious fungus'] ; user_noncreatures: log_only=[] engine_only=['sheltered by ghosts'] ; oppo_hand: log=4 engine=5,7,3,4,1,3,3,2,0,0,0,2,0,1,ok,365
723,1,8,2,oppo_life,user_3,oppo_life,oppo_life: log=18 engine=19,4,1,1,0,2,1,0,0,1,0,0,0,0,ok,241
724,1,8,2,oppo_life,user_3,oppo_life user_creatures user_noncreatures,oppo_life: log=18 engine=17 ; user_creatures: log_only=[] engine_only=['gremlin'] ; user_noncreatures: log_only=[] engine_only=['underwater tunnel'],5,1,1,0,2,1,0,0,1,0,0,0,0,ok,305
725,1,9,3,user_noncreatures,oppo_4,user_noncreatures oppo_hand,user_noncreatures: log_only=[] engine_only=['unidentified hovership'] ; oppo_hand: log=3 engine=4,4,2,2,0,3,2,1,0,1,0,1,0,2,ok,307
726,1,6,3,oppo_hand,oppo_4,oppo_hand,oppo_hand: log=3 engine=4,5,2,1,0,3,2,1,0,1,0,1,0,2,ok,294
727,1,14,3,user_creatures,oppo_4,user_creatures,user_creatures: log_only=['murder'] engine_only=['swamp'],7,2,1,0,3,2,1,0,1,0,1,0,0,ok,432
728,1,10,3,user_lands,user_4,user_lands user_hand,user_lands: log_only=['swamp'] engine_only=[] ; user_hand: log_only=[] engine_only=['spectral snatcher'],7,2,1,0,3,2,0,1,1,0,0,1,1,ok,409
729,1,8,1,user_creatures,user_2,user_creatures oppo_hand,user_creatures: log_only=[] engine_only=['piggy bank'] ; oppo_hand: log=5 engine=6,4,1,1,0,1,1,1,0,0,0,1,0,1,ok,261
730,1,8,3,oppo_hand,user_4,oppo_hand,oppo_hand: log=7 engine=6,4,0,1,0,3,0,0,0,3,0,0,0,0,ok,226
731,1,14,5,user_lands,user_6,user_lands user_hand,user_lands: log_only=['island'] engine_only=[] ; user_hand: log_only=[] engine_only=['daggermaw megalodon'],6,3,7,0,5,3,0,0,2,0,0,0,1,ok,504
732,1,8,3,user_lands,user_4,user_lands user_creatures user_noncreatures user_hand,"user_lands: log_only=['forest'] engine_only=[] ; user_creatures: log_only=['under the skin'] engine_only=[] ; user_noncreatures: log_only=['conductive machete'] engine_only=[] ; user_hand: log_only=['turn inside out'] engine_only=['conductive machete', 'fear of missing out']",5,2,1,0,3,2,2,0,1,0,2,0,3,ok,257
733,1,6,2,user_lands,user_3,user_lands user_hand,user_lands: log_only=['forest'] engine_only=[] ; user_hand: log_only=[] engine_only=['forest'],4,1,0,0,2,1,0,0,1,0,0,0,1,ok,100
734,1,7,4,user_life,oppo_5,user_life user_creatures user_hand oppo_hand,user_life: log=12 engine=17 ; user_creatures: log_only=[] engine_only=['wary watchdog'] ; user_hand: log_only=['wary watchdog'] engine_only=[] ; oppo_hand: log=2 engine=3,2,1,2,1,4,2,1,0,3,0,1,0,0,ok,191
735,1,13,5,user_life,oppo_6,user_life user_noncreatures user_hand,user_life: log=10 engine=7 ; user_noncreatures: log_only=['nowhere to run'] engine_only=[] ; user_hand: log_only=[] engine_only=['nowhere to run'],9,3,5,1,4,3,1,0,1,0,1,0,0,ok,449
736,1,12,5,user_hand,user_6,user_hand,user_hand: log_only=['surgical suite'] engine_only=['fear of surveillance'],5,3,1,1,5,4,0,0,2,0,0,0,0,ok,420
737,1,5,3,oppo_hand,oppo_4,oppo_hand,oppo_hand: log=3 engine=1,3,2,1,1,3,2,0,0,1,0,0,0,0,ok,164
738,1,10,3,user_hand,oppo_4,user_hand,user_hand: log_only=['unnerving grasp'] engine_only=['piranha fly'],3,1,3,0,4,1,1,1,3,0,1,1,0,ok,220
739,1,7,1,user_hand,user_2,user_hand,user_hand: log_only=['live or die'] engine_only=['ragged playmate'],4,1,2,0,1,1,0,0,0,0,0,0,0,ok,181
740,1,12,6,oppo_hand,oppo_7,oppo_hand,oppo_hand: log=2 engine=3,4,3,4,3,5,5,4,0,2,0,4,0,2,ok,278
741,1,7,2,user_creatures,oppo_3,user_creatures,user_creatures: log_only=[] engine_only=['wildfire wickerfolk'],5,2,0,0,3,2,2,0,1,0,2,0,0,ok,127
742,1,15,4,oppo_hand,oppo_5,oppo_hand,oppo_hand: log=2 engine=3,7,3,3,0,4,3,0,0,1,0,0,0,2,ok,581
743,1,11,4,oppo_hand,oppo_5,oppo_hand,oppo_hand: log=3 engine=2,9,3,0,0,4,3,0,0,1,0,0,0,0,ok,465
744,1,9,4,user_hand,oppo_5,user_hand oppo_hand,user_hand: log_only=['the swarmweaver'] engine_only=['forest'] ; oppo_hand: log=4 engine=5,6,3,1,1,4,3,0,0,1,0,0,0,1,ok,346
745,1,9,1,user_creatures,user_2,user_creatures user_noncreatures user_hand,user_creatures: log_only=['glimmer'] engine_only=[] ; user_noncreatures: log_only=['glimmerlight'] engine_only=[] ; user_hand: log_only=[] engine_only=['irreverent gremlin'],5,1,0,0,1,1,0,0,0,0,0,0,1,ok,209
746,1,7,5,user_hand,oppo_6,user_hand oppo_hand,"user_hand: log_only=[] engine_only=[""don't make a sound""] ; oppo_hand: log=2 engine=3",4,4,0,0,5,4,0,0,1,0,0,0,3,ok,199
747,1,9,1,user_noncreatures,user_2,user_noncreatures user_hand,user_noncreatures: log_only=[] engine_only=['found footage'] ; user_hand: log_only=['island'] engine_only=[],5,1,2,0,1,1,0,0,0,0,0,0,0,ok,400
748,1,9,2,user_hand,oppo_3,user_hand,user_hand: log_only=['swamp'] engine_only=['spectral snatcher'],5,1,2,0,3,1,1,0,2,0,1,0,0,ok,363
749,1,8,2,oppo_hand,user_3,oppo_hand,oppo_hand: log=6 engine=5,3,1,2,0,2,1,0,0,1,0,0,0,0,ok,222
750,1,8,3,oppo_life,user_4,oppo_life,oppo_life: log=13 engine=15,6,2,0,0,3,2,1,0,1,0,1,0,0,ok,237
751,1,6,2,oppo_hand,oppo_3,oppo_hand,oppo_hand: log=6 engine=7,4,2,2,0,3,2,1,0,1,0,1,0,0,ok,132
752,1,10,1,user_hand,user_2,user_hand,user_hand: log_only=['flesh burrower'] engine_only=['mountain'],7,1,0,0,1,1,0,0,0,0,0,0,0,ok,290
753,1,9,2,user_hand,user_3,user_hand,user_hand: log_only=['tunnel surveyor'] engine_only=['forest'],6,1,1,0,2,1,0,0,1,0,0,0,0,ok,257
754,1,11,3,oppo_life,user_4,oppo_life,oppo_life: log=20 engine=21,6,2,1,0,3,2,0,0,1,0,0,0,0,ok,304
755,1,9,3,user_creatures,user_4,user_creatures user_hand,user_creatures: log_only=['wary watchdog'] engine_only=[] ; user_hand: log_only=[] engine_only=['fanatic of the harrowing'],8,2,0,0,3,2,1,0,1,0,1,0,1,ok,317
756,1,9,3,oppo_life,user_4,oppo_life,oppo_life: log=17 engine=20,4,2,2,0,3,2,0,0,1,0,0,0,0,ok,253
757,1,8,1,user_hand,user_2,user_hand,user_hand: log_only=['rootwise survivor'] engine_only=['hardened escort'],6,0,0,0,1,0,0,0,1,0,0,0,0,ok,215
758,1,8,2,user_hand,user_3,user_hand,user_hand: log_only=['forest'] engine_only=['fear of infinity'],6,2,0,0,2,2,0,0,0,0,0,0,0,ok,194
759,1,7,3,user_lands,user_4,user_lands user_hand,"user_lands: log_only=['terramorphic expanse'] engine_only=[] ; user_hand: log_only=['clockwork percussionist'] engine_only=['glimmerlight', 'terramorphic expanse']",4,1,0,0,2,2,0,0,1,1,0,0,1,ok,114
760,1,9,3,user_life,oppo_4,user_life,user_life: log=18 engine=20,6,1,4,0,3,1,1,0,2,0,1,0,0,ok,311
761,1,8,4,user_creatures,oppo_5,user_creatures user_hand oppo_hand,user_creatures: log_only=['inquisitive glimmer'] engine_only=['glimmer'] ; user_hand: log_only=[] engine_only=['inquisitive glimmer'] ; oppo_hand: log=2 engine=3,5,3,1,0,4,3,1,0,1,0,1,0,1,ok,253
762,1,11,4,user_hand,user_5,user_hand,user_hand: log_only=['overlord of the hauntwoods'] engine_only=['wary watchdog'],9,3,1,0,4,3,2,0,1,0,2,0,0,ok,484
763,1,5,2,user_creatures,oppo_3,user_creatures,"user_creatures: log_only=['zimone, all-questioning'] engine_only=['primo, the indivisible']",4,2,1,1,3,3,0,0,1,0,0,0,0,ok,140
764,1,13,4,user_hand,oppo_5,user_hand,user_hand: log_only=['tunnel surveyor'] engine_only=['island'],7,2,2,0,4,2,0,1,2,0,0,1,0,ok,293
765,1,12,1,user_life,oppo_2,user_life,user_life: log=18 engine=20,7,2,0,0,2,2,3,0,0,0,3,0,0,ok,360
766,1,7,4,oppo_life,user_5,oppo_life,oppo_life: log=13 engine=15,4,3,1,0,4,4,3,0,1,0,3,0,1,ok,186
767,1,7,3,user_hand,oppo_4,user_hand,user_hand: log_only=['fear of immobility'] engine_only=['forest'],3,1,1,0,4,1,1,0,3,0,1,0,0,ok,135
768,1,6,3,oppo_life,user_4,oppo_life,oppo_life: log=13 engine=14,5,3,0,0,3,4,3,0,0,0,3,0,0,ok,124
769,1,6,4,user_creatures,user_5,user_creatures user_noncreatures user_hand,user_creatures: log_only=['glimmer'] engine_only=[] ; user_noncreatures: log_only=['glimmerlight'] engine_only=[] ; user_hand: log_only=[] engine_only=['defiled crypt'],4,3,1,1,4,4,0,1,1,0,0,1,1,ok,171
770,1,7,4,user_lands,user_5,user_lands user_hand,user_lands: log_only=['plains'] engine_only=[] ; user_hand: log_only=[] engine_only=['plains'],6,3,3,1,4,3,1,0,1,0,1,0,1,ok,175
771,1,6,4,user_life,user_5,user_life oppo_life user_creatures user_noncreatures,user_life: log=25 engine=16 ; oppo_life: log=13 engine=18 ; user_creatures: log_only=['cautious survivor'] engine_only=[] ; user_noncreatures: log_only=['sheltered by ghosts'] engine_only=[],4,3,2,0,4,3,2,0,1,0,2,0,0,ok,123
772,1,7,5,oppo_life,user_6,oppo_life,oppo_life: log=5 engine=7,5,3,0,0,4,5,3,0,1,1,3,0,0,ok,194
773,1,12,5,user_life,user_6,user_life oppo_life,user_life: log=18 engine=16 ; oppo_life: log=18 engine=20,7,3,2,0,4,4,0,0,1,1,0,0,0,ok,409
774,1,4,1,user_life,oppo_2,user_life,user_life: log=16 engine=17,3,1,0,0,2,1,0,0,1,0,0,0,0,ok,90
775,1,8,4,oppo_life,user_5,oppo_life,oppo_life: log=14 engine=15,3,3,0,0,4,3,1,0,1,0,1,0,0,ok,290
776,1,6,2,user_life,oppo_3,user_life oppo_life,user_life: log=18 engine=17 ; oppo_life: log=21 engine=22,4,1,0,0,3,1,0,0,2,0,0,0,0,ok,94
777,1,11,2,user_life,oppo_3,user_life user_hand,user_life: log=20 engine=18 ; user_hand: log_only=[] engine_only=['floodpits drowner'],3,0,3,0,2,0,0,0,2,0,0,0,1,ok,291
778,1,14,6,user_life,oppo_7,user_life oppo_hand,user_life: log=11 engine=12 ; oppo_hand: log=3 engine=2,5,2,5,3,5,6,2,0,3,2,2,0,0,ok,700
779,1,10,2,oppo_life,user_3,oppo_life,oppo_life: log=17 engine=18,4,1,0,0,2,1,0,0,1,0,0,0,0,ok,333
780,1,8,1,user_lands,user_2,user_lands user_noncreatures user_hand,user_lands: log_only=['island'] engine_only=[] ; user_noncreatures: log_only=[] engine_only=['underwater tunnel'] ; user_hand: log_only=['underwater tunnel'] engine_only=['island'],6,1,1,0,1,1,0,0,0,0,0,0,0,ok,484
781,1,9,1,user_hand,user_2,user_hand,"user_hand: log_only=['wary watchdog'] engine_only=[""winter's intervention""]",4,1,3,0,1,1,0,0,0,0,0,0,0,ok,282
782,1,9,2,user_hand,user_3,user_hand,user_hand: log_only=['most valuable slayer'] engine_only=['clockwork percussionist'],6,1,3,1,2,1,0,0,1,0,0,0,0,ok,251
783,1,6,3,user_life,oppo_4,user_life oppo_hand,user_life: log=15 engine=16 ; oppo_hand: log=5 engine=6,3,2,0,0,4,2,1,0,2,0,1,0,4,ok,159
784,1,10,6,user_life,oppo_7,user_life user_creatures,user_life: log=8 engine=2 ; user_creatures: log_only=['cautious survivor'] engine_only=['bashful beastie'],5,4,0,0,6,5,0,0,2,0,0,0,2,ok,290
785,1,7,3,user_hand,user_4,user_hand,"user_hand: log_only=['bashful beastie', 'glimmerburst'] engine_only=[]",5,2,2,0,3,2,1,0,1,0,1,0,0,ok,410
786,1,6,2,user_life,user_3,user_life user_creatures,user_life: log=19 engine=18 ; user_creatures: log_only=[] engine_only=['fear of surveillance'],4,1,0,0,2,1,0,0,1,0,0,0,0,ok,138
787,1,8,2,user_hand,oppo_3,user_hand,user_hand: log_only=['forest'] engine_only=['slavering branchsnapper'],3,0,2,0,2,0,0,0,2,0,0,0,0,ok,388
788,1,9,3,oppo_hand,oppo_4,oppo_hand,oppo_hand: log=5 engine=6,6,2,1,0,3,2,0,0,1,0,0,0,0,ok,301
789,1,7,7,,,,,3,3,0,0,5,3,4,0,2,0,4,0,1,ok,186
790,1,10,4,user_lands,user_5,user_lands user_hand,"user_lands: log_only=['plains'] engine_only=[] ; user_hand: log_only=['emerge from the cocoon'] engine_only=['plains', ""winter's intervention""]",6,3,1,0,4,3,2,0,1,0,2,0,1,ok,282
791,1,6,3,user_lands,user_4,user_lands,user_lands: log_only=['mountain'] engine_only=[],5,3,0,0,3,3,4,0,0,0,4,0,1,ok,116
792,1,6,1,user_creatures,user_2,user_creatures user_hand,user_creatures: log_only=['gremlin tamer'] engine_only=[] ; user_hand: log_only=[] engine_only=['gremlin tamer'],3,0,1,0,1,0,0,0,1,0,0,0,1,ok,164
793,1,11,1,user_hand,user_2,user_hand,user_hand: log_only=['impossible inferno'] engine_only=['mountain'],5,0,2,0,1,0,0,0,1,0,0,0,0,ok,241
794,1,11,3,oppo_life,user_4,oppo_life,oppo_life: log=13 engine=14,6,2,2,0,3,2,1,0,1,0,1,0,0,ok,560
795,1,7,2,oppo_life,user_3,oppo_life,oppo_life: log=17 engine=18,3,2,1,0,2,2,0,0,0,0,0,0,0,ok,176
796,1,7,2,user_life,oppo_3,user_life,user_life: log=18 engine=20,5,2,1,1,2,2,0,0,0,0,0,0,0,ok,246
797,1,13,3,user_creatures,user_4,user_creatures,user_creatures: log_only=['floodpits drowner'] engine_only=['glimmer'],3,1,1,1,3,2,0,0,2,0,0,0,0,ok,285
798,1,8,2,oppo_life,user_3,oppo_life,oppo_life: log=17 engine=19,6,1,2,0,2,1,0,0,1,0,0,0,0,ok,252
799,1,10,3,user_creatures,user_4,user_creatures,user_creatures: log_only=['forest'] engine_only=['get out'],5,2,2,0,3,2,1,0,1,0,1,0,0,ok,329
800,1,11,3,user_creatures,user_4,user_creatures,user_creatures: log_only=[] engine_only=['conductive machete'],7,2,2,0,3,2,0,0,1,0,0,0,0,ok,2748
801,1,12,2,user_creatures,oppo_3,user_creatures user_noncreatures,user_creatures: log_only=['fear of surveillance'] engine_only=[] ; user_noncreatures: log_only=[] engine_only=['unidentified hovership'],5,2,2,0,3,2,1,0,1,0,1,0,0,ok,1145
802,1,7,4,oppo_life,user_5,oppo_life user_creatures,oppo_life: log=5 engine=7 ; user_creatures: log_only=['fear of lost teeth'] engine_only=[],4,3,2,0,4,3,5,0,1,0,5,0,1,ok,347
803,1,9,2,user_creatures,user_3,user_creatures user_hand,user_creatures: log_only=['forest'] engine_only=['untimely malfunction'] ; user_hand: log_only=['patchwork beastie'] engine_only=['forest'],4,1,2,0,2,1,0,0,1,0,0,0,0,ok,642
804,1,10,2,user_life,oppo_3,user_life,user_life: log=18 engine=19,6,1,1,0,2,1,0,0,1,0,0,0,0,ok,918
805,1,7,3,user_life,oppo_4,user_life user_creatures oppo_hand,user_life: log=13 engine=16 ; user_creatures: log_only=[] engine_only=['hardened escort'] ; oppo_hand: log=4 engine=5,5,3,0,0,4,3,0,0,1,0,0,0,4,ok,288
806,1,11,4,user_creatures,user_5,user_creatures user_hand,user_creatures: log_only=['forest'] engine_only=[] ; user_hand: log_only=['manifest dread'] engine_only=[],8,3,2,1,4,4,0,2,1,0,0,2,0,ok,737
807,1,9,4,user_creatures,user_5,user_creatures user_hand,user_creatures: log_only=['mountain'] engine_only=['overlord of the hauntwoods'] ; user_hand: log_only=['mountain'] engine_only=['wildfire wickerfolk'],5,3,0,0,4,3,1,0,1,0,1,0,0,ok,424
808,1,11,4,user_life,user_5,user_life oppo_life user_noncreatures,user_life: log=15 engine=16 ; oppo_life: log=23 engine=22 ; user_noncreatures: log_only=[] engine_only=['unable to scream'],5,3,3,2,4,4,0,0,1,0,0,0,0,ok,593
809,1,9,3,oppo_hand,oppo_4,oppo_hand,oppo_hand: log=6 engine=5,7,2,0,0,3,3,0,0,1,0,0,0,0,ok,392
810,1,15,3,user_life,oppo_4,user_life,user_life: log=19 engine=20,9,2,6,0,3,2,0,0,1,0,0,0,1,ok,849
811,1,10,2,user_hand,user_3,user_hand,user_hand: log_only=['spineseeker centipede'] engine_only=['roaring furnace'],7,1,1,0,2,1,0,0,1,0,0,0,0,ok,441
812,1,6,2,user_creatures,user_3,user_creatures user_hand,user_creatures: log_only=['oblivious bookworm'] engine_only=[] ; user_hand: log_only=['forest'] engine_only=['oblivious bookworm'],5,1,1,0,2,1,0,0,1,0,0,0,1,ok,190
813,1,13,3,oppo_hand,oppo_4,oppo_hand,oppo_hand: log=1 engine=2,6,2,2,0,3,2,0,0,1,0,0,0,2,ok,814
814,1,6,2,user_lands,user_3,user_lands user_hand,user_lands: log_only=['forest'] engine_only=[] ; user_hand: log_only=[] engine_only=['slavering branchsnapper'],2,1,0,0,2,1,0,0,1,0,0,0,1,ok,158
815,1,11,1,user_hand,oppo_2,user_hand,user_hand: log_only=['mountain'] engine_only=['bedhead beastie'],5,0,2,0,2,0,0,0,2,0,0,0,0,ok,559
816,1,6,1,user_hand,user_2,user_hand,user_hand: log_only=['omnivorous flytrap'] engine_only=['twitching doll'],5,1,2,0,1,1,0,0,0,0,0,0,0,ok,193
817,1,7,3,user_creatures,user_4,user_creatures oppo_hand,user_creatures: log_only=[] engine_only=['vicious clown'] ; oppo_hand: log=5 engine=6,4,2,2,0,3,2,1,0,1,0,1,0,0,ok,224
818,1,9,4,user_creatures,oppo_5,user_creatures,user_creatures: log_only=[] engine_only=['cautious survivor'],4,1,2,0,4,1,1,0,3,0,1,0,0,ok,440
819,1,16,3,oppo_life,user_4,oppo_life user_hand,oppo_life: log=17 engine=20 ; user_hand: log_only=['forest'] engine_only=['enduring tenacity'],4,0,4,0,3,0,0,0,3,0,0,0,0,ok,550
820,1,10,3,user_creatures,oppo_4,user_creatures user_noncreatures user_hand,"user_creatures: log_only=[] engine_only=['skullsnap nuisance'] ; user_noncreatures: log_only=[] engine_only=['found footage'] ; user_hand: log_only=['derelict attic', 'island'] engine_only=['overlord of the floodpits']",7,3,1,0,4,3,0,1,1,0,0,1,0,ok,423
821,1,6,6,,,,,3,3,0,0,4,5,2,0,1,2,2,0,0,ok,210
822,1,8,5,oppo_hand,oppo_6,oppo_hand,oppo_hand: log=2 engine=4,5,4,3,2,6,4,8,0,2,0,8,0,4,ok,252
823,1,9,4,user_creatures,user_5,user_creatures user_hand,"user_creatures: log_only=['fear of impostors'] engine_only=[""shardmage's rescue""] ; user_hand: log_only=[""shardmage's rescue""] engine_only=['stalked researcher']",5,3,1,0,4,3,1,0,1,0,1,0,0,ok,356
824,1,14,3,oppo_life,user_4,oppo_life user_creatures,oppo_life: log=22 engine=20 ; user_creatures: log_only=[] engine_only=['stalked researcher'],7,2,4,1,3,2,0,0,1,0,0,0,0,ok,618
825,1,7,1,user_life,oppo_2,user_life,user_life: log=18 engine=19,4,0,1,0,1,0,0,0,1,0,0,0,0,ok,305
826,1,8,3,oppo_life,user_4,oppo_life user_lands user_hand,oppo_life: log=15 engine=16 ; user_lands: log_only=['island'] engine_only=[] ; user_hand: log_only=[] engine_only=['island'],3,2,4,0,3,2,1,0,1,0,1,0,1,ok,181
827,1,11,4,user_creatures,user_5,user_creatures user_hand,"user_creatures: log_only=['bashful beastie', 'oblivious bookworm'] engine_only=[] ; user_hand: log_only=[] engine_only=[""valgavoth's onslaught""]",6,3,1,0,4,3,2,0,1,0,2,0,1,ok,403
828,1,11,4,user_lands,user_5,user_lands user_hand,user_lands: log_only=['swamp'] engine_only=[] ; user_hand: log_only=[] engine_only=['swamp'],6,3,3,1,4,3,0,0,1,0,0,0,1,ok,367
829,1,11,2,user_hand,user_3,user_hand,user_hand: log_only=['island'] engine_only=['say its name'],3,1,3,0,2,1,0,0,1,0,0,0,0,ok,289
830,1,12,2,user_life,oppo_3,user_life,user_life: log=18 engine=20,4,0,4,0,2,0,0,0,2,0,0,0,0,ok,553
831,1,8,3,user_noncreatures,oppo_4,user_noncreatures user_hand,user_noncreatures: log_only=[] engine_only=['found footage'] ; user_hand: log_only=['bashful beastie'] engine_only=[],6,2,1,0,3,2,1,0,1,0,1,0,0,ok,397
832,1,8,4,user_hand,oppo_5,user_hand,"user_hand: log_only=['abandoned campground', 'plains'] engine_only=['glimmerburst', ""shardmage's rescue""]",5,1,0,0,4,1,0,0,3,0,0,0,1,ok,319
833,1,10,3,user_creatures,oppo_4,user_creatures,user_creatures: log_only=['unwilling vessel'] engine_only=['inquisitive glimmer'],6,3,4,0,4,3,3,0,1,0,3,0,0,ok,533
834,1,11,3,user_hand,user_4,user_hand,user_hand: log_only=['house cartographer'] engine_only=['swamp'],5,2,1,0,3,2,0,0,1,0,0,0,0,ok,361
835,1,7,2,user_life,oppo_3,user_life,user_life: log=18 engine=19,2,1,0,0,3,1,0,0,2,0,0,0,0,ok,245
836,1,8,3,oppo_life,user_4,oppo_life,oppo_life: log=18 engine=19,5,2,2,0,3,2,0,1,1,0,0,1,0,ok,288
837,1,9,1,user_hand,user_2,user_hand,user_hand: log_only=['cult healer'] engine_only=['splitskin doll'],6,0,1,0,1,0,0,0,1,0,0,0,0,ok,229
838,1,11,4,user_creatures,user_5,user_creatures,user_creatures: log_only=[] engine_only=['insidious fungus'],7,3,1,0,4,4,1,1,1,0,1,1,0,ok,311
839,1,7,4,oppo_life,user_5,oppo_life user_hand,oppo_life: log=16 engine=18 ; user_hand: log_only=['splitskin doll'] engine_only=[],6,3,0,0,4,4,0,3,1,0,0,3,0,ok,317
840,1,8,3,user_hand,oppo_4,user_hand,user_hand: log_only=['swamp'] engine_only=['spectral snatcher'],5,3,2,0,4,3,3,0,1,0,3,0,0,ok,184
841,1,7,2,user_hand,user_3,user_hand,user_hand: log_only=['forest'] engine_only=['peculiar lighthouse'],6,1,1,0,2,1,0,0,1,0,0,0,0,ok,260
842,1,7,1,user_life,oppo_2,user_life,user_life: log=19 engine=18,3,0,1,0,1,0,0,0,1,0,0,0,0,ok,273
843,1,13,2,user_noncreatures,oppo_3,user_noncreatures user_hand,user_noncreatures: log_only=[] engine_only=['keys to the house'] ; user_hand: log_only=['plains'] engine_only=[],9,1,2,0,2,1,0,0,1,0,0,0,1,ok,693
844,1,7,1,user_hand,oppo_2,user_hand,user_hand: log_only=['mountain'] engine_only=['bedhead beastie'],3,0,2,0,2,0,0,0,2,0,0,0,0,ok,148
845,1,6,5,user_life,user_6,user_life oppo_life,user_life: log=14 engine=13 ; oppo_life: log=11 engine=15,5,4,2,1,5,5,6,0,1,0,6,0,1,ok,151
846,1,10,3,oppo_hand,oppo_4,oppo_hand,oppo_hand: log=3 engine=4,7,2,3,0,3,2,0,0,1,0,0,0,2,ok,607
847,1,10,4,user_creatures,oppo_5,user_creatures,user_creatures: log_only=['vile mutilator'] engine_only=[],5,2,3,2,3,3,3,0,1,0,3,0,0,ok,304
848,1,8,1,user_hand,user_2,user_hand,user_hand: log_only=['threats around every corner'] engine_only=['malevolent chandelier'],6,0,3,0,1,0,0,0,1,0,0,0,0,ok,429
849,1,9,1,user_life,oppo_2,user_life user_hand,user_life: log=19 engine=18 ; user_hand: log_only=[] engine_only=['get out'],5,0,0,0,2,0,0,0,2,0,0,0,1,ok,231
850,1,7,1,user_hand,user_2,user_hand,user_hand: log_only=['meat locker'] engine_only=['forest'],4,0,2,0,1,0,0,0,1,0,0,0,0,ok,120
851,1,8,2,oppo_life,user_3,oppo_life,oppo_life: log=18 engine=19,5,1,2,0,2,1,0,0,1,0,0,0,0,ok,218
852,1,9,1,user_creatures,user_2,user_creatures,user_creatures: log_only=['plains'] engine_only=['overlord of the mistmoors'],5,0,2,0,1,0,0,0,1,0,0,0,0,ok,338
853,1,8,1,user_hand,user_2,user_hand,user_hand: log_only=['grand entryway'] engine_only=['unsettling twins'],5,0,2,0,1,0,0,0,1,0,0,0,0,ok,288
854,1,6,2,user_creatures,oppo_3,user_creatures,user_creatures: log_only=[] engine_only=['flesh burrower'],4,2,1,0,3,3,0,0,1,0,0,0,0,ok,217
855,1,7,4,user_life,oppo_5,user_life,user_life: log=13 engine=11,4,3,2,1,4,3,0,0,1,0,0,0,0,ok,254
856,1,5,2,user_life,oppo_3,user_life,user_life: log=16 engine=15,1,1,0,0,2,1,0,0,1,0,0,0,0,ok,124
857,1,9,3,oppo_life,user_4,oppo_life user_creatures,oppo_life: log=16 engine=15 ; user_creatures: log_only=['undead sprinter'] engine_only=[],7,3,2,1,3,3,4,0,0,0,4,0,1,ok,259
858,1,6,2,oppo_hand,oppo_3,oppo_hand,oppo_hand: log=4 engine=5,4,2,1,0,3,2,1,0,1,0,1,0,1,ok,175
859,1,7,1,oppo_hand,oppo_2,oppo_hand,oppo_hand: log=5 engine=4,3,1,3,0,1,1,0,0,0,0,0,0,0,ok,227
860,1,12,4,user_life,oppo_5,user_life oppo_life,user_life: log=14 engine=16 ; oppo_life: log=20 engine=16,7,2,2,0,3,3,0,0,1,1,0,0,0,ok,523
861,1,7,3,oppo_life,oppo_4,oppo_life user_noncreatures,oppo_life: log=26 engine=25 ; user_noncreatures: log_only=['cracked skull'] engine_only=[],5,3,1,1,4,3,0,0,1,0,0,0,0,ok,252
862,1,7,2,user_noncreatures,user_3,user_noncreatures user_hand,user_noncreatures: log_only=['glassworks'] engine_only=[] ; user_hand: log_only=['midnight mayhem'] engine_only=['mountain'],5,2,1,0,2,2,2,0,0,0,2,0,2,ok,245
863,1,6,4,oppo_hand,oppo_5,oppo_hand,oppo_hand: log=3 engine=4,3,3,1,1,4,4,2,0,1,0,2,0,2,ok,140
864,1,12,3,oppo_life,user_4,oppo_life,oppo_life: log=16 engine=17,7,2,4,1,3,2,1,0,1,0,1,0,0,ok,452
865,1,14,3,oppo_hand,oppo_4,oppo_hand,oppo_hand: log=3 engine=4,8,1,4,1,3,1,0,0,2,0,0,0,2,ok,447
866,1,9,4,user_life,oppo_5,user_life,user_life: log=11 engine=14,5,2,1,0,4,2,0,0,2,0,0,0,3,ok,223
867,1,6,5,user_life,user_6,user_life oppo_hand,user_life: log=23 engine=25 ; oppo_hand: log=4 engine=0,4,3,2,0,5,3,7,0,2,0,7,0,0,ok,113
868,1,15,1,oppo_life,user_2,oppo_life,oppo_life: log=18 engine=19,10,1,3,0,1,1,1,0,0,0,1,0,0,ok,769
869,1,9,2,user_creatures,oppo_3,user_creatures user_hand,user_creatures: log_only=['floodpits drowner'] engine_only=[] ; user_hand: log_only=[] engine_only=['floodpits drowner'],6,0,0,0,2,0,0,0,2,0,0,0,0,ok,305
870,1,8,2,oppo_life,user_3,oppo_life,oppo_life: log=20 engine=22,5,1,1,0,2,1,0,0,1,0,0,0,0,ok,171
871,1,7,3,oppo_life,user_4,oppo_life user_creatures user_noncreatures,oppo_life: log=14 engine=16 ; user_creatures: log_only=['unidentified hovership'] engine_only=[] ; user_noncreatures: log_only=[] engine_only=['unidentified hovership'],3,2,1,0,3,2,1,0,1,0,1,0,1,ok,164
872,1,8,4,user_life,oppo_5,user_life user_creatures,user_life: log=15 engine=14 ; user_creatures: log_only=[] engine_only=['forest'],5,3,0,0,4,3,0,0,1,0,0,0,1,ok,144
873,1,8,1,user_lands,user_2,user_lands user_noncreatures user_hand,user_lands: log_only=['island'] engine_only=[] ; user_noncreatures: log_only=[] engine_only=['bear trap'] ; user_hand: log_only=['bear trap'] engine_only=['island'],5,1,1,0,1,1,0,0,0,0,0,0,1,ok,210
874,1,9,1,user_life,oppo_2,user_life user_hand,user_life: log=18 engine=20 ; user_hand: log_only=['island'] engine_only=['daggermaw megalodon'],4,0,1,0,2,0,0,0,2,0,0,0,0,ok,256
875,1,8,2,user_life,user_3,user_life oppo_life,user_life: log=23 engine=24 ; oppo_life: log=17 engine=16,5,1,4,0,2,1,0,0,1,0,0,0,0,ok,231
876,1,5,5,,,,,0,0,1,1,3,1,0,0,3,0,0,0,0,ok,70
877,1,8,1,user_hand,oppo_2,user_hand,user_hand: log_only=['mountain'] engine_only=['bedhead beastie'],2,0,0,0,2,0,0,0,2,0,0,0,0,ok,141
878,1,10,1,user_life,user_2,user_life oppo_life,user_life: log=22 engine=20 ; oppo_life: log=18 engine=20,6,0,1,0,1,0,0,0,1,0,0,0,0,ok,421
879,1,9,4,user_life,oppo_5,user_life user_creatures,user_life: log=14 engine=16 ; user_creatures: log_only=['glimmer'] engine_only=[],7,3,2,0,5,3,1,0,2,0,1,0,1,ok,337
880,1,6,3,oppo_life,user_4,oppo_life user_creatures,oppo_life: log=17 engine=16 ; user_creatures: log_only=[] engine_only=['clockwork percussionist'],5,2,0,0,3,2,3,0,1,0,3,0,1,ok,78
881,1,5,2,oppo_life,user_3,oppo_life user_lands user_hand,oppo_life: log=14 engine=13 ; user_lands: log_only=['mountain'] engine_only=[] ; user_hand: log_only=[] engine_only=['bedhead beastie'],3,1,1,0,2,1,1,0,1,0,1,0,1,ok,92
882,1,7,1,user_lands,user_2,user_lands user_noncreatures user_hand,user_lands: log_only=['island'] engine_only=[] ; user_noncreatures: log_only=[] engine_only=['underwater tunnel'] ; user_hand: log_only=['underwater tunnel'] engine_only=['island'],5,1,2,0,1,1,0,0,0,0,0,0,0,ok,191
883,1,12,2,user_hand,user_3,user_hand,user_hand: log_only=['say its name'] engine_only=['spineseeker centipede'],10,1,2,0,2,1,0,0,1,0,0,0,0,ok,876
884,1,4,3,user_lands,user_4,user_lands user_creatures user_hand,"user_lands: log_only=['island'] engine_only=[] ; user_creatures: log_only=['glimmer', 'gremlin', 'gremlin'] engine_only=[] ; user_hand: log_only=['plains'] engine_only=[]",2,1,0,0,3,1,0,0,2,0,0,0,1,ok,76
885,1,8,2,oppo_life,oppo_3,oppo_life user_noncreatures user_hand,oppo_life: log=18 engine=20 ; user_noncreatures: log_only=[] engine_only=['found footage'] ; user_hand: log_only=['break down the door'] engine_only=[],6,1,4,0,2,1,0,0,1,0,0,0,1,ok,304
886,1,9,2,oppo_life,user_3,oppo_life,oppo_life: log=18 engine=20,8,1,2,0,2,1,0,0,1,0,0,0,0,ok,283
887,1,12,4,user_creatures,user_5,user_creatures,user_creatures: log_only=['patched plaything'] engine_only=[],5,3,4,1,4,3,2,0,1,0,2,0,0,ok,292
888,1,7,1,user_creatures,user_2,user_creatures user_hand,user_creatures: log_only=['ragged playmate'] engine_only=[] ; user_hand: log_only=[] engine_only=['ragged playmate'],5,0,1,0,1,0,0,0,1,0,0,0,1,ok,194
889,1,12,2,user_noncreatures,oppo_3,user_noncreatures user_hand,user_noncreatures: log_only=['nowhere to run'] engine_only=[] ; user_hand: log_only=[] engine_only=['nowhere to run'],5,1,1,0,2,1,1,0,1,0,1,0,0,ok,324
890,1,4,3,oppo_hand,oppo_4,oppo_hand,oppo_hand: log=8 engine=7,3,3,0,0,4,3,4,0,1,0,4,0,0,ok,55
891,1,9,3,user_hand,oppo_4,user_hand,user_hand: log_only=['forest'] engine_only=['bleeding woods'],6,3,3,0,4,3,1,0,1,0,1,0,0,ok,345
892,1,8,0,oppo_hand,user_1,oppo_hand,oppo_hand: log=6 engine=7,6,0,1,0,0,0,0,0,0,0,0,0,0,ok,338
893,1,6,4,user_hand,oppo_5,user_hand,"user_hand: log_only=['broodspinner', 'final vengeance'] engine_only=['plains', 'spectral snatcher']",3,2,2,2,4,2,0,0,2,0,0,0,0,ok,157
894,1,10,5,user_hand,user_6,user_hand oppo_hand,user_hand: log_only=[] engine_only=['unnerving grasp'] ; oppo_hand: log=2 engine=3,7,4,1,0,5,4,1,0,1,0,1,0,2,ok,270
895,1,4,2,user_life,oppo_3,user_life,user_life: log=18 engine=20,2,1,1,1,2,1,0,0,1,0,0,0,0,ok,82
896,1,8,4,user_creatures,user_5,user_creatures user_hand,"user_creatures: log_only=['forest', 'sheltered by ghosts'] engine_only=[] ; user_hand: log_only=[] engine_only=[""valgavoth's onslaught""]",6,4,1,1,4,4,3,0,0,0,3,0,1,ok,327
897,1,11,5,user_lands,user_6,user_lands user_hand,user_lands: log_only=[] engine_only=['swamp'] ; user_hand: log_only=['swamp'] engine_only=[],8,5,2,1,5,6,6,1,0,0,6,1,0,ok,324
898,1,8,5,oppo_hand,oppo_6,oppo_hand,oppo_hand: log=0 engine=1,3,2,2,1,6,3,0,0,4,0,0,0,2,ok,177
899,1,7,3,user_creatures,user_4,user_creatures oppo_hand,user_creatures: log_only=['hand that feeds'] engine_only=[] ; oppo_hand: log=5 engine=6,1,1,2,0,2,1,0,0,1,0,0,0,0,ok,141
900,1,11,2,oppo_life,user_3,oppo_life,oppo_life: log=19 engine=20,5,1,1,0,2,1,0,0,1,0,0,0,0,ok,2082
901,1,8,3,user_creatures,user_4,user_creatures user_hand,user_creatures: log_only=['razorkin hordecaller'] engine_only=[] ; user_hand: log_only=['spineseeker centipede'] engine_only=['under the skin'],4,2,1,0,3,2,1,0,1,0,1,0,1,ok,746
902,1,9,1,user_hand,user_2,user_hand,user_hand: log_only=['fear of burning alive'] engine_only=['grab the prize'],5,0,2,0,1,0,0,0,1,0,0,0,0,ok,517
903,1,8,6,user_life,oppo_7,user_life user_creatures,user_life: log=2 engine=4 ; user_creatures: log_only=['stalked researcher'] engine_only=[],3,2,1,1,3,5,0,1,1,3,0,1,0,ok,476
904,1,8,3,user_life,oppo_4,user_life user_creatures user_noncreatures user_hand oppo_hand,"user_life: log=17 engine=15 ; user_creatures: log_only=['gremlin tamer'] engine_only=[] ; user_noncreatures: log_only=[""shardmage's rescue""] engine_only=[] ; user_hand: log_only=[] engine_only=[""shardmage's rescue""] ; oppo_hand: log=3 engine=2",4,2,1,0,3,2,0,0,1,0,0,0,1,ok,461
905,1,9,3,oppo_life,user_4,oppo_life,oppo_life: log=14 engine=16,4,2,1,0,3,3,1,0,1,0,1,0,0,ok,532
906,1,13,4,oppo_life,user_5,oppo_life user_lands user_creatures user_hand,oppo_life: log=14 engine=15 ; user_lands: log_only=['swamp'] engine_only=[] ; user_creatures: log_only=['clockwork percussionist'] engine_only=[] ; user_hand: log_only=['swamp'] engine_only=['disturbing mirth'],7,2,2,0,4,2,3,0,2,0,3,0,2,ok,873
907,1,11,4,oppo_hand,user_5,oppo_hand,oppo_hand: log=3 engine=4,5,2,2,0,3,3,1,0,1,1,1,0,1,ok,655
908,1,11,4,user_hand,user_5,user_hand,user_hand: log_only=['underwater tunnel'] engine_only=['island'],8,3,2,1,4,4,0,1,1,0,0,1,2,ok,1216
909,1,11,4,user_noncreatures,user_5,user_noncreatures user_hand,user_noncreatures: log_only=['unable to scream'] engine_only=[] ; user_hand: log_only=[] engine_only=['wary watchdog'],7,4,1,0,4,4,2,0,0,0,2,0,1,ok,694
910,1,7,5,user_creatures,user_6,user_creatures user_hand,user_creatures: log_only=['abhorrent oculus'] engine_only=[] ; user_hand: log_only=[] engine_only=['abhorrent oculus'],5,4,1,1,5,5,1,0,1,0,1,0,1,ok,246
911,1,5,2,oppo_life,user_3,oppo_life,oppo_life: log=16 engine=18,3,1,0,0,2,1,0,0,1,0,0,0,0,ok,134
912,1,12,4,oppo_hand,oppo_5,oppo_hand,oppo_hand: log=2 engine=3,4,4,4,1,5,5,6,0,1,0,6,0,2,ok,572
913,1,9,2,oppo_life,user_3,oppo_life user_creatures,oppo_life: log=20 engine=18 ; user_creatures: log_only=[] engine_only=['acrobatic cheerleader'],6,1,0,0,2,1,0,0,1,0,0,0,1,ok,602
914,1,10,2,user_life,oppo_3,user_life,user_life: log=17 engine=18,5,2,0,0,3,2,2,0,1,0,2,0,0,ok,384
915,1,7,3,user_life,user_4,user_life oppo_life,user_life: log=15 engine=12 ; oppo_life: log=17 engine=20,4,2,2,0,3,2,0,0,1,0,0,0,0,ok,259
916,1,7,3,user_creatures,user_4,user_creatures,user_creatures: log_only=['smoky lounge'] engine_only=['intruding soulrager'],4,2,0,0,3,2,1,0,1,0,1,0,1,ok,273
917,1,5,3,user_creatures,user_4,user_creatures,user_creatures: log_only=['forest'] engine_only=['drag to the roots'],4,3,3,1,3,3,4,0,0,0,4,0,0,ok,143
918,1,10,3,oppo_life,user_4,oppo_life user_creatures,oppo_life: log=17 engine=16 ; user_creatures: log_only=[] engine_only=['most valuable slayer'],5,2,2,0,3,2,0,1,1,0,0,1,0,ok,596
919,1,6,4,oppo_life,user_5,oppo_life,oppo_life: log=14 engine=16,2,2,1,1,3,3,1,0,1,1,1,0,1,ok,236
920,1,8,2,oppo_life,user_3,oppo_life,oppo_life: log=16 engine=17,6,1,0,0,2,1,0,0,1,0,0,0,0,ok,291
921,1,6,2,user_lands,user_3,user_lands user_creatures user_noncreatures user_hand,user_lands: log_only=['forest'] engine_only=[] ; user_creatures: log_only=['scorching dragonfire'] engine_only=[] ; user_noncreatures: log_only=['threats around every corner'] engine_only=[] ; user_hand: log_only=[] engine_only=['threats around every corner'],4,1,0,0,2,1,0,0,1,0,0,0,1,ok,167
922,1,8,5,user_lands,user_6,user_lands user_creatures user_hand,user_lands: log_only=['mountain'] engine_only=[] ; user_creatures: log_only=['spineseeker centipede'] engine_only=[] ; user_hand: log_only=[] engine_only=['spineseeker centipede'],3,2,1,0,5,2,1,1,3,0,1,1,2,ok,245
923,1,6,3,oppo_life,user_4,oppo_life user_creatures,oppo_life: log=15 engine=13 ; user_creatures: log_only=[] engine_only=['fear of surveillance'],4,2,1,0,3,2,1,0,1,0,1,0,1,ok,146
924,1,7,3,user_hand,oppo_4,user_hand,user_hand: log_only=[] engine_only=['scorching dragonfire'],4,1,1,0,4,1,0,0,3,0,0,0,1,ok,184
925,1,11,2,user_life,oppo_3,user_life user_noncreatures user_hand,user_life: log=20 engine=17 ; user_noncreatures: log_only=['growing dread'] engine_only=[] ; user_hand: log_only=[] engine_only=['growing dread'],4,0,2,0,2,0,0,0,2,0,0,0,1,ok,531
926,1,9,4,user_lands,user_5,user_lands user_hand,user_lands: log_only=['swamp'] engine_only=[] ; user_hand: log_only=[] engine_only=['swamp'],5,2,2,0,3,2,2,0,1,0,2,0,2,ok,359
927,1,12,3,oppo_life,user_4,oppo_life user_creatures user_noncreatures user_hand,"oppo_life: log=17 engine=20 ; user_creatures: log_only=['cynical loner', 'enduring vitality'] engine_only=['glimmer'] ; user_noncreatures: log_only=[] engine_only=['enduring vitality'] ; user_hand: log_only=[] engine_only=['cynical loner']",5,1,5,0,3,1,0,0,2,0,0,0,1,ok,378
928,1,7,1,user_hand,user_2,user_hand,user_hand: log_only=['moldering gym'] engine_only=['twist reality'],4,0,0,0,1,0,0,0,1,0,0,0,0,ok,222
929,1,7,3,user_creatures,oppo_4,user_creatures user_hand,user_creatures: log_only=['grasping longneck'] engine_only=['most valuable slayer'] ; user_hand: log_only=['most valuable slayer'] engine_only=['grasping longneck'],4,2,0,0,4,2,1,0,2,0,1,0,0,ok,200
930,1,10,1,user_hand,user_2,user_hand,user_hand: log_only=['swamp'] engine_only=['cathartic parting'],6,1,3,0,1,1,0,0,0,0,0,0,0,ok,393
931,1,6,3,user_life,oppo_4,user_life,user_life: log=15 engine=16,4,2,1,0,3,2,0,0,1,0,0,0,0,ok,230
932,1,7,5,oppo_life,user_6,oppo_life,oppo_life: log=8 engine=10,4,3,0,0,5,4,1,1,2,0,1,1,0,ok,154
933,1,8,2,user_creatures,user_3,user_creatures,user_creatures: log_only=['wary watchdog'] engine_only=[],7,2,3,1,2,2,2,0,0,0,2,0,0,ok,228
934,1,7,2,user_creatures,user_3,user_creatures user_hand,user_creatures: log_only=['inquisitive glimmer'] engine_only=[] ; user_hand: log_only=[] engine_only=['inquisitive glimmer'],5,1,0,0,2,1,0,0,1,0,0,0,2,ok,334
935,1,9,5,user_lands,user_6,user_lands user_creatures user_hand,"user_lands: log_only=['plains'] engine_only=[] ; user_creatures: log_only=['horror'] engine_only=[] ; user_hand: log_only=['splitskin doll', 'the jolly balloon man'] engine_only=['miasma demon', 'plains']",7,3,1,0,5,3,1,2,2,0,1,2,2,ok,312
936,1,10,3,user_life,oppo_4,user_life user_noncreatures,user_life: log=16 engine=17 ; user_noncreatures: log_only=['cracked skull'] engine_only=[],5,2,2,1,4,2,0,0,2,0,0,0,2,ok,416
937,1,11,2,user_creatures,oppo_3,user_creatures,user_creatures: log_only=['undead sprinter'] engine_only=[],5,2,2,0,3,2,3,0,1,0,3,0,0,ok,299
938,1,8,3,oppo_life,user_4,oppo_life user_creatures user_hand,oppo_life: log=16 engine=15 ; user_creatures: log_only=[] engine_only=['most valuable slayer'] ; user_hand: log_only=['swamp'] engine_only=['innocuous rat'],6,2,2,1,3,2,1,0,1,0,1,0,0,ok,272
939,1,9,1,oppo_hand,oppo_2,oppo_hand,oppo_hand: log=6 engine=5,7,0,0,0,1,0,0,0,1,0,0,0,0,ok,321
940,1,6,3,oppo_life,user_4,oppo_life user_creatures,oppo_life: log=9 engine=7 ; user_creatures: log_only=['veteran survivor'] engine_only=[],6,3,1,0,3,3,3,0,0,0,3,0,0,ok,169
941,1,10,3,oppo_hand,oppo_4,oppo_hand,oppo_hand: log=5 engine=4,7,2,3,1,3,2,1,0,1,0,1,0,0,ok,405
942,1,10,3,user_life,oppo_4,user_life,user_life: log=12 engine=16,6,2,2,0,3,2,0,1,1,0,0,1,0,ok,251
943,1,13,1,user_hand,user_2,user_hand,user_hand: log_only=['defiled crypt'] engine_only=['cynical loner'],7,0,1,0,1,0,0,0,1,0,0,0,0,ok,664
944,1,16,3,user_creatures,user_4,user_creatures,user_creatures: log_only=['island'] engine_only=['daggermaw megalodon'],8,1,2,0,3,1,0,0,2,0,0,0,0,ok,676
945,1,7,5,user_life,oppo_6,user_life user_creatures oppo_hand,user_life: log=7 engine=10 ; user_creatures: log_only=['slavering branchsnapper'] engine_only=['bashful beastie'] ; oppo_hand: log=3 engine=2,4,3,0,0,5,3,2,0,2,0,2,0,1,ok,185
946,1,5,4,user_hand,user_5,user_hand,user_hand: log_only=['vanish from sight'] engine_only=[],4,4,0,0,4,4,6,0,0,0,6,0,0,ok,100
947,1,12,3,user_life,oppo_4,user_life,user_life: log=16 engine=17,7,3,4,0,4,3,1,1,1,0,1,1,0,ok,339
948,1,8,3,user_creatures,oppo_4,user_creatures user_noncreatures user_hand,"user_creatures: log_only=['hedge shredder', 'wary watchdog'] engine_only=['bashful beastie'] ; user_noncreatures: log_only=[] engine_only=['hedge shredder'] ; user_hand: log_only=['bashful beastie'] engine_only=['wary watchdog']",5,3,1,0,4,3,2,0,1,0,2,0,0,ok,325
949,1,14,1,user_hand,user_2,user_hand,user_hand: log_only=['defiant survivor'] engine_only=['swamp'],5,0,3,0,1,0,0,0,1,0,0,0,0,ok,323
950,1,13,4,oppo_hand,oppo_5,oppo_hand,oppo_hand: log=4 engine=5,9,3,5,1,4,3,3,0,1,0,3,0,2,ok,461
951,1,12,5,user_noncreatures,oppo_6,user_noncreatures,user_noncreatures: log_only=['unable to scream'] engine_only=[],4,2,4,1,6,3,5,0,4,0,5,0,0,ok,268
952,1,7,2,user_creatures,user_3,user_creatures,user_creatures: log_only=['glassworks'] engine_only=['grasping longneck'],5,2,2,0,2,2,2,0,0,0,2,0,0,ok,207
953,1,12,3,user_creatures,user_4,user_creatures,user_creatures: log_only=['mountain'] engine_only=['turn inside out'],4,0,5,0,3,0,0,0,3,0,0,0,0,ok,439
954,1,7,2,user_creatures,oppo_3,user_creatures,user_creatures: log_only=[] engine_only=['spineseeker centipede'],4,2,0,0,3,2,1,0,1,0,1,0,0,ok,241
955,1,10,3,user_creatures,user_4,user_creatures,user_creatures: log_only=[] engine_only=['glimmer'],5,3,1,0,3,4,0,0,0,0,0,0,2,ok,455
956,1,9,3,user_hand,user_4,user_hand,user_hand: log_only=['roaring furnace'] engine_only=[],4,1,2,0,3,1,0,0,2,0,0,0,0,ok,293
957,1,9,1,user_hand,oppo_2,user_hand,user_hand: log_only=['plains'] engine_only=['shepherding spirits'],6,0,2,0,2,0,0,0,2,0,0,0,0,ok,370
958,1,11,4,user_hand,user_5,user_hand,user_hand: log_only=['plains'] engine_only=[],6,3,1,0,4,3,1,1,1,0,1,1,1,ok,417
959,1,11,4,user_hand,oppo_5,user_hand,"user_hand: log_only=['roaring furnace', 'stalked researcher'] engine_only=['island', 'mountain']",4,0,5,1,4,1,0,0,4,0,0,0,0,ok,437
960,1,9,1,user_hand,user_2,user_hand,user_hand: log_only=['island'] engine_only=['terramorphic expanse'],7,0,1,0,1,0,0,0,1,0,0,0,0,ok,291
961,1,9,4,user_lands,user_5,user_lands user_hand,"user_lands: log_only=['forest'] engine_only=[] ; user_hand: log_only=['overlord of the boilerbilges'] engine_only=['glassworks', 'say its name']",6,3,1,1,3,4,2,0,1,0,2,0,2,ok,266
962,1,9,1,user_creatures,oppo_2,user_creatures,user_creatures: log_only=[] engine_only=['flesh burrower'],7,2,1,0,2,2,0,0,0,0,0,0,0,ok,233
963,1,8,4,user_lands,user_5,user_lands user_creatures user_hand,user_lands: log_only=['swamp'] engine_only=[] ; user_creatures: log_only=['spineseeker centipede'] engine_only=[] ; user_hand: log_only=[] engine_only=['spineseeker centipede'],5,2,2,0,4,3,0,1,2,0,0,1,2,ok,272
964,1,9,2,user_hand,oppo_3,user_hand,user_hand: log_only=[] engine_only=['glimmerburst'],5,1,1,0,3,1,1,0,2,0,1,0,0,ok,285
965,1,12,2,user_creatures,oppo_3,user_creatures user_noncreatures user_hand,user_creatures: log_only=['break down the door'] engine_only=[] ; user_noncreatures: log_only=['growing dread'] engine_only=[] ; user_hand: log_only=[] engine_only=['growing dread'],7,0,3,0,2,0,0,0,2,0,0,0,0,ok,629
966,1,8,2,user_hand,user_3,user_hand,user_hand: log_only=['strangled cemetery'] engine_only=['spectral snatcher'],5,1,1,0,2,1,0,0,1,0,0,0,0,ok,139
967,1,9,3,oppo_hand,oppo_4,oppo_hand,oppo_hand: log=2 engine=1,6,2,0,0,3,2,0,0,1,0,0,0,0,ok,257
968,1,8,3,user_life,user_4,user_life oppo_life user_hand,user_life: log=24 engine=22 ; oppo_life: log=16 engine=18 ; user_hand: log_only=['razortrap gorge'] engine_only=['swamp'],4,2,1,0,3,2,1,0,1,0,1,0,0,ok,219
969,1,14,2,user_creatures,user_3,user_creatures user_hand,user_creatures: log_only=['spineseeker centipede'] engine_only=[] ; user_hand: log_only=['swamp'] engine_only=['spineseeker centipede'],6,1,1,0,2,1,0,0,1,0,0,0,1,ok,543
970,1,7,5,oppo_life,user_6,oppo_life user_lands user_creatures user_hand,oppo_life: log=8 engine=13 ; user_lands: log_only=['forest'] engine_only=[] ; user_creatures: log_only=[] engine_only=['drag to the roots'] ; user_hand: log_only=['drag to the roots'] engine_only=['forest'],5,4,1,0,5,4,3,0,1,0,3,0,0,ok,187
971,1,10,2,user_hand,user_3,user_hand,user_hand: log_only=['emerge from the cocoon'] engine_only=['swamp'],6,2,2,0,2,2,1,0,0,0,1,0,0,ok,220
972,1,4,1,oppo_life,user_2,oppo_life user_creatures user_hand,oppo_life: log=17 engine=20 ; user_creatures: log_only=['broodspinner'] engine_only=[] ; user_hand: log_only=[] engine_only=['forest'],4,1,1,0,1,1,0,0,0,0,0,0,1,ok,55
973,1,5,0,oppo_hand,oppo_1,oppo_hand,oppo_hand: log=5 engine=6,5,0,0,0,0,0,0,0,0,0,0,0,0,ok,151
974,1,12,2,user_life,oppo_3,user_life user_hand,user_life: log=20 engine=19 ; user_hand: log_only=[] engine_only=['seized from slumber'],6,0,2,0,2,0,0,0,2,0,0,0,1,ok,365
975,1,5,4,user_life,oppo_5,user_life user_hand,"user_life: log=20 engine=18 ; user_hand: log_only=['unable to scream', 'underwater tunnel'] engine_only=['mountain', 'stalked researcher']",2,2,0,0,5,2,0,0,3,0,0,0,0,ok,125
976,1,8,3,user_noncreatures,user_4,user_noncreatures,user_noncreatures: log_only=[] engine_only=['bear trap'],5,3,2,0,3,3,1,0,0,0,1,0,0,ok,213
977,1,10,4,user_lands,user_5,user_lands user_hand,user_lands: log_only=['island'] engine_only=[] ; user_hand: log_only=[] engine_only=['island'],7,2,3,0,4,2,0,0,2,0,0,0,1,ok,404
978,1,7,4,user_life,oppo_5,user_life,user_life: log=13 engine=14,4,2,1,0,4,2,0,0,2,0,0,0,0,ok,198
979,1,12,3,user_creatures,user_4,user_creatures,user_creatures: log_only=['swamp'] engine_only=['sheltered by ghosts'],4,1,5,1,3,1,0,0,2,0,0,0,0,ok,378
980,1,11,4,user_lands,user_5,user_lands user_hand,user_lands: log_only=['raucous carnival'] engine_only=[] ; user_hand: log_only=[] engine_only=['raucous carnival'],5,2,2,0,3,3,1,0,1,1,1,0,1,ok,271
981,1,7,4,user_life,user_5,user_life user_creatures user_hand oppo_hand,user_life: log=18 engine=17 ; user_creatures: log_only=['stalked researcher'] engine_only=[] ; user_hand: log_only=['glassworks'] engine_only=['mountain'] ; oppo_hand: log=1 engine=0,6,4,0,0,4,4,1,0,0,0,1,0,1,ok,262
982,1,9,4,user_hand,oppo_5,user_hand,"user_hand: log_only=['infernal phantom', 'trial of agony'] engine_only=['mountain', 'tunnel surveyor']",5,2,1,0,5,3,0,0,3,0,0,0,0,ok,404
983,1,7,2,user_life,user_3,user_life user_creatures user_hand,user_life: log=18 engine=19 ; user_creatures: log_only=['insidious fungus'] engine_only=[] ; user_hand: log_only=[] engine_only=['insidious fungus'],4,0,0,0,2,0,0,0,2,0,0,0,1,ok,194
984,1,8,2,user_hand,user_3,user_hand,user_hand: log_only=['neglected manor'] engine_only=[],6,2,3,0,2,2,0,0,0,0,0,0,0,ok,394
985,1,8,8,,,,,5,5,0,0,8,5,7,0,3,0,7,0,0,ok,220
986,1,9,3,oppo_life,user_4,oppo_life user_creatures,oppo_life: log=16 engine=17 ; user_creatures: log_only=['beast'] engine_only=['optimistic scavenger'],4,3,1,0,3,3,0,0,0,0,0,0,0,ok,186
987,1,16,4,user_creatures,oppo_5,user_creatures user_noncreatures,user_creatures: log_only=['erratic apparition'] engine_only=[] ; user_noncreatures: log_only=[] engine_only=['charred foyer'],10,2,4,0,4,2,1,0,2,0,1,0,0,ok,606
988,1,8,3,oppo_life,user_4,oppo_life user_creatures,oppo_life: log=16 engine=14 ; user_creatures: log_only=['reluctant role model'] engine_only=[],4,2,1,0,3,2,1,0,1,0,1,0,0,ok,242
989,1,17,2,user_hand,oppo_3,user_hand,user_hand: log_only=[] engine_only=['get out'],6,0,3,0,3,0,0,0,3,0,0,0,1,ok,479
990,1,6,4,oppo_life,user_5,oppo_life,oppo_life: log=12 engine=13,5,4,1,0,4,4,3,0,0,0,3,0,0,ok,130
991,1,7,2,oppo_hand,oppo_3,oppo_hand,oppo_hand: log=3 engine=4,4,1,0,0,2,1,0,0,1,0,0,0,0,ok,275
992,1,10,3,user_lands,user_4,user_lands user_hand,user_lands: log_only=['forest'] engine_only=[] ; user_hand: log_only=[] engine_only=['forest'],7,2,2,1,3,2,1,0,1,0,1,0,1,ok,365
993,1,8,3,user_creatures,oppo_4,user_creatures,user_creatures: log_only=[] engine_only=['entity tracker'],6,2,4,0,4,2,1,0,2,0,1,0,0,ok,221
994,1,5,4,oppo_life,user_5,oppo_life,oppo_life: log=12 engine=10,3,3,0,0,4,4,3,0,1,0,3,0,1,ok,98
995,1,12,2,user_hand,oppo_3,user_hand,"user_hand: log_only=[] engine_only=[""don't make a sound""]",5,0,3,0,2,0,0,0,2,0,0,0,1,ok,484
996,1,12,4,user_lands,user_5,user_lands user_creatures,user_lands: log_only=[] engine_only=['swamp'] ; user_creatures: log_only=['swamp'] engine_only=[],7,3,3,2,4,4,0,2,1,0,0,2,0,ok,409
997,1,9,3,oppo_hand,oppo_4,oppo_hand,oppo_hand: log=4 engine=3,3,1,2,0,2,2,0,1,1,1,0,1,0,ok,217
998,1,8,3,oppo_life,user_4,oppo_life user_creatures,oppo_life: log=11 engine=12 ; user_creatures: log_only=['clockwork percussionist'] engine_only=[],4,2,1,0,3,2,2,0,1,0,2,0,1,ok,195
999,1,14,2,user_life,oppo_3,user_life,user_life: log=16 engine=17,11,2,4,0,2,2,1,0,0,0,1,0,0,ok,600
1000,1,19,1,user_hand,oppo_2,user_hand,user_hand: log_only=['forest'] engine_only=['slavering branchsnapper'],9,0,5,0,2,0,0,0,2,0,0,0,0,ok,2249
1001,1,7,5,oppo_life,user_6,oppo_life user_creatures,oppo_life: log=10 engine=13 ; user_creatures: log_only=[] engine_only=['fear of surveillance'],5,4,0,0,5,6,1,0,1,0,1,0,0,ok,474
1002,1,9,3,user_life,oppo_4,user_life user_creatures user_noncreatures,"user_life: log=20 engine=18 ; user_creatures: log_only=[] engine_only=['clockwork percussionist'] ; user_noncreatures: log_only=[""dollmaker's shop""] engine_only=[]",3,2,1,0,4,3,1,0,2,0,1,0,0,ok,562
1003,1,8,4,user_creatures,oppo_5,user_creatures,user_creatures: log_only=[] engine_only=['ragged playmate'],5,4,2,1,4,4,1,1,0,0,1,1,2,ok,293
1004,1,7,1,user_hand,user_2,user_hand,user_hand: log_only=['slavering branchsnapper'] engine_only=['forest'],5,0,0,0,1,0,0,0,1,0,0,0,0,ok,343
1005,1,6,1,user_hand,user_2,user_hand,user_hand: log_only=['lakeside shack'] engine_only=['stalked researcher'],4,0,1,0,1,0,0,0,1,0,0,0,0,ok,262
1006,1,8,1,user_creatures,oppo_2,user_creatures,user_creatures: log_only=[] engine_only=['flesh burrower'],7,2,0,0,2,2,0,0,0,0,0,0,0,ok,445
1007,1,9,3,user_life,oppo_4,user_life,user_life: log=16 engine=20,6,3,0,0,3,3,0,0,0,0,0,0,1,ok,487
1008,1,10,3,user_lands,user_4,user_lands user_hand,user_lands: log_only=['neglected manor'] engine_only=[] ; user_hand: log_only=[] engine_only=['neglected manor'],8,2,4,1,3,2,1,0,1,0,1,0,1,ok,634
1009,1,12,4,user_life,oppo_5,user_life oppo_life user_creatures user_noncreatures,user_life: log=21 engine=20 ; oppo_life: log=18 engine=19 ; user_creatures: log_only=['diversion specialist'] engine_only=[] ; user_noncreatures: log_only=[] engine_only=['disturbing mirth'],6,3,4,1,5,3,1,0,2,0,1,0,0,ok,497
1010,1,12,1,user_hand,user_2,user_hand,user_hand: log_only=['swamp'] engine_only=['broodspinner'],9,0,2,0,1,0,0,0,1,0,0,0,0,ok,428
1011,1,11,3,user_life,oppo_4,user_life user_creatures,user_life: log=20 engine=17 ; user_creatures: log_only=[] engine_only=['unstoppable slasher'],9,2,3,0,3,2,0,0,1,0,0,0,1,ok,499
1012,1,9,2,oppo_life,user_3,oppo_life,oppo_life: log=17 engine=18,4,1,2,0,2,1,0,0,1,0,0,0,0,ok,338
1013,1,8,3,oppo_life,user_4,oppo_life user_creatures oppo_hand,oppo_life: log=18 engine=20 ; user_creatures: log_only=[] engine_only=['fear of exposure'] ; oppo_hand: log=2 engine=3,6,2,1,0,3,2,0,0,1,0,0,0,1,ok,335
1014,1,12,3,oppo_life,user_4,oppo_life oppo_hand,oppo_life: log=20 engine=9 ; oppo_hand: log=3 engine=4,8,2,2,0,3,2,0,0,1,0,0,0,2,ok,467
1015,1,9,3,user_lands,user_4,user_lands user_hand,user_lands: log_only=['swamp'] engine_only=[] ; user_hand: log_only=[] engine_only=['spectral snatcher'],7,3,2,1,3,3,3,0,0,0,3,0,1,ok,282
1016,1,12,2,user_hand,user_3,user_hand,user_hand: log_only=['nowhere to run'] engine_only=['swamp'],6,1,2,0,2,1,0,0,1,0,0,0,0,ok,327
1017,1,11,3,user_life,oppo_4,user_life user_hand,"user_life: log=16 engine=15 ; user_hand: log_only=[] engine_only=[""don't make a sound""]",7,0,1,0,3,0,0,0,3,0,0,0,1,ok,553
1018,1,7,3,oppo_life,user_4,oppo_life user_creatures user_noncreatures user_hand,"oppo_life: log=18 engine=19 ; user_creatures: log_only=['insect', 'insect'] engine_only=[] ; user_noncreatures: log_only=['overlord of the mistmoors'] engine_only=[] ; user_hand: log_only=[] engine_only=['overlord of the mistmoors']",4,1,1,0,3,1,0,0,2,0,0,0,1,ok,240
1019,1,7,3,user_life,oppo_4,user_life oppo_hand,user_life: log=16 engine=19 ; oppo_hand: log=3 engine=4,6,2,1,1,3,3,1,0,1,0,1,0,3,ok,396
1020,1,9,2,user_hand,oppo_3,user_hand,"user_hand: log_only=[] engine_only=[""don't make a sound""]",4,0,1,0,2,0,0,0,2,0,0,0,1,ok,328
1021,1,6,1,user_hand,user_2,user_hand,user_hand: log_only=['unstoppable slasher'] engine_only=['slavering branchsnapper'],3,0,1,0,1,0,0,0,1,0,0,0,0,ok,153
1022,1,10,2,user_lands,user_3,user_lands user_noncreatures user_hand,"user_lands: log_only=['island'] engine_only=[] ; user_noncreatures: log_only=['unable to scream'] engine_only=[] ; user_hand: log_only=[] engine_only=['daggermaw megalodon', 'unable to scream']",5,2,1,0,2,2,0,0,0,0,0,0,2,ok,472
1023,1,9,2,user_creatures,oppo_3,user_creatures,user_creatures: log_only=['clockwork percussionist'] engine_only=['sawblade skinripper'],7,3,0,0,3,3,2,0,0,0,2,0,0,ok,468
1024,1,8,5,oppo_life,user_6,oppo_life,oppo_life: log=9 engine=5,4,4,2,1,5,5,4,1,1,0,4,1,1,ok,259
1025,1,12,2,user_life,oppo_3,user_life user_noncreatures user_hand oppo_hand,user_life: log=20 engine=18 ; user_noncreatures: log_only=['growing dread'] engine_only=[] ; user_hand: log_only=[] engine_only=['growing dread'] ; oppo_hand: log=5 engine=6,5,0,2,0,2,0,0,0,2,0,0,0,1,ok,429
1026,1,9,2,user_creatures,user_3,user_creatures,user_creatures: log_only=[] engine_only=['floodpits drowner'],5,0,3,0,2,0,0,0,2,0,0,0,0,ok,374
1027,1,8,2,user_life,oppo_3,user_life,user_life: log=17 engine=18,5,1,1,0,2,1,0,0,1,0,0,0,0,ok,308
1028,1,9,4,user_lands,user_5,user_lands user_creatures,user_lands: log_only=[] engine_only=['swamp'] ; user_creatures: log_only=['swamp'] engine_only=[],6,3,1,0,4,3,1,1,1,0,1,1,0,ok,347
1029,1,8,3,oppo_hand,oppo_4,oppo_hand,oppo_hand: log=6 engine=5,5,2,0,0,3,3,0,0,1,1,0,0,0,ok,219
1030,1,5,2,oppo_life,user_3,oppo_life,oppo_life: log=16 engine=17,4,1,0,0,2,1,0,0,1,0,0,0,0,ok,94
1031,1,7,2,oppo_hand,oppo_3,oppo_hand,oppo_hand: log=5 engine=6,4,1,3,1,3,2,3,0,2,0,3,0,1,ok,207
1032,1,9,3,user_life,oppo_4,user_life user_hand,"user_life: log=18 engine=14 ; user_hand: log_only=['island', 'silent hallcreeper'] engine_only=['inquisitive glimmer', 'plains']",5,1,0,0,4,1,0,0,3,0,0,0,0,ok,386
1033,1,9,2,user_noncreatures,user_3,user_noncreatures,user_noncreatures: log_only=['treasure'] engine_only=[],5,1,3,0,2,1,0,1,1,0,0,1,0,ok,253
1034,1,14,2,user_creatures,oppo_3,user_creatures,user_creatures: log_only=[] engine_only=['piranha fly'],6,1,6,0,2,1,0,0,1,0,0,0,0,ok,694
1035,1,11,3,user_creatures,oppo_4,user_creatures user_hand,user_creatures: log_only=['appendage amalgam'] engine_only=[] ; user_hand: log_only=[] engine_only=['appendage amalgam'],6,1,4,0,3,1,0,0,2,0,0,0,0,ok,358
1036,1,9,2,user_hand,oppo_3,user_hand,"user_hand: log_only=[] engine_only=[""don't make a sound""]",6,1,3,0,2,1,0,0,1,0,0,0,1,ok,425
1037,1,8,5,user_creatures,oppo_6,user_creatures,user_creatures: log_only=[] engine_only=['fear of burning alive'],3,3,1,1,6,4,0,0,3,0,0,0,1,ok,196
1038,1,6,3,user_creatures,user_4,user_creatures user_hand,user_creatures: log_only=['hand that feeds'] engine_only=[] ; user_hand: log_only=[] engine_only=['vicious clown'],4,2,0,0,3,2,0,0,1,0,0,0,1,ok,131
1039,1,10,3,user_hand,user_4,user_hand,user_hand: log_only=['mountain'] engine_only=['plains'],7,2,2,0,3,2,0,0,1,0,0,0,0,ok,383
1040,1,17,3,user_hand,user_4,user_hand,user_hand: log_only=['sporogenic infection'] engine_only=['osseous sticktwister'],5,2,6,1,3,2,0,0,1,0,0,0,1,ok,309
1041,1,10,4,user_lands,user_5,user_lands user_hand,user_lands: log_only=['island'] engine_only=[] ; user_hand: log_only=[] engine_only=['daggermaw megalodon'],8,3,3,1,4,3,1,0,1,0,1,0,2,ok,242
1042,1,7,1,user_hand,user_2,user_hand,user_hand: log_only=['meat locker'] engine_only=['forest'],5,0,2,0,1,0,0,0,1,0,0,0,0,ok,248
1043,1,14,3,user_hand,user_4,user_hand,"user_hand: log_only=['altanak, the thrice-called'] engine_only=['defiant survivor']",5,1,2,1,3,2,1,0,2,0,1,0,1,ok,454
1044,1,7,3,user_lands,user_4,user_lands user_hand,user_lands: log_only=['mountain'] engine_only=[] ; user_hand: log_only=[] engine_only=['bedhead beastie'],4,3,1,0,3,3,3,0,0,0,3,0,1,ok,171
1045,1,12,5,user_life,oppo_6,user_life user_creatures user_hand,user_life: log=17 engine=15 ; user_creatures: log_only=['enduring curiosity'] engine_only=[] ; user_hand: log_only=[] engine_only=['enduring curiosity'],7,3,2,0,5,3,0,1,2,0,0,1,2,ok,611
1046,1,13,1,user_hand,user_2,user_hand,user_hand: log_only=['swamp'] engine_only=['forest'],5,1,2,0,1,1,0,0,0,0,0,0,0,ok,579
1047,1,10,3,user_noncreatures,user_4,user_noncreatures,user_noncreatures: log_only=[] engine_only=['unable to scream'],6,2,3,2,3,3,0,0,1,0,0,0,0,ok,612
1048,1,12,2,user_noncreatures,oppo_3,user_noncreatures user_hand,user_noncreatures: log_only=['nowhere to run'] engine_only=[] ; user_hand: log_only=[] engine_only=['nowhere to run'],5,1,0,0,2,1,1,0,1,0,1,0,0,ok,562
1049,1,12,5,user_hand,oppo_6,user_hand,user_hand: log_only=['unnerving grasp'] engine_only=['meat locker'],6,2,2,0,4,4,0,0,2,2,0,0,0,ok,559
1050,1,10,4,user_creatures,oppo_5,user_creatures,user_creatures: log_only=[] engine_only=['bottomless pool'],5,2,1,0,4,2,0,0,2,0,0,0,1,ok,373
1051,1,4,3,user_life,oppo_4,user_life oppo_hand,user_life: log=14 engine=17 ; oppo_hand: log=3 engine=4,2,2,0,0,3,2,0,0,1,0,0,0,3,ok,85
1052,1,6,2,user_creatures,oppo_3,user_creatures user_hand,user_creatures: log_only=['wildfire wickerfolk'] engine_only=['irreverent gremlin'] ; user_hand: log_only=['irreverent gremlin'] engine_only=['wildfire wickerfolk'],5,2,1,0,3,2,2,0,1,0,2,0,0,ok,122
1053,1,11,2,user_life,oppo_3,user_life,user_life: log=16 engine=17,6,0,2,0,2,0,0,0,2,0,0,0,0,ok,333
1054,1,11,3,user_creatures,user_4,user_creatures,user_creatures: log_only=['fear of surveillance'] engine_only=[],7,2,3,0,3,3,1,0,1,0,1,0,0,ok,658
1055,1,14,5,oppo_hand,oppo_6,oppo_hand,oppo_hand: log=2 engine=3,7,3,3,0,4,4,0,0,1,1,0,0,2,ok,546
1056,1,9,4,user_life,oppo_5,user_life user_hand,"user_life: log=17 engine=18 ; user_hand: log_only=['island', 'swamp'] engine_only=['creeping peeper', 'murder']",6,3,2,0,4,3,4,0,1,0,4,0,0,ok,377
1057,1,11,2,oppo_hand,oppo_3,oppo_hand,oppo_hand: log=4 engine=5,6,1,2,0,2,1,0,0,1,0,0,0,1,ok,392
1058,1,7,2,oppo_life,user_3,oppo_life user_hand,oppo_life: log=17 engine=18 ; user_hand: log_only=['forest'] engine_only=[],3,0,3,0,2,0,0,0,2,0,0,0,0,ok,172
1059,1,7,3,user_creatures,oppo_4,user_creatures user_hand,user_creatures: log_only=['glimmer'] engine_only=[] ; user_hand: log_only=['grand entryway'] engine_only=[],5,2,2,0,4,2,1,0,2,0,1,0,1,ok,258
1060,1,9,4,user_life,oppo_5,user_life,user_life: log=16 engine=19,8,3,2,0,4,3,0,0,1,0,0,0,2,ok,295
1061,1,9,1,user_hand,oppo_2,user_hand,"user_hand: log_only=[] engine_only=[""don't make a sound""]",4,0,0,0,2,0,0,0,2,0,0,0,1,ok,268
1062,1,8,2,user_hand,oppo_3,user_hand,user_hand: log_only=['forest'] engine_only=['slavering branchsnapper'],4,0,2,0,2,0,0,0,2,0,0,0,0,ok,228
1063,1,10,3,user_creatures,user_4,user_creatures,user_creatures: log_only=['plains'] engine_only=['slavering branchsnapper'],4,2,1,0,3,2,0,0,1,0,0,0,0,ok,328
1064,1,8,4,user_life,oppo_5,user_life user_creatures user_hand,"user_life: log=17 engine=15 ; user_creatures: log_only=[] engine_only=['glimmer'] ; user_hand: log_only=['fear of surveillance', 'island'] engine_only=['etched cornfield', 'plains']",6,3,1,0,4,3,2,0,1,0,2,0,1,ok,212
1065,1,8,2,oppo_life,user_3,oppo_life,oppo_life: log=16 engine=17,6,2,1,0,2,2,2,0,0,0,2,0,0,ok,294
1066,1,13,4,oppo_hand,oppo_5,oppo_hand,oppo_hand: log=4 engine=5,7,3,4,1,4,3,1,0,1,0,1,0,1,ok,408
1067,1,7,3,user_creatures,oppo_4,user_creatures,user_creatures: log_only=[] engine_only=['glimmerlight'],3,1,1,0,3,1,0,0,2,0,0,0,1,ok,139
1068,1,11,2,user_hand,user_3,user_hand,user_hand: log_only=['grasping longneck'] engine_only=['fear of burning alive'],6,1,1,0,2,1,0,1,1,0,0,1,0,ok,302
1069,1,12,5,oppo_hand,oppo_6,oppo_hand,oppo_hand: log=4 engine=2,6,4,2,0,4,5,1,1,1,0,1,1,0,ok,386
1070,1,4,3,user_hand,user_4,user_hand,user_hand: log_only=['smoky lounge'] engine_only=[],0,0,0,0,3,0,0,0,3,0,0,0,0,ok,60
1071,1,8,3,oppo_hand,oppo_4,oppo_hand,oppo_hand: log=5 engine=6,5,2,3,0,3,2,1,0,1,0,1,0,2,ok,277
1072,1,8,2,oppo_hand,user_3,oppo_hand,oppo_hand: log=4 engine=5,5,1,0,0,2,1,0,0,1,0,0,0,0,ok,210
1073,1,9,4,oppo_life,user_5,oppo_life user_creatures,oppo_life: log=16 engine=17 ; user_creatures: log_only=['razorkin needlehead'] engine_only=[],5,3,2,0,4,3,1,0,1,0,1,0,0,ok,276
1074,1,6,5,oppo_hand,oppo_6,oppo_hand,oppo_hand: log=8 engine=7,2,2,0,0,4,3,9,0,2,1,9,0,0,ok,76
1075,1,8,3,user_life,user_4,user_life oppo_life user_creatures,"user_life: log=21 engine=20 ; oppo_life: log=19 engine=20 ; user_creatures: log_only=[""betrayer's bargain"", 'popular egotist'] engine_only=['innocuous rat']",4,2,1,0,3,2,0,0,1,0,0,0,0,ok,201
1076,1,10,3,user_lands,user_4,user_lands user_hand,user_lands: log_only=['island'] engine_only=[] ; user_hand: log_only=[] engine_only=['island'],6,2,2,1,3,2,0,0,1,0,0,0,1,ok,383
1077,1,5,1,oppo_hand,oppo_2,oppo_hand,oppo_hand: log=6 engine=7,1,1,1,0,2,1,2,0,1,0,2,0,1,ok,67
1078,1,9,3,user_life,oppo_4,user_life,user_life: log=14 engine=16,4,2,1,0,3,2,0,0,1,0,0,0,0,ok,260
1079,1,15,2,user_lands,user_3,user_lands user_noncreatures user_hand,user_lands: log_only=['forest'] engine_only=[] ; user_noncreatures: log_only=[] engine_only=['glimmerlight'] ; user_hand: log_only=['glimmerlight'] engine_only=['forest'],9,1,2,0,2,1,0,0,1,0,0,0,0,ok,292
1080,1,7,2,user_lands,user_3,user_lands user_noncreatures user_hand,user_lands: log_only=['forest'] engine_only=[] ; user_noncreatures: log_only=['treasure'] engine_only=[] ; user_hand: log_only=[] engine_only=['slavering branchsnapper'],4,2,1,0,2,2,1,0,0,0,1,0,1,ok,205
1081,1,8,5,user_life,user_6,user_life oppo_life user_lands user_hand,user_life: log=18 engine=16 ; oppo_life: log=16 engine=18 ; user_lands: log_only=['island'] engine_only=[] ; user_hand: log_only=['moldering gym'] engine_only=['island'],6,4,1,0,5,4,1,1,1,0,1,1,2,ok,231
1082,1,9,3,user_creatures,oppo_4,user_creatures,user_creatures: log_only=['glimmer'] engine_only=['dashing bloodsucker'],4,2,2,0,4,2,2,0,2,0,2,0,0,ok,347
1083,1,13,4,oppo_life,user_5,oppo_life user_creatures user_noncreatures user_hand oppo_hand,"oppo_life: log=15 engine=17 ; user_creatures: log_only=['clockwork percussionist'] engine_only=[] ; user_noncreatures: log_only=[] engine_only=['disturbing mirth'] ; user_hand: log_only=[] engine_only=['swamp', 'turn inside out'] ; oppo_hand: log=5 engine=6",6,2,1,0,4,2,3,0,2,0,3,0,2,ok,322
1084,1,8,2,user_lands,user_3,user_lands user_creatures user_hand,"user_lands: log_only=['forest'] engine_only=[] ; user_creatures: log_only=['cryptid inspector'] engine_only=[] ; user_hand: log_only=[] engine_only=['forest', 'manifest dread']",5,1,2,0,2,1,0,0,1,0,0,0,2,ok,157
1085,1,7,2,user_creatures,oppo_3,user_creatures user_hand,user_creatures: log_only=['fear of surveillance'] engine_only=['irreverent gremlin'] ; user_hand: log_only=['irreverent gremlin'] engine_only=['fear of surveillance'],5,2,1,0,3,2,1,0,1,0,1,0,0,ok,147
1086,1,10,2,user_hand,oppo_3,user_hand,user_hand: log_only=['island'] engine_only=['daggermaw megalodon'],4,0,0,0,2,0,0,0,2,0,0,0,0,ok,84
1087,1,8,3,user_life,oppo_4,user_life oppo_hand,user_life: log=14 engine=18 ; oppo_hand: log=2 engine=3,5,2,2,1,3,2,0,0,1,0,0,0,2,ok,172
1088,1,7,4,oppo_life,user_5,oppo_life,oppo_life: log=10 engine=12,5,3,2,1,4,4,2,0,1,0,2,0,1,ok,162
1089,1,6,5,user_creatures,oppo_6,user_creatures user_noncreatures oppo_hand,"user_creatures: log_only=['the mindskinner'] engine_only=[] ; user_noncreatures: log_only=[""shardmage's rescue""] engine_only=[] ; oppo_hand: log=1 engine=2",4,4,1,1,6,4,3,0,2,0,3,0,2,ok,125
1090,1,7,5,oppo_life,user_6,oppo_life,oppo_life: log=2 engine=5,5,3,1,1,4,4,5,1,1,1,5,1,0,ok,154
1091,1,8,5,user_life,oppo_6,user_life oppo_hand,user_life: log=9 engine=10 ; oppo_hand: log=3 engine=1,5,4,2,1,4,5,1,0,1,0,1,0,0,ok,258
1092,1,8,4,user_creatures,user_5,user_creatures,user_creatures: log_only=['fear of impostors'] engine_only=[],6,2,2,0,4,2,0,0,2,0,0,0,0,ok,420
1093,1,11,3,user_hand,user_4,user_hand,user_hand: log_only=['chainsaw'] engine_only=[],8,2,5,1,3,2,1,0,1,0,1,0,1,ok,369
1094,1,11,3,user_life,oppo_4,user_life user_hand,"user_life: log=17 engine=20 ; user_hand: log_only=['forest', 'twist reality'] engine_only=['island', 'underwater tunnel']",6,1,6,0,4,1,0,0,3,0,0,0,1,ok,278
1095,1,10,4,user_creatures,oppo_5,user_creatures,"user_creatures: log_only=['vicious clown'] engine_only=['arabella, abandoned doll']",5,3,1,0,4,4,1,0,1,0,1,0,0,ok,538
1096,1,10,3,oppo_life,user_4,oppo_life user_creatures user_hand,oppo_life: log=18 engine=20 ; user_creatures: log_only=['spineseeker centipede'] engine_only=[] ; user_hand: log_only=[] engine_only=['wildfire wickerfolk'],5,1,1,0,3,1,0,0,2,0,0,0,3,ok,282
1097,1,7,3,user_creatures,oppo_4,user_creatures user_noncreatures user_hand,"user_creatures: log_only=['arabella, abandoned doll'] engine_only=[] ; user_noncreatures: log_only=['ethereal armor', ""shardmage's rescue""] engine_only=[] ; user_hand: log_only=[] engine_only=[""shardmage's rescue""]",4,2,1,1,3,2,0,0,1,0,0,0,0,ok,174
1098,1,10,3,user_hand,oppo_4,user_hand oppo_hand,user_hand: log_only=[] engine_only=['get out'] ; oppo_hand: log=4 engine=5,1,0,4,0,3,0,0,0,3,0,0,0,2,ok,267
1099,1,7,2,user_creatures,user_3,user_creatures,user_creatures: log_only=['rampaging soulrager'] engine_only=[],4,2,1,0,2,2,0,0,0,0,0,0,0,ok,180
1100,1,7,3,oppo_life,user_4,oppo_life user_hand,oppo_life: log=16 engine=20 ; user_hand: log_only=['monstrous emergence'] engine_only=['swamp'],5,2,1,0,3,2,0,0,1,0,0,0,1,ok,1134
1101,1,7,5,user_life,oppo_6,user_life oppo_hand,user_life: log=15 engine=20 ; oppo_hand: log=1 engine=2,6,4,0,0,5,4,3,0,1,0,3,0,3,ok,542
1102,1,10,3,oppo_life,user_4,oppo_life user_lands user_creatures user_noncreatures user_hand,"oppo_life: log=14 engine=11 ; user_lands: log_only=['forest'] engine_only=[] ; user_creatures: log_only=['scorching dragonfire'] engine_only=['piggy bank'] ; user_noncreatures: log_only=['treasure'] engine_only=[] ; user_hand: log_only=['insidious fungus'] engine_only=['manifest dread', 'say its name']",7,3,1,0,3,3,4,0,0,0,4,0,4,ok,735
1103,1,9,4,user_creatures,oppo_5,user_creatures,user_creatures: log_only=['glimmer'] engine_only=[],6,2,2,0,5,2,0,0,3,0,0,0,0,ok,593
1104,1,8,3,user_hand,user_4,user_hand,user_hand: log_only=['waltz of rage'] engine_only=['mountain'],6,2,3,0,3,2,3,0,1,0,3,0,0,ok,351
1105,1,10,3,user_hand,oppo_4,user_hand,user_hand: log_only=['forest'] engine_only=['slavering branchsnapper'],4,0,1,1,3,1,0,0,3,0,0,0,0,ok,401
1106,1,6,3,user_creatures,oppo_4,user_creatures,"user_creatures: log_only=['toby, beastie befriender'] engine_only=['beast']",3,1,0,0,3,1,0,0,2,0,0,0,0,ok,221
1107,1,8,3,oppo_hand,oppo_4,oppo_hand,oppo_hand: log=3 engine=4,4,1,2,0,3,1,0,0,2,0,0,0,1,ok,343
1108,1,7,5,user_creatures,oppo_6,user_creatures user_noncreatures user_hand,user_creatures: log_only=['bashful beastie'] engine_only=[] ; user_noncreatures: log_only=['frantic strength'] engine_only=[] ; user_hand: log_only=[] engine_only=['frantic strength'],5,5,1,1,5,5,5,0,0,0,5,0,0,ok,372
1109,1,10,2,user_creatures,user_3,user_creatures,user_creatures: log_only=['forest'] engine_only=['ripchain razorkin'],7,0,3,0,2,0,0,0,2,0,0,0,0,ok,490
1110,1,9,3,user_noncreatures,user_4,user_noncreatures user_hand,user_noncreatures: log_only=['overlord of the boilerbilges'] engine_only=[] ; user_hand: log_only=[] engine_only=['overlord of the boilerbilges'],6,2,2,0,3,2,0,0,1,0,0,0,1,ok,303
1111,1,10,4,oppo_hand,oppo_5,oppo_hand,oppo_hand: log=2 engine=3,7,3,3,1,4,3,0,1,1,0,0,1,1,ok,381
1112,1,14,2,user_hand,user_3,user_hand,user_hand: log_only=['bleeding woods'] engine_only=['forest'],11,2,5,1,2,2,0,0,0,0,0,0,0,ok,1054
1113,1,9,2,oppo_life,user_3,oppo_life user_creatures,oppo_life: log=17 engine=18 ; user_creatures: log_only=['the swarmweaver'] engine_only=[],3,1,2,0,2,1,0,0,1,0,0,0,0,ok,262
1114,1,6,3,user_life,user_4,user_life oppo_life,user_life: log=28 engine=27 ; oppo_life: log=12 engine=13,4,1,2,1,2,2,1,0,1,0,1,0,0,ok,243
1115,1,9,2,oppo_life,user_3,oppo_life user_creatures oppo_hand,"oppo_life: log=20 engine=19 ; user_creatures: log_only=['mountain'] engine_only=['glimmer', 'vicious clown'] ; oppo_hand: log=4 engine=5",5,2,2,0,2,2,0,0,0,0,0,0,2,ok,352
1116,1,9,8,oppo_life,user_9,oppo_life user_creatures oppo_hand,"oppo_life: log=6 engine=-1 ; user_creatures: log_only=[] engine_only=['hand that feeds', 'infernal phantom'] ; oppo_hand: log=1 engine=0",4,4,2,2,6,7,4,0,2,2,4,0,3,ok,228
1117,1,9,2,user_creatures,oppo_3,user_creatures,user_creatures: log_only=[] engine_only=['irreverent gremlin'],4,1,2,0,2,1,0,0,1,0,0,0,0,ok,342
1118,1,6,1,user_hand,user_2,user_hand,user_hand: log_only=['swamp'] engine_only=['spineseeker centipede'],5,0,0,0,1,0,0,0,1,0,0,0,0,ok,122
1119,1,9,3,user_creatures,oppo_4,user_creatures,user_creatures: log_only=[] engine_only=['acrobatic cheerleader'],5,1,2,1,3,1,0,0,2,0,0,0,0,ok,365
1120,1,7,5,oppo_life,user_6,oppo_life user_creatures user_hand oppo_hand,"oppo_life: log=11 engine=9 ; user_creatures: log_only=['swamp'] engine_only=['spineseeker centipede', 'the swarmweaver'] ; user_hand: log_only=['drag to the roots', 'the swarmweaver'] engine_only=['fear of lost teeth', 'forest'] ; oppo_hand: log=6 engine=7",4,3,1,0,5,4,5,0,2,0,5,0,1,ok,205
1121,1,11,3,user_life,oppo_4,user_life user_creatures,user_life: log=13 engine=11 ; user_creatures: log_only=[] engine_only=['gremlin tamer'],6,1,1,0,2,2,0,0,1,1,0,0,0,ok,536
1122,1,8,2,user_lands,oppo_3,user_lands user_hand,"user_lands: log_only=['forest'] engine_only=[] ; user_hand: log_only=[] engine_only=['altanak, the thrice-called']",5,1,0,0,3,1,1,0,2,0,1,0,0,ok,317
1123,1,12,3,user_creatures,user_4,user_creatures user_hand,user_creatures: log_only=['possessed goat'] engine_only=[] ; user_hand: log_only=[] engine_only=['possessed goat'],5,1,4,0,3,1,0,0,2,0,0,0,1,ok,512
1124,1,5,4,oppo_hand,user_5,oppo_hand,oppo_hand: log=1 engine=2,4,3,1,1,4,3,3,0,1,0,3,0,2,ok,108
1125,1,12,2,user_hand,oppo_3,user_hand,user_hand: log_only=['swamp'] engine_only=['spectral snatcher'],8,0,3,0,2,0,0,0,2,0,0,0,0,ok,368
1126,1,7,3,oppo_life,oppo_4,oppo_life oppo_hand,oppo_life: log=19 engine=20 ; oppo_hand: log=4 engine=5,4,2,3,0,3,2,0,0,1,0,0,0,1,ok,264
1127,1,9,2,user_creatures,oppo_3,user_creatures,user_creatures: log_only=[] engine_only=['house cartographer'],7,1,2,0,2,1,0,0,1,0,0,0,0,ok,470
1128,1,6,3,user_hand,oppo_4,user_hand,user_hand: log_only=['island'] engine_only=['daggermaw megalodon'],3,2,1,1,3,2,0,0,1,0,0,0,0,ok,156
1129,1,7,4,user_hand,oppo_5,user_hand,user_hand: log_only=['grand entryway'] engine_only=['fear of isolation'],5,3,0,0,4,3,2,1,1,0,2,1,0,ok,196
1130,1,10,3,user_creatures,user_4,user_creatures,user_creatures: log_only=['mountain'] engine_only=['irreverent gremlin'],4,1,2,0,3,1,1,0,2,0,1,0,0,ok,382
1131,1,10,2,user_hand,user_3,user_hand,user_hand: log_only=['mountain'] engine_only=[],6,1,3,0,2,1,0,0,1,0,0,0,0,ok,418
1132,1,6,3,user_life,oppo_4,user_life oppo_hand,user_life: log=17 engine=20 ; oppo_hand: log=2 engine=3,4,3,0,0,4,3,0,0,1,0,0,0,2,ok,210
1133,1,11,6,user_creatures,oppo_7,user_creatures user_noncreatures oppo_hand,user_creatures: log_only=['spectral snatcher'] engine_only=[] ; user_noncreatures: log_only=[] engine_only=['roaring furnace'] ; oppo_hand: log=2 engine=1,4,4,3,2,7,5,0,0,3,0,0,0,0,ok,379
1134,1,10,4,user_lands,user_5,user_lands user_creatures,user_lands: log_only=['plains'] engine_only=['forest'] ; user_creatures: log_only=['forest'] engine_only=['tunnel surveyor'],4,1,1,1,3,2,3,0,2,0,3,0,0,ok,604
1135,1,11,3,user_creatures,user_4,user_creatures,user_creatures: log_only=['plains'] engine_only=['fear of lost teeth'],5,0,1,0,3,0,0,0,3,0,0,0,0,ok,313
1136,1,8,3,user_creatures,oppo_4,user_creatures user_noncreatures,user_creatures: log_only=[] engine_only=['piggy bank'] ; user_noncreatures: log_only=['treasure'] engine_only=[],3,3,0,0,4,4,2,0,1,0,2,0,0,ok,239
1137,1,10,4,user_life,oppo_5,user_life oppo_life,user_life: log=14 engine=19 ; oppo_life: log=21 engine=16,7,3,1,1,4,4,4,0,2,0,4,0,2,ok,396
1138,1,5,4,oppo_life,user_5,oppo_life user_creatures,oppo_life: log=8 engine=5 ; user_creatures: log_only=['grasping longneck'] engine_only=['wildfire wickerfolk'],4,3,1,0,4,4,3,0,1,0,3,0,0,ok,143
1139,1,8,2,user_hand,user_3,user_hand,user_hand: log_only=['mountain'] engine_only=[],6,2,1,0,2,2,1,1,0,0,1,1,0,ok,197
1140,1,11,3,user_life,oppo_4,user_life user_noncreatures user_hand,user_life: log=18 engine=19 ; user_noncreatures: log_only=['nowhere to run'] engine_only=[] ; user_hand: log_only=[] engine_only=['nowhere to run'],5,1,4,0,3,1,0,0,2,0,0,0,0,ok,333
1141,1,9,3,user_hand,user_4,user_hand,user_hand: log_only=['shrewd storyteller'] engine_only=['etched cornfield'],4,1,0,0,3,1,0,0,2,0,0,0,0,ok,191
1142,1,8,4,user_life,oppo_5,user_life,user_life: log=20 engine=22,5,3,0,0,4,3,0,0,1,0,0,0,0,ok,263
1143,1,7,1,user_creatures,oppo_2,user_creatures,user_creatures: log_only=[] engine_only=['overgrown zealot'],6,1,1,0,2,1,0,0,1,0,0,0,0,ok,226
1144,1,11,2,oppo_life,user_3,oppo_life user_creatures user_noncreatures,oppo_life: log=18 engine=19 ; user_creatures: log_only=['clockwork percussionist'] engine_only=[] ; user_noncreatures: log_only=['surgical suite'] engine_only=[],7,1,0,0,2,1,2,0,1,0,2,0,1,ok,502
1145,1,8,2,user_creatures,user_3,user_creatures,user_creatures: log_only=[] engine_only=['wildfire wickerfolk'],6,1,1,0,2,1,1,0,1,0,1,0,0,ok,241
1146,1,8,3,user_life,oppo_4,user_life,user_life: log=14 engine=16,5,2,0,0,3,2,0,0,1,0,0,0,0,ok,221
1147,1,13,5,oppo_life,user_6,oppo_life user_creatures,oppo_life: log=18 engine=19 ; user_creatures: log_only=['unwilling vessel'] engine_only=[],6,2,1,0,3,3,0,3,1,1,0,3,0,ok,374
1148,1,9,2,user_life,oppo_3,user_life,user_life: log=17 engine=20,4,1,2,0,3,1,0,0,2,0,0,0,0,ok,302
1149,1,8,3,oppo_hand,oppo_4,oppo_hand,oppo_hand: log=3 engine=4,7,2,4,0,3,2,0,0,1,0,0,0,2,ok,324
1150,1,17,2,user_hand,oppo_3,user_hand,"user_hand: log_only=[] engine_only=[""don't make a sound""]",4,0,4,0,2,0,0,0,2,0,0,0,1,ok,689
1151,1,6,3,user_life,oppo_4,user_life,user_life: log=16 engine=12,3,3,0,0,3,4,0,0,0,1,0,0,0,ok,268
1152,1,10,1,user_hand,user_2,user_hand,user_hand: log_only=['forest'] engine_only=['cautious survivor'],4,0,1,0,1,0,0,0,1,0,0,0,0,ok,244
1153,1,14,1,oppo_life,user_2,oppo_life,oppo_life: log=18 engine=19,7,1,1,0,1,1,0,0,0,0,0,0,0,ok,328
1154,1,14,4,user_creatures,oppo_5,user_creatures user_noncreatures,user_creatures: log_only=['fear of surveillance'] engine_only=[] ; user_noncreatures: log_only=[] engine_only=['meat locker'],6,3,1,0,4,4,1,0,1,1,1,0,0,ok,411
1155,1,5,3,oppo_life,user_4,oppo_life,oppo_life: log=14 engine=16,4,2,1,0,3,2,1,0,1,0,1,0,0,ok,147
1156,1,6,4,user_creatures,user_5,user_creatures,user_creatures: log_only=['cryptid inspector'] engine_only=[],2,1,0,0,3,1,0,0,2,0,0,0,0,ok,115
1157,1,8,3,user_hand,oppo_4,user_hand,"user_hand: log_only=['floodpits drowner', 'meat locker', 'twist reality'] engine_only=['intruding soulrager', 'island', 'pyroclasm']",4,3,2,0,4,3,3,0,1,0,3,0,0,ok,253
1158,1,9,3,user_hand,user_4,user_hand,user_hand: log_only=['fear of immobility'] engine_only=['trapped in the screen'],5,1,1,0,3,1,0,0,2,0,0,0,0,ok,312
1159,1,12,3,user_life,oppo_4,user_life,user_life: log=17 engine=20,8,2,1,0,3,2,0,0,1,0,0,0,0,ok,545
1160,1,8,1,user_hand,user_2,user_hand,"user_hand: log_only=['altanak, the thrice-called'] engine_only=['terramorphic expanse']",6,0,1,0,1,0,0,0,1,0,0,0,0,ok,290
1161,1,8,4,user_creatures,user_5,user_creatures user_hand,user_creatures: log_only=['horror'] engine_only=[] ; user_hand: log_only=['sawblade skinripper'] engine_only=[],5,2,3,1,4,3,0,0,2,0,0,0,0,ok,250
1162,1,7,3,user_life,oppo_4,user_life user_creatures oppo_hand,user_life: log=11 engine=12 ; user_creatures: log_only=['swamp'] engine_only=['glassworks'] ; oppo_hand: log=2 engine=3,2,1,1,0,3,1,0,0,2,0,0,0,2,ok,254
1163,1,10,3,user_life,user_4,user_life oppo_life user_creatures oppo_hand,user_life: log=19 engine=20 ; oppo_life: log=20 engine=16 ; user_creatures: log_only=[] engine_only=['vicious clown'] ; oppo_hand: log=4 engine=5,6,2,2,0,3,2,0,0,1,0,0,0,1,ok,208
1164,1,9,3,oppo_life,user_4,oppo_life user_creatures oppo_hand,oppo_life: log=17 engine=13 ; user_creatures: log_only=[] engine_only=['vicious clown'] ; oppo_hand: log=3 engine=4,6,2,2,0,3,2,0,0,1,0,0,0,2,ok,210
1165,1,9,3,user_creatures,user_4,user_creatures user_hand,user_creatures: log_only=['wary watchdog'] engine_only=[] ; user_hand: log_only=[] engine_only=['wary watchdog'],7,2,0,0,3,2,1,0,1,0,1,0,1,ok,300
1166,1,9,5,oppo_life,user_6,oppo_life user_lands user_creatures user_noncreatures user_hand,"oppo_life: log=10 engine=13 ; user_lands: log_only=['island'] engine_only=[] ; user_creatures: log_only=['glimmer'] engine_only=[] ; user_noncreatures: log_only=['grand entryway'] engine_only=[] ; user_hand: log_only=[] engine_only=['grand entryway', 'island']",7,3,2,0,5,3,3,0,2,0,3,0,3,ok,261
1167,1,8,2,user_life,oppo_3,user_life user_creatures,user_life: log=20 engine=18 ; user_creatures: log_only=[] engine_only=['fear of surveillance'],4,0,2,0,3,0,0,0,3,0,0,0,1,ok,204
1168,1,12,5,user_hand,oppo_6,user_hand oppo_hand,"user_hand: log_only=[] engine_only=[""betrayer's bargain""] ; oppo_hand: log=2 engine=3",5,3,1,0,5,4,2,0,2,0,2,0,3,ok,431
1169,1,5,2,oppo_life,oppo_3,oppo_life oppo_hand,oppo_life: log=16 engine=17 ; oppo_hand: log=3 engine=4,4,1,2,0,2,1,1,0,1,0,1,0,1,ok,196
1170,1,7,3,user_life,user_4,user_life oppo_life,user_life: log=27 engine=25 ; oppo_life: log=8 engine=10,4,2,0,0,3,3,1,0,1,0,1,0,0,ok,208
1171,1,12,5,oppo_hand,oppo_6,oppo_hand,oppo_hand: log=2 engine=1,6,3,3,2,5,4,0,0,2,0,0,0,1,ok,485
1172,1,17,2,user_hand,user_3,user_hand,user_hand: log_only=['saw'] engine_only=['boilerbilges ripper'],7,1,3,0,2,1,0,0,1,0,0,0,0,ok,334
1173,1,9,2,user_life,oppo_3,user_life user_creatures user_hand oppo_hand,user_life: log=19 engine=18 ; user_creatures: log_only=[] engine_only=['friendly teddy'] ; user_hand: log_only=['fear of immobility'] engine_only=[] ; oppo_hand: log=5 engine=4,6,1,1,0,2,1,0,0,1,0,0,0,0,ok,480
1174,1,11,4,user_hand,oppo_5,user_hand,"user_hand: log_only=[] engine_only=[""don't make a sound""]",5,1,1,0,4,1,2,0,3,0,2,0,1,ok,304
1175,1,3,3,,,,,1,1,0,0,2,1,0,0,1,0,0,0,0,ok,22
1176,1,10,2,user_lands,user_3,user_lands user_hand,user_lands: log_only=['island'] engine_only=[] ; user_hand: log_only=[] engine_only=['daggermaw megalodon'],6,1,3,0,2,1,0,0,1,0,0,0,1,ok,386
1177,1,11,2,user_life,oppo_3,user_life user_creatures,user_life: log=18 engine=20 ; user_creatures: log_only=[] engine_only=['defiant survivor'],5,2,1,0,3,2,1,0,1,0,1,0,0,ok,179
1178,1,9,3,oppo_life,user_4,oppo_life,oppo_life: log=15 engine=16,4,2,3,0,3,3,1,0,1,0,1,0,0,ok,342
1179,1,7,1,user_hand,user_2,user_hand,user_hand: log_only=['moldering gym'] engine_only=['tunnel surveyor'],5,0,0,0,1,0,0,0,1,0,0,0,0,ok,235
1180,1,11,7,oppo_life,user_8,oppo_life user_creatures oppo_hand,oppo_life: log=11 engine=2 ; user_creatures: log_only=[] engine_only=['fear of immobility'] ; oppo_hand: log=3 engine=4,3,2,2,0,5,4,6,0,3,2,6,0,1,ok,304
1181,1,9,4,user_noncreatures,user_5,user_noncreatures,user_noncreatures: log_only=['unable to scream'] engine_only=[],6,2,3,0,3,3,1,0,1,1,1,0,0,ok,355
1182,1,8,2,user_creatures,user_3,user_creatures,user_creatures: log_only=['plains'] engine_only=[],4,2,1,0,2,2,0,0,0,0,0,0,0,ok,257
1183,1,7,2,user_lands,user_3,user_lands user_hand,user_lands: log_only=['forest'] engine_only=[] ; user_hand: log_only=[] engine_only=['slavering branchsnapper'],5,1,0,0,2,1,0,0,1,0,0,0,1,ok,179
1184,1,9,3,user_life,oppo_4,user_life,user_life: log=10 engine=11,4,1,0,0,2,2,0,0,1,1,0,0,0,ok,182
1185,1,8,2,user_hand,oppo_3,user_hand,"user_hand: log_only=[] engine_only=[""don't make a sound""]",4,0,0,0,2,0,0,0,2,0,0,0,1,ok,369
1186,1,11,3,oppo_life,user_4,oppo_life,oppo_life: log=16 engine=17,7,2,2,0,3,2,1,0,1,0,1,0,1,ok,588
1187,1,10,2,user_hand,oppo_3,user_hand,user_hand: log_only=['swamp'] engine_only=['final vengeance'],5,1,3,0,2,1,0,0,1,0,0,0,0,ok,302
1188,1,11,2,user_hand,user_3,user_hand,user_hand: log_only=['irreverent gremlin'] engine_only=['underwater tunnel'],4,1,1,0,2,1,0,0,1,0,0,0,0,ok,289
1189,1,12,4,user_life,oppo_5,user_life user_creatures user_hand,user_life: log=18 engine=16 ; user_creatures: log_only=['enduring curiosity'] engine_only=[] ; user_hand: log_only=[] engine_only=['enduring curiosity'],8,1,3,1,4,1,1,0,3,0,1,0,2,ok,357
1190,1,9,7,oppo_life,user_8,oppo_life,oppo_life: log=12 engine=17,6,4,3,2,7,6,1,1,3,0,1,1,1,ok,271
1191,1,12,3,user_creatures,oppo_4,user_creatures,user_creatures: log_only=[] engine_only=['dissection tools'],5,0,5,0,3,0,0,0,3,0,0,0,0,ok,575
1192,1,14,5,user_creatures,oppo_6,user_creatures oppo_hand,user_creatures: log_only=[] engine_only=['glimmerlight'] ; oppo_hand: log=3 engine=5,4,2,5,3,4,5,3,0,3,0,3,0,1,ok,369
1193,1,11,3,user_lands,user_4,user_lands user_hand,user_lands: log_only=['island'] engine_only=[] ; user_hand: log_only=[] engine_only=['cryptid inspector'],4,1,2,0,3,1,1,0,2,0,1,0,1,ok,232
1194,1,7,3,user_creatures,oppo_4,user_creatures,user_creatures: log_only=['razorkin needlehead'] engine_only=[],3,1,2,0,4,1,3,0,3,0,3,0,0,ok,124
1195,1,10,6,oppo_life,user_7,oppo_life user_lands user_creatures,oppo_life: log=18 engine=16 ; user_lands: log_only=['mountain'] engine_only=[] ; user_creatures: log_only=['diversion specialist'] engine_only=['friendly teddy'],5,2,3,1,6,3,0,0,4,0,0,0,2,ok,225
1196,1,6,3,oppo_life,user_4,oppo_life user_creatures,"oppo_life: log=14 engine=13 ; user_creatures: log_only=['gremlin', 'gremlin'] engine_only=[]",4,2,0,0,3,2,2,0,1,0,2,0,0,ok,116
1197,1,10,2,oppo_life,user_3,oppo_life,oppo_life: log=20 engine=19,4,0,3,1,2,1,0,0,2,0,0,0,0,ok,275
1198,1,13,4,user_creatures,user_5,user_creatures,user_creatures: log_only=[] engine_only=['most valuable slayer'],9,2,0,0,4,2,0,0,2,0,0,0,1,ok,630
1199,1,12,2,user_creatures,oppo_3,user_creatures oppo_hand,user_creatures: log_only=[] engine_only=['popular egotist'] ; oppo_hand: log=5 engine=6,5,2,1,0,3,2,1,0,1,0,1,0,1,ok,293
1200,1,9,1,user_hand,user_2,user_hand,user_hand: log_only=['twist reality'] engine_only=['island'],8,0,2,0,1,0,0,0,1,0,0,0,0,ok,1804
1201,1,10,3,oppo_life,user_4,oppo_life,oppo_life: log=17 engine=16,6,2,1,0,3,2,2,0,1,0,2,0,0,ok,789
1202,1,9,1,user_noncreatures,oppo_2,user_noncreatures user_hand,user_noncreatures: log_only=['bear trap'] engine_only=[] ; user_hand: log_only=[] engine_only=['bear trap'],4,0,1,0,1,0,0,0,1,0,0,0,0,ok,604
1203,1,10,2,user_creatures,user_3,user_creatures user_hand,"user_creatures: log_only=['glimmer', 'tunnel surveyor'] engine_only=[] ; user_hand: log_only=[] engine_only=['tunnel surveyor']",3,1,2,0,2,1,0,0,1,0,0,0,1,ok,475
1204,1,6,2,oppo_life,user_3,oppo_life user_creatures oppo_hand,oppo_life: log=17 engine=15 ; user_creatures: log_only=[] engine_only=['hand that feeds'] ; oppo_hand: log=6 engine=7,5,2,0,0,2,2,2,0,0,0,2,0,1,ok,243
1205,1,8,2,user_creatures,user_3,user_creatures,user_creatures: log_only=['house cartographer'] engine_only=[],6,2,1,0,2,2,0,0,0,0,0,0,1,ok,351
1206,1,7,3,oppo_hand,oppo_4,oppo_hand,oppo_hand: log=3 engine=4,3,2,0,0,3,2,1,0,1,0,1,0,1,ok,319
1207,1,11,2,oppo_hand,oppo_3,oppo_hand,oppo_hand: log=3 engine=4,6,1,3,0,2,1,0,0,1,0,0,0,1,ok,498
1208,1,12,2,user_hand,user_3,user_hand,user_hand: log_only=['wary watchdog'] engine_only=['slavering branchsnapper'],5,1,2,0,2,1,0,0,1,0,0,0,0,ok,496
1209,1,9,2,user_hand,oppo_3,user_hand,"user_hand: log_only=[] engine_only=[""don't make a sound""]",2,0,4,0,3,0,0,0,3,0,0,0,1,ok,357
1210,1,10,4,user_noncreatures,oppo_5,user_noncreatures oppo_hand,user_noncreatures: log_only=[] engine_only=['unable to scream'] ; oppo_hand: log=4 engine=3,7,3,1,1,3,5,2,0,1,1,2,0,1,ok,710
1211,1,11,1,user_hand,user_2,user_hand,user_hand: log_only=['forest'] engine_only=['piggy bank'],6,1,3,0,1,1,0,0,0,0,0,0,0,ok,548
1212,1,8,2,user_creatures,oppo_3,user_creatures user_hand,user_creatures: log_only=['floodpits drowner'] engine_only=[] ; user_hand: log_only=[] engine_only=['floodpits drowner'],4,0,2,0,2,0,0,0,2,0,0,0,0,ok,213
1213,1,9,5,user_creatures,oppo_6,user_creatures user_noncreatures,user_creatures: log_only=['living phone'] engine_only=[] ; user_noncreatures: log_only=[] engine_only=['dissection tools'],5,2,0,0,5,2,0,2,3,0,0,2,1,ok,413
1214,1,10,2,user_hand,oppo_3,user_hand,"user_hand: log_only=[] engine_only=[""don't make a sound""]",4,1,1,0,2,1,0,0,1,0,0,0,1,ok,510
1215,1,8,2,user_hand,user_3,user_hand,user_hand: log_only=['swamp'] engine_only=[],4,1,2,0,2,1,0,0,1,0,0,0,0,ok,268
1216,1,5,2,user_hand,user_3,user_hand,user_hand: log_only=['unstoppable slasher'] engine_only=['live or die'],3,0,0,0,2,0,0,0,2,0,0,0,0,ok,123
1217,1,9,4,user_creatures,user_5,user_creatures,user_creatures: log_only=[] engine_only=['fear of being hunted'],6,4,2,0,4,4,4,0,0,0,4,0,0,ok,344
1218,1,8,4,user_life,oppo_5,user_life user_noncreatures user_hand,user_life: log=18 engine=16 ; user_noncreatures: log_only=['unable to scream'] engine_only=[] ; user_hand: log_only=[] engine_only=['unable to scream'],4,3,3,1,5,4,1,0,2,0,1,0,0,ok,243
1219,1,11,4,oppo_hand,oppo_5,oppo_hand,oppo_hand: log=4 engine=2,3,3,2,1,3,5,2,0,0,2,2,0,0,ok,471
1220,1,6,3,user_life,oppo_4,user_life,user_life: log=16 engine=17,3,1,0,0,3,1,0,0,2,0,0,0,1,ok,219
1221,1,14,3,user_lands,user_4,user_lands user_hand,user_lands: log_only=['plains'] engine_only=[] ; user_hand: log_only=[] engine_only=['shepherding spirits'],8,2,1,0,3,2,1,1,1,0,1,1,1,ok,676
1222,1,9,2,user_hand,user_3,user_hand,user_hand: log_only=['plains'] engine_only=['dissection tools'],5,2,2,1,2,2,2,0,0,0,2,0,1,ok,254
1223,1,8,4,user_creatures,user_5,user_creatures,user_creatures: log_only=['insidious fungus'] engine_only=[],4,3,1,0,4,3,1,0,1,0,1,0,0,ok,244
1224,1,8,4,user_life,oppo_5,user_life,user_life: log=15 engine=16,6,4,2,1,4,5,1,0,0,0,1,0,1,ok,470
1225,1,6,2,oppo_life,user_3,oppo_life user_lands user_creatures,oppo_life: log=12 engine=9 ; user_lands: log_only=['mountain'] engine_only=[] ; user_creatures: log_only=['mountain'] engine_only=[],6,2,1,0,2,2,3,0,0,0,3,0,1,ok,176
1226,1,8,2,user_creatures,oppo_3,user_creatures,"user_creatures: log_only=['patchwork beastie', 'piggy bank'] engine_only=[]",4,1,2,0,3,1,1,0,2,0,1,0,0,ok,176
1227,1,8,1,user_noncreatures,user_2,user_noncreatures user_hand,"user_noncreatures: log_only=['overlord of the balemurk'] engine_only=[] ; user_hand: log_only=['swamp'] engine_only=['bashful beastie', 'overlord of the balemurk']",7,1,1,0,1,1,0,0,0,0,0,0,1,ok,204
1228,1,6,3,user_life,oppo_4,user_life,user_life: log=11 engine=12,4,2,2,1,3,2,0,0,1,0,0,0,0,ok,238
1229,1,10,7,oppo_life,user_8,oppo_life,oppo_life: log=17 engine=18,7,5,1,0,6,9,0,3,1,1,0,3,1,ok,475
1230,1,3,2,oppo_hand,oppo_3,oppo_hand,oppo_hand: log=8 engine=7,3,3,0,0,3,3,3,0,0,0,3,0,0,ok,91
1231,1,9,1,user_hand,user_2,user_hand,user_hand: log_only=['unsettling twins'] engine_only=['final vengeance'],5,0,3,0,1,0,0,0,1,0,0,0,0,ok,388
1232,1,8,2,oppo_hand,oppo_3,oppo_hand,oppo_hand: log=7 engine=6,5,1,2,0,3,1,1,0,2,0,1,0,0,ok,590
1233,1,9,3,user_creatures,user_4,user_creatures,user_creatures: log_only=['inquisitive glimmer'] engine_only=['stalked researcher'],5,2,2,0,3,2,1,0,1,0,1,0,1,ok,237
1234,1,9,2,user_creatures,user_3,user_creatures oppo_hand,"user_creatures: log_only=[] engine_only=['gremlin', 'gremlin tamer'] ; oppo_hand: log=5 engine=4",5,1,1,0,2,1,0,0,1,0,0,0,0,ok,284
1235,1,7,2,user_hand,user_3,user_hand,user_hand: log_only=['swamp'] engine_only=['say its name'],6,1,0,0,2,1,0,0,1,0,0,0,0,ok,193
1236,1,6,3,oppo_hand,oppo_4,oppo_hand,oppo_hand: log=4 engine=3,5,3,0,0,3,3,0,0,0,0,0,0,0,ok,203
1237,1,7,3,oppo_hand,oppo_4,oppo_hand,oppo_hand: log=5 engine=6,4,3,1,1,4,4,0,0,1,0,0,0,2,ok,164
1238,1,9,5,user_life,oppo_6,user_life oppo_life,user_life: log=14 engine=15 ; oppo_life: log=15 engine=14,6,4,1,1,4,6,3,0,1,0,3,0,0,ok,309
1239,1,10,3,user_lands,user_4,user_lands user_creatures,user_lands: log_only=['forest'] engine_only=['plains'] ; user_creatures: log_only=['erratic apparition'] engine_only=['forest'],5,2,2,2,3,4,0,0,1,0,0,0,0,ok,475
1240,1,8,2,user_hand,oppo_3,user_hand,"user_hand: log_only=[] engine_only=[""don't make a sound""]",3,0,2,0,2,0,0,0,2,0,0,0,1,ok,194
1241,1,6,3,oppo_hand,oppo_4,oppo_hand,oppo_hand: log=5 engine=4,4,3,1,0,4,5,4,0,1,0,4,0,0,ok,141
1242,1,6,3,user_lands,user_4,user_lands user_hand,user_lands: log_only=['island'] engine_only=[] ; user_hand: log_only=[] engine_only=['daggermaw megalodon'],3,1,2,1,3,1,0,0,2,0,0,0,1,ok,127
1243,1,10,4,user_life,oppo_5,user_life,user_life: log=16 engine=18,7,2,2,1,4,2,0,0,2,0,0,0,0,ok,215
1244,1,13,2,user_hand,oppo_3,user_hand,"user_hand: log_only=[] engine_only=[""don't make a sound""]",7,0,2,0,2,0,0,0,2,0,0,0,1,ok,480
1245,1,4,4,,,,,1,1,0,0,3,1,0,0,2,0,0,0,0,ok,43
1246,1,9,5,oppo_life,user_6,oppo_life user_creatures,oppo_life: log=19 engine=18 ; user_creatures: log_only=['swamp'] engine_only=['glassworks'],5,3,1,0,5,3,1,0,2,0,1,0,0,ok,246
1247,1,12,2,user_creatures,user_3,user_creatures oppo_hand,"user_creatures: log_only=[] engine_only=['glimmer', 'tunnel surveyor'] ; oppo_hand: log=4 engine=5",9,1,1,0,2,1,0,0,1,0,0,0,0,ok,436
1248,1,9,1,user_creatures,oppo_2,user_creatures,user_creatures: log_only=['island'] engine_only=['meat locker'],6,1,0,0,2,1,1,0,1,0,1,0,0,ok,383
1249,1,9,2,oppo_life,user_3,oppo_life,oppo_life: log=18 engine=19,5,2,0,0,2,2,0,0,0,0,0,0,0,ok,353
1250,1,12,2,oppo_hand,oppo_3,oppo_hand,oppo_hand: log=3 engine=2,7,1,2,0,2,1,0,0,1,0,0,0,0,ok,327
1251,1,12,2,user_life,oppo_3,user_life user_hand,user_life: log=20 engine=19 ; user_hand: log_only=[] engine_only=['seized from slumber'],5,0,3,0,2,0,0,0,2,0,0,0,1,ok,412
1252,1,8,4,user_creatures,oppo_5,user_creatures user_hand,user_creatures: log_only=['the wandering rescuer'] engine_only=[] ; user_hand: log_only=[] engine_only=['the wandering rescuer'],4,3,0,0,4,3,1,0,1,0,1,0,0,ok,183
1253,1,7,3,oppo_hand,oppo_4,oppo_hand,oppo_hand: log=6 engine=5,0,0,2,0,3,1,0,0,3,1,0,0,0,ok,121
1254,1,9,3,user_creatures,oppo_4,user_creatures,user_creatures: log_only=['piggy bank'] engine_only=['irreverent gremlin'],7,2,2,0,3,2,1,0,1,0,1,0,0,ok,373
1255,1,7,5,user_creatures,oppo_6,user_creatures oppo_hand,user_creatures: log_only=[] engine_only=['cult healer'] ; oppo_hand: log=0 engine=2,3,3,0,0,3,5,1,1,1,1,1,1,3,ok,267
1256,1,10,4,user_life,oppo_5,user_life user_creatures,user_life: log=16 engine=17 ; user_creatures: log_only=['razorkin hordecaller'] engine_only=['most valuable slayer'],4,3,3,1,5,3,3,0,2,0,3,0,0,ok,360
1257,1,6,4,user_life,oppo_5,user_life oppo_hand,user_life: log=7 engine=8 ; oppo_hand: log=2 engine=3,3,1,1,0,3,1,0,1,2,0,0,1,4,ok,161
1258,1,13,3,user_creatures,user_4,user_creatures user_noncreatures,user_creatures: log_only=['unidentified hovership'] engine_only=[] ; user_noncreatures: log_only=[] engine_only=['unidentified hovership'],6,1,1,0,3,1,0,0,2,0,0,0,0,ok,609
1259,1,4,4,,,,,2,2,0,0,3,3,3,0,1,1,3,0,1,ok,62
1260,1,5,2,user_life,oppo_3,user_life user_creatures oppo_hand,user_life: log=16 engine=18 ; user_creatures: log_only=[] engine_only=['stalked researcher'] ; oppo_hand: log=4 engine=3,2,1,0,0,2,1,0,0,1,0,0,0,0,ok,107
1261,1,6,2,oppo_life,user_3,oppo_life,oppo_life: log=10 engine=13,5,2,0,0,2,2,1,0,0,0,1,0,0,ok,129
1262,1,9,3,user_lands,user_4,user_lands user_creatures,user_lands: log_only=['forest'] engine_only=['mountain'] ; user_creatures: log_only=['bashful beastie'] engine_only=['forest'],4,1,2,1,3,2,0,0,2,0,0,0,0,ok,243
1263,1,8,3,user_lands,user_4,user_lands user_creatures user_hand,"user_lands: log_only=['swamp'] engine_only=[] ; user_creatures: log_only=['broodspinner'] engine_only=[] ; user_hand: log_only=[] engine_only=['broodspinner', 'flesh burrower']",6,2,1,0,3,2,0,0,1,0,0,0,2,ok,219
1264,1,8,4,oppo_life,user_5,oppo_life,oppo_life: log=15 engine=16,5,3,2,1,4,3,1,0,1,0,1,0,1,ok,214
1265,1,10,4,oppo_hand,oppo_5,oppo_hand,oppo_hand: log=2 engine=3,6,4,1,1,5,4,2,0,1,0,2,0,1,ok,306
1266,1,8,2,user_creatures,oppo_3,user_creatures,user_creatures: log_only=[] engine_only=['silent hallcreeper'],5,1,2,0,3,1,1,0,2,0,1,0,0,ok,267
1267,1,9,3,oppo_hand,oppo_4,oppo_hand,oppo_hand: log=4 engine=5,6,2,2,0,4,2,0,0,2,0,0,0,1,ok,316
1268,1,12,1,oppo_hand,oppo_2,oppo_hand,oppo_hand: log=7 engine=6,5,1,0,0,2,1,0,0,1,0,0,0,0,ok,404
1269,1,9,4,oppo_hand,oppo_5,oppo_hand,oppo_hand: log=0 engine=1,4,2,2,1,3,3,4,0,1,0,4,0,2,ok,226
1270,1,13,1,user_hand,user_2,user_hand,user_hand: log_only=['forest'] engine_only=['bashful beastie'],10,0,2,0,1,0,0,0,1,0,0,0,0,ok,480
1271,1,8,2,oppo_life,user_3,oppo_life,oppo_life: log=19 engine=20,5,1,0,0,2,1,0,0,1,0,0,0,0,ok,183
1272,1,10,1,user_hand,oppo_2,user_hand,user_hand: log_only=['mountain'] engine_only=['bedhead beastie'],2,0,3,0,2,0,0,0,2,0,0,0,0,ok,201
1273,1,6,1,user_hand,user_2,user_hand,user_hand: log_only=['broodspinner'] engine_only=['wary watchdog'],4,0,2,0,1,0,0,0,1,0,0,0,0,ok,204
1274,1,7,1,oppo_life,user_2,oppo_life user_hand,oppo_life: log=18 engine=20 ; user_hand: log_only=['swamp'] engine_only=['vile mutilator'],5,0,1,0,1,0,0,0,1,0,0,0,0,ok,192
1275,1,10,4,user_creatures,user_5,user_creatures,user_creatures: log_only=['twitching doll'] engine_only=['toy'],6,3,1,1,4,4,0,0,1,0,0,0,0,ok,255
1276,1,10,3,user_life,oppo_4,user_life oppo_life user_noncreatures oppo_hand,user_life: log=18 engine=16 ; oppo_life: log=22 engine=20 ; user_noncreatures: log_only=[] engine_only=['bear trap'] ; oppo_hand: log=3 engine=4,6,1,2,0,3,1,0,0,2,0,0,0,3,ok,369
1277,1,10,5,oppo_life,user_6,oppo_life,oppo_life: log=10 engine=12,6,4,2,1,5,4,2,0,1,0,2,0,0,ok,301
1278,1,11,2,user_lands,user_3,user_lands user_creatures user_hand,user_lands: log_only=['swamp'] engine_only=[] ; user_creatures: log_only=['spineseeker centipede'] engine_only=[] ; user_hand: log_only=[] engine_only=['spineseeker centipede'],6,1,4,0,2,1,0,0,1,0,0,0,2,ok,307
1279,1,15,5,oppo_life,user_6,oppo_life user_creatures user_noncreatures user_hand,oppo_life: log=18 engine=20 ; user_creatures: log_only=['spirit'] engine_only=[] ; user_noncreatures: log_only=[] engine_only=['glassworks'] ; user_hand: log_only=['underwater tunnel'] engine_only=[],9,4,2,0,4,5,2,0,1,0,2,0,0,ok,706
1280,1,8,4,oppo_hand,oppo_5,oppo_hand,oppo_hand: log=2 engine=3,5,3,2,1,4,3,2,0,1,0,2,0,1,ok,231
1281,1,10,4,user_noncreatures,user_5,user_noncreatures user_hand,user_noncreatures: log_only=['unidentified hovership'] engine_only=[] ; user_hand: log_only=[] engine_only=['unidentified hovership'],6,3,0,0,4,3,5,0,1,0,5,0,1,ok,210
1282,1,10,2,user_hand,user_3,user_hand,user_hand: log_only=['most valuable slayer'] engine_only=['forest'],6,1,1,0,2,1,0,0,1,0,0,0,0,ok,206
1283,1,9,4,oppo_life,user_5,oppo_life,oppo_life: log=25 engine=26,5,2,1,0,3,3,2,0,1,1,2,0,0,ok,391
1284,1,16,7,user_lands,user_8,user_lands user_hand,user_lands: log_only=['mountain'] engine_only=[] ; user_hand: log_only=[] engine_only=['infernal phantom'],8,4,4,1,7,4,1,3,3,0,1,3,2,ok,476
1285,1,9,6,oppo_hand,oppo_7,oppo_hand,oppo_hand: log=5 engine=3,5,3,2,1,6,3,1,0,3,0,1,0,1,ok,431
1286,1,11,5,user_creatures,oppo_6,user_creatures,user_creatures: log_only=[] engine_only=['hand that feeds'],7,4,1,0,5,5,5,0,1,1,5,0,0,ok,279
1287,1,10,3,oppo_life,user_4,oppo_life,oppo_life: log=10 engine=12,6,3,1,0,3,4,3,0,0,0,3,0,0,ok,285
1288,1,10,4,user_creatures,oppo_5,user_creatures user_hand oppo_hand,user_creatures: log_only=[] engine_only=['possessed goat'] ; user_hand: log_only=[] engine_only=['shroudstomper'] ; oppo_hand: log=2 engine=3,6,3,1,1,4,3,1,0,1,0,1,0,5,ok,342
1289,1,10,2,oppo_life,oppo_3,oppo_life,oppo_life: log=20 engine=19,4,2,3,0,3,2,0,0,1,0,0,0,0,ok,249
1290,1,13,2,user_hand,user_3,user_hand,user_hand: log_only=['defiant survivor'] engine_only=['withering torment'],8,1,1,0,2,1,0,0,1,0,0,0,0,ok,382
1291,1,6,3,oppo_hand,oppo_4,oppo_hand,oppo_hand: log=2 engine=3,3,1,2,0,3,1,1,0,2,0,1,0,3,ok,220
1292,1,9,2,user_creatures,user_3,user_creatures,user_creatures: log_only=['glimmer'] engine_only=[],4,1,1,0,2,1,0,0,1,0,0,0,0,ok,346
1293,1,9,2,user_creatures,oppo_3,user_creatures user_hand,user_creatures: log_only=['floodpits drowner'] engine_only=[] ; user_hand: log_only=[] engine_only=['floodpits drowner'],3,0,4,0,2,0,0,0,2,0,0,0,0,ok,372
1294,1,9,3,oppo_hand,oppo_4,oppo_hand,oppo_hand: log=2 engine=3,5,2,2,0,3,2,1,0,1,0,1,0,1,ok,390
1295,1,9,3,user_creatures,oppo_4,user_creatures,user_creatures: log_only=['glimmer'] engine_only=['tunnel surveyor'],4,3,2,1,4,4,0,0,1,0,0,0,0,ok,296
1296,1,6,2,user_creatures,user_3,user_creatures,user_creatures: log_only=['the wandering rescuer'] engine_only=[],5,2,1,0,2,2,2,0,0,0,2,0,0,ok,143
1297,1,8,1,user_hand,user_2,user_hand,user_hand: log_only=['bottomless pool'] engine_only=['glimmerlight'],4,0,2,0,1,0,0,0,1,0,0,0,0,ok,464
1298,1,7,2,oppo_life,user_3,oppo_life,oppo_life: log=18 engine=19,2,1,1,0,2,1,0,0,1,0,0,0,0,ok,223
1299,1,14,2,user_hand,oppo_3,user_hand,user_hand: log_only=['plains'] engine_only=['shepherding spirits'],7,1,1,0,2,1,1,0,1,0,1,0,0,ok,437
1300,1,9,3,user_creatures,user_4,user_creatures,user_creatures: log_only=['scrabbling skullcrab'] engine_only=[],5,3,1,0,3,3,0,0,0,0,0,0,0,ok,2109
1301,1,7,1,user_hand,user_2,user_hand,user_hand: log_only=['balustrade wurm'] engine_only=['swamp'],4,1,0,0,1,1,0,0,0,0,0,0,0,ok,738
1302,1,7,2,user_life,oppo_3,user_life,user_life: log=16 engine=18,2,0,0,0,2,0,0,0,2,0,0,0,0,ok,332
1303,1,9,3,user_creatures,oppo_4,user_creatures,user_creatures: log_only=[] engine_only=['cryptid inspector'],5,2,0,0,3,2,0,0,1,0,0,0,0,ok,837
1304,1,8,3,user_life,oppo_4,user_life,user_life: log=19 engine=18,6,3,0,0,3,3,1,0,0,0,1,0,0,ok,594
1305,1,7,3,user_life,user_4,user_life oppo_life user_creatures,"user_life: log=22 engine=23 ; oppo_life: log=8 engine=11 ; user_creatures: log_only=['appendage amalgam', 'fear of lost teeth'] engine_only=[]",4,2,2,0,3,2,3,0,1,0,3,0,0,ok,262
1306,1,7,5,oppo_life,oppo_6,oppo_life oppo_hand,oppo_life: log=23 engine=24 ; oppo_hand: log=2 engine=1,4,4,0,0,5,4,0,1,1,0,0,1,0,ok,252
1307,1,11,2,user_hand,oppo_3,user_hand,user_hand: log_only=['forest'] engine_only=['slavering branchsnapper'],5,0,1,0,2,0,0,0,2,0,0,0,0,ok,473
1308,1,9,1,user_hand,user_2,user_hand,user_hand: log_only=['island'] engine_only=['hauntwoods shrieker'],5,1,2,0,1,1,0,0,0,0,0,0,0,ok,613
1309,1,9,5,user_life,oppo_6,user_life,user_life: log=14 engine=17,5,3,1,0,4,5,1,0,1,1,1,0,7,ok,421
1310,1,8,3,user_life,user_4,user_life oppo_life,user_life: log=24 engine=25 ; oppo_life: log=16 engine=15,4,2,5,1,3,2,1,0,1,0,1,0,0,ok,295
1311,1,11,1,user_hand,user_2,user_hand,"user_hand: log_only=['razorkin needlehead'] engine_only=['altanak, the thrice-called']",7,1,2,0,1,1,0,0,0,0,0,0,0,ok,596
1312,1,9,2,user_creatures,user_3,user_creatures,user_creatures: log_only=['splitskin doll'] engine_only=[],6,1,1,0,2,1,0,0,1,0,0,0,0,ok,475
1313,1,12,2,oppo_life,user_3,oppo_life user_creatures oppo_hand,oppo_life: log=20 engine=18 ; user_creatures: log_only=[] engine_only=['ragged playmate'] ; oppo_hand: log=4 engine=5,7,1,4,0,2,1,0,0,1,0,0,0,1,ok,793
1314,1,5,2,user_hand,oppo_3,user_hand,user_hand: log_only=['swamp'] engine_only=['spectral snatcher'],0,0,0,0,2,0,0,0,2,0,0,0,0,ok,193
1315,1,8,4,oppo_life,user_5,oppo_life user_lands user_hand,oppo_life: log=16 engine=12 ; user_lands: log_only=['island'] engine_only=[] ; user_hand: log_only=[] engine_only=['daggermaw megalodon'],6,3,0,0,4,3,1,0,1,0,1,0,2,ok,504
1316,1,11,2,user_lands,user_3,user_lands user_noncreatures user_hand,user_lands: log_only=['island'] engine_only=[] ; user_noncreatures: log_only=[] engine_only=['glimmerlight'] ; user_hand: log_only=['glimmerlight'] engine_only=['island'],6,1,0,0,2,1,0,0,1,0,0,0,0,ok,515
1317,1,11,2,user_creatures,user_3,user_creatures,user_creatures: log_only=[] engine_only=['insidious fungus'],5,1,3,0,2,1,0,0,1,0,0,0,0,ok,479
1318,1,9,2,user_creatures,user_3,user_creatures,user_creatures: log_only=['plains'] engine_only=['grand entryway'],4,1,0,0,2,1,0,0,1,0,0,0,0,ok,337
1319,1,8,4,user_creatures,oppo_5,user_creatures,user_creatures: log_only=['most valuable slayer'] engine_only=[],5,4,1,0,5,4,4,0,1,0,4,0,0,ok,339
1320,1,18,2,user_hand,oppo_3,user_hand,"user_hand: log_only=[] engine_only=[""don't make a sound""]",6,0,6,0,2,0,0,0,2,0,0,0,1,ok,632
1321,1,9,3,oppo_hand,oppo_4,oppo_hand,oppo_hand: log=4 engine=3,6,3,1,0,3,3,1,0,0,0,1,0,0,ok,354
1322,1,8,1,user_creatures,user_2,user_creatures,user_creatures: log_only=['mountain'] engine_only=['overlord of the hauntwoods'],5,0,1,0,1,0,0,0,1,0,0,0,0,ok,253
1323,1,7,4,user_life,oppo_5,user_life,user_life: log=12 engine=15,3,1,1,0,3,1,1,0,2,0,1,0,1,ok,280
1324,1,15,6,user_noncreatures,user_7,user_noncreatures oppo_hand,user_noncreatures: log_only=['derelict attic'] engine_only=['nowhere to run'] ; oppo_hand: log=3 engine=2,5,3,0,0,6,4,2,0,3,0,2,0,0,ok,798
1325,1,7,1,user_creatures,user_2,user_creatures,"user_creatures: log_only=['forest'] engine_only=[""painter's studio""]",6,0,1,0,1,0,0,0,1,0,0,0,0,ok,343
1326,1,9,6,oppo_life,user_7,oppo_life,oppo_life: log=12 engine=9,5,3,2,0,4,4,3,0,1,1,3,0,0,ok,334
1327,1,7,4,user_hand,oppo_5,user_hand,"user_hand: log_only=['island', 'plains'] engine_only=['fear of surveillance', 'tunnel surveyor']",5,2,3,0,4,2,3,0,2,0,3,0,1,ok,242
1328,1,9,1,user_noncreatures,user_2,user_noncreatures user_hand,user_noncreatures: log_only=[] engine_only=['keys to the house'] ; user_hand: log_only=['plains'] engine_only=[],7,1,3,0,1,1,0,0,0,0,0,0,0,ok,322
1329,1,13,2,user_creatures,oppo_3,user_creatures oppo_hand,user_creatures: log_only=[] engine_only=['fear of surveillance'] ; oppo_hand: log=3 engine=4,7,2,2,0,2,2,0,0,0,0,0,0,1,ok,453
1330,1,9,2,oppo_life,user_3,oppo_life user_creatures user_hand oppo_hand,oppo_life: log=20 engine=18 ; user_creatures: log_only=[] engine_only=['house cartographer'] ; user_hand: log_only=[] engine_only=['strangled cemetery'] ; oppo_hand: log=5 engine=6,6,1,2,0,2,1,0,0,1,0,0,0,1,ok,287
1331,1,8,3,user_creatures,oppo_4,user_creatures,"user_creatures: log_only=[] engine_only=['cryptid inspector', 'swamp']",5,2,1,0,4,2,1,0,2,0,1,0,0,ok,187
1332,1,9,4,oppo_hand,oppo_5,oppo_hand,oppo_hand: log=3 engine=1,5,3,1,0,5,3,1,0,2,0,1,0,0,ok,431
1333,1,9,1,user_hand,oppo_2,user_hand,user_hand: log_only=['swamp'] engine_only=['spectral snatcher'],6,0,1,0,2,0,0,0,2,0,0,0,0,ok,239
1334,1,10,1,user_hand,oppo_2,user_hand,user_hand: log_only=['forest'] engine_only=['slavering branchsnapper'],8,0,3,0,2,0,0,0,2,0,0,0,0,ok,278
1335,1,6,3,oppo_hand,user_4,oppo_hand,oppo_hand: log=5 engine=6,1,1,3,0,3,1,0,0,2,0,0,0,0,ok,86
1336,1,11,2,user_life,oppo_3,user_life user_creatures user_noncreatures user_hand,user_life: log=18 engine=17 ; user_creatures: log_only=['unable to scream'] engine_only=[] ; user_noncreatures: log_only=['growing dread'] engine_only=[] ; user_hand: log_only=[] engine_only=['growing dread'],3,0,4,0,2,0,0,0,2,0,0,0,1,ok,264
1337,1,10,1,user_hand,user_2,user_hand,user_hand: log_only=['vanish from sight'] engine_only=['forest'],8,0,5,0,1,0,0,0,1,0,0,0,0,ok,603
1338,1,9,3,user_hand,oppo_4,user_hand,"user_hand: log_only=[] engine_only=[""don't make a sound""]",4,2,2,0,4,2,3,0,2,0,3,0,1,ok,270
1339,1,17,2,oppo_life,oppo_3,oppo_life,oppo_life: log=20 engine=19,9,2,2,0,2,2,0,0,0,0,0,0,0,ok,484
1340,1,7,5,user_lands,user_6,user_lands user_creatures user_hand,user_lands: log_only=['swamp'] engine_only=[] ; user_creatures: log_only=['broodspinner'] engine_only=[] ; user_hand: log_only=[] engine_only=['swamp'],5,4,2,1,5,5,2,0,1,0,2,0,1,ok,124
1341,1,10,3,user_life,oppo_4,user_life,user_life: log=17 engine=18,6,1,1,0,3,1,0,0,2,0,0,0,0,ok,236
1342,1,8,1,user_lands,oppo_2,user_lands user_hand,"user_lands: log_only=['terramorphic expanse'] engine_only=[] ; user_hand: log_only=[] engine_only=['altanak, the thrice-called']",6,0,0,0,2,0,0,0,2,0,0,0,0,ok,356
1343,1,11,1,user_hand,user_2,user_hand,user_hand: log_only=['moldering gym'] engine_only=['terramorphic expanse'],7,0,3,0,1,0,0,0,1,0,0,0,0,ok,444
1344,1,8,2,user_creatures,user_3,user_creatures user_hand,user_creatures: log_only=['razorkin hordecaller'] engine_only=['mountain'] ; user_hand: log_only=['mountain'] engine_only=[],6,2,1,0,2,2,2,0,0,0,2,0,0,ok,538
1345,1,10,7,user_creatures,oppo_8,user_creatures oppo_hand,user_creatures: log_only=[] engine_only=['the mindskinner'] ; oppo_hand: log=4 engine=2,4,2,3,1,4,5,0,0,2,2,0,0,3,ok,262
1346,1,8,3,user_noncreatures,user_4,user_noncreatures,user_noncreatures: log_only=[] engine_only=['cracked skull'],5,2,3,1,3,2,0,0,1,0,0,0,0,ok,215
1347,1,7,2,user_creatures,user_3,user_creatures user_hand,"user_creatures: log_only=['norin, swift survivalist'] engine_only=[] ; user_hand: log_only=[] engine_only=['norin, swift survivalist']",5,1,2,0,2,1,0,0,1,0,0,0,1,ok,187
1348,1,10,4,user_life,oppo_5,user_life user_noncreatures,user_life: log=14 engine=18 ; user_noncreatures: log_only=[] engine_only=['funeral room'],4,3,2,1,5,3,1,0,2,0,1,0,1,ok,304
1349,1,5,3,oppo_hand,oppo_4,oppo_hand,oppo_hand: log=4 engine=3,2,2,1,0,4,2,0,0,2,0,0,0,0,ok,152
1350,1,7,4,user_life,oppo_5,user_life user_creatures,user_life: log=5 engine=6 ; user_creatures: log_only=[] engine_only=['ragged playmate'],5,3,0,0,4,3,0,1,1,0,0,1,0,ok,187
1351,1,11,2,user_lands,user_3,user_lands user_hand,user_lands: log_only=['plains'] engine_only=[] ; user_hand: log_only=[] engine_only=['shepherding spirits'],5,1,3,0,2,1,0,0,1,0,0,0,1,ok,402
1352,1,14,3,user_creatures,user_4,user_creatures user_hand,user_creatures: log_only=['forest'] engine_only=['island'] ; user_hand: log_only=['island'] engine_only=['cryptid inspector'],6,0,4,1,2,1,0,0,2,0,0,0,0,ok,363
1353,1,11,2,user_life,oppo_3,user_life,user_life: log=18 engine=20,6,0,3,0,2,0,0,0,2,0,0,0,1,ok,329
1354,1,5,3,oppo_life,user_4,oppo_life,oppo_life: log=14 engine=15,3,2,1,0,3,2,2,0,1,0,2,0,0,ok,114
1355,1,7,3,user_lands,user_4,user_lands user_creatures user_hand,user_lands: log_only=['island'] engine_only=[] ; user_creatures: log_only=[] engine_only=['twist reality'] ; user_hand: log_only=['twist reality'] engine_only=['island'],4,2,2,1,3,2,0,0,1,0,0,0,0,ok,181
1356,1,8,5,user_hand,user_6,user_hand,user_hand: log_only=['flesh burrower'] engine_only=['defiant survivor'],4,4,2,1,5,4,7,0,1,0,7,0,2,ok,188
1357,1,11,4,user_hand,user_5,user_hand,user_hand: log_only=[] engine_only=['surgical suite'],9,3,2,0,4,3,0,2,1,0,0,2,0,ok,437
1358,1,12,2,user_hand,oppo_3,user_hand,user_hand: log_only=['mountain'] engine_only=['bedhead beastie'],6,0,5,0,2,0,0,0,2,0,0,0,0,ok,390
1359,1,14,5,oppo_hand,oppo_6,oppo_hand,oppo_hand: log=3 engine=2,7,4,2,0,5,6,1,0,1,0,1,0,2,ok,676
1360,1,6,2,user_life,oppo_3,user_life,user_life: log=17 engine=18,4,1,0,0,2,1,0,0,1,0,0,0,0,ok,167
1361,1,12,3,user_life,user_4,user_life oppo_life user_lands user_hand,user_life: log=22 engine=20 ; oppo_life: log=16 engine=18 ; user_lands: log_only=['swamp'] engine_only=[] ; user_hand: log_only=[] engine_only=['spectral snatcher'],6,2,4,1,3,2,0,0,1,0,0,0,1,ok,350
1362,1,8,4,oppo_life,user_5,oppo_life,oppo_life: log=16 engine=20,6,3,1,0,4,3,0,0,1,0,0,0,1,ok,195
1363,1,9,3,user_lands,user_4,user_lands user_noncreatures user_hand,user_lands: log_only=['island'] engine_only=[] ; user_noncreatures: log_only=[] engine_only=['ticket booth'] ; user_hand: log_only=['meat locker'] engine_only=['island'],6,2,1,0,3,2,1,0,1,0,1,0,1,ok,336
1364,1,8,3,user_creatures,oppo_4,user_creatures oppo_hand,user_creatures: log_only=[] engine_only=['clockwork percussionist'] ; oppo_hand: log=3 engine=4,5,2,1,0,4,2,0,0,2,0,0,0,0,ok,266
1365,1,11,2,user_lands,user_3,user_lands user_hand,user_lands: log_only=['swamp'] engine_only=[] ; user_hand: log_only=[] engine_only=['spectral snatcher'],6,1,2,0,2,1,0,0,1,0,0,0,1,ok,446
1366,1,12,3,user_creatures,user_4,user_creatures,user_creatures: log_only=['island'] engine_only=[],7,2,1,0,3,2,0,0,1,0,0,0,0,ok,402
1367,1,7,3,user_hand,user_4,user_hand,user_hand: log_only=['defiled crypt'] engine_only=['broodspinner'],4,1,0,0,3,1,0,1,2,0,0,1,0,ok,174
1368,1,9,2,oppo_life,user_3,oppo_life user_creatures oppo_hand,oppo_life: log=20 engine=17 ; user_creatures: log_only=[] engine_only=['wary watchdog'] ; oppo_hand: log=4 engine=5,6,2,1,0,2,2,0,0,0,0,0,0,1,ok,223
1369,1,10,3,oppo_hand,oppo_4,oppo_hand,oppo_hand: log=4 engine=3,6,1,2,0,4,1,0,0,3,0,0,0,0,ok,318
1370,1,10,3,user_lands,user_4,user_lands user_hand,user_lands: log_only=['forest'] engine_only=[] ; user_hand: log_only=[] engine_only=['slavering branchsnapper'],5,2,1,0,3,2,0,1,1,0,0,1,1,ok,388
1371,1,16,2,oppo_life,user_3,oppo_life user_creatures,oppo_life: log=20 engine=19 ; user_creatures: log_only=[] engine_only=['glimmer'],8,1,2,0,2,1,0,0,1,0,0,0,1,ok,593
1372,1,9,4,oppo_life,user_5,oppo_life oppo_hand,oppo_life: log=16 engine=20 ; oppo_hand: log=6 engine=5,6,3,2,0,3,4,1,0,1,0,1,0,0,ok,328
1373,1,6,1,user_hand,user_2,user_hand,user_hand: log_only=['anthropede'] engine_only=['island'],4,0,1,0,1,0,0,0,1,0,0,0,0,ok,112
1374,1,5,1,oppo_hand,oppo_2,oppo_hand,oppo_hand: log=6 engine=5,3,1,0,0,1,1,0,0,0,0,0,0,0,ok,119
1375,1,9,6,user_creatures,user_7,user_creatures user_noncreatures,user_creatures: log_only=[] engine_only=['glimmer'] ; user_noncreatures: log_only=[] engine_only=['unable to scream'],5,4,3,0,5,5,4,0,1,1,4,0,0,ok,392
1376,1,7,1,user_hand,user_2,user_hand,user_hand: log_only=['twitching doll'] engine_only=['slavering branchsnapper'],5,0,0,0,1,0,0,0,1,0,0,0,0,ok,144
1377,1,6,4,user_lands,user_5,user_lands user_hand,"user_lands: log_only=['mountain'] engine_only=[] ; user_hand: log_only=[""betrayer's bargain""] engine_only=['swamp']",4,3,1,0,4,3,6,0,1,0,6,0,1,ok,107
1378,1,12,1,user_hand,oppo_2,user_hand,user_hand: log_only=['island'] engine_only=['daggermaw megalodon'],7,0,2,0,2,0,0,0,2,0,0,0,0,ok,408
1379,1,9,1,user_creatures,user_2,user_creatures oppo_hand,user_creatures: log_only=[] engine_only=['stalked researcher'] ; oppo_hand: log=5 engine=6,5,0,1,0,1,0,0,0,1,0,0,0,1,ok,262
1380,1,9,3,oppo_hand,oppo_4,oppo_hand,oppo_hand: log=5 engine=4,5,2,2,0,4,2,1,1,2,0,1,1,0,ok,263
1381,1,9,7,oppo_hand,oppo_8,oppo_hand,oppo_hand: log=3 engine=1,5,5,2,2,6,6,0,0,1,1,0,0,2,ok,346
1382,1,10,5,user_lands,oppo_6,user_lands user_hand,user_lands: log_only=[] engine_only=['plains'] ; user_hand: log_only=['trapped in the screen'] engine_only=[],4,3,2,0,6,3,1,0,3,0,1,0,0,ok,229
1383,1,12,4,user_noncreatures,user_5,user_noncreatures,user_noncreatures: log_only=['glassworks'] engine_only=['nowhere to run'],5,3,3,0,4,3,0,0,1,0,0,0,1,ok,247
1384,1,10,3,user_life,user_4,user_life oppo_life user_creatures user_noncreatures user_hand,user_life: log=22 engine=21 ; oppo_life: log=12 engine=16 ; user_creatures: log_only=['popular egotist'] engine_only=[] ; user_noncreatures: log_only=[] engine_only=['treasure'] ; user_hand: log_only=[] engine_only=['turn inside out'],7,2,2,0,3,2,1,0,1,0,1,0,2,ok,330
1385,1,5,5,,,,,3,3,0,0,4,4,1,1,1,1,1,0,1,ok,96
1386,1,9,3,user_noncreatures,oppo_4,user_noncreatures,user_noncreatures: log_only=['glassworks'] engine_only=[],6,3,1,0,4,3,4,0,1,0,4,0,0,ok,218
1387,1,10,3,oppo_hand,oppo_4,oppo_hand,oppo_hand: log=8 engine=7,5,0,2,0,3,0,0,0,3,0,0,0,0,ok,311
1388,1,7,3,oppo_life,user_4,oppo_life user_creatures,"oppo_life: log=12 engine=11 ; user_creatures: log_only=[] engine_only=['arabella, abandoned doll']",4,2,1,0,3,2,1,0,1,0,1,0,1,ok,177
1389,1,8,3,oppo_hand,oppo_4,oppo_hand,oppo_hand: log=3 engine=4,6,3,0,0,4,3,0,1,1,0,0,1,0,ok,256
1390,1,9,2,user_lands,oppo_3,user_lands user_creatures user_hand,user_lands: log_only=['lakeside shack'] engine_only=[] ; user_creatures: log_only=[] engine_only=['insidious fungus'] ; user_hand: log_only=['forest'] engine_only=['lakeside shack'],5,1,5,0,2,1,0,0,1,0,0,0,0,ok,195
1391,1,13,2,user_hand,oppo_3,user_hand,user_hand: log_only=['swamp'] engine_only=['spectral snatcher'],8,0,4,0,2,0,0,0,2,0,0,0,0,ok,567
1392,1,8,6,user_hand,user_7,user_hand,user_hand: log_only=['overlord of the balemurk'] engine_only=['swamp'],3,1,2,1,5,2,0,0,4,0,0,0,1,ok,169
1393,1,7,2,user_hand,oppo_3,user_hand oppo_hand,user_hand: log_only=['swamp'] engine_only=['reluctant role model'] ; oppo_hand: log=6 engine=7,5,2,1,0,3,2,0,0,1,0,0,0,1,ok,242
1394,1,7,5,oppo_life,user_6,oppo_life user_creatures user_hand,"oppo_life: log=1 engine=14 ; user_creatures: log_only=['balustrade wurm', 'spineseeker centipede'] engine_only=[] ; user_hand: log_only=['grasping longneck'] engine_only=[]",4,4,2,1,5,5,6,0,1,0,6,0,3,ok,146
1395,1,18,3,user_hand,oppo_4,user_hand,user_hand: log_only=[] engine_only=['get out'],9,3,2,0,3,3,1,0,0,0,1,0,1,ok,1244
1396,1,11,3,user_life,oppo_4,user_life user_noncreatures oppo_hand,user_life: log=18 engine=17 ; user_noncreatures: log_only=[] engine_only=['glimmerlight'] ; oppo_hand: log=4 engine=3,4,2,2,0,4,2,0,0,2,0,0,0,1,ok,372
1397,1,8,3,user_life,oppo_4,user_life,user_life: log=13 engine=14,5,2,1,0,3,3,2,0,1,1,2,0,0,ok,208
1398,1,12,2,oppo_life,oppo_3,oppo_life user_creatures,oppo_life: log=21 engine=20 ; user_creatures: log_only=[] engine_only=['balemurk leech'],7,1,4,0,2,1,0,0,1,0,0,0,0,ok,597
1399,1,6,5,oppo_life,user_6,oppo_life user_noncreatures user_hand,oppo_life: log=2 engine=3 ; user_noncreatures: log_only=['overlord of the balemurk'] engine_only=[] ; user_hand: log_only=[] engine_only=['overlord of the balemurk'],4,3,0,0,4,4,4,0,1,1,4,0,2,ok,195
1400,1,12,3,user_hand,oppo_4,user_hand,"user_hand: log_only=['drag to the roots'] engine_only=[""winter's intervention""]",8,2,1,0,3,2,0,0,1,0,0,0,0,ok,1726
1401,1,6,4,oppo_life,user_5,oppo_life user_creatures user_noncreatures user_hand,oppo_life: log=8 engine=10 ; user_creatures: log_only=['vicious clown'] engine_only=[] ; user_noncreatures: log_only=[] engine_only=['treasure'] ; user_hand: log_only=[] engine_only=['ragged playmate'],5,4,0,0,4,4,4,0,0,0,4,0,2,ok,525
1402,1,9,2,user_life,oppo_3,user_life,user_life: log=20 engine=19,5,1,2,0,3,1,1,0,2,0,1,0,1,ok,526
1403,1,10,4,user_life,user_5,user_life oppo_life,user_life: log=20 engine=23 ; oppo_life: log=15 engine=14,5,3,1,0,4,3,4,0,1,0,4,0,1,ok,478
1404,1,10,2,user_life,oppo_3,user_life,user_life: log=17 engine=18,8,1,1,0,2,1,0,0,1,0,0,0,0,ok,584
1405,1,13,4,user_lands,user_5,user_lands user_creatures user_hand,user_lands: log_only=['island'] engine_only=[] ; user_creatures: log_only=[] engine_only=['unsettling twins'] ; user_hand: log_only=['unsettling twins'] engine_only=['island'],6,3,3,0,4,3,0,1,1,0,0,1,3,ok,582
1406,1,10,2,user_creatures,user_3,user_creatures user_hand,user_creatures: log_only=['forest'] engine_only=['vanish from sight'] ; user_hand: log_only=['forest'] engine_only=['oblivious bookworm'],6,2,4,0,2,2,0,0,0,0,0,0,0,ok,427
1407,1,14,6,oppo_life,oppo_7,oppo_life,oppo_life: log=47 engine=48,6,4,1,0,5,6,0,2,1,1,0,2,0,ok,430
1408,1,8,2,user_creatures,oppo_3,user_creatures user_hand,user_creatures: log_only=['piranha fly'] engine_only=[] ; user_hand: log_only=[] engine_only=['entity tracker'],6,1,0,0,3,1,1,0,2,0,1,0,0,ok,390
1409,1,9,4,user_creatures,user_5,user_creatures,user_creatures: log_only=['abandoned campground'] engine_only=[],5,3,1,0,4,4,0,1,1,0,0,1,0,ok,367
1410,1,11,2,oppo_life,user_3,oppo_life,oppo_life: log=16 engine=17,6,2,1,0,2,2,2,0,0,0,2,0,0,ok,470
1411,1,9,4,oppo_life,user_5,oppo_life user_creatures user_noncreatures,oppo_life: log=13 engine=9 ; user_creatures: log_only=['cult healer'] engine_only=['patched plaything'] ; user_noncreatures: log_only=[] engine_only=['unable to scream'],5,3,1,0,4,3,1,0,1,0,1,0,0,ok,445
1412,1,8,4,user_noncreatures,oppo_5,user_noncreatures user_hand oppo_hand,"user_noncreatures: log_only=[""shardmage's rescue""] engine_only=[] ; user_hand: log_only=[] engine_only=[""shardmage's rescue""] ; oppo_hand: log=3 engine=4",4,4,1,0,4,4,0,0,0,0,0,0,2,ok,333
1413,1,11,3,user_hand,user_4,user_hand oppo_hand,"user_hand: log_only=[] engine_only=[""don't make a sound""] ; oppo_hand: log=5 engine=6",6,0,3,1,3,1,0,0,3,0,0,0,1,ok,411
1414,1,9,3,user_hand,user_4,user_hand,user_hand: log_only=['spineseeker centipede'] engine_only=['fear of being hunted'],5,2,2,0,3,2,0,0,1,0,0,0,0,ok,396
1415,1,8,1,user_hand,oppo_2,user_hand,user_hand: log_only=['forest'] engine_only=['slavering branchsnapper'],3,0,2,0,2,0,0,0,2,0,0,0,0,ok,206
1416,1,13,2,user_creatures,user_3,user_creatures,user_creatures: log_only=['fear of surveillance'] engine_only=[],6,1,2,0,2,1,0,0,1,0,0,0,0,ok,413
1417,1,9,3,user_life,oppo_4,user_life,user_life: log=16 engine=18,5,1,2,1,3,2,0,0,2,0,0,0,0,ok,257
1418,1,11,4,user_life,oppo_5,user_life user_creatures,user_life: log=9 engine=8 ; user_creatures: log_only=[] engine_only=['fear of falling'],5,3,3,2,4,5,2,0,1,1,2,0,1,ok,483
1419,1,5,1,user_hand,user_2,user_hand,user_hand: log_only=['meathook massacre ii'] engine_only=['swamp'],4,1,0,0,1,1,0,0,0,0,0,0,0,ok,98
1420,1,10,3,user_hand,oppo_4,user_hand,user_hand: log_only=['midnight mayhem'] engine_only=['plains'],4,1,3,0,3,1,2,0,2,0,2,0,0,ok,306
1421,1,15,2,user_creatures,oppo_3,user_creatures,user_creatures: log_only=[] engine_only=['undead sprinter'],7,2,3,0,2,2,3,0,0,0,3,0,1,ok,460
1422,1,10,2,user_creatures,oppo_3,user_creatures,user_creatures: log_only=[] engine_only=['glimmer'],6,1,0,0,2,1,0,0,1,0,0,0,1,ok,409
1423,1,9,2,user_life,oppo_3,user_life,user_life: log=18 engine=20,4,0,1,0,3,0,0,0,3,0,0,0,0,ok,279
1424,1,10,2,user_life,oppo_3,user_life,user_life: log=20 engine=21,5,0,3,0,3,0,0,0,3,0,0,0,0,ok,243
1425,1,7,3,user_hand,user_4,user_hand,user_hand: log_only=['oblivious bookworm'] engine_only=['bear trap'],4,2,1,0,3,2,1,0,1,0,1,0,0,ok,351
1426,1,6,1,user_creatures,user_2,user_creatures,user_creatures: log_only=['mountain'] engine_only=['grasping longneck'],2,0,2,0,1,0,0,0,1,0,0,0,0,ok,168
1427,1,18,3,user_noncreatures,oppo_4,user_noncreatures,user_noncreatures: log_only=['trapped in the screen'] engine_only=[],7,2,6,0,4,2,1,0,2,0,1,0,0,ok,577
1428,1,7,3,oppo_life,user_4,oppo_life,oppo_life: log=14 engine=16,4,2,1,0,3,2,0,0,1,0,0,0,1,ok,201
1429,1,7,2,user_life,oppo_3,user_life,user_life: log=20 engine=18,1,0,2,0,3,0,0,0,3,0,0,0,1,ok,242
1430,1,8,3,user_life,oppo_4,user_life,user_life: log=13 engine=12,5,2,3,1,3,2,0,0,1,0,0,0,0,ok,321
1431,1,7,3,oppo_life,user_4,oppo_life user_creatures,oppo_life: log=14 engine=10 ; user_creatures: log_only=['attack-in-the-box'] engine_only=[],5,3,0,0,3,3,3,0,0,0,3,0,0,ok,213
1432,1,6,2,oppo_life,user_3,oppo_life user_creatures,oppo_life: log=16 engine=13 ; user_creatures: log_only=['impossible inferno'] engine_only=[],5,2,1,0,2,2,2,0,0,0,2,0,0,ok,162
1433,1,12,4,user_lands,user_5,user_lands user_hand,user_lands: log_only=['swamp'] engine_only=[] ; user_hand: log_only=[] engine_only=['spectral snatcher'],6,3,2,1,4,3,0,1,1,0,0,1,2,ok,264
1434,1,8,5,user_creatures,oppo_6,user_creatures user_noncreatures user_hand oppo_hand,user_creatures: log_only=['cautious survivor'] engine_only=[] ; user_noncreatures: log_only=['growing dread'] engine_only=[] ; user_hand: log_only=[] engine_only=['growing dread'] ; oppo_hand: log=0 engine=1,5,4,0,0,5,5,1,2,1,0,1,2,3,ok,264
1435,1,9,4,oppo_hand,oppo_5,oppo_hand,oppo_hand: log=4 engine=5,6,4,0,0,4,4,2,0,0,0,2,0,2,ok,207
1436,1,6,2,user_life,oppo_3,user_life,user_life: log=17 engine=18,1,1,0,0,2,1,0,0,1,0,0,0,0,ok,162
1437,1,7,2,oppo_life,user_3,oppo_life,oppo_life: log=18 engine=17,3,1,1,0,2,1,0,0,1,0,0,0,0,ok,283
1438,1,9,1,user_hand,user_2,user_hand,user_hand: log_only=['meat locker'] engine_only=['terramorphic expanse'],4,0,1,0,1,0,0,0,1,0,0,0,0,ok,316
1439,1,8,6,user_hand,user_7,user_hand,user_hand: log_only=['fear of being hunted'] engine_only=['vile mutilator'],5,3,1,1,3,5,6,0,0,1,6,0,0,ok,227
1440,1,6,6,,,,,3,3,0,0,4,4,2,0,1,1,2,0,1,ok,104
1441,1,7,1,user_hand,user_2,user_hand,user_hand: log_only=['fear of burning alive'] engine_only=['grasping longneck'],4,0,0,0,1,0,0,0,1,0,0,0,0,ok,213
1442,1,6,5,oppo_life,user_6,oppo_life user_creatures oppo_hand,oppo_life: log=4 engine=7 ; user_creatures: log_only=['under the skin'] engine_only=[] ; oppo_hand: log=4 engine=5,4,4,0,0,5,4,4,0,1,0,4,0,2,ok,178
1443,1,7,1,user_hand,user_2,user_hand,user_hand: log_only=['balustrade wurm'] engine_only=['swamp'],4,0,1,0,1,0,0,0,1,0,0,0,0,ok,312
1444,1,8,3,user_hand,oppo_4,user_hand,user_hand: log_only=['plains'] engine_only=['shepherding spirits'],4,3,1,0,3,3,1,0,0,0,1,0,0,ok,169
1445,1,8,3,user_creatures,oppo_4,user_creatures,"user_creatures: log_only=['miasma demon'] engine_only=['grand entryway', 'insect']",5,2,2,0,4,2,0,1,2,0,0,1,0,ok,275
1446,1,9,4,oppo_life,user_5,oppo_life user_creatures oppo_hand,oppo_life: log=11 engine=10 ; user_creatures: log_only=[] engine_only=['most valuable slayer'] ; oppo_hand: log=2 engine=3,7,3,1,1,4,4,2,1,1,0,2,1,3,ok,318
1447,1,8,4,user_creatures,oppo_5,user_creatures,user_creatures: log_only=[] engine_only=['ragged playmate'],5,3,0,0,4,3,4,0,1,0,4,0,1,ok,225
1448,1,13,2,user_hand,user_3,user_hand,user_hand: log_only=['slavering branchsnapper'] engine_only=['island'],6,0,4,0,2,0,0,0,2,0,0,0,0,ok,491
1449,1,12,4,user_life,oppo_5,user_life user_hand,"user_life: log=14 engine=13 ; user_hand: log_only=['terramorphic expanse', 'tunnel surveyor'] engine_only=['scrabbling skullcrab', 'swamp']",8,1,2,0,4,1,0,1,3,0,0,1,1,ok,549
1450,1,12,6,user_creatures,oppo_7,user_creatures user_noncreatures oppo_hand,user_creatures: log_only=['unidentified hovership'] engine_only=['fear of surveillance'] ; user_noncreatures: log_only=[] engine_only=['unidentified hovership'] ; oppo_hand: log=1 engine=2,6,4,3,2,6,5,1,2,2,0,1,2,2,ok,520
1451,1,5,3,oppo_life,user_4,oppo_life,oppo_life: log=6 engine=9,3,2,0,0,3,2,2,0,1,0,2,0,0,ok,144
1452,1,10,1,user_creatures,user_2,user_creatures user_hand,user_creatures: log_only=['intruding soulrager'] engine_only=[] ; user_hand: log_only=[] engine_only=['intruding soulrager'],7,0,0,0,1,0,0,0,1,0,0,0,1,ok,429
1453,1,5,2,user_hand,oppo_3,user_hand,user_hand: log_only=[] engine_only=['floodpits drowner'],2,0,0,0,2,0,0,0,2,0,0,0,0,ok,56
1454,1,8,1,user_creatures,user_2,user_creatures user_hand,user_creatures: log_only=['house cartographer'] engine_only=[] ; user_hand: log_only=[] engine_only=['fear of being hunted'],6,1,1,0,1,1,0,0,0,0,0,0,1,ok,167
1455,1,5,5,,,,,2,2,0,0,4,3,1,0,2,1,1,0,0,ok,119
1456,1,7,4,user_creatures,user_5,user_creatures,user_creatures: log_only=['plains'] engine_only=['moldering gym'],2,1,0,0,3,1,0,0,2,0,0,0,0,ok,143
1457,1,10,2,user_creatures,user_3,user_creatures user_hand,user_creatures: log_only=['ghostly keybearer'] engine_only=[] ; user_hand: log_only=[] engine_only=['ghostly keybearer'],5,1,0,0,2,1,0,0,1,0,0,0,1,ok,240
1458,1,9,2,user_creatures,user_3,user_creatures user_hand,"user_creatures: log_only=[""victor, valgavoth's seneschal""] engine_only=[] ; user_hand: log_only=[] engine_only=[""victor, valgavoth's seneschal""]",6,1,0,0,2,1,0,0,1,0,0,0,1,ok,225
1459,1,14,3,user_hand,oppo_4,user_hand,"user_hand: log_only=[] engine_only=[""don't make a sound""]",5,1,4,0,3,1,0,0,2,0,0,0,1,ok,444
1460,1,11,1,user_hand,user_2,user_hand,user_hand: log_only=['forest'] engine_only=['wickerfolk thresher'],7,0,1,0,1,0,0,0,1,0,0,0,0,ok,435
1461,1,13,3,oppo_hand,oppo_4,oppo_hand,oppo_hand: log=4 engine=5,6,1,2,0,3,1,0,0,2,0,0,0,0,ok,366
1462,1,5,3,oppo_life,user_4,oppo_life,oppo_life: log=11 engine=13,3,2,0,0,3,3,1,0,1,0,1,0,0,ok,73
1463,1,9,2,oppo_life,user_3,oppo_life,oppo_life: log=18 engine=19,6,1,3,0,2,1,0,0,1,0,0,0,0,ok,194
1464,1,7,2,user_life,oppo_3,user_life,user_life: log=18 engine=19,4,0,2,0,2,0,0,0,2,0,0,0,0,ok,190
1465,1,13,2,user_noncreatures,oppo_3,user_noncreatures user_hand,user_noncreatures: log_only=['underwater tunnel'] engine_only=[] ; user_hand: log_only=[] engine_only=['underwater tunnel'],7,1,5,0,2,1,0,0,1,0,0,0,0,ok,775
1466,1,16,1,user_hand,user_2,user_hand,user_hand: log_only=['savior of the small'] engine_only=['plains'],8,0,1,0,1,0,0,0,1,0,0,0,0,ok,682
1467,1,12,4,user_noncreatures,oppo_5,user_noncreatures,user_noncreatures: log_only=['cracked skull'] engine_only=[],3,1,6,1,3,3,3,0,2,1,3,0,0,ok,268
1468,1,7,3,oppo_life,user_4,oppo_life user_creatures user_hand oppo_hand,"oppo_life: log=16 engine=13 ; user_creatures: log_only=[] engine_only=['glimmer seeker'] ; user_hand: log_only=[] engine_only=[""shardmage's rescue""] ; oppo_hand: log=5 engine=6",4,3,0,0,3,3,2,0,0,0,2,0,1,ok,120
1469,1,8,2,user_life,oppo_3,user_life,user_life: log=16 engine=17,4,1,3,0,2,1,0,0,1,0,0,0,0,ok,310
1470,1,10,5,user_creatures,oppo_6,user_creatures oppo_hand,user_creatures: log_only=['unwilling vessel'] engine_only=['enduring innocence'] ; oppo_hand: log=1 engine=2,6,5,1,1,5,6,3,0,1,0,3,0,1,ok,521
1471,1,18,4,oppo_hand,oppo_5,oppo_hand,oppo_hand: log=1 engine=2,7,2,3,0,4,4,1,0,2,1,1,0,2,ok,643
1472,1,9,4,user_lands,user_5,user_lands user_creatures user_hand,"user_lands: log_only=['island', 'plains'] engine_only=[] ; user_creatures: log_only=['splitskin doll'] engine_only=['floodpits drowner'] ; user_hand: log_only=['floodpits drowner'] engine_only=['island', 'splitskin doll']",5,1,2,0,3,1,1,0,2,0,1,0,2,ok,151
1473,1,5,3,user_creatures,user_4,user_creatures user_noncreatures user_hand oppo_hand,"user_creatures: log_only=['fear of surveillance', 'monstrous emergence'] engine_only=[] ; user_noncreatures: log_only=['moldering gym'] engine_only=[] ; user_hand: log_only=[] engine_only=[""valgavoth's onslaught""] ; oppo_hand: log=6 engine=5",4,2,0,0,3,2,1,0,1,0,1,0,1,ok,108
1474,1,9,3,user_life,oppo_4,user_life,user_life: log=15 engine=16,4,1,3,0,3,1,0,0,2,0,0,0,0,ok,143
1475,1,12,3,user_hand,oppo_4,user_hand,"user_hand: log_only=[] engine_only=[""betrayer's bargain""]",5,2,1,0,4,2,1,0,2,0,1,0,1,ok,270
1476,1,3,2,user_creatures,user_3,user_creatures,user_creatures: log_only=['veteran survivor'] engine_only=[],3,2,1,0,2,2,1,0,0,0,1,0,0,ok,64
1477,1,8,3,oppo_hand,oppo_4,oppo_hand,oppo_hand: log=4 engine=3,2,2,2,1,3,2,1,0,1,0,1,0,2,ok,265
1478,1,7,2,user_creatures,oppo_3,user_creatures oppo_hand,user_creatures: log_only=[] engine_only=['silent hallcreeper'] ; oppo_hand: log=4 engine=5,6,2,2,0,2,2,0,0,0,0,0,0,1,ok,265
1479,1,11,2,user_creatures,user_3,user_creatures,user_creatures: log_only=['floodpits drowner'] engine_only=['forest'],7,1,3,0,2,1,0,0,1,0,0,0,0,ok,517
1480,1,7,2,user_hand,user_3,user_hand,user_hand: log_only=['omnivorous flytrap'] engine_only=['house cartographer'],3,1,3,0,2,1,1,0,1,0,1,0,0,ok,145
1481,1,8,2,oppo_hand,oppo_3,oppo_hand,oppo_hand: log=4 engine=5,6,1,1,0,2,1,1,0,1,0,1,0,1,ok,198
1482,1,8,4,user_creatures,user_5,user_creatures,user_creatures: log_only=[] engine_only=['floodpits drowner'],4,2,1,0,3,2,3,0,1,0,3,0,0,ok,211
1483,1,10,5,user_life,oppo_6,user_life user_hand,user_life: log=17 engine=14 ; user_hand: log_only=[] engine_only=['murder'],5,4,3,1,5,4,0,0,1,0,0,0,1,ok,204
1484,1,12,4,user_life,oppo_5,user_life,user_life: log=17 engine=20,9,3,1,0,4,3,3,0,1,0,3,0,0,ok,494
1485,1,9,3,user_life,oppo_4,user_life,user_life: log=17 engine=18,6,3,2,1,4,3,1,0,1,0,1,0,1,ok,298
1486,1,7,2,user_creatures,user_3,user_creatures user_hand,user_creatures: log_only=['most valuable slayer'] engine_only=[] ; user_hand: log_only=[] engine_only=['most valuable slayer'],5,1,2,0,2,1,0,0,1,0,0,0,1,ok,156
1487,1,7,5,user_life,user_6,user_life user_creatures user_noncreatures,user_life: log=19 engine=18 ; user_creatures: log_only=[] engine_only=['fear of lost teeth'] ; user_noncreatures: log_only=['derelict attic'] engine_only=[],5,4,0,0,5,5,1,0,1,0,1,0,0,ok,108
1488,1,8,3,user_hand,user_4,user_hand,user_hand: log_only=['forest'] engine_only=[],7,2,0,0,3,2,0,0,1,0,0,0,0,ok,201
1489,1,7,5,user_life,user_6,user_life oppo_life user_hand,user_life: log=18 engine=16 ; oppo_life: log=11 engine=14 ; user_hand: log_only=['forest'] engine_only=[],6,4,0,0,5,4,0,0,1,0,0,0,0,ok,171
1490,1,8,4,user_life,oppo_5,user_life user_creatures,user_life: log=20 engine=17 ; user_creatures: log_only=[] engine_only=['spineseeker centipede'],6,3,1,1,5,4,0,0,2,0,0,0,1,ok,186
1491,1,9,1,user_hand,user_2,user_hand,user_hand: log_only=['forest'] engine_only=['flesh burrower'],7,1,0,0,1,1,0,0,0,0,0,0,0,ok,276
1492,1,9,2,oppo_life,user_3,oppo_life user_creatures,oppo_life: log=17 engine=20 ; user_creatures: log_only=['wary watchdog'] engine_only=['tunnel surveyor'],6,1,4,0,2,1,0,0,1,0,0,0,0,ok,252
1493,1,9,2,user_creatures,user_3,user_creatures user_noncreatures oppo_hand,user_creatures: log_only=[] engine_only=['emerge from the cocoon'] ; user_noncreatures: log_only=[] engine_only=['ticket booth'] ; oppo_hand: log=6 engine=7,3,1,2,0,2,1,1,0,1,0,1,0,1,ok,156
1494,1,9,1,user_noncreatures,oppo_2,user_noncreatures user_hand,user_noncreatures: log_only=[] engine_only=['keys to the house'] ; user_hand: log_only=['swamp'] engine_only=[],7,2,1,0,2,2,0,0,0,0,0,0,0,ok,285
1495,1,5,3,oppo_hand,oppo_4,oppo_hand,oppo_hand: log=4 engine=5,4,3,0,0,4,3,1,0,1,0,1,0,1,ok,134
1496,1,8,3,user_lands,user_4,user_lands,user_lands: log_only=['mountain'] engine_only=['swamp'],6,1,2,0,3,1,2,0,2,0,2,0,0,ok,183
1497,1,9,3,user_life,oppo_4,user_life user_creatures,user_life: log=17 engine=18 ; user_creatures: log_only=['plains'] engine_only=['fear of immobility'],5,2,4,1,4,2,0,0,2,0,0,0,0,ok,301
1498,1,6,4,user_life,oppo_5,user_life,user_life: log=12 engine=14,1,1,2,1,3,2,0,0,2,0,0,0,0,ok,106
1499,1,9,1,user_hand,oppo_2,user_hand,user_hand: log_only=['withering torment'] engine_only=['defiled crypt'],4,0,3,0,2,0,0,0,2,0,0,0,0,ok,233
1500,1,12,3,user_life,oppo_4,user_life user_hand,user_life: log=18 engine=19 ; user_hand: log_only=['swamp'] engine_only=['spectral snatcher'],3,1,6,1,3,1,0,0,2,0,0,0,0,ok,2050
1501,1,8,2,user_hand,user_3,user_hand,"user_hand: log_only=['plains', 'shrewd storyteller'] engine_only=['say its name', 'spineseeker centipede']",5,1,1,0,2,1,0,0,1,0,0,0,1,ok,388
1502,1,9,3,user_creatures,user_4,user_creatures user_hand,user_creatures: log_only=['screaming nemesis'] engine_only=[] ; user_hand: log_only=[] engine_only=['jump scare'],6,2,1,0,3,2,2,0,1,0,2,0,1,ok,454
1503,1,10,2,user_life,oppo_3,user_life user_noncreatures user_hand,user_life: log=20 engine=18 ; user_noncreatures: log_only=['growing dread'] engine_only=[] ; user_hand: log_only=[] engine_only=['growing dread'],3,0,1,0,2,0,0,0,2,0,0,0,2,ok,309
1504,1,10,2,user_hand,oppo_3,user_hand,user_hand: log_only=['swamp'] engine_only=['spectral snatcher'],7,0,2,0,2,0,0,0,2,0,0,0,0,ok,471
1505,1,14,3,oppo_life,user_4,oppo_life,oppo_life: log=13 engine=16,6,2,2,0,3,2,1,0,1,0,1,0,1,ok,644
1506,1,10,3,user_creatures,user_4,user_creatures,user_creatures: log_only=['tunnel surveyor'] engine_only=[],6,2,1,1,3,3,1,0,1,0,1,0,0,ok,611
1507,1,12,2,user_creatures,oppo_3,user_creatures,user_creatures: log_only=[] engine_only=['fear of surveillance'],8,1,0,0,2,1,0,0,1,0,0,0,0,ok,633
1508,1,8,4,user_creatures,user_5,user_creatures,user_creatures: log_only=['trapped in the screen'] engine_only=[],3,2,3,1,4,3,0,0,2,0,0,0,0,ok,292
1509,1,8,4,user_creatures,oppo_5,user_creatures oppo_hand,user_creatures: log_only=[] engine_only=['lionheart glimmer'] ; oppo_hand: log=2 engine=3,4,3,2,0,4,3,3,0,1,0,3,0,1,ok,314
1510,1,10,1,user_creatures,user_2,user_creatures,"user_creatures: log_only=['norin, swift survivalist'] engine_only=[]",6,1,1,0,1,1,0,0,0,0,0,0,1,ok,549
1511,1,7,3,user_lands,user_4,user_lands user_hand,user_lands: log_only=['plains'] engine_only=[] ; user_hand: log_only=[] engine_only=['plains'],5,2,1,1,3,2,0,1,1,0,0,1,1,ok,282
1512,1,8,2,oppo_life,user_3,oppo_life,oppo_life: log=17 engine=18,6,1,2,1,2,2,0,1,1,0,0,1,0,ok,382
1513,1,8,3,user_creatures,user_4,user_creatures,user_creatures: log_only=['unstoppable slasher'] engine_only=[],5,3,3,2,3,4,2,0,0,0,2,0,1,ok,263
1514,1,11,3,user_hand,user_4,user_hand oppo_hand,"user_hand: log_only=[] engine_only=['forest', 'wildfire wickerfolk'] ; oppo_hand: log=4 engine=5",8,2,2,0,3,2,2,0,1,0,2,0,1,ok,472
1515,1,6,3,oppo_life,user_4,oppo_life user_creatures,oppo_life: log=16 engine=18 ; user_creatures: log_only=['optimistic scavenger'] engine_only=[],4,3,1,0,3,3,0,0,0,0,0,0,0,ok,349
1516,1,6,3,user_life,user_4,user_life oppo_life,user_life: log=17 engine=22 ; oppo_life: log=13 engine=12,5,2,3,0,3,2,1,0,1,0,1,0,0,ok,170
1517,1,10,5,user_creatures,oppo_6,user_creatures,user_creatures: log_only=[] engine_only=['ragged playmate'],6,4,2,0,5,5,2,0,1,0,2,0,0,ok,397
1518,1,11,2,user_creatures,oppo_3,user_creatures,user_creatures: log_only=[] engine_only=['piranha fly'],7,0,3,0,3,0,0,0,3,0,0,0,0,ok,347
1519,1,10,4,user_creatures,oppo_5,user_creatures,user_creatures: log_only=[] engine_only=['come back wrong'],7,4,0,0,5,4,0,1,1,0,0,1,0,ok,568
1520,1,10,4,user_creatures,user_5,user_creatures user_noncreatures,user_creatures: log_only=['forest'] engine_only=[] ; user_noncreatures: log_only=['meat locker'] engine_only=[],3,2,3,0,3,3,2,0,1,1,2,0,0,ok,370
1521,1,14,3,user_lands,user_4,user_lands user_hand,user_lands: log_only=['swamp'] engine_only=[] ; user_hand: log_only=[] engine_only=['spectral snatcher'],6,1,6,0,3,1,0,0,2,0,0,0,1,ok,430
1522,1,7,3,user_hand,user_4,user_hand,user_hand: log_only=['growing dread'] engine_only=['forest'],4,2,1,0,3,2,0,0,1,0,0,0,0,ok,173
1523,1,9,3,user_hand,user_4,user_hand,user_hand: log_only=['fear of isolation'] engine_only=['rootwise survivor'],6,2,2,0,3,2,1,1,1,0,1,1,0,ok,305
1524,1,11,3,user_lands,user_4,user_lands user_creatures user_noncreatures user_hand,user_lands: log_only=['plains'] engine_only=[] ; user_creatures: log_only=['plains'] engine_only=[] ; user_noncreatures: log_only=['conductive machete'] engine_only=[] ; user_hand: log_only=[] engine_only=['conductive machete'],4,1,1,0,3,1,0,0,2,0,0,0,2,ok,456
1525,1,7,3,user_creatures,oppo_4,user_creatures,user_creatures: log_only=['patchwork beastie'] engine_only=['hand that feeds'],4,2,1,0,4,2,0,0,2,0,0,0,0,ok,268
1526,1,7,3,user_hand,user_4,user_hand,user_hand: log_only=['island'] engine_only=['saw'],5,2,0,0,3,2,0,0,1,0,0,0,0,ok,229
1527,1,8,8,,,,,6,6,2,2,7,8,6,0,2,0,6,0,0,ok,240
1528,1,5,1,user_hand,user_2,user_hand,"user_hand: log_only=['zimone, all-questioning'] engine_only=['razorkin hordecaller']",4,0,0,0,1,0,0,0,1,0,0,0,0,ok,91
1529,1,9,2,oppo_life,user_3,oppo_life,oppo_life: log=19 engine=20,6,1,3,0,2,1,2,0,1,0,2,0,0,ok,275
1530,1,9,3,user_lands,user_4,user_lands user_creatures user_hand,"user_lands: log_only=[""valgavoth's lair""] engine_only=[] ; user_creatures: log_only=['irreverent gremlin', 'razortrap gorge'] engine_only=[] ; user_hand: log_only=['mountain'] engine_only=['irreverent gremlin', 'ragged playmate']",4,2,3,0,3,2,0,1,1,0,0,1,1,ok,275
1531,1,5,3,oppo_life,user_4,oppo_life,oppo_life: log=20 engine=21,4,3,1,0,3,3,0,0,0,0,0,0,0,ok,144
1532,1,10,3,user_hand,user_4,user_hand,user_hand: log_only=['fear of infinity'] engine_only=[],8,2,1,0,3,2,0,0,1,0,0,0,0,ok,411
1533,1,9,6,oppo_life,user_7,oppo_life,oppo_life: log=18 engine=19,3,3,4,2,5,5,1,0,2,0,1,0,0,ok,255
1534,1,10,3,user_creatures,oppo_4,user_creatures,user_creatures: log_only=[] engine_only=['spineseeker centipede'],6,2,3,1,4,3,0,1,2,0,0,1,1,ok,321
1535,1,9,2,user_life,oppo_3,user_life,user_life: log=17 engine=18,6,1,3,0,2,1,0,0,1,0,0,0,0,ok,311
1536,1,7,2,oppo_hand,oppo_3,oppo_hand,oppo_hand: log=4 engine=5,5,1,2,1,2,1,0,0,1,0,0,0,1,ok,221
1537,1,10,4,user_creatures,oppo_5,user_creatures,"user_creatures: log_only=['acrobatic cheerleader'] engine_only=['arabella, abandoned doll']",6,3,0,0,4,4,0,0,1,0,0,0,0,ok,340
1538,1,7,2,user_creatures,oppo_3,user_creatures,user_creatures: log_only=['the jolly balloon man'] engine_only=['gremlin tamer'],3,2,1,0,3,2,0,0,1,0,0,0,0,ok,193
1539,1,8,2,user_creatures,oppo_3,user_creatures,user_creatures: log_only=[] engine_only=['house cartographer'],6,1,1,0,2,1,0,0,1,0,0,0,0,ok,369
1540,1,6,3,oppo_hand,oppo_4,oppo_hand,oppo_hand: log=8 engine=7,2,2,1,0,3,2,1,0,1,0,1,0,0,ok,80
1541,1,8,1,user_hand,user_2,user_hand,user_hand: log_only=['spineseeker centipede'] engine_only=['overgrown zealot'],5,1,0,0,1,1,0,0,0,0,0,0,0,ok,206
1542,1,9,4,oppo_hand,oppo_5,oppo_hand,oppo_hand: log=2 engine=3,5,4,2,1,5,4,3,0,1,0,3,0,2,ok,348
1543,1,8,4,user_life,oppo_5,user_life user_noncreatures,user_life: log=13 engine=18 ; user_noncreatures: log_only=[] engine_only=['bottomless pool'],5,3,1,0,3,4,1,0,1,0,1,0,0,ok,217
1544,1,10,3,user_life,oppo_4,user_life,user_life: log=16 engine=18,5,3,0,0,4,4,2,0,1,0,2,0,1,ok,307
1545,1,11,2,user_creatures,user_3,user_creatures,user_creatures: log_only=['clockwork percussionist'] engine_only=['innocuous rat'],6,1,2,0,2,1,0,0,1,0,0,0,0,ok,313
1546,1,11,2,oppo_life,user_3,oppo_life user_creatures user_noncreatures user_hand oppo_hand,"oppo_life: log=20 engine=18 ; user_creatures: log_only=['island'] engine_only=['flesh burrower', 'murky sewer'] ; user_noncreatures: log_only=[] engine_only=['growing dread'] ; user_hand: log_only=['growing dread'] engine_only=[] ; oppo_hand: log=6 engine=7",4,0,3,0,2,0,0,0,2,0,0,0,1,ok,595
1547,1,6,4,user_creatures,oppo_5,user_creatures,user_creatures: log_only=['the mindskinner'] engine_only=['cracked skull'],4,4,1,0,5,4,2,0,1,0,2,0,0,ok,206
1548,1,10,2,user_creatures,user_3,user_creatures,user_creatures: log_only=[] engine_only=['broodspinner'],6,1,1,0,2,1,0,1,1,0,0,1,0,ok,281
1549,1,9,5,oppo_hand,oppo_6,oppo_hand,oppo_hand: log=1 engine=2,7,4,0,0,5,5,1,1,1,0,1,1,2,ok,281
1550,1,6,3,user_creatures,user_4,user_creatures user_hand,user_creatures: log_only=['clockwork percussionist'] engine_only=[] ; user_hand: log_only=[] engine_only=['plains'],4,2,2,0,3,2,1,0,1,0,1,0,2,ok,195
1551,1,9,3,user_hand,oppo_4,user_hand,user_hand: log_only=['spectral snatcher'] engine_only=['island'],6,2,2,0,3,2,0,0,1,0,0,0,0,ok,282
1552,1,9,2,oppo_life,user_3,oppo_life user_hand,oppo_life: log=17 engine=18 ; user_hand: log_only=['turn inside out'] engine_only=['friendly ghost'],2,1,2,0,2,1,0,0,1,0,0,0,0,ok,257
1553,1,9,3,user_life,oppo_4,user_life oppo_life oppo_hand,user_life: log=18 engine=20 ; oppo_life: log=20 engine=18 ; oppo_hand: log=7 engine=6,4,2,2,0,4,2,2,0,2,0,2,0,0,ok,235
1554,1,12,3,user_life,oppo_4,user_life,user_life: log=12 engine=15,7,2,2,0,3,2,0,0,1,0,0,0,0,ok,461
1555,1,11,3,user_lands,user_4,user_lands user_creatures user_hand,user_lands: log_only=['plains'] engine_only=[] ; user_creatures: log_only=['unidentified hovership'] engine_only=[] ; user_hand: log_only=[] engine_only=['plains'],5,1,2,0,3,1,0,0,2,0,0,0,1,ok,419
1556,1,5,4,user_life,oppo_5,user_life user_creatures oppo_hand,user_life: log=13 engine=11 ; user_creatures: log_only=['grasping longneck'] engine_only=[] ; oppo_hand: log=3 engine=4,1,1,0,0,3,2,0,0,2,1,0,0,3,ok,98
1557,1,8,4,user_creatures,oppo_5,user_creatures,user_creatures: log_only=[] engine_only=['hardened escort'],7,4,0,0,4,4,1,0,0,0,1,0,0,ok,198
1558,1,9,2,user_lands,oppo_3,user_lands user_creatures,user_lands: log_only=['forest'] engine_only=[] ; user_creatures: log_only=[] engine_only=['insidious fungus'],5,2,2,0,3,2,2,0,1,0,2,0,2,ok,259
1559,1,7,2,oppo_hand,oppo_3,oppo_hand,oppo_hand: log=5 engine=6,4,1,1,0,3,1,0,0,2,0,0,0,1,ok,270
1560,1,6,2,user_hand,user_3,user_hand,user_hand: log_only=[] engine_only=['island'],4,1,2,0,2,1,0,0,1,0,0,0,0,ok,227
1561,1,10,2,oppo_life,user_3,oppo_life user_creatures,oppo_life: log=17 engine=16 ; user_creatures: log_only=[] engine_only=['clockwork percussionist'],6,1,1,0,2,1,0,0,1,0,0,0,1,ok,154
1562,1,5,2,user_life,oppo_3,user_life,user_life: log=16 engine=18,4,2,1,0,3,2,0,0,1,0,0,0,0,ok,140
1563,1,4,4,,,,,2,2,0,0,4,2,1,0,2,0,1,0,0,ok,86
1564,1,7,1,oppo_hand,oppo_2,oppo_hand,oppo_hand: log=6 engine=7,4,1,2,0,2,1,1,0,1,0,1,0,1,ok,126
1565,1,8,2,user_life,oppo_3,user_life,user_life: log=17 engine=18,4,2,2,0,3,2,0,0,1,0,0,0,0,ok,157
1566,1,7,5,user_life,user_6,user_life oppo_life user_creatures user_hand,"user_life: log=29 engine=23 ; oppo_life: log=3 engine=6 ; user_creatures: log_only=['gremlin', 'gremlin', 'gremlin'] engine_only=[] ; user_hand: log_only=['piggy bank'] engine_only=['mountain']",3,3,0,0,4,4,10,0,1,1,10,0,5,ok,155
1567,1,9,1,user_hand,user_2,user_hand,user_hand: log_only=['moldering gym'] engine_only=['island'],5,0,2,0,1,0,0,0,1,0,0,0,0,ok,365
1568,1,9,1,oppo_life,user_2,oppo_life,oppo_life: log=18 engine=19,5,1,0,0,1,1,1,0,0,0,1,0,0,ok,278
1569,1,7,3,user_creatures,user_4,user_creatures oppo_hand,user_creatures: log_only=[] engine_only=['fear of being hunted'] ; oppo_hand: log=4 engine=5,3,1,3,1,3,2,1,0,2,0,1,0,1,ok,160
1570,1,10,5,oppo_life,user_6,oppo_life user_creatures,oppo_life: log=12 engine=11 ; user_creatures: log_only=[] engine_only=['gremlin'],5,4,1,0,4,5,3,0,1,0,3,0,2,ok,454
1571,1,9,4,user_creatures,oppo_5,user_creatures oppo_hand,user_creatures: log_only=[] engine_only=['ragged playmate'] ; oppo_hand: log=2 engine=3,5,3,3,1,4,5,4,0,1,1,4,0,2,ok,188
1572,1,9,2,oppo_life,user_3,oppo_life,oppo_life: log=18 engine=19,4,1,3,0,2,1,0,0,1,0,0,0,0,ok,218
1573,1,9,1,user_hand,user_2,user_hand,user_hand: log_only=['greenhouse'] engine_only=['strangled cemetery'],6,0,1,0,1,0,0,0,1,0,0,0,0,ok,364
1574,1,10,5,oppo_hand,oppo_6,oppo_hand,oppo_hand: log=2 engine=3,8,4,1,0,5,4,2,1,1,0,2,1,2,ok,289
1575,1,7,1,user_hand,user_2,user_hand,user_hand: log_only=['the rollercrusher ride'] engine_only=['mountain'],4,0,0,0,1,0,0,0,1,0,0,0,0,ok,120
1576,1,13,4,user_life,oppo_5,user_life user_creatures user_hand,user_life: log=18 engine=16 ; user_creatures: log_only=[] engine_only=['glimmer'] ; user_hand: log_only=['house cartographer'] engine_only=['malevolent chandelier'],7,2,3,1,4,2,0,0,2,0,0,0,1,ok,570
1577,1,5,4,oppo_hand,oppo_5,oppo_hand,oppo_hand: log=6 engine=0,5,5,3,3,4,7,5,0,0,0,5,0,0,ok,127
1578,1,15,1,user_hand,user_2,user_hand,"user_hand: log_only=['altanak, the thrice-called'] engine_only=['forest']",9,0,2,0,1,0,0,0,1,0,0,0,0,ok,583
1579,1,8,2,user_life,oppo_3,user_life oppo_hand,user_life: log=15 engine=18 ; oppo_hand: log=3 engine=4,4,1,2,0,2,1,0,0,1,0,0,0,0,ok,120
1580,1,6,2,oppo_hand,oppo_3,oppo_hand,oppo_hand: log=6 engine=5,4,1,0,0,3,1,0,0,2,0,0,0,1,ok,163
1581,1,7,4,user_life,oppo_5,user_life,user_life: log=16 engine=17,3,3,0,0,3,3,0,0,0,0,0,0,1,ok,133
1582,1,12,5,user_creatures,oppo_6,user_creatures oppo_hand,user_creatures: log_only=['fear of exposure'] engine_only=['cryptid inspector'] ; oppo_hand: log=5 engine=3,6,4,2,0,6,4,2,0,2,0,2,0,1,ok,512
1583,1,4,3,oppo_life,user_4,oppo_life,oppo_life: log=2 engine=13,4,3,2,2,3,3,3,0,0,0,3,0,0,ok,81
1584,1,8,1,user_hand,user_2,user_hand,user_hand: log_only=['spineseeker centipede'] engine_only=['wildfire wickerfolk'],5,0,0,0,1,0,0,0,1,0,0,0,0,ok,395
1585,1,10,4,user_life,oppo_5,user_life,user_life: log=11 engine=14,5,2,1,0,4,2,0,1,2,0,0,1,0,ok,495
1586,1,10,2,oppo_life,user_3,oppo_life,oppo_life: log=18 engine=19,7,1,3,0,2,1,0,0,1,0,0,0,0,ok,386
1587,1,13,3,user_creatures,user_4,user_creatures,user_creatures: log_only=[] engine_only=['house cartographer'],9,3,0,0,3,3,0,0,0,0,0,0,0,ok,644
1588,1,8,2,user_creatures,user_3,user_creatures oppo_hand,user_creatures: log_only=[] engine_only=['enduring vitality'] ; oppo_hand: log=6 engine=7,6,1,1,0,2,1,0,0,1,0,0,0,1,ok,241
1589,1,7,4,oppo_hand,oppo_5,oppo_hand,oppo_hand: log=3 engine=2,2,2,0,0,4,3,5,0,2,1,5,0,0,ok,182
1590,1,8,3,user_hand,user_4,user_hand,"user_hand: log_only=['marvin, murderous mimic'] engine_only=[]",6,2,2,1,3,2,1,0,1,0,1,0,0,ok,280
1591,1,7,3,user_hand,oppo_4,user_hand,user_hand: log_only=['mountain'] engine_only=['bedhead beastie'],4,1,0,0,3,1,1,0,2,0,1,0,1,ok,154
1592,1,4,1,user_hand,user_2,user_hand,user_hand: log_only=['fear of falling'] engine_only=['fear of infinity'],3,0,3,0,1,0,0,0,1,0,0,0,0,ok,94
1593,1,10,5,user_hand,oppo_6,user_hand,"user_hand: log_only=['splitskin doll', 'tunnel surveyor'] engine_only=['orphans of the wheat', 'vanish from sight']",5,2,2,1,3,4,1,0,1,1,1,0,0,ok,390
1594,1,6,2,oppo_life,user_3,oppo_life,oppo_life: log=18 engine=20,4,1,2,0,2,1,0,0,1,0,0,0,0,ok,196
1595,1,7,5,user_hand,user_6,user_hand,"user_hand: log_only=[""betrayer's bargain""] engine_only=['fear of exposure']",3,2,4,1,4,3,2,0,2,0,2,0,0,ok,142
1596,1,6,1,user_hand,user_2,user_hand,user_hand: log_only=['twitching doll'] engine_only=['innocuous rat'],5,0,0,0,1,0,0,0,1,0,0,0,0,ok,117
1597,1,8,4,user_hand,oppo_5,user_hand,"user_hand: log_only=[] engine_only=[""don't make a sound""]",5,3,0,0,4,3,0,0,1,0,0,0,1,ok,316
1598,1,11,1,user_hand,oppo_2,user_hand,user_hand: log_only=['island'] engine_only=['daggermaw megalodon'],4,0,1,0,2,0,0,0,2,0,0,0,0,ok,240
1599,1,15,7,user_life,oppo_8,user_life,user_life: log=17 engine=18,6,5,1,0,7,5,0,0,2,0,0,0,1,ok,560
1600,1,8,1,oppo_hand,oppo_2,oppo_hand,oppo_hand: log=5 engine=6,6,0,2,0,1,0,0,0,1,0,0,0,1,ok,1302
1601,1,9,2,user_hand,user_3,user_hand,user_hand: log_only=['forest'] engine_only=['flesh burrower'],6,1,0,0,2,1,0,1,1,0,0,1,0,ok,602
1602,1,11,4,user_hand,user_5,user_hand,user_hand: log_only=['ticket booth'] engine_only=['clockwork percussionist'],6,2,2,1,4,3,0,0,2,0,0,0,0,ok,1128
1603,1,5,1,user_hand,user_2,user_hand,user_hand: log_only=['clockwork percussionist'] engine_only=['glimmerlight'],3,1,0,0,1,1,0,0,0,0,0,0,0,ok,182
1604,1,6,1,user_hand,user_2,user_hand,user_hand: log_only=['bottomless pool'] engine_only=['insidious fungus'],4,0,0,0,1,0,0,0,1,0,0,0,0,ok,221
1605,1,9,1,user_hand,user_2,user_hand,user_hand: log_only=['slavering branchsnapper'] engine_only=['wary watchdog'],7,0,1,0,1,0,0,0,1,0,0,0,0,ok,487
1606,1,6,6,,,,,4,4,1,1,5,6,3,0,1,1,3,0,1,ok,248
1607,1,9,4,user_lands,user_5,user_lands user_creatures,user_lands: log_only=[] engine_only=['forest'] ; user_creatures: log_only=['forest'] engine_only=[],6,3,1,1,4,4,0,0,1,0,0,0,0,ok,651
1608,1,9,6,oppo_life,user_7,oppo_life,oppo_life: log=6 engine=8,5,4,1,1,6,5,3,0,2,0,3,0,0,ok,473
1609,1,8,1,user_hand,user_2,user_hand,user_hand: log_only=['swamp'] engine_only=['patchwork beastie'],5,1,1,0,1,1,0,0,0,0,0,0,0,ok,215
1610,1,7,4,oppo_life,user_5,oppo_life user_creatures,oppo_life: log=11 engine=8 ; user_creatures: log_only=[] engine_only=['unwilling vessel'],4,3,1,1,4,3,3,0,1,0,3,0,1,ok,193
1611,1,7,2,user_creatures,user_3,user_creatures,user_creatures: log_only=['glimmerlight'] engine_only=['island'],4,1,0,0,2,1,0,0,1,0,0,0,0,ok,322
1612,1,8,2,user_creatures,oppo_3,user_creatures user_hand,user_creatures: log_only=['rootwise survivor'] engine_only=[] ; user_hand: log_only=[] engine_only=['appendage amalgam'],3,1,0,0,3,1,1,0,2,0,1,0,0,ok,392
1613,1,7,4,user_creatures,oppo_5,user_creatures oppo_hand,user_creatures: log_only=[] engine_only=['glimmerlight'] ; oppo_hand: log=5 engine=6,3,2,2,1,3,2,0,0,1,0,0,0,2,ok,229
1614,1,11,4,user_lands,user_5,user_lands user_creatures user_hand,"user_lands: log_only=['forest'] engine_only=[] ; user_creatures: log_only=['grasping longneck'] engine_only=[] ; user_hand: log_only=[] engine_only=['forest', 'grasping longneck']",8,3,1,0,4,3,0,0,1,0,0,0,2,ok,582
1615,1,10,2,user_lands,user_3,user_lands user_hand,user_lands: log_only=['plains'] engine_only=[] ; user_hand: log_only=[] engine_only=['shepherding spirits'],3,1,3,1,2,2,0,0,1,0,0,0,1,ok,461
1616,1,10,2,user_noncreatures,oppo_3,user_noncreatures user_hand,user_noncreatures: log_only=['nowhere to run'] engine_only=[] ; user_hand: log_only=[] engine_only=['nowhere to run'],7,0,0,0,2,0,0,0,2,0,0,0,0,ok,693
1617,1,7,4,user_noncreatures,user_5,user_noncreatures,user_noncreatures: log_only=['treasure'] engine_only=[],6,4,1,0,3,5,4,0,0,0,4,0,0,ok,292
1618,1,7,3,user_lands,user_4,user_lands user_creatures user_hand,user_lands: log_only=['island'] engine_only=[] ; user_creatures: log_only=['splitskin doll'] engine_only=[] ; user_hand: log_only=[] engine_only=['splitskin doll'],3,2,2,0,3,2,1,0,1,0,1,0,2,ok,153
1619,1,12,3,oppo_life,user_4,oppo_life,oppo_life: log=20 engine=16,7,1,2,0,3,1,0,0,2,0,0,0,1,ok,607
1620,1,12,3,user_life,oppo_4,user_life user_creatures user_hand oppo_hand,user_life: log=17 engine=18 ; user_creatures: log_only=['insidious fungus'] engine_only=[] ; user_hand: log_only=[] engine_only=['insidious fungus'] ; oppo_hand: log=4 engine=5,8,2,4,0,3,2,0,1,1,0,0,1,0,ok,776
1621,1,9,4,user_creatures,oppo_5,user_creatures,user_creatures: log_only=['glimmer'] engine_only=[],6,2,1,0,4,2,0,0,2,0,0,0,0,ok,304
1622,1,8,4,user_life,oppo_5,user_life,user_life: log=14 engine=17,6,3,0,0,4,3,3,0,1,0,3,0,1,ok,344
1623,1,11,3,user_creatures,user_4,user_creatures user_noncreatures user_hand,user_creatures: log_only=['swamp'] engine_only=[] ; user_noncreatures: log_only=['conductive machete'] engine_only=[] ; user_hand: log_only=[] engine_only=['conductive machete'],8,2,1,0,3,2,1,1,1,0,1,1,1,ok,460
1624,1,9,2,user_hand,oppo_3,user_hand,user_hand: log_only=['island'] engine_only=['daggermaw megalodon'],5,1,1,0,2,1,0,0,1,0,0,0,0,ok,386
1625,1,16,5,user_life,oppo_6,user_life,user_life: log=10 engine=12,4,3,3,1,5,4,0,0,2,0,0,0,0,ok,831
1626,1,6,3,user_creatures,user_4,user_creatures,user_creatures: log_only=['hand that feeds'] engine_only=[],3,2,0,0,3,2,5,0,1,0,5,0,1,ok,159
1627,1,7,2,user_life,oppo_3,user_life,user_life: log=18 engine=20,5,2,1,0,3,2,1,0,1,0,1,0,0,ok,220
1628,1,12,4,user_creatures,user_5,user_creatures,user_creatures: log_only=['unstoppable slasher'] engine_only=[],5,2,2,0,3,3,0,0,1,1,0,0,1,ok,477
1629,1,6,1,oppo_life,user_2,oppo_life,oppo_life: log=18 engine=19,5,1,2,0,1,1,0,0,0,0,0,0,0,ok,233
1630,1,9,4,user_life,user_5,user_life user_creatures,user_life: log=18 engine=17 ; user_creatures: log_only=[] engine_only=['fear of being hunted'],4,3,2,1,4,4,4,0,1,0,4,0,0,ok,220
1631,1,6,3,oppo_life,user_4,oppo_life,oppo_life: log=16 engine=18,5,2,0,0,3,2,0,0,1,0,0,0,0,ok,179
1632,1,9,5,user_creatures,user_6,user_creatures user_noncreatures,user_creatures: log_only=['vicious clown'] engine_only=[] ; user_noncreatures: log_only=[] engine_only=['disturbing mirth'],6,3,2,0,5,4,4,0,2,0,4,0,0,ok,292
1633,1,6,6,,,,,5,5,0,0,6,6,2,0,1,0,2,0,0,ok,172
1634,1,7,1,oppo_hand,user_2,oppo_hand,oppo_hand: log=6 engine=5,6,0,0,0,1,0,0,0,1,0,0,0,0,ok,275
1635,1,7,3,user_life,oppo_4,user_life oppo_hand,user_life: log=18 engine=20 ; oppo_hand: log=5 engine=6,3,2,2,0,4,2,0,0,2,0,0,0,1,ok,238
1636,1,9,2,user_life,oppo_3,user_life,user_life: log=17 engine=16,6,0,0,0,3,0,0,0,3,0,0,0,0,ok,359
1637,1,6,4,user_life,oppo_5,user_life oppo_life user_creatures,user_life: log=13 engine=12 ; oppo_life: log=20 engine=21 ; user_creatures: log_only=['innocuous rat'] engine_only=[],3,2,1,1,3,3,1,0,1,0,1,0,1,ok,212
1638,1,12,6,user_noncreatures,user_7,user_noncreatures,user_noncreatures: log_only=['nowhere to run'] engine_only=[],4,3,4,2,6,4,0,0,3,0,0,0,1,ok,502
1639,1,10,4,user_lands,user_5,user_lands user_noncreatures user_hand,user_lands: log_only=['plains'] engine_only=[] ; user_noncreatures: log_only=[] engine_only=['ethereal armor'] ; user_hand: log_only=[] engine_only=['etched cornfield'],5,3,1,1,4,5,0,0,1,0,0,0,1,ok,646
1640,1,11,2,oppo_life,user_3,oppo_life,oppo_life: log=16 engine=18,4,0,1,0,2,0,0,0,2,0,0,0,0,ok,397
1641,1,6,3,user_creatures,oppo_4,user_creatures user_hand,user_creatures: log_only=['entity tracker'] engine_only=[] ; user_hand: log_only=[] engine_only=['entity tracker'],2,1,0,0,3,1,0,0,2,0,0,0,0,ok,402
1642,1,13,2,user_hand,oppo_3,user_hand,user_hand: log_only=['mountain'] engine_only=['smoky lounge'],7,1,3,0,2,1,0,0,1,0,0,0,0,ok,590
1643,1,10,3,user_creatures,user_4,user_creatures,user_creatures: log_only=[] engine_only=['floodpits drowner'],5,1,0,0,3,1,1,0,2,0,1,0,0,ok,408
1644,1,9,2,oppo_hand,oppo_3,oppo_hand,oppo_hand: log=4 engine=5,4,1,1,0,2,1,0,0,1,0,0,0,1,ok,210
1645,1,8,2,user_creatures,oppo_3,user_creatures user_noncreatures user_hand,user_creatures: log_only=['defiant survivor'] engine_only=[] ; user_noncreatures: log_only=['growing dread'] engine_only=[] ; user_hand: log_only=[] engine_only=['growing dread'],3,0,1,0,2,0,0,0,2,0,0,0,0,ok,174
1646,1,14,2,user_creatures,oppo_3,user_creatures,user_creatures: log_only=[] engine_only=['friendly teddy'],7,1,3,0,2,1,0,0,1,0,0,0,0,ok,323
1647,1,12,2,user_creatures,user_3,user_creatures,user_creatures: log_only=['clockwork percussionist'] engine_only=[],7,1,3,0,2,1,0,0,1,0,0,0,0,ok,300
1648,1,13,5,user_creatures,user_6,user_creatures,user_creatures: log_only=[] engine_only=['innocuous rat'],6,3,3,0,5,3,0,1,2,0,0,1,0,ok,325
1649,1,10,3,user_life,oppo_4,user_life,user_life: log=17 engine=18,7,3,2,0,3,4,0,0,0,1,0,0,0,ok,387
1650,1,7,2,user_hand,user_3,user_hand,user_hand: log_only=['flesh burrower'] engine_only=['bashful beastie'],4,2,1,0,2,2,2,0,0,0,2,0,0,ok,142
1651,1,8,6,user_life,oppo_7,user_life oppo_hand,user_life: log=3 engine=4 ; oppo_hand: log=2 engine=3,4,4,1,0,4,6,3,0,0,2,3,0,2,ok,191
1652,1,8,3,user_life,oppo_4,user_life user_creatures oppo_hand,"user_life: log=17 engine=13 ; user_creatures: log_only=['island'] engine_only=['cryptid inspector', 'threats around every corner', 'wary watchdog'] ; oppo_hand: log=3 engine=4",4,3,0,0,4,3,2,0,1,0,2,0,1,ok,176
1653,1,10,3,user_life,oppo_4,user_life,user_life: log=18 engine=16,4,2,1,0,4,2,0,0,2,0,0,0,0,ok,291
1654,1,4,3,user_hand,user_4,user_hand,user_hand: log_only=['manifest dread'] engine_only=['insidious fungus'],3,2,0,0,3,2,1,0,1,0,1,0,1,ok,65
1655,1,8,2,user_creatures,user_3,user_creatures user_hand,user_creatures: log_only=['island'] engine_only=['glimmerburst'] ; user_hand: log_only=['meat locker'] engine_only=['island'],7,1,1,0,2,1,0,0,1,0,0,0,0,ok,316
1656,1,8,3,user_creatures,user_4,user_creatures,user_creatures: log_only=['overlord of the floodpits'] engine_only=[],5,3,1,1,3,3,1,0,0,0,1,0,0,ok,230
1657,1,11,2,user_lands,user_3,user_lands user_hand,user_lands: log_only=['island'] engine_only=['plains'] ; user_hand: log_only=['plains'] engine_only=['island'],8,1,1,1,2,1,0,0,1,0,0,0,0,ok,190
1658,1,7,3,user_life,user_4,user_life user_creatures,user_life: log=20 engine=23 ; user_creatures: log_only=[] engine_only=['fear of surveillance'],4,2,1,0,3,2,1,0,1,0,1,0,0,ok,154
1659,1,13,1,user_hand,oppo_2,user_hand,"user_hand: log_only=[] engine_only=[""don't make a sound""]",5,0,3,0,2,0,0,0,2,0,0,0,1,ok,679
1660,1,14,7,user_creatures,oppo_8,user_creatures,user_creatures: log_only=['piggy bank'] engine_only=['irreverent gremlin'],4,2,3,0,2,7,7,0,0,5,7,0,1,ok,420
1661,1,12,4,user_creatures,user_5,user_creatures,user_creatures: log_only=['forest'] engine_only=['cult healer'],5,3,3,0,4,3,0,0,1,0,0,0,0,ok,464
1662,1,6,6,,,,,4,4,0,0,5,4,6,0,1,0,6,0,1,ok,115
1663,1,6,2,user_life,oppo_3,user_life user_hand,user_life: log=13 engine=14 ; user_hand: log_only=['swamp'] engine_only=['spectral snatcher'],3,0,1,0,2,0,0,0,2,0,0,0,0,ok,111
1664,1,11,4,user_hand,user_5,user_hand,user_hand: log_only=['wary watchdog'] engine_only=['patchwork beastie'],6,3,2,1,4,3,0,0,1,0,0,0,0,ok,467
1665,1,13,4,user_lands,user_5,user_lands user_creatures user_hand,user_lands: log_only=['island'] engine_only=[] ; user_creatures: log_only=['spineseeker centipede'] engine_only=[] ; user_hand: log_only=['swamp'] engine_only=['spineseeker centipede'],4,0,0,0,2,1,0,0,2,1,0,0,2,ok,333
1666,1,16,2,user_creatures,oppo_3,user_creatures,user_creatures: log_only=['splitskin doll'] engine_only=[],8,2,4,0,3,2,0,0,1,0,0,0,0,ok,507
1667,1,10,4,user_life,oppo_5,user_life,user_life: log=16 engine=17,5,3,3,0,3,5,7,0,0,2,7,0,0,ok,346
1668,1,10,2,user_creatures,oppo_3,user_creatures user_noncreatures user_hand,user_creatures: log_only=['plains'] engine_only=[] ; user_noncreatures: log_only=['growing dread'] engine_only=[] ; user_hand: log_only=[] engine_only=['growing dread'],4,0,2,0,2,0,0,0,2,0,0,0,0,ok,368
1669,1,8,2,user_life,user_3,user_life,user_life: log=20 engine=22,6,2,1,0,2,2,2,0,0,0,2,0,1,ok,169
1670,1,6,3,user_hand,user_4,user_hand,user_hand: log_only=['overlord of the mistmoors'] engine_only=['island'],5,2,0,0,3,2,1,0,1,0,1,0,0,ok,115
1671,1,8,4,user_creatures,user_5,user_creatures,user_creatures: log_only=['ghostly keybearer'] engine_only=['beast'],5,3,2,0,4,3,0,0,1,0,0,0,0,ok,278
1672,1,13,3,user_hand,user_4,user_hand,user_hand: log_only=[] engine_only=['scorching dragonfire'],7,1,4,0,3,1,0,0,2,0,0,0,1,ok,354
1673,1,7,4,user_life,user_5,user_life oppo_life user_creatures oppo_hand,user_life: log=16 engine=18 ; oppo_life: log=18 engine=14 ; user_creatures: log_only=[] engine_only=['vicious clown'] ; oppo_hand: log=2 engine=1,6,4,0,0,4,4,1,0,0,0,1,0,1,ok,222
1674,1,8,4,oppo_life,user_5,oppo_life,oppo_life: log=16 engine=17,6,3,1,0,4,4,1,2,1,0,1,2,1,ok,325
1675,1,8,3,user_creatures,oppo_4,user_creatures user_hand,user_creatures: log_only=['entity tracker'] engine_only=[] ; user_hand: log_only=[] engine_only=['entity tracker'],6,1,1,0,3,1,0,0,2,0,0,0,0,ok,289
1676,1,10,4,user_creatures,oppo_5,user_creatures,user_creatures: log_only=[] engine_only=['glimmerlight'],6,2,2,0,4,2,1,0,2,0,1,0,0,ok,275
1677,1,9,2,user_hand,oppo_3,user_hand,user_hand: log_only=['hedge shredder'] engine_only=['defiant survivor'],5,1,3,0,2,1,0,0,1,0,0,0,0,ok,171
1678,1,9,3,user_hand,user_4,user_hand,user_hand: log_only=['forest'] engine_only=['fear of the dark'],4,0,2,1,2,2,0,0,2,1,0,0,0,ok,176
1679,1,13,3,user_life,oppo_4,user_life,user_life: log=16 engine=12,5,2,0,0,3,2,0,0,1,0,0,0,0,ok,495
1680,1,9,3,oppo_hand,oppo_4,oppo_hand,oppo_hand: log=4 engine=3,4,1,1,0,2,2,0,0,1,1,0,0,0,ok,334
1681,1,7,4,user_creatures,oppo_5,user_creatures oppo_hand,user_creatures: log_only=['ghostly dancers'] engine_only=[] ; oppo_hand: log=2 engine=1,5,3,0,0,5,3,2,0,2,0,2,0,0,ok,218
1682,1,12,4,user_life,oppo_5,user_life oppo_life user_creatures,user_life: log=14 engine=15 ; oppo_life: log=26 engine=25 ; user_creatures: log_only=['cautious survivor'] engine_only=[],6,2,2,0,4,2,0,1,2,0,0,1,1,ok,294
1683,1,11,4,oppo_hand,oppo_5,oppo_hand,oppo_hand: log=2 engine=3,4,2,2,1,4,3,0,0,2,0,0,0,2,ok,187
1684,1,8,3,user_life,oppo_4,user_life,user_life: log=16 engine=18,5,2,0,0,3,2,0,0,1,0,0,0,0,ok,137
1685,1,8,1,user_hand,oppo_2,user_hand,user_hand: log_only=['swamp'] engine_only=['spectral snatcher'],6,1,3,0,2,1,2,0,1,0,2,0,0,ok,203
1686,1,7,2,oppo_life,user_3,oppo_life,oppo_life: log=19 engine=20,3,1,1,0,2,1,0,0,1,0,0,0,0,ok,140
1687,1,7,4,oppo_hand,oppo_5,oppo_hand,oppo_hand: log=0 engine=1,5,3,0,0,4,3,2,0,1,0,2,0,1,ok,276
1688,1,6,2,oppo_life,oppo_3,oppo_life oppo_hand,oppo_life: log=18 engine=20 ; oppo_hand: log=6 engine=5,0,0,0,0,2,0,0,0,2,0,0,0,1,ok,121
1689,1,9,2,oppo_hand,oppo_3,oppo_hand,oppo_hand: log=5 engine=6,7,3,0,0,3,3,3,0,0,0,3,0,0,ok,252
1690,1,7,3,user_life,oppo_4,user_life,user_life: log=16 engine=18,3,2,0,0,3,2,1,0,1,0,1,0,0,ok,154
1691,1,6,1,user_creatures,user_2,user_creatures,user_creatures: log_only=['mountain'] engine_only=['clockwork percussionist'],4,0,1,0,1,0,0,0,1,0,0,0,0,ok,161
1692,1,11,2,user_hand,user_3,user_hand,user_hand: log_only=['vengeful possession'] engine_only=['glimmerburst'],7,0,2,0,2,0,0,0,2,0,0,0,0,ok,357
1693,1,14,3,user_life,oppo_4,user_life,user_life: log=15 engine=16,6,2,5,0,3,3,1,0,1,0,1,0,0,ok,352
1694,1,7,2,user_life,user_3,user_life oppo_life,user_life: log=21 engine=20 ; oppo_life: log=17 engine=18,5,1,1,0,2,1,0,0,1,0,0,0,0,ok,157
1695,1,12,2,user_noncreatures,oppo_3,user_noncreatures user_hand,user_noncreatures: log_only=[] engine_only=['found footage'] ; user_hand: log_only=['abandoned campground'] engine_only=[],6,1,2,0,2,1,0,0,1,0,0,0,0,ok,502
1696,1,9,3,user_creatures,oppo_4,user_creatures,"user_creatures: log_only=['primo, the indivisible'] engine_only=['zimone, all-questioning']",6,1,2,0,3,1,1,0,2,0,1,0,0,ok,246
1697,1,9,6,oppo_life,user_7,oppo_life oppo_hand,oppo_life: log=18 engine=20 ; oppo_hand: log=1 engine=2,4,4,0,0,5,5,2,1,2,0,2,1,3,ok,274
1698,1,9,3,oppo_hand,oppo_4,oppo_hand,oppo_hand: log=5 engine=4,5,2,3,1,4,3,0,0,2,0,0,0,0,ok,347
1699,1,12,1,user_hand,user_2,user_hand,user_hand: log_only=['broodspinner'] engine_only=['friendly teddy'],7,0,4,0,1,0,0,0,1,0,0,0,0,ok,247
1700,1,8,1,user_hand,user_2,user_hand,user_hand: log_only=['horrid vigor'] engine_only=['piranha fly'],5,0,2,0,1,0,0,0,1,0,0,0,0,ok,1354
1701,1,8,4,oppo_life,user_5,oppo_life,oppo_life: log=11 engine=12,6,2,0,0,4,2,1,0,2,0,1,0,0,ok,879
1702,1,11,5,oppo_life,user_6,oppo_life user_hand,oppo_life: log=9 engine=14 ; user_hand: log_only=[] engine_only=['turn inside out'],6,2,2,0,5,2,3,0,3,0,3,0,1,ok,1178
1703,1,10,2,user_life,oppo_3,user_life,user_life: log=13 engine=16,5,1,3,0,3,1,0,0,2,0,0,0,0,ok,386
1704,1,14,2,oppo_life,user_3,oppo_life user_noncreatures oppo_hand,"oppo_life: log=18 engine=17 ; user_noncreatures: log_only=[] engine_only=[""painter's studio""] ; oppo_hand: log=6 engine=7",8,1,3,0,2,1,0,0,1,0,0,0,1,ok,508
1705,1,12,3,user_lands,user_4,user_lands user_creatures user_hand,user_lands: log_only=['forest'] engine_only=[] ; user_creatures: log_only=['spineseeker centipede'] engine_only=[] ; user_hand: log_only=[] engine_only=['spineseeker centipede'],8,2,3,0,3,2,0,0,1,0,0,0,2,ok,742
1706,1,9,2,user_creatures,user_3,user_creatures user_hand,user_creatures: log_only=['forest'] engine_only=['mountain'] ; user_hand: log_only=['mountain'] engine_only=['twitching doll'],8,2,0,0,2,2,3,0,0,0,3,0,0,ok,442
1707,1,8,3,user_creatures,oppo_4,user_creatures oppo_hand,user_creatures: log_only=[] engine_only=['tunnel surveyor'] ; oppo_hand: log=4 engine=3,6,2,2,0,3,2,0,0,1,0,0,0,0,ok,357
1708,1,6,4,user_creatures,oppo_5,user_creatures user_noncreatures,"user_creatures: log_only=['clockwork percussionist', 'razorkin needlehead'] engine_only=[] ; user_noncreatures: log_only=[] engine_only=['trapped in the screen']",3,3,1,0,3,4,8,0,0,1,8,0,0,ok,171
1709,1,9,2,user_hand,user_3,user_hand,user_hand: log_only=['glassworks'] engine_only=['mountain'],5,0,1,0,2,0,0,0,2,0,0,0,0,ok,506
1710,1,11,3,user_lands,user_4,user_lands user_hand,user_lands: log_only=['swamp'] engine_only=[] ; user_hand: log_only=[] engine_only=['fear of the dark'],5,2,1,0,3,2,1,0,1,0,1,0,1,ok,492
1711,1,8,3,user_hand,user_4,user_hand,"user_hand: log_only=['glassworks', 'trial of agony'] engine_only=['razorkin hordecaller', 'swamp']",5,2,1,0,3,2,1,0,1,0,1,0,0,ok,280
1712,1,11,1,user_hand,user_2,user_hand,user_hand: log_only=['twist reality'] engine_only=['grasping longneck'],4,1,5,0,1,1,0,0,0,0,0,0,0,ok,521
1713,1,7,5,user_creatures,oppo_6,user_creatures,user_creatures: log_only=[] engine_only=['intruding soulrager'],5,4,2,2,4,6,4,0,1,0,4,0,1,ok,240
1714,1,9,7,oppo_life,user_8,oppo_life,oppo_life: log=12 engine=15,6,5,2,2,6,8,0,3,1,1,0,3,2,ok,391
1715,1,8,2,oppo_life,user_3,oppo_life,oppo_life: log=19 engine=20,5,1,1,0,2,1,0,0,1,0,0,0,0,ok,276
1716,1,9,6,oppo_hand,oppo_7,oppo_hand,oppo_hand: log=0 engine=1,6,5,0,0,6,5,2,2,1,0,2,2,1,ok,364
1717,1,11,3,user_creatures,user_4,user_creatures user_hand,"user_creatures: log_only=['island', ""let's play a game""] engine_only=[] ; user_hand: log_only=[] engine_only=[""valgavoth's onslaught""]",8,2,3,0,3,2,0,1,1,0,0,1,1,ok,483
1718,1,13,3,user_noncreatures,oppo_4,user_noncreatures user_hand,user_noncreatures: log_only=[] engine_only=['found footage'] ; user_hand: log_only=['commune with evil'] engine_only=[],8,3,3,0,3,3,0,0,0,0,0,0,0,ok,274
1719,1,7,3,user_hand,oppo_4,user_hand,user_hand: log_only=['ghostly keybearer'] engine_only=['jump scare'],3,2,1,0,4,3,2,0,2,0,2,0,0,ok,161
1720,1,6,3,user_creatures,user_4,user_creatures user_hand,user_creatures: log_only=['sawblade skinripper'] engine_only=[] ; user_hand: log_only=['swamp'] engine_only=[],3,1,2,0,3,1,0,0,2,0,0,0,1,ok,164
1721,1,8,1,user_hand,user_2,user_hand,user_hand: log_only=['vile mutilator'] engine_only=['bashful beastie'],6,0,0,0,1,0,0,0,1,0,0,0,0,ok,267
1722,1,8,2,user_hand,oppo_3,user_hand,user_hand: log_only=['mountain'] engine_only=['bedhead beastie'],4,0,1,0,2,0,0,0,2,0,0,0,0,ok,272
1723,1,7,1,user_hand,user_2,user_hand,user_hand: log_only=['mountain'] engine_only=['most valuable slayer'],5,0,0,0,1,0,0,0,1,0,0,0,0,ok,280
1724,1,14,4,oppo_life,user_5,oppo_life user_lands user_creatures user_noncreatures user_hand,oppo_life: log=15 engine=13 ; user_lands: log_only=['swamp'] engine_only=[] ; user_creatures: log_only=[] engine_only=['piggy bank'] ; user_noncreatures: log_only=['treasure'] engine_only=[] ; user_hand: log_only=[] engine_only=['swamp'],9,3,3,1,4,3,2,0,1,0,2,0,1,ok,569
1725,1,9,4,user_life,oppo_5,user_life,user_life: log=18 engine=20,5,2,2,1,5,3,2,0,3,0,2,0,0,ok,361
1726,1,10,2,user_hand,user_3,user_hand,user_hand: log_only=['vanish from sight'] engine_only=['forest'],7,1,6,0,2,1,0,0,1,0,0,0,0,ok,641
1727,1,12,4,user_creatures,user_5,user_creatures oppo_hand,user_creatures: log_only=[] engine_only=['vicious clown'] ; oppo_hand: log=4 engine=5,6,2,1,0,3,3,2,0,1,1,2,0,1,ok,309
1728,1,5,3,user_life,oppo_4,user_life oppo_life,user_life: log=18 engine=20 ; oppo_life: log=19 engine=15,1,1,0,0,3,1,1,0,2,0,1,0,0,ok,134
1729,1,11,4,user_noncreatures,user_5,user_noncreatures,user_noncreatures: log_only=['roaring furnace'] engine_only=[],8,3,3,0,4,3,2,0,1,0,2,0,0,ok,540
1730,1,7,3,oppo_life,user_4,oppo_life,oppo_life: log=14 engine=15,5,3,1,0,3,3,1,0,0,0,1,0,0,ok,215
1731,1,8,1,user_hand,user_2,user_hand,user_hand: log_only=['vanish from sight'] engine_only=['cryptid inspector'],5,0,2,0,1,0,0,0,1,0,0,0,0,ok,305
1732,1,17,4,user_hand,oppo_5,user_hand,"user_hand: log_only=['defiled crypt', 'forest'] engine_only=['glimmerburst', 'swamp']",9,1,7,1,4,1,0,0,3,0,0,0,0,ok,912
1733,1,9,1,user_hand,user_2,user_hand,user_hand: log_only=['moldering gym'] engine_only=['island'],5,0,0,0,1,0,0,0,1,0,0,0,0,ok,315
1734,1,9,5,user_life,oppo_6,user_life,user_life: log=16 engine=17,4,4,2,0,5,6,1,0,2,0,1,0,1,ok,356
1735,1,10,2,user_life,user_3,user_life user_hand,user_life: log=20 engine=23 ; user_hand: log_only=[] engine_only=['trapped in the screen'],6,1,2,0,2,1,0,0,1,0,0,0,0,ok,236
1736,1,7,3,user_life,oppo_4,user_life,user_life: log=12 engine=14,4,2,1,0,3,2,0,0,1,0,0,0,0,ok,181
1737,1,9,3,user_lands,user_4,user_lands user_creatures user_noncreatures user_hand,"user_lands: log_only=['thornspire verge'] engine_only=[] ; user_creatures: log_only=['glimmer'] engine_only=[] ; user_noncreatures: log_only=['glimmerlight'] engine_only=[] ; user_hand: log_only=[] engine_only=['glimmerlight', 'thornspire verge']",5,2,0,0,3,2,2,0,1,0,2,0,2,ok,326
1738,1,10,3,oppo_hand,oppo_4,oppo_hand,oppo_hand: log=2 engine=3,5,3,2,1,4,4,4,0,1,0,4,0,2,ok,330
1739,1,11,3,user_creatures,oppo_4,user_creatures oppo_hand,user_creatures: log_only=[] engine_only=['clockwork percussionist'] ; oppo_hand: log=1 engine=2,4,1,2,0,3,1,0,0,2,0,0,0,2,ok,262
1740,1,9,2,user_noncreatures,user_3,user_noncreatures oppo_hand,user_noncreatures: log_only=['cracked skull'] engine_only=[] ; oppo_hand: log=4 engine=5,8,2,0,0,2,2,1,0,0,0,1,0,1,ok,273
1741,1,7,2,user_hand,user_3,user_hand,user_hand: log_only=['plains'] engine_only=[],5,2,1,0,2,2,2,0,0,0,2,0,0,ok,134
1742,1,11,5,user_life,oppo_6,user_life oppo_hand,user_life: log=16 engine=18 ; oppo_hand: log=3 engine=4,4,3,3,0,4,5,2,0,1,1,2,0,1,ok,292
1743,1,7,1,oppo_hand,oppo_2,oppo_hand,oppo_hand: log=6 engine=5,5,0,1,0,1,0,0,0,1,0,0,0,0,ok,403
1744,1,8,1,user_life,oppo_2,user_life,user_life: log=18 engine=20,6,0,0,0,1,0,0,0,1,0,0,0,0,ok,215
1745,1,9,5,user_lands,user_6,user_lands user_creatures user_hand,"user_lands: log_only=['swamp'] engine_only=[] ; user_creatures: log_only=['hand that feeds'] engine_only=[] ; user_hand: log_only=[] engine_only=['hand that feeds', 'swamp']",5,2,0,0,3,4,4,0,1,2,4,0,2,ok,255
1746,1,6,4,user_creatures,oppo_5,user_creatures oppo_hand,"user_creatures: log_only=[] engine_only=['primo, the indivisible'] ; oppo_hand: log=3 engine=2",3,3,0,0,4,3,1,1,1,0,1,1,0,ok,140
1747,1,9,3,user_creatures,oppo_4,user_creatures user_hand,user_creatures: log_only=['veteran survivor'] engine_only=[] ; user_hand: log_only=[] engine_only=['jump scare'],4,3,2,0,4,3,4,0,1,0,4,0,1,ok,237
1748,1,13,5,user_lands,user_6,user_lands user_hand,user_lands: log_only=['island'] engine_only=[] ; user_hand: log_only=[] engine_only=['island'],7,3,0,0,4,4,1,0,1,1,1,0,1,ok,582
1749,1,7,2,oppo_hand,oppo_3,oppo_hand,oppo_hand: log=6 engine=5,4,2,1,0,3,2,1,0,1,0,1,0,0,ok,287
1750,1,5,2,user_creatures,user_3,user_creatures user_hand,user_creatures: log_only=['swamp'] engine_only=[] ; user_hand: log_only=[] engine_only=['fear of being hunted'],3,2,0,0,2,2,1,0,0,0,1,0,1,ok,78
1751,1,6,1,user_hand,user_2,user_hand,"user_hand: log_only=['meat locker'] engine_only=[""duskmourn's domination""]",2,0,0,0,1,0,0,0,1,0,0,0,0,ok,123
1752,1,13,2,oppo_hand,oppo_3,oppo_hand,oppo_hand: log=4 engine=3,5,1,0,0,2,1,0,0,1,0,0,0,0,ok,920
1753,1,9,2,user_hand,oppo_3,user_hand,user_hand: log_only=['swamp'] engine_only=['mountain'],6,1,2,0,2,1,0,0,1,0,0,0,0,ok,310
1754,1,13,3,oppo_life,user_4,oppo_life user_creatures user_hand,oppo_life: log=20 engine=18 ; user_creatures: log_only=['ragged playmate'] engine_only=['house cartographer'] ; user_hand: log_only=[] engine_only=['plains'],5,2,2,0,3,3,0,0,1,0,0,0,0,ok,263
1755,1,16,2,user_hand,oppo_3,user_hand,user_hand: log_only=['defiled crypt'] engine_only=['sawblade skinripper'],7,1,3,0,2,1,0,0,1,0,0,0,0,ok,448
1756,1,7,3,oppo_life,user_4,oppo_life,oppo_life: log=15 engine=16,6,2,1,0,3,2,0,0,1,0,0,0,0,ok,152
1757,1,6,2,oppo_life,user_3,oppo_life,oppo_life: log=14 engine=16,4,2,0,0,2,2,2,0,0,0,2,0,0,ok,107
1758,1,8,2,user_hand,user_3,user_hand,user_hand: log_only=['terramorphic expanse'] engine_only=['flesh burrower'],5,2,1,0,2,2,1,0,0,0,1,0,0,ok,187
1759,1,10,3,user_life,oppo_4,user_life user_creatures,user_life: log=15 engine=17 ; user_creatures: log_only=[] engine_only=['balemurk leech'],6,2,0,0,3,2,0,0,1,0,0,0,0,ok,335
1760,1,8,3,user_life,oppo_4,user_life,user_life: log=18 engine=19,6,1,2,1,3,1,0,0,2,0,0,0,1,ok,322
1761,1,5,4,oppo_life,user_5,oppo_life user_creatures user_hand,"oppo_life: log=14 engine=13 ; user_creatures: log_only=['creeping peeper'] engine_only=['forest'] ; user_hand: log_only=['forest', 'hauntwoods shrieker'] engine_only=['defiant survivor']",5,4,1,1,4,4,2,0,0,0,2,0,0,ok,121
1762,1,6,2,user_lands,user_3,user_lands user_hand,user_lands: log_only=['plains'] engine_only=[] ; user_hand: log_only=['glassworks'] engine_only=['unidentified hovership'],5,2,1,0,2,2,2,0,0,0,2,0,2,ok,123
1763,1,5,1,user_hand,user_2,user_hand,user_hand: log_only=['moldering gym'] engine_only=['mountain'],3,0,0,0,1,0,0,0,1,0,0,0,0,ok,80
1764,1,9,4,user_creatures,user_5,user_creatures user_hand,"user_creatures: log_only=['fear of surveillance'] engine_only=[] ; user_hand: log_only=[] engine_only=['rip, spawn hunter']",6,4,1,1,4,5,3,0,0,0,3,0,1,ok,338
1765,1,10,4,oppo_life,user_5,oppo_life,oppo_life: log=11 engine=13,4,3,2,1,4,3,4,0,1,0,4,0,0,ok,255
1766,1,7,2,user_life,oppo_3,user_life,user_life: log=17 engine=18,3,1,3,0,2,1,0,0,1,0,0,0,0,ok,126
1767,1,11,2,user_hand,user_3,user_hand,"user_hand: log_only=['hand that feeds'] engine_only=[""painter's studio""]",4,1,2,0,2,1,0,0,1,0,0,0,0,ok,287
1768,1,13,3,oppo_life,user_4,oppo_life user_creatures,oppo_life: log=17 engine=18 ; user_creatures: log_only=['forest'] engine_only=[],5,2,6,2,3,3,0,0,1,0,0,0,1,ok,407
1769,1,4,4,,,,,2,2,1,1,3,2,0,1,1,0,0,1,0,ok,52
1770,1,9,5,oppo_life,user_6,oppo_life,oppo_life: log=9 engine=10,6,4,0,0,5,4,5,0,1,0,5,0,0,ok,353
1771,1,8,5,user_creatures,user_6,user_creatures user_hand,user_creatures: log_only=['flesh burrower'] engine_only=[] ; user_hand: log_only=[] engine_only=['bedhead beastie'],6,4,4,1,4,5,2,0,1,0,2,0,2,ok,248
1772,1,9,4,user_life,user_5,user_life,user_life: log=13 engine=14,5,3,1,0,4,3,2,0,1,0,2,0,0,ok,286
1773,1,11,3,user_lands,user_4,user_lands user_hand,user_lands: log_only=['island'] engine_only=[] ; user_hand: log_only=[] engine_only=['say its name'],8,2,0,0,3,2,1,0,1,0,1,0,2,ok,247
1774,1,7,1,user_creatures,user_2,user_creatures oppo_hand,user_creatures: log_only=[] engine_only=['manifest dread'] ; oppo_hand: log=4 engine=5,5,0,2,0,1,0,0,0,1,0,0,0,1,ok,112
1775,1,6,4,user_life,oppo_5,user_life oppo_hand,user_life: log=11 engine=14 ; oppo_hand: log=3 engine=4,1,1,1,0,3,1,0,0,2,0,0,0,2,ok,87
1776,1,10,3,oppo_life,user_4,oppo_life user_creatures user_hand,oppo_life: log=17 engine=20 ; user_creatures: log_only=['wildfire wickerfolk'] engine_only=[] ; user_hand: log_only=[] engine_only=['wary watchdog'],8,2,3,0,3,2,0,0,1,0,0,0,3,ok,300
1777,1,17,1,user_hand,user_2,user_hand,user_hand: log_only=['mountain'] engine_only=['bleeding woods'],7,0,4,0,1,0,0,0,1,0,0,0,0,ok,493
1778,1,10,4,user_hand,user_5,user_hand,user_hand: log_only=['monstrous emergence'] engine_only=['wildfire wickerfolk'],7,1,3,0,4,1,0,0,3,0,0,0,0,ok,380
1779,1,8,4,user_creatures,oppo_5,user_creatures,user_creatures: log_only=['hand that feeds'] engine_only=['ripchain razorkin'],5,3,3,1,4,3,0,0,1,0,0,0,1,ok,232
1780,1,10,2,user_lands,user_3,user_lands user_creatures user_hand,user_lands: log_only=['forest'] engine_only=[] ; user_creatures: log_only=[] engine_only=['under the skin'] ; user_hand: log_only=['under the skin'] engine_only=['forest'],7,1,4,0,2,1,0,0,1,0,0,0,0,ok,314
1781,1,5,1,oppo_hand,oppo_2,oppo_hand,oppo_hand: log=7 engine=6,3,1,0,0,2,1,1,0,1,0,1,0,0,ok,137
1782,1,8,2,user_hand,oppo_3,user_hand,user_hand: log_only=['forest'] engine_only=['slavering branchsnapper'],5,0,1,0,2,0,0,0,2,0,0,0,0,ok,139
1783,1,8,3,user_creatures,user_4,user_creatures,user_creatures: log_only=['island'] engine_only=['plains'],4,2,2,0,3,2,0,0,1,0,0,0,0,ok,403
1784,1,11,2,user_hand,user_3,user_hand,user_hand: log_only=['defiled crypt'] engine_only=['enduring tenacity'],7,1,2,0,2,1,0,0,1,0,0,0,0,ok,258
1785,1,9,2,oppo_life,user_3,oppo_life,oppo_life: log=20 engine=17,5,1,1,0,2,1,0,0,1,0,0,0,1,ok,204
1786,1,7,2,user_creatures,user_3,user_creatures user_hand,user_creatures: log_only=['fear of surveillance'] engine_only=[] ; user_hand: log_only=[] engine_only=['jump scare'],4,1,0,0,2,1,0,0,1,0,0,0,1,ok,153
1787,1,9,5,oppo_life,user_6,oppo_life,oppo_life: log=13 engine=12,4,4,0,0,5,4,3,0,1,0,3,0,0,ok,312
1788,1,9,4,user_creatures,oppo_5,user_creatures,user_creatures: log_only=[] engine_only=['glassworks'],3,1,1,0,4,2,0,0,3,1,0,0,0,ok,346
1789,1,7,4,oppo_life,user_5,oppo_life,oppo_life: log=18 engine=19,4,3,1,0,4,3,1,0,1,0,1,0,0,ok,184
1790,1,9,3,user_lands,user_4,user_lands user_creatures user_hand,"user_lands: log_only=['swamp'] engine_only=[] ; user_creatures: log_only=['primo, the indivisible', 'zimone, all-questioning'] engine_only=[] ; user_hand: log_only=[] engine_only=['twitching doll', 'zimone, all-questioning']",7,2,2,0,3,2,0,0,1,0,0,0,2,ok,229
1791,1,15,3,oppo_hand,oppo_4,oppo_hand,oppo_hand: log=3 engine=4,7,1,4,1,3,2,0,0,2,0,0,0,1,ok,249
1792,1,6,4,user_life,oppo_5,user_life,user_life: log=10 engine=13,4,3,0,0,4,3,0,2,1,0,0,2,1,ok,121
1793,1,5,3,user_hand,user_4,user_hand,"user_hand: log_only=[""betrayer's bargain""] engine_only=['plains']",5,3,2,0,3,3,3,1,0,0,3,1,0,ok,90
1794,1,11,2,user_hand,oppo_3,user_hand,"user_hand: log_only=[] engine_only=[""don't make a sound""]",6,0,1,0,3,0,0,0,3,0,0,0,1,ok,393
1795,1,7,3,user_creatures,oppo_4,user_creatures user_hand,"user_creatures: log_only=['fear of impostors', 'gremlin'] engine_only=[] ; user_hand: log_only=[] engine_only=['fear of impostors']",3,1,0,0,3,1,0,0,2,0,0,0,0,ok,216
1796,1,7,2,user_hand,user_3,user_hand oppo_hand,"user_hand: log_only=[] engine_only=['kona, rescue beastie'] ; oppo_hand: log=6 engine=7",5,1,1,0,2,1,0,0,1,0,0,0,2,ok,320
1797,1,5,2,oppo_life,user_3,oppo_life,oppo_life: log=13 engine=14,4,1,1,0,2,1,1,0,1,0,1,0,1,ok,169
1798,1,7,2,oppo_hand,oppo_3,oppo_hand,oppo_hand: log=4 engine=6,6,2,2,0,2,2,0,0,0,0,0,0,2,ok,291
1799,1,11,2,user_creatures,user_3,user_creatures,user_creatures: log_only=['island'] engine_only=['terramorphic expanse'],6,1,4,0,2,1,0,0,1,0,0,0,0,ok,401
1800,1,4,3,user_hand,user_4,user_hand,user_hand: log_only=[] engine_only=['pyroclasm'],2,2,0,0,3,2,0,1,1,0,0,1,0,ok,960
1801,1,8,2,user_lands,user_3,user_lands user_hand,user_lands: log_only=['island'] engine_only=[] ; user_hand: log_only=[] engine_only=['daggermaw megalodon'],3,1,2,0,2,1,0,0,1,0,0,0,1,ok,867
1802,1,10,2,user_hand,oppo_3,user_hand,user_hand: log_only=['living phone'] engine_only=['plains'],6,2,1,0,3,2,1,0,1,0,1,0,1,ok,866
1803,1,11,3,user_creatures,oppo_4,user_creatures,user_creatures: log_only=[] engine_only=['vanish from sight'],7,0,3,0,4,0,0,0,4,0,0,0,0,ok,942
1804,1,11,4,user_creatures,user_5,user_creatures user_noncreatures user_hand,user_creatures: log_only=['flesh burrower'] engine_only=[] ; user_noncreatures: log_only=['ticket booth'] engine_only=[] ; user_hand: log_only=['forest'] engine_only=['flesh burrower'],8,2,1,0,4,2,0,1,2,0,0,1,1,ok,697
1805,1,4,3,user_life,user_4,user_life user_creatures,user_life: log=19 engine=21 ; user_creatures: log_only=['swamp'] engine_only=['trapped in the screen'],3,2,0,0,3,2,1,0,1,0,1,0,0,ok,134
1806,1,6,3,user_hand,user_4,user_hand,user_hand: log_only=['forest'] engine_only=['spineseeker centipede'],4,2,1,0,3,2,1,0,1,0,1,0,0,ok,294
1807,1,10,2,user_life,oppo_3,user_life,user_life: log=18 engine=19,7,1,0,0,2,1,0,0,1,0,0,0,0,ok,561
1808,1,14,2,oppo_hand,oppo_3,oppo_hand,oppo_hand: log=2 engine=3,8,1,2,0,2,1,0,0,1,0,0,0,1,ok,729
1809,1,8,4,oppo_hand,oppo_5,oppo_hand,oppo_hand: log=3 engine=2,4,3,1,0,4,3,1,0,1,0,1,0,0,ok,311
1810,1,8,1,user_hand,user_2,user_hand,user_hand: log_only=['enduring vitality'] engine_only=['mountain'],6,0,2,0,1,0,0,0,1,0,0,0,0,ok,435
1811,1,9,3,oppo_life,user_4,oppo_life,oppo_life: log=18 engine=19,5,3,1,0,3,3,1,0,0,0,1,0,0,ok,335
1812,1,7,2,user_lands,user_3,user_lands user_creatures user_hand,user_lands: log_only=['island'] engine_only=[] ; user_creatures: log_only=[] engine_only=['fear of isolation'] ; user_hand: log_only=['reluctant role model'] engine_only=['island'],4,1,1,0,2,1,0,0,1,0,0,0,0,ok,194
1813,1,9,2,user_creatures,oppo_3,user_creatures user_hand,user_creatures: log_only=['floodpits drowner'] engine_only=[] ; user_hand: log_only=[] engine_only=['floodpits drowner'],5,0,2,0,2,0,0,0,2,0,0,0,0,ok,161
1814,1,7,3,user_creatures,user_4,user_creatures,user_creatures: log_only=['swamp'] engine_only=['forest'],4,2,0,0,3,2,0,1,1,0,0,1,1,ok,201
1815,1,8,4,user_creatures,oppo_5,user_creatures user_hand oppo_hand,user_creatures: log_only=['piranha fly'] engine_only=[] ; user_hand: log_only=[] engine_only=['piranha fly'] ; oppo_hand: log=3 engine=2,4,3,2,1,4,4,0,0,1,0,0,0,0,ok,293
1816,1,8,4,user_lands,user_5,user_lands user_creatures,user_lands: log_only=['raucous carnival'] engine_only=[] ; user_creatures: log_only=['innocuous rat'] engine_only=['clockwork percussionist'],7,3,0,0,4,4,0,0,1,0,0,0,2,ok,295
1817,1,5,3,oppo_life,user_4,oppo_life user_lands user_creatures,oppo_life: log=14 engine=15 ; user_lands: log_only=['mountain'] engine_only=[] ; user_creatures: log_only=['clockwork percussionist'] engine_only=[],5,3,1,0,3,3,4,0,0,0,4,0,2,ok,116
1818,1,7,2,oppo_life,user_3,oppo_life user_creatures oppo_hand,oppo_life: log=20 engine=18 ; user_creatures: log_only=[] engine_only=['acrobatic cheerleader'] ; oppo_hand: log=3 engine=4,4,1,1,0,2,1,0,0,1,0,0,0,1,ok,174
1819,1,9,4,oppo_life,user_5,oppo_life user_creatures,"oppo_life: log=15 engine=16 ; user_creatures: log_only=['toby, beastie befriender'] engine_only=[]",4,2,3,0,4,2,0,1,2,0,0,1,0,ok,341
1820,1,11,1,user_hand,user_2,user_hand,user_hand: log_only=['hand that feeds'] engine_only=['wildfire wickerfolk'],6,0,1,0,1,0,0,0,1,0,0,0,0,ok,400
1821,1,8,3,oppo_life,user_4,oppo_life user_creatures user_noncreatures user_hand,"oppo_life: log=17 engine=19 ; user_creatures: log_only=['insect', 'insect'] engine_only=[] ; user_noncreatures: log_only=['overlord of the mistmoors'] engine_only=[] ; user_hand: log_only=[] engine_only=['overlord of the mistmoors']",4,2,0,0,3,2,0,0,1,0,0,0,3,ok,400
1822,1,8,2,user_life,oppo_3,user_life user_creatures,user_life: log=14 engine=17 ; user_creatures: log_only=[] engine_only=['defiant survivor'],5,2,0,0,3,2,1,0,1,0,1,0,1,ok,134
1823,1,5,5,,,,,1,1,0,0,2,1,1,0,1,0,1,0,0,ok,77
1824,1,10,4,oppo_hand,oppo_5,oppo_hand,oppo_hand: log=3 engine=4,5,2,2,0,4,2,0,0,2,0,0,0,1,ok,373
1825,1,8,1,user_hand,user_2,user_hand,user_hand: log_only=['underwater tunnel'] engine_only=['razortrap gorge'],3,1,2,0,1,1,0,0,0,0,0,0,0,ok,280
1826,1,13,3,user_lands,user_4,user_lands user_noncreatures,user_lands: log_only=['swamp'] engine_only=[] ; user_noncreatures: log_only=[] engine_only=['keys to the house'],8,1,3,0,3,1,0,0,2,0,0,0,1,ok,638
1827,1,8,4,user_life,oppo_5,user_life oppo_life user_creatures,user_life: log=19 engine=20 ; oppo_life: log=17 engine=16 ; user_creatures: log_only=[] engine_only=['most valuable slayer'],5,3,2,0,4,3,2,0,1,0,2,0,0,ok,231
1828,1,9,3,user_hand,user_4,user_hand,user_hand: log_only=['glassworks'] engine_only=['boilerbilges ripper'],5,1,1,0,3,1,0,1,2,0,0,1,0,ok,244
1829,1,8,4,user_life,oppo_5,user_life user_creatures user_hand,user_life: log=15 engine=20 ; user_creatures: log_only=['appendage amalgam'] engine_only=[] ; user_hand: log_only=[] engine_only=['appendage amalgam'],2,1,2,0,3,1,0,1,2,0,0,1,1,ok,194
1830,1,11,1,user_life,oppo_2,user_life,user_life: log=18 engine=19,7,0,6,0,1,0,0,0,1,0,0,0,0,ok,510
1831,1,5,2,user_lands,user_3,user_lands user_hand,user_lands: log_only=['mountain'] engine_only=[] ; user_hand: log_only=[] engine_only=['razorkin hordecaller'],4,1,0,0,2,1,0,0,1,0,0,0,1,ok,132
1832,1,4,3,user_creatures,user_4,user_creatures,user_creatures: log_only=['forest'] engine_only=['overgrown zealot'],3,2,0,0,3,2,0,0,1,0,0,0,2,ok,76
1833,1,7,2,user_creatures,oppo_3,user_creatures,user_creatures: log_only=['piggy bank'] engine_only=['vicious clown'],3,2,1,0,3,2,1,0,1,0,1,0,0,ok,170
1834,1,12,4,user_life,oppo_5,user_life,user_life: log=12 engine=11,5,3,1,1,5,4,1,0,2,0,1,0,0,ok,205
1835,1,10,5,oppo_hand,oppo_6,oppo_hand,oppo_hand: log=2 engine=3,3,2,5,2,6,3,0,0,4,0,0,0,7,ok,348
1836,1,10,2,oppo_hand,oppo_3,oppo_hand,oppo_hand: log=4 engine=5,7,1,1,0,2,1,1,0,1,0,1,0,1,ok,511
1837,1,12,2,user_hand,user_3,user_hand,user_hand: log_only=['forest'] engine_only=['fear of burning alive'],8,1,4,1,2,1,0,0,1,0,0,0,0,ok,405
1838,1,7,4,oppo_hand,oppo_5,oppo_hand,oppo_hand: log=1 engine=2,5,3,0,0,4,4,1,0,1,0,1,0,1,ok,273
1839,1,5,2,user_hand,oppo_3,user_hand,user_hand: log_only=['swamp'] engine_only=['spectral snatcher'],2,0,1,0,2,0,0,0,2,0,0,0,0,ok,89
1840,1,8,1,user_hand,oppo_2,user_hand,user_hand: log_only=['island'] engine_only=['daggermaw megalodon'],4,0,1,0,2,0,0,0,2,0,0,0,0,ok,198
1841,1,9,3,oppo_life,user_4,oppo_life user_hand,oppo_life: log=17 engine=20 ; user_hand: log_only=['omnivorous flytrap'] engine_only=['island'],3,1,2,0,3,1,0,0,2,0,0,0,0,ok,194
1842,1,11,3,oppo_hand,oppo_4,oppo_hand,oppo_hand: log=4 engine=3,4,2,2,0,3,2,0,0,1,0,0,0,0,ok,343
1843,1,9,2,user_life,oppo_3,user_life,user_life: log=18 engine=20,2,0,2,0,2,0,0,0,2,0,0,0,0,ok,239
1844,1,7,3,oppo_life,user_4,oppo_life user_creatures oppo_hand,oppo_life: log=15 engine=13 ; user_creatures: log_only=[] engine_only=['veteran survivor'] ; oppo_hand: log=3 engine=4,6,3,1,0,3,3,2,0,0,0,2,0,1,ok,295
1845,1,16,4,oppo_hand,oppo_5,oppo_hand,oppo_hand: log=0 engine=1,6,3,3,0,4,3,1,0,1,0,1,0,1,ok,965
1846,1,7,3,oppo_life,user_4,oppo_life,oppo_life: log=13 engine=12,5,2,2,0,3,3,3,0,1,0,3,0,0,ok,216
1847,1,14,6,oppo_hand,oppo_7,oppo_hand,oppo_hand: log=2 engine=3,6,3,3,1,5,5,0,0,2,1,0,0,2,ok,558
1848,1,11,1,user_hand,user_2,user_hand,user_hand: log_only=['jump scare'] engine_only=['plains'],6,1,1,0,1,1,1,0,0,0,1,0,1,ok,498
1849,1,12,3,user_creatures,oppo_4,user_creatures oppo_hand,user_creatures: log_only=[] engine_only=['popular egotist'] ; oppo_hand: log=4 engine=3,6,1,2,0,3,1,0,0,2,0,0,0,0,ok,367
1850,1,9,1,user_creatures,user_2,user_creatures,"user_creatures: log_only=['stay hidden, stay silent'] engine_only=[]",6,0,2,0,1,0,0,0,1,0,0,0,0,ok,329
1851,1,5,1,user_hand,user_2,user_hand,user_hand: log_only=['the wandering rescuer'] engine_only=['mountain'],4,1,0,0,1,1,0,0,0,0,0,0,0,ok,169
1852,1,5,5,,,,,2,2,0,0,3,2,0,0,1,0,0,0,1,ok,122
1853,1,8,4,user_hand,user_5,user_hand,"user_hand: log_only=['mountain', 'plains'] engine_only=['glimmer seeker', 'ragged playmate']",6,3,0,0,4,3,1,0,1,0,1,0,0,ok,328
1854,1,6,4,oppo_life,user_5,oppo_life,oppo_life: log=12 engine=13,5,3,4,2,4,3,3,0,1,0,3,0,0,ok,158
1855,1,8,3,oppo_life,user_4,oppo_life user_noncreatures,oppo_life: log=22 engine=20 ; user_noncreatures: log_only=['glassworks'] engine_only=[],7,2,1,1,3,2,0,0,1,0,0,0,1,ok,287
1856,1,4,4,,,,,3,3,0,0,3,4,0,0,1,0,0,0,0,ok,107
1857,1,9,4,user_creatures,oppo_5,user_creatures user_noncreatures user_hand oppo_hand,user_creatures: log_only=['spineseeker centipede'] engine_only=[] ; user_noncreatures: log_only=['growing dread'] engine_only=[] ; user_hand: log_only=[] engine_only=['growing dread'] ; oppo_hand: log=5 engine=4,6,3,1,0,4,3,0,0,1,0,0,0,0,ok,415
1858,1,10,4,oppo_life,user_5,oppo_life user_creatures oppo_hand,oppo_life: log=14 engine=15 ; user_creatures: log_only=[] engine_only=['orphans of the wheat'] ; oppo_hand: log=1 engine=2,5,3,0,0,4,3,3,0,1,0,3,0,2,ok,282
1859,1,9,3,user_hand,user_4,user_hand,user_hand: log_only=['forest'] engine_only=['mountain'],5,1,1,0,3,1,0,0,2,0,0,0,0,ok,312
1860,1,7,2,user_hand,oppo_3,user_hand oppo_hand,user_hand: log_only=[] engine_only=['floodpits drowner'] ; oppo_hand: log=4 engine=5,4,0,0,0,2,0,0,0,2,0,0,0,1,ok,190
1861,1,7,3,oppo_life,user_4,oppo_life user_noncreatures,oppo_life: log=16 engine=15 ; user_noncreatures: log_only=[] engine_only=['unable to scream'],5,2,1,0,3,2,0,0,1,0,0,0,0,ok,159
1862,1,10,6,user_life,oppo_7,user_life,user_life: log=6 engine=7,5,3,4,1,4,5,1,3,1,1,1,3,1,ok,280
1863,1,10,3,user_creatures,oppo_4,user_creatures oppo_hand,user_creatures: log_only=['unsettling twins'] engine_only=['inquisitive glimmer'] ; oppo_hand: log=3 engine=4,5,2,0,0,3,2,0,0,1,0,0,0,1,ok,342
1864,1,9,4,oppo_life,user_5,oppo_life user_creatures oppo_hand,oppo_life: log=19 engine=17 ; user_creatures: log_only=[] engine_only=['unsettling twins'] ; oppo_hand: log=4 engine=5,6,3,1,0,4,3,1,0,1,0,1,0,1,ok,239
1865,1,9,3,user_life,oppo_4,user_life,user_life: log=20 engine=18,3,1,3,0,4,1,0,0,3,0,0,0,0,ok,190
1866,1,6,1,user_creatures,user_2,user_creatures user_hand,user_creatures: log_only=['rootwise survivor'] engine_only=[] ; user_hand: log_only=[] engine_only=['house cartographer'],3,1,0,0,1,1,0,0,0,0,0,0,1,ok,115
1867,1,8,6,user_life,oppo_7,user_life user_creatures user_noncreatures,"user_life: log=5 engine=4 ; user_creatures: log_only=[] engine_only=[""valgavoth's faithful""] ; user_noncreatures: log_only=['nowhere to run'] engine_only=['sporogenic infection']",3,3,2,1,7,4,0,1,4,0,0,1,0,ok,157
1868,1,12,4,user_creatures,user_5,user_creatures,user_creatures: log_only=['fear of being hunted'] engine_only=[],6,1,3,0,3,1,0,0,2,0,0,0,0,ok,393
1869,1,8,3,oppo_hand,user_4,oppo_hand,oppo_hand: log=5 engine=6,3,1,2,0,3,1,0,0,2,0,0,0,0,ok,133
1870,1,6,1,user_hand,user_2,user_hand,"user_hand: log_only=['forest', 'island'] engine_only=['cryptid inspector', 'house cartographer']",5,1,0,0,1,1,0,0,0,0,0,0,0,ok,146
1871,1,5,5,,,,,3,3,1,1,4,4,2,0,1,0,2,0,0,ok,61
1872,1,7,1,user_creatures,oppo_2,user_creatures,user_creatures: log_only=[] engine_only=['fear of missing out'],5,1,2,0,2,1,0,0,1,0,0,0,0,ok,184
1873,1,10,2,oppo_hand,oppo_3,oppo_hand,oppo_hand: log=5 engine=6,4,1,2,0,2,1,0,0,1,0,0,0,1,ok,516
1874,1,9,2,user_creatures,user_3,user_creatures,user_creatures: log_only=[] engine_only=['fear of infinity'],6,1,1,0,2,1,0,0,1,0,0,0,0,ok,214
1875,1,15,4,user_creatures,oppo_5,user_creatures user_hand oppo_hand,user_creatures: log_only=['the wandering rescuer'] engine_only=[] ; user_hand: log_only=[] engine_only=['the wandering rescuer'] ; oppo_hand: log=5 engine=6,12,3,3,0,4,3,0,0,1,0,0,0,2,ok,976
1876,1,9,5,user_life,oppo_6,user_life,user_life: log=16 engine=17,4,3,0,0,4,4,0,1,1,1,0,1,0,ok,240
1877,1,15,2,user_hand,oppo_3,user_hand,user_hand: log_only=['shroudstomper'] engine_only=['commune with evil'],10,2,4,0,3,2,0,0,1,0,0,0,0,ok,279
1878,1,6,5,oppo_life,user_6,oppo_life user_creatures user_noncreatures user_hand,"oppo_life: log=16 engine=15 ; user_creatures: log_only=['insect', 'insect'] engine_only=[] ; user_noncreatures: log_only=['overlord of the mistmoors'] engine_only=[] ; user_hand: log_only=[] engine_only=['overlord of the mistmoors']",5,4,1,1,4,5,3,0,1,0,3,0,1,ok,151
1879,1,16,3,user_life,oppo_4,user_life user_hand,user_life: log=18 engine=20 ; user_hand: log_only=[] engine_only=['appendage amalgam'],7,0,3,0,3,0,0,0,3,0,0,0,0,ok,640
1880,1,8,2,user_lands,user_3,user_lands user_noncreatures user_hand,"user_lands: log_only=['island'] engine_only=[] ; user_noncreatures: log_only=[] engine_only=[""shardmage's rescue""] ; user_hand: log_only=[""shardmage's rescue""] engine_only=['island']",3,1,2,0,2,1,0,0,1,0,0,0,0,ok,216
1881,1,8,4,user_hand,oppo_5,user_hand,user_hand: log_only=['vicious clown'] engine_only=['hardened escort'],4,2,0,0,3,3,0,1,1,1,0,1,0,ok,205
1882,1,7,1,user_lands,user_2,user_lands user_noncreatures user_hand,user_lands: log_only=['island'] engine_only=[] ; user_noncreatures: log_only=[] engine_only=['underwater tunnel'] ; user_hand: log_only=['underwater tunnel'] engine_only=['island'],5,1,0,0,1,1,0,0,0,0,0,0,0,ok,223
1883,1,10,5,user_life,oppo_6,user_life oppo_life oppo_hand,user_life: log=18 engine=20 ; oppo_life: log=10 engine=8 ; oppo_hand: log=4 engine=3,5,4,1,0,4,6,13,0,1,1,13,0,0,ok,211
1884,1,8,4,user_life,oppo_5,user_life oppo_life oppo_hand,user_life: log=10 engine=12 ; oppo_life: log=22 engine=18 ; oppo_hand: log=3 engine=2,4,3,1,0,4,4,3,0,1,0,3,0,0,ok,178
1885,1,7,4,user_creatures,user_5,user_creatures,user_creatures: log_only=[] engine_only=['insidious fungus'],4,3,0,0,4,4,2,0,1,0,2,0,1,ok,187
1886,1,11,4,user_hand,user_5,user_hand,"user_hand: log_only=[""valgavoth's onslaught""] engine_only=[]",7,2,2,1,4,2,1,0,2,0,1,0,0,ok,435
1887,1,7,3,user_lands,user_4,user_lands user_hand,user_lands: log_only=['island'] engine_only=[] ; user_hand: log_only=[] engine_only=['island'],4,2,0,0,3,2,0,1,1,0,0,1,1,ok,172
1888,1,6,0,oppo_hand,oppo_1,oppo_hand,oppo_hand: log=5 engine=6,4,0,0,0,0,0,0,0,0,0,0,0,0,ok,173
1889,1,9,1,user_hand,user_2,user_hand,user_hand: log_only=['slavering branchsnapper'] engine_only=['forest'],6,0,1,0,1,0,0,0,1,0,0,0,0,ok,295
1890,1,8,2,user_life,oppo_3,user_life,user_life: log=18 engine=19,4,0,3,0,2,0,0,0,2,0,0,0,0,ok,193
1891,1,7,2,user_life,oppo_3,user_life user_creatures,user_life: log=18 engine=20 ; user_creatures: log_only=[] engine_only=['fear of surveillance'],2,2,0,0,3,2,1,0,1,0,1,0,0,ok,146
1892,1,8,3,user_lands,user_4,user_lands user_hand,user_lands: log_only=['mountain'] engine_only=[] ; user_hand: log_only=[] engine_only=['mountain'],7,2,1,0,3,2,1,0,1,0,1,0,1,ok,290
1893,1,12,7,user_creatures,oppo_8,user_creatures user_noncreatures user_hand,"user_creatures: log_only=['overlord of the boilerbilges'] engine_only=[] ; user_noncreatures: log_only=[""shardmage's rescue""] engine_only=[] ; user_hand: log_only=[] engine_only=[""shardmage's rescue""]",6,5,0,0,5,7,1,1,0,2,1,1,0,ok,530
1894,1,11,3,user_creatures,user_4,user_creatures oppo_hand,user_creatures: log_only=['dissection tools'] engine_only=[] ; oppo_hand: log=4 engine=3,6,3,0,0,3,3,1,0,0,0,1,0,0,ok,382
1895,1,9,1,user_hand,user_2,user_hand,user_hand: log_only=['vicious clown'] engine_only=['mountain'],4,0,3,0,1,0,0,0,1,0,0,0,0,ok,183
1896,1,9,3,user_life,oppo_4,user_life,user_life: log=16 engine=18,7,2,2,0,3,2,0,0,1,0,0,0,0,ok,392
1897,1,8,2,user_creatures,user_3,user_creatures user_hand,user_creatures: log_only=[] engine_only=['growing dread'] ; user_hand: log_only=['growing dread'] engine_only=[],6,1,3,0,2,1,0,0,1,0,0,0,0,ok,244
1898,1,12,3,user_noncreatures,user_4,user_noncreatures user_hand,user_noncreatures: log_only=['overlord of the balemurk'] engine_only=[] ; user_hand: log_only=['resurrected cultist'] engine_only=['overlord of the balemurk'],7,2,1,1,3,2,1,0,1,0,1,0,1,ok,464
1899,1,10,3,user_hand,user_4,user_hand,user_hand: log_only=['meat locker'] engine_only=['forest'],8,1,3,0,3,1,1,0,2,0,1,0,0,ok,509
1900,1,8,3,user_lands,user_4,user_lands user_creatures user_noncreatures user_hand,user_lands: log_only=['swamp'] engine_only=[] ; user_creatures: log_only=['skullsnap nuisance'] engine_only=[] ; user_noncreatures: log_only=[] engine_only=['keys to the house'] ; user_hand: log_only=[] engine_only=['skullsnap nuisance'],6,2,1,1,3,2,1,0,1,0,1,0,2,ok,1395
1901,1,9,4,user_lands,user_5,user_lands user_creatures,user_lands: log_only=['forest'] engine_only=['mountain'] ; user_creatures: log_only=['bashful beastie'] engine_only=['forest'],7,4,0,0,4,4,2,0,0,0,2,0,0,ok,861
1902,1,9,2,user_lands,user_3,user_lands user_hand,user_lands: log_only=['island'] engine_only=[] ; user_hand: log_only=[] engine_only=['island'],6,2,1,0,2,2,0,0,0,0,0,0,1,ok,805
1903,1,7,2,user_creatures,user_3,user_creatures user_hand,user_creatures: log_only=['cryptid inspector'] engine_only=[] ; user_hand: log_only=[] engine_only=['unnerving grasp'],4,1,1,0,2,1,0,0,1,0,0,0,1,ok,540
1904,1,7,3,oppo_hand,oppo_4,oppo_hand,oppo_hand: log=6 engine=7,5,3,1,0,3,4,6,0,0,1,6,0,1,ok,257
1905,1,7,4,oppo_life,user_5,oppo_life user_creatures user_noncreatures,"oppo_life: log=16 engine=17 ; user_creatures: log_only=['unidentified hovership', 'wary watchdog'] engine_only=[] ; user_noncreatures: log_only=[] engine_only=['unidentified hovership']",6,3,0,0,4,4,0,0,1,0,0,0,1,ok,361
1906,1,10,2,user_creatures,user_3,user_creatures user_hand,user_creatures: log_only=['insidious fungus'] engine_only=['forest'] ; user_hand: log_only=['forest'] engine_only=['thornspire verge'],8,1,0,0,2,1,0,0,1,0,0,0,0,ok,420
1907,1,8,4,user_creatures,user_5,user_creatures,user_creatures: log_only=['hand that feeds'] engine_only=[],5,3,2,1,4,3,3,0,1,0,3,0,0,ok,255
1908,1,11,2,user_lands,user_3,user_lands user_hand,user_lands: log_only=['swamp'] engine_only=[] ; user_hand: log_only=[] engine_only=['bashful beastie'],6,1,2,0,2,1,0,0,1,0,0,0,1,ok,574
1909,1,12,2,oppo_hand,oppo_3,oppo_hand,oppo_hand: log=8 engine=7,5,3,4,0,3,3,1,0,0,0,1,0,0,ok,511
1910,1,14,3,oppo_life,user_4,oppo_life user_creatures,oppo_life: log=16 engine=13 ; user_creatures: log_only=[] engine_only=['wary watchdog'],9,2,4,0,3,2,1,1,1,0,1,1,1,ok,559
1911,1,6,1,user_hand,user_2,user_hand,user_hand: log_only=['greenhouse'] engine_only=['fear of infinity'],4,0,1,0,1,0,0,0,1,0,0,0,0,ok,218
1912,1,11,2,user_hand,user_3,user_hand,"user_hand: log_only=['rip, spawn hunter'] engine_only=['forest']",7,1,1,0,2,1,0,0,1,0,0,0,0,ok,498
1913,1,6,2,user_life,oppo_3,user_life,user_life: log=15 engine=14,2,0,0,0,2,0,0,0,2,0,0,0,0,ok,161
1914,1,8,2,user_hand,user_3,user_hand,user_hand: log_only=['meat locker'] engine_only=['island'],5,1,1,0,2,1,0,0,1,0,0,0,0,ok,336
1915,1,5,3,oppo_hand,oppo_4,oppo_hand,oppo_hand: log=3 engine=4,1,1,0,0,4,1,0,0,3,0,0,0,2,ok,137
1916,1,10,1,user_creatures,user_2,user_creatures oppo_hand,"user_creatures: log_only=[] engine_only=['arabella, abandoned doll'] ; oppo_hand: log=5 engine=6",8,0,0,0,1,0,0,0,1,0,0,0,1,ok,540
1917,1,7,3,oppo_life,user_4,oppo_life user_creatures,oppo_life: log=11 engine=12 ; user_creatures: log_only=['island'] engine_only=[],5,3,2,0,3,3,2,0,0,0,2,0,0,ok,284
1918,1,8,2,user_creatures,oppo_3,user_creatures oppo_hand,user_creatures: log_only=[] engine_only=['flesh burrower'] ; oppo_hand: log=4 engine=5,6,2,2,0,3,2,0,0,1,0,0,0,0,ok,272
1919,1,8,3,oppo_life,user_4,oppo_life,oppo_life: log=16 engine=18,5,2,1,0,3,2,0,0,1,0,0,0,0,ok,236
1920,1,6,3,user_life,oppo_4,user_life oppo_hand,user_life: log=12 engine=14 ; oppo_hand: log=4 engine=3,3,2,1,0,4,2,0,0,2,0,0,0,0,ok,212
1921,1,8,2,user_hand,user_3,user_hand,user_hand: log_only=['spineseeker centipede'] engine_only=['floodpits drowner'],5,1,1,0,2,1,0,0,1,0,0,0,0,ok,247
1922,1,10,2,user_hand,oppo_3,user_hand,user_hand: log_only=['plains'] engine_only=['shepherding spirits'],7,0,2,0,2,0,0,0,2,0,0,0,0,ok,372
1923,1,9,1,user_noncreatures,oppo_2,user_noncreatures user_hand,user_noncreatures: log_only=[] engine_only=['found footage'] ; user_hand: log_only=['mountain'] engine_only=[],7,1,3,0,2,1,0,0,1,0,0,0,0,ok,337
1924,1,11,2,user_life,oppo_3,user_life oppo_hand,user_life: log=18 engine=20 ; oppo_hand: log=5 engine=4,6,0,4,0,2,0,0,0,2,0,0,0,0,ok,433
1925,1,9,3,user_life,oppo_4,user_life,user_life: log=18 engine=19,5,2,1,0,3,2,1,0,1,0,1,0,0,ok,308
1926,1,11,2,user_life,oppo_3,user_life,user_life: log=17 engine=18,7,1,2,1,2,1,0,0,1,0,0,0,1,ok,442
1927,1,9,2,user_creatures,user_3,user_creatures user_hand,user_creatures: log_only=['forest'] engine_only=['slavering branchsnapper'] ; user_hand: log_only=['fear of burning alive'] engine_only=['hand that feeds'],8,2,0,0,2,2,0,0,0,0,0,0,0,ok,394
1928,1,8,6,user_life,oppo_7,user_life user_creatures user_noncreatures user_hand,user_life: log=10 engine=11 ; user_creatures: log_only=['haunted screen'] engine_only=[] ; user_noncreatures: log_only=[] engine_only=['haunted screen'] ; user_hand: log_only=['break down the door'] engine_only=[],5,5,0,0,6,6,2,2,1,0,2,2,1,ok,268
1929,1,11,2,user_creatures,user_3,user_creatures,user_creatures: log_only=['scrabbling skullcrab'] engine_only=['trapped in the screen'],6,2,2,0,2,2,0,0,0,0,0,0,0,ok,466
1930,1,13,2,user_noncreatures,user_3,user_noncreatures user_hand,user_noncreatures: log_only=[] engine_only=['keys to the house'] ; user_hand: log_only=['creeping peeper'] engine_only=[],8,2,1,0,2,2,0,0,0,0,0,0,0,ok,434
1931,1,8,3,oppo_hand,user_4,oppo_hand,oppo_hand: log=4 engine=5,3,1,2,0,2,2,1,0,1,1,1,0,0,ok,212
1932,1,9,1,user_hand,user_2,user_hand,user_hand: log_only=['vanish from sight'] engine_only=['wary watchdog'],5,0,5,0,1,0,0,0,1,0,0,0,0,ok,330
1933,1,9,1,oppo_hand,oppo_2,oppo_hand,oppo_hand: log=6 engine=5,6,1,3,0,2,1,0,0,1,0,0,0,0,ok,295
1934,1,13,2,oppo_hand,oppo_3,oppo_hand,oppo_hand: log=4 engine=5,8,2,0,0,2,2,0,0,0,0,0,0,1,ok,492
1935,1,17,4,user_hand,oppo_5,user_hand,user_hand: log_only=[] engine_only=['plains'],12,4,4,0,4,4,5,0,0,0,5,0,0,ok,677
1936,1,7,1,user_creatures,user_2,user_creatures,user_creatures: log_only=['mountain'] engine_only=['say its name'],5,0,1,0,1,0,0,0,1,0,0,0,0,ok,242
1937,1,6,3,user_life,oppo_4,user_life,user_life: log=18 engine=19,3,3,0,0,4,3,2,0,1,0,2,0,0,ok,152
1938,1,8,2,user_creatures,user_3,user_creatures user_hand,user_creatures: log_only=['island'] engine_only=['say its name'] ; user_hand: log_only=['forest'] engine_only=['spineseeker centipede'],5,1,2,0,2,1,0,0,1,0,0,0,0,ok,396
1939,1,15,6,user_lands,user_7,user_lands,user_lands: log_only=['island'] engine_only=[],10,3,2,1,3,6,3,0,1,1,3,0,1,ok,578
1940,1,11,2,user_creatures,oppo_3,user_creatures,user_creatures: log_only=['patchwork beastie'] engine_only=['wildfire wickerfolk'],4,2,2,0,3,2,1,0,1,0,1,0,0,ok,244
1941,1,9,2,oppo_life,user_3,oppo_life,oppo_life: log=17 engine=20,4,1,5,0,2,1,0,0,1,0,0,0,0,ok,259
1942,1,8,1,user_hand,user_2,user_hand,user_hand: log_only=['swamp'] engine_only=['forest'],6,1,1,0,1,1,0,0,0,0,0,0,0,ok,240
1943,1,7,3,user_creatures,user_4,user_creatures user_noncreatures user_hand,"user_creatures: log_only=['insect', 'insect'] engine_only=[] ; user_noncreatures: log_only=['overlord of the mistmoors'] engine_only=[] ; user_hand: log_only=[] engine_only=['overlord of the mistmoors']",6,3,2,0,3,3,1,0,0,0,1,0,2,ok,392
1944,1,9,2,user_creatures,oppo_3,user_creatures,user_creatures: log_only=['island'] engine_only=['unable to scream'],1,0,4,0,3,0,0,0,3,0,0,0,0,ok,228
1945,1,9,3,user_creatures,oppo_4,user_creatures user_noncreatures user_hand,user_creatures: log_only=['lakeside shack'] engine_only=[] ; user_noncreatures: log_only=['growing dread'] engine_only=[] ; user_hand: log_only=[] engine_only=['growing dread'],5,1,1,1,3,1,0,0,2,0,0,0,0,ok,212
1946,1,9,2,oppo_hand,oppo_3,oppo_hand,oppo_hand: log=6 engine=5,7,1,3,0,3,1,0,0,2,0,0,0,0,ok,296
1947,1,10,4,user_creatures,user_5,user_creatures user_hand,user_creatures: log_only=['daggermaw megalodon'] engine_only=['underwater tunnel'] ; user_hand: log_only=['underwater tunnel'] engine_only=[],8,3,2,0,4,3,0,1,1,0,0,1,0,ok,338
1948,1,14,2,user_hand,oppo_3,user_hand oppo_hand,user_hand: log_only=[] engine_only=['unable to scream'] ; oppo_hand: log=5 engine=4,6,1,3,1,2,1,0,0,1,0,0,0,0,ok,559
1949,1,12,3,oppo_life,user_4,oppo_life,oppo_life: log=14 engine=16,5,3,4,1,3,4,1,1,0,0,1,1,0,ok,605
1950,1,6,2,user_life,oppo_3,user_life,user_life: log=20 engine=17,3,0,2,0,2,0,0,0,2,0,0,0,0,ok,121
1951,1,6,4,oppo_life,user_5,oppo_life,oppo_life: log=13 engine=9,4,3,1,0,4,3,2,0,1,0,2,0,1,ok,104
1952,1,7,3,user_creatures,oppo_4,user_creatures oppo_hand,user_creatures: log_only=[] engine_only=['twitching doll'] ; oppo_hand: log=2 engine=3,5,2,0,0,3,3,1,0,1,1,1,0,2,ok,169
1953,1,10,3,user_lands,user_4,user_lands user_hand,user_lands: log_only=['mountain'] engine_only=[] ; user_hand: log_only=[] engine_only=['bedhead beastie'],4,2,3,0,3,2,1,0,1,0,1,0,1,ok,244
1954,1,5,2,user_life,oppo_3,user_life,user_life: log=14 engine=15,3,1,0,0,2,1,0,0,1,0,0,0,0,ok,135
1955,1,8,2,user_creatures,user_3,user_creatures,user_creatures: log_only=['flesh burrower'] engine_only=[],6,1,4,0,2,1,0,0,1,0,0,0,0,ok,218
1956,1,10,2,user_lands,user_3,user_lands user_hand,user_lands: log_only=['forest'] engine_only=[] ; user_hand: log_only=[] engine_only=['forest'],5,0,2,0,2,0,0,0,2,0,0,0,1,ok,319
1957,1,13,2,user_lands,user_3,user_lands user_creatures user_hand,"user_lands: log_only=['mountain'] engine_only=[] ; user_creatures: log_only=['spineseeker centipede'] engine_only=[] ; user_hand: log_only=['forest'] engine_only=['mountain', 'spineseeker centipede']",8,1,1,0,2,1,0,0,1,0,0,0,2,ok,454
1958,1,11,3,user_lands,user_4,user_lands user_creatures user_hand,"user_lands: log_only=['forest'] engine_only=[] ; user_creatures: log_only=['wary watchdog'] engine_only=['spineseeker centipede'] ; user_hand: log_only=['spineseeker centipede'] engine_only=['forest', 'wary watchdog']",6,1,1,0,3,1,0,0,2,0,0,0,1,ok,770
1959,1,15,2,user_hand,oppo_3,user_hand,user_hand: log_only=['swamp'] engine_only=['spectral snatcher'],7,0,3,0,2,0,0,0,2,0,0,0,0,ok,853
1960,1,6,2,user_creatures,user_3,user_creatures,user_creatures: log_only=['forest'] engine_only=['manifest dread'],4,1,3,0,2,1,1,0,1,0,1,0,0,ok,160
1961,1,7,4,user_life,oppo_5,user_life oppo_life oppo_hand,user_life: log=17 engine=19 ; oppo_life: log=19 engine=17 ; oppo_hand: log=2 engine=3,4,4,1,1,5,4,1,0,1,0,1,0,2,ok,190
1962,1,8,5,oppo_life,oppo_6,oppo_life,oppo_life: log=6 engine=4,4,3,0,0,5,4,15,0,2,1,15,0,0,ok,154
1963,1,6,3,user_hand,oppo_4,user_hand,user_hand: log_only=['swamp'] engine_only=['spectral snatcher'],2,1,1,1,4,1,0,0,3,0,0,0,0,ok,140
1964,1,6,3,user_life,user_4,user_life oppo_life user_creatures oppo_hand,user_life: log=22 engine=24 ; oppo_life: log=13 engine=15 ; user_creatures: log_only=['razorkin needlehead'] engine_only=[] ; oppo_hand: log=5 engine=6,4,2,2,0,3,2,1,0,1,0,1,0,0,ok,158
1965,1,10,4,user_lands,user_5,user_lands user_creatures,user_lands: log_only=[] engine_only=['mountain'] ; user_creatures: log_only=['mountain'] engine_only=[],6,2,0,0,4,2,2,0,2,0,2,0,0,ok,402
1966,1,5,4,user_lands,user_5,user_lands user_hand,"user_lands: log_only=['mountain'] engine_only=[] ; user_hand: log_only=[] engine_only=['mountain', 'scorching dragonfire']",3,2,0,0,4,2,1,0,2,0,1,0,1,ok,207
1967,1,8,5,user_creatures,user_6,user_creatures,"user_creatures: log_only=['arabella, abandoned doll', 'norin, swift survivalist'] engine_only=[]",6,3,2,1,5,4,3,0,2,0,3,0,2,ok,286
1968,1,8,2,user_hand,user_3,user_hand,user_hand: log_only=['vicious clown'] engine_only=[],3,1,0,0,2,1,0,0,1,0,0,0,0,ok,219
1969,1,9,4,user_life,oppo_5,user_life,user_life: log=13 engine=16,5,1,1,1,4,2,0,0,3,0,0,0,0,ok,311
1970,1,6,4,user_life,oppo_5,user_life oppo_life oppo_hand,user_life: log=10 engine=12 ; oppo_life: log=18 engine=16 ; oppo_hand: log=3 engine=2,3,3,1,0,5,3,2,0,2,0,2,0,1,ok,155
1971,1,8,4,oppo_hand,oppo_5,oppo_hand,oppo_hand: log=3 engine=4,4,3,0,0,4,4,5,0,1,1,5,0,2,ok,275
1972,1,11,4,oppo_hand,oppo_5,oppo_hand,oppo_hand: log=3 engine=4,8,3,2,0,4,3,2,0,1,0,2,0,2,ok,257
1973,1,7,2,oppo_hand,oppo_3,oppo_hand,oppo_hand: log=5 engine=6,5,3,0,0,3,3,1,0,0,0,1,0,1,ok,161
1974,1,8,4,user_creatures,oppo_5,user_creatures user_noncreatures user_hand,"user_creatures: log_only=['patched plaything'] engine_only=[] ; user_noncreatures: log_only=[""shardmage's rescue""] engine_only=[] ; user_hand: log_only=[] engine_only=[""shardmage's rescue""]",4,2,1,0,4,2,0,0,2,0,0,0,0,ok,310
1975,1,7,2,user_hand,user_3,user_hand,user_hand: log_only=['grasping longneck'] engine_only=['insidious fungus'],5,1,1,0,2,1,0,1,1,0,0,1,0,ok,253
1976,1,9,4,user_lands,user_5,user_lands user_hand,user_lands: log_only=['island'] engine_only=[] ; user_hand: log_only=[] engine_only=['daggermaw megalodon'],6,3,2,0,4,3,2,0,1,0,2,0,1,ok,368
1977,1,10,1,user_hand,user_2,user_hand,user_hand: log_only=['wickerfolk thresher'] engine_only=['under the skin'],8,1,1,0,1,1,0,0,0,0,0,0,0,ok,358
1978,1,8,4,user_creatures,user_5,user_creatures user_noncreatures oppo_hand,"user_creatures: log_only=[] engine_only=['niko, light of hope'] ; user_noncreatures: log_only=[] engine_only=['dissection tools'] ; oppo_hand: log=4 engine=5",4,3,0,0,4,3,2,1,1,0,2,1,1,ok,403
1979,1,12,4,user_hand,user_5,user_hand,user_hand: log_only=[] engine_only=['beastie beatdown'],6,2,1,0,4,2,0,1,2,0,0,1,1,ok,496
1980,1,9,1,user_hand,user_2,user_hand,user_hand: log_only=['seized from slumber'] engine_only=['twist reality'],6,0,0,0,1,0,0,0,1,0,0,0,0,ok,444
1981,1,11,4,oppo_life,user_5,oppo_life,oppo_life: log=10 engine=11,6,2,0,0,3,3,3,0,1,1,3,0,0,ok,405
1982,1,12,2,user_lands,user_3,user_lands user_creatures user_hand,user_lands: log_only=['island'] engine_only=[] ; user_creatures: log_only=[] engine_only=['piranha fly'] ; user_hand: log_only=['piranha fly'] engine_only=['terramorphic expanse'],5,1,1,0,2,1,0,0,1,0,0,0,0,ok,322
1983,1,13,7,user_creatures,user_8,user_creatures,user_creatures: log_only=['clockwork percussionist'] engine_only=[],6,2,2,1,3,4,1,0,1,1,1,0,2,ok,672
1984,1,11,2,user_creatures,oppo_3,user_creatures oppo_hand,user_creatures: log_only=[] engine_only=['skullsnap nuisance'] ; oppo_hand: log=4 engine=3,5,1,4,0,2,1,0,0,1,0,0,0,0,ok,383
1985,1,10,2,user_hand,user_3,user_hand,user_hand: log_only=['unidentified hovership'] engine_only=[],5,1,3,0,2,1,0,0,1,0,0,0,0,ok,315
1986,1,11,4,oppo_hand,oppo_5,oppo_hand,oppo_hand: log=4 engine=3,6,3,1,0,4,3,1,0,1,0,1,0,0,ok,275
1987,1,9,3,oppo_hand,oppo_4,oppo_hand,oppo_hand: log=6 engine=5,3,0,2,0,4,0,0,0,4,0,0,0,0,ok,242
1988,1,6,3,oppo_hand,oppo_4,oppo_hand,oppo_hand: log=5 engine=4,3,2,1,0,4,2,0,0,2,0,0,0,1,ok,181
1989,1,10,3,user_creatures,oppo_4,user_creatures,user_creatures: log_only=[] engine_only=['meat locker'],9,2,3,0,3,2,0,0,1,0,0,0,0,ok,639
1990,1,5,2,user_creatures,oppo_3,user_creatures,user_creatures: log_only=['unnerving grasp'] engine_only=['gremlin tamer'],4,2,1,1,3,2,1,0,1,0,1,0,0,ok,96
1991,1,10,1,user_lands,user_2,user_lands user_hand,user_lands: log_only=['strangled cemetery'] engine_only=[] ; user_hand: log_only=[] engine_only=['live or die'],6,1,2,0,1,1,0,0,0,0,0,0,1,ok,408
1992,1,7,2,user_hand,user_3,user_hand,user_hand: log_only=['withering torment'] engine_only=['funeral room'],4,1,1,0,2,1,0,0,1,0,0,0,0,ok,167
1993,1,8,6,user_creatures,oppo_7,user_creatures,user_creatures: log_only=['glimmer'] engine_only=['fear of immobility'],3,3,0,0,5,4,11,0,2,1,11,0,0,ok,148
1994,1,6,4,user_creatures,user_5,user_creatures user_hand,"user_creatures: log_only=['glimmer', 'plains', 'tunnel surveyor'] engine_only=[] ; user_hand: log_only=[] engine_only=['manifest dread', 'tunnel surveyor']",5,3,2,1,4,4,3,0,1,0,3,0,2,ok,202
1995,1,12,3,user_life,oppo_4,user_life,user_life: log=18 engine=20,7,2,1,0,3,2,0,0,1,0,0,0,2,ok,385
1996,1,10,2,user_creatures,user_3,user_creatures user_hand,user_creatures: log_only=['island'] engine_only=['forest'] ; user_hand: log_only=['forest'] engine_only=['floodpits drowner'],5,1,2,0,2,1,0,0,1,0,0,0,0,ok,415
1997,1,9,5,oppo_hand,oppo_6,oppo_hand,oppo_hand: log=2 engine=3,4,4,4,2,6,6,5,0,2,0,5,0,2,ok,246
1998,1,7,2,user_creatures,user_3,user_creatures user_hand,user_creatures: log_only=['cryptid inspector'] engine_only=['forest'] ; user_hand: log_only=['forest'] engine_only=['island'],5,1,2,0,2,1,0,0,1,0,0,0,0,ok,188
1999,1,8,3,user_hand,user_4,user_hand,user_hand: log_only=['bedhead beastie'] engine_only=['glimmerlight'],5,2,2,0,3,2,0,0,1,0,0,0,0,ok,180
